ISO-10303-21;
HEADER;
FILE_DESCRIPTION (( 'STEP AP214' ),
    '1' );
FILE_NAME ('底部支架.STEP',
    '2025-11-03T17:39:24',
    ( '' ),
    ( '' ),
    'SwSTEP 2.0',
    'SolidWorks 2020',
    '' );
FILE_SCHEMA (( 'AUTOMOTIVE_DESIGN' ));
ENDSEC;

DATA;
#1 =( BOUNDED_SURFACE ( )  B_SPLINE_SURFACE ( 3, 2, ( 
 ( #3834, #4351, #2083 ),
 ( #1551, #6119, #5586 ),
 ( #3907, #4468, #2708 ),
 ( #3937, #335, #407 ) ),
 .UNSPECIFIED., .F., .F., .F. ) 
 B_SPLINE_SURFACE_WITH_KNOTS ( ( 4, 4 ),
 ( 3, 3 ),
 ( 0.000000000000000000, 9.801509234625550946E-05 ),
 ( 0.000000000000000000, 1.000000000000000000 ),
 .UNSPECIFIED. ) 
 GEOMETRIC_REPRESENTATION_ITEM ( )  RATIONAL_B_SPLINE_SURFACE ( (
 ( 1.000000000000000000, 0.7071067811865475727, 1.000000000000000000),
 ( 1.000000000000000000, 0.7075441568177186502, 1.000000000000000000),
 ( 1.000000000000000000, 0.7080017506625830848, 1.000000000000000000),
 ( 1.000000000000000000, 0.7084826553175709307, 1.000000000000000000) ) ) 
 REPRESENTATION_ITEM ( '' )  SURFACE ( )  );
#2 = ORIENTED_EDGE ( 'NONE', *, *, #4595, .T. ) ;
#3 = CARTESIAN_POINT ( 'NONE',  ( 37.56696972201766727, 0.5999999999999998668, 49.00000000000000000 ) ) ;
#4 = VERTEX_POINT ( 'NONE', #3122 ) ;
#5 = CARTESIAN_POINT ( 'NONE',  ( 49.00000000000001421, 2.399999999999999911, 44.00000000000000000 ) ) ;
#6 = DIRECTION ( 'NONE',  ( 1.000000000000000000, 0.000000000000000000, 0.000000000000000000 ) ) ;
#7 = EDGE_CURVE ( 'NONE', #6914, #642, #1816, .T. ) ;
#8 = CARTESIAN_POINT ( 'NONE',  ( -49.00000000000000711, 2.399999999999999911, -44.00000000000000711 ) ) ;
#9 = DIRECTION ( 'NONE',  ( -1.000000000000000000, 0.000000000000000000, -1.156482317317871478E-16 ) ) ;
#10 = EDGE_LOOP ( 'NONE', ( #2595, #7089, #1400, #2457, #3065, #585, #6006, #3926, #4680, #2034, #2604, #4926 ) ) ;
#11 = CARTESIAN_POINT ( 'NONE',  ( 24.96199484596034424, 2.399999999999999911, 27.86368955628693556 ) ) ;
#12 = CARTESIAN_POINT ( 'NONE',  ( 39.69089023002065630, -0.5999999999999998668, -39.39999999999999858 ) ) ;
#13 = ORIENTED_EDGE ( 'NONE', *, *, #4214, .T. ) ;
#14 = AXIS2_PLACEMENT_3D ( 'NONE', #7098, #1185, #6013 ) ;
#15 = ADVANCED_FACE ( 'NONE', ( #3204 ), #3618, .F. ) ;
#16 = DIRECTION ( 'NONE',  ( 0.000000000000000000, 0.000000000000000000, 1.000000000000000000 ) ) ;
#17 = AXIS2_PLACEMENT_3D ( 'NONE', #1356, #5387, #1966 ) ;
#18 = DIRECTION ( 'NONE',  ( 1.000000000000000000, 0.000000000000000000, 0.000000000000000000 ) ) ;
#19 = CIRCLE ( 'NONE', #4306, 1.899999999999999023 ) ;
#20 = VERTEX_POINT ( 'NONE', #206 ) ;
#21 = CARTESIAN_POINT ( 'NONE',  ( 39.60000000000000142, 0.000000000000000000, -1.999999999999983569 ) ) ;
#22 = VECTOR ( 'NONE', #7432, 1000.000000000000000 ) ;
#23 = CARTESIAN_POINT ( 'NONE',  ( 17.40000000000000213, 0.000000000000000000, 18.50000000000000355 ) ) ;
#24 = CARTESIAN_POINT ( 'NONE',  ( -39.01427741920559100, 0.008183688582979700699, -37.53279871949017377 ) ) ;
#25 = CARTESIAN_POINT ( 'NONE',  ( 41.12500000000000711, 0.9999999999999997780, 0.000000000000000000 ) ) ;
#26 = AXIS2_PLACEMENT_3D ( 'NONE', #7092, #2323, #2871 ) ;
#27 = CARTESIAN_POINT ( 'NONE',  ( 37.40206632590398783, 1.084202172485504434E-16, -39.00000000000000000 ) ) ;
#28 = EDGE_LOOP ( 'NONE', ( #2491, #3224, #1258, #4559 ) ) ;
#29 = CARTESIAN_POINT ( 'NONE',  ( -38.48275862068965836, -0.5999999999999998668, -38.63321908449344022 ) ) ;
#30 = CIRCLE ( 'NONE', #7260, 0.3999999999999975797 ) ;
#31 = EDGE_LOOP ( 'NONE', ( #1203, #1759, #3507, #791 ) ) ;
#32 = ORIENTED_EDGE ( 'NONE', *, *, #6188, .F. ) ;
#33 = CARTESIAN_POINT ( 'NONE',  ( 44.22500000000000142, 1.399999999999999689, 14.56000000000000583 ) ) ;
#34 = CARTESIAN_POINT ( 'NONE',  ( 45.85000000000000142, 2.399999999999999911, 0.000000000000000000 ) ) ;
#35 = CARTESIAN_POINT ( 'NONE',  ( -49.00000000000000711, 0.5999999999999998668, -37.56696972201766016 ) ) ;
#36 = EDGE_LOOP ( 'NONE', ( #6170, #720, #1412, #5214 ) ) ;
#37 = EDGE_CURVE ( 'NONE', #4552, #7515, #1954, .T. ) ;
#38 = DIRECTION ( 'NONE',  ( -0.000000000000000000, -1.000000000000000000, 0.000000000000000000 ) ) ;
#39 = VERTEX_POINT ( 'NONE', #2458 ) ;
#40 = CARTESIAN_POINT ( 'NONE',  ( -37.50000000000000000, 0.5960057784623233879, 39.00000000000000000 ) ) ;
#41 = EDGE_LOOP ( 'NONE', ( #6146, #3556, #5955, #5008 ) ) ;
#42 = CARTESIAN_POINT ( 'NONE',  ( -38.63321908449344022, -7.600000000000000533, 38.48275862068965125 ) ) ;
#43 = DIRECTION ( 'NONE',  ( 0.000000000000000000, 0.000000000000000000, -1.000000000000000000 ) ) ;
#44 = ADVANCED_FACE ( 'NONE', ( #4827 ), #857, .F. ) ;
#45 = DIRECTION ( 'NONE',  ( 0.000000000000000000, 0.000000000000000000, 1.000000000000000000 ) ) ;
#46 = DIRECTION ( 'NONE',  ( 0.000000000000000000, 0.000000000000000000, 1.000000000000000000 ) ) ;
#47 = EDGE_CURVE ( 'NONE', #4401, #1188, #3802, .T. ) ;
#48 = ORIENTED_EDGE ( 'NONE', *, *, #2472, .F. ) ;
#49 = FACE_OUTER_BOUND ( 'NONE', #4946, .T. ) ;
#50 = EDGE_CURVE ( 'NONE', #4062, #224, #702, .T. ) ;
#51 = ORIENTED_EDGE ( 'NONE', *, *, #3423, .F. ) ;
#52 = CARTESIAN_POINT ( 'NONE',  ( -1.840000000000006963, 0.000000000000000000, -40.50000000000000000 ) ) ;
#53 = CARTESIAN_POINT ( 'NONE',  ( 39.40000000000000568, -1.600000000000000089, 47.60000000000000142 ) ) ;
#54 = ORIENTED_EDGE ( 'NONE', *, *, #4605, .T. ) ;
#55 = CARTESIAN_POINT ( 'NONE',  ( 37.43482600071879318, -0.0006672419341293480419, -39.59847961821953533 ) ) ;
#56 = EDGE_CURVE ( 'NONE', #3058, #2614, #4795, .T. ) ;
#57 = CARTESIAN_POINT ( 'NONE',  ( 39.00359376306523984, 0.001379798945471756447, -37.48582456795477924 ) ) ;
#58 = AXIS2_PLACEMENT_3D ( 'NONE', #2861, #6418, #3439 ) ;
#59 = CARTESIAN_POINT ( 'NONE',  ( -43.99999999999999289, 2.399999999999999911, 44.00000000000000000 ) ) ;
#60 = DIRECTION ( 'NONE',  ( -0.000000000000000000, 1.000000000000000000, 0.000000000000000000 ) ) ;
#61 = CARTESIAN_POINT ( 'NONE',  ( -49.00000000000000000, 0.4258180508531260178, -38.30133882614827456 ) ) ;
#62 = TOROIDAL_SURFACE ( 'NONE', #314, 0.9000000000000001332, 0.5999999999999999778 ) ;
#63 = DIRECTION ( 'NONE',  ( 0.000000000000000000, 1.000000000000000000, 0.000000000000000000 ) ) ;
#64 = ORIENTED_EDGE ( 'NONE', *, *, #555, .T. ) ;
#65 = DIRECTION ( 'NONE',  ( 1.000000000000000000, 0.000000000000000000, -0.000000000000000000 ) ) ;
#66 = AXIS2_PLACEMENT_3D ( 'NONE', #2126, #7431, #905 ) ;
#67 = CIRCLE ( 'NONE', #4350, 0.6000000000000033085 ) ;
#68 = VERTEX_POINT ( 'NONE', #1313 ) ;
#69 = VECTOR ( 'NONE', #7437, 1000.000000000000000 ) ;
#70 = DIRECTION ( 'NONE',  ( 0.000000000000000000, 1.000000000000000000, 0.000000000000000000 ) ) ;
#71 = CARTESIAN_POINT ( 'NONE',  ( -38.63321908449344022, -0.5999999999999998668, 38.48275862068965125 ) ) ;
#72 = AXIS2_PLACEMENT_3D ( 'NONE', #3639, #2402, #5362 ) ;
#73 = DIRECTION ( 'NONE',  ( -4.785444071660164846E-16, 0.000000000000000000, -1.000000000000000000 ) ) ;
#74 = VERTEX_POINT ( 'NONE', #2494 ) ;
#75 = FACE_OUTER_BOUND ( 'NONE', #1252, .T. ) ;
#76 = VERTEX_POINT ( 'NONE', #4905 ) ;
#77 = CIRCLE ( 'NONE', #4366, 0.6000000000000033085 ) ;
#78 = PLANE ( 'NONE',  #3645 ) ;
#79 = CARTESIAN_POINT ( 'NONE',  ( 10.50000000000000178, 0.5999999999999999778, 37.50000000000000000 ) ) ;
#80 = DIRECTION ( 'NONE',  ( 0.000000000000000000, 0.000000000000000000, 1.000000000000000000 ) ) ;
#81 = EDGE_CURVE ( 'NONE', #2103, #5720, #6684, .T. ) ;
#82 = DIRECTION ( 'NONE',  ( 0.000000000000000000, 1.000000000000000000, 0.000000000000000000 ) ) ;
#83 = TOROIDAL_SURFACE ( 'NONE', #5716, 2.100000000000000089, 0.5999999999999999778 ) ;
#84 = DIRECTION ( 'NONE',  ( 0.000000000000000000, 1.000000000000000000, 0.000000000000000000 ) ) ;
#85 = CIRCLE ( 'NONE', #4375, 0.6000000000000033085 ) ;
#86 = EDGE_CURVE ( 'NONE', #6252, #1731, #1769, .T. ) ;
#87 = AXIS2_PLACEMENT_3D ( 'NONE', #2230, #2968, #4116 ) ;
#88 = VERTEX_POINT ( 'NONE', #3661 ) ;
#89 = CARTESIAN_POINT ( 'NONE',  ( 34.60000000000001563, 0.000000000000000000, 12.49999999999999645 ) ) ;
#90 = VERTEX_POINT ( 'NONE', #7147 ) ;
#91 = EDGE_LOOP ( 'NONE', ( #2698, #2146, #4360, #271 ) ) ;
#92 = CIRCLE ( 'NONE', #6091, 1.500000000000001332 ) ;
#93 = CARTESIAN_POINT ( 'NONE',  ( 38.29628397939518436, -0.3932066688566065449, -38.77939280762064556 ) ) ;
#94 = DIRECTION ( 'NONE',  ( 0.000000000000000000, 0.000000000000000000, -1.000000000000000000 ) ) ;
#95 = VERTEX_POINT ( 'NONE', #1272 ) ;
#96 = DIRECTION ( 'NONE',  ( 0.000000000000000000, 0.000000000000000000, -1.000000000000000000 ) ) ;
#97 = DIRECTION ( 'NONE',  ( -0.000000000000000000, -1.000000000000000000, -0.000000000000000000 ) ) ;
#98 = ADVANCED_FACE ( 'NONE', ( #1880 ), #3079, .T. ) ;
#99 = CARTESIAN_POINT ( 'NONE',  ( -39.10034844937612064, -0.3325876924542699453, -38.05823108133315458 ) ) ;
#100 = AXIS2_PLACEMENT_3D ( 'NONE', #2294, #3384, #463 ) ;
#101 = LINE ( 'NONE', #4057, #310 ) ;
#102 = DIRECTION ( 'NONE',  ( 0.000000000000000000, 0.000000000000000000, -1.000000000000000000 ) ) ;
#103 = ORIENTED_EDGE ( 'NONE', *, *, #4156, .F. ) ;
#104 = FACE_OUTER_BOUND ( 'NONE', #4400, .T. ) ;
#105 = VERTEX_POINT ( 'NONE', #5140 ) ;
#106 = DIRECTION ( 'NONE',  ( 0.000000000000000000, 0.000000000000000000, -1.000000000000000000 ) ) ;
#107 = DIRECTION ( 'NONE',  ( 0.000000000000000000, 0.000000000000000000, 1.000000000000000000 ) ) ;
#108 = EDGE_CURVE ( 'NONE', #1223, #4552, #454, .T. ) ;
#109 = CARTESIAN_POINT ( 'NONE',  ( -39.00000000000000711, -7.600000000000000533, -3.499999999999982236 ) ) ;
#110 = ORIENTED_EDGE ( 'NONE', *, *, #3874, .T. ) ;
#111 = CARTESIAN_POINT ( 'NONE',  ( 39.00000000000000711, 0.5999999999999998668, 10.99999999999999645 ) ) ;
#112 = ORIENTED_EDGE ( 'NONE', *, *, #738, .F. ) ;
#113 = CARTESIAN_POINT ( 'NONE',  ( 30.73999999999999133, 0.5999999999999999778, -39.60000000000000142 ) ) ;
#114 = CARTESIAN_POINT ( 'NONE',  ( -48.39999999999999858, 0.000000000000000000, 37.56696972201766727 ) ) ;
#115 = DIRECTION ( 'NONE',  ( -0.000000000000000000, 0.000000000000000000, 1.000000000000000000 ) ) ;
#116 = CARTESIAN_POINT ( 'NONE',  ( 34.25000000000000000, 0.9999999999999997780, 47.74999999999998579 ) ) ;
#117 = DIRECTION ( 'NONE',  ( 0.000000000000000000, 1.000000000000000000, 0.000000000000000000 ) ) ;
#118 = ORIENTED_EDGE ( 'NONE', *, *, #3956, .T. ) ;
#119 = EDGE_CURVE ( 'NONE', #4687, #4886, #5721, .T. ) ;
#120 = DIRECTION ( 'NONE',  ( -0.000000000000000000, -0.000000000000000000, 1.000000000000000000 ) ) ;
#121 = ORIENTED_EDGE ( 'NONE', *, *, #6943, .T. ) ;
#122 = CARTESIAN_POINT ( 'NONE',  ( 37.50000000000000000, 0.000000000000000000, -1.999999999999982236 ) ) ;
#123 = CARTESIAN_POINT ( 'NONE',  ( -37.45114222751232091, -0.001997110768838005271, 39.59766279253699395 ) ) ;
#124 = LINE ( 'NONE', #7266, #3343 ) ;
#125 = VERTEX_POINT ( 'NONE', #6836 ) ;
#126 = ADVANCED_FACE ( 'NONE', ( #4457 ), #1427, .F. ) ;
#127 = CARTESIAN_POINT ( 'NONE',  ( -38.97976878631730813, 0.5155060966018711888, -37.76879903265648863 ) ) ;
#128 = CIRCLE ( 'NONE', #4177, 1.099999999999996758 ) ;
#129 = CARTESIAN_POINT ( 'NONE',  ( -47.60000000000000142, 0.000000000000000000, 37.39999999999999858 ) ) ;
#130 = CARTESIAN_POINT ( 'NONE',  ( 48.99999999999999289, -0.5439928960640613154, -39.23994701249038997 ) ) ;
#131 = EDGE_CURVE ( 'NONE', #1731, #6124, #320, .T. ) ;
#132 = CARTESIAN_POINT ( 'NONE',  ( 42.62500000000000711, 1.399999999999999689, 13.46000000000000263 ) ) ;
#133 = AXIS2_PLACEMENT_3D ( 'NONE', #1742, #5858, #1211 ) ;
#134 = AXIS2_PLACEMENT_3D ( 'NONE', #2254, #7523, #6402 ) ;
#135 = CARTESIAN_POINT ( 'NONE',  ( 38.99999999999999289, 0.0003232785384986794353, -37.45133180695232511 ) ) ;
#136 = EDGE_LOOP ( 'NONE', ( #5441, #3183, #281, #7538 ) ) ;
#137 = EDGE_CURVE ( 'NONE', #5302, #5906, #4524, .T. ) ;
#138 = AXIS2_PLACEMENT_3D ( 'NONE', #1494, #5058, #6179 ) ;
#139 = DIRECTION ( 'NONE',  ( 1.000000000000000000, 0.000000000000000000, -7.080503983578804316E-17 ) ) ;
#140 = ORIENTED_EDGE ( 'NONE', *, *, #5808, .F. ) ;
#141 = ORIENTED_EDGE ( 'NONE', *, *, #1030, .F. ) ;
#142 = EDGE_CURVE ( 'NONE', #3060, #3587, #4496, .T. ) ;
#143 = AXIS2_PLACEMENT_3D ( 'NONE', #445, #5156, #2198 ) ;
#144 = LINE ( 'NONE', #3061, #637 ) ;
#145 = DIRECTION ( 'NONE',  ( -0.000000000000000000, 1.000000000000000000, -0.000000000000000000 ) ) ;
#146 = AXIS2_PLACEMENT_3D ( 'NONE', #5864, #4097, #6353 ) ;
#147 = EDGE_CURVE ( 'NONE', #6707, #6478, #85, .T. ) ;
#148 = CARTESIAN_POINT ( 'NONE',  ( 31.54115071397127323, 1.399999999999999689, 13.39418728949463144 ) ) ;
#149 = VERTEX_POINT ( 'NONE', #2736 ) ;
#150 = CARTESIAN_POINT ( 'NONE',  ( -37.56696972201766727, 0.000000000000000000, 48.39999999999999858 ) ) ;
#151 = SHAPE_DEFINITION_REPRESENTATION ( #3173, #6598 ) ;
#152 = VERTEX_POINT ( 'NONE', #2660 ) ;
#153 = EDGE_CURVE ( 'NONE', #105, #6869, #1060, .T. ) ;
#154 = CARTESIAN_POINT ( 'NONE',  ( 29.23999999999999133, 0.9999999999999997780, 0.000000000000000000 ) ) ;
#155 = CARTESIAN_POINT ( 'NONE',  ( 0.000000000000000000, 2.399999999999999911, 47.74999999999998579 ) ) ;
#156 = CARTESIAN_POINT ( 'NONE',  ( -39.18997587142047223, -0.5265073566082328904, -49.00000000000000000 ) ) ;
#157 = DIRECTION ( 'NONE',  ( 0.000000000000000000, 1.000000000000000000, 0.000000000000000000 ) ) ;
#158 = CARTESIAN_POINT ( 'NONE',  ( 39.69089023002065630, -0.5999999999999998668, -38.00000000000000000 ) ) ;
#159 = ORIENTED_EDGE ( 'NONE', *, *, #4514, .T. ) ;
#160 = CARTESIAN_POINT ( 'NONE',  ( 29.23999999999999133, 2.399999999999999911, -40.50000000000000000 ) ) ;
#161 = VERTEX_POINT ( 'NONE', #6728 ) ;
#162 = EDGE_LOOP ( 'NONE', ( #1474, #4166 ) ) ;
#163 = DIRECTION ( 'NONE',  ( -0.000000000000000000, -1.000000000000000000, -0.000000000000000000 ) ) ;
#164 = CARTESIAN_POINT ( 'NONE',  ( -38.48275862068965125, -0.5999999999999998668, 38.63321908449343312 ) ) ;
#165 = CARTESIAN_POINT ( 'NONE',  ( -39.69089023002066341, -0.5999999999999998668, 39.39999999999999858 ) ) ;
#166 = ORIENTED_EDGE ( 'NONE', *, *, #4802, .F. ) ;
#167 = DIRECTION ( 'NONE',  ( -7.080503983578804316E-17, 0.000000000000000000, -1.000000000000000000 ) ) ;
#168 = PLANE ( 'NONE',  #3988 ) ;
#169 = DIRECTION ( 'NONE',  ( -0.000000000000000000, -0.000000000000000000, -1.000000000000000000 ) ) ;
#170 = ADVANCED_FACE ( 'NONE', ( #3895 ), #2114, .F. ) ;
#171 = FACE_OUTER_BOUND ( 'NONE', #6605, .T. ) ;
#172 = CARTESIAN_POINT ( 'NONE',  ( 48.40000000000000568, 0.000000000000000000, -1.028089178415642624E-14 ) ) ;
#173 = ORIENTED_EDGE ( 'NONE', *, *, #983, .F. ) ;
#174 = CARTESIAN_POINT ( 'NONE',  ( 45.72500000000000142, 0.9999999999999997780, 0.000000000000000000 ) ) ;
#175 = ORIENTED_EDGE ( 'NONE', *, *, #2990, .T. ) ;
#176 = ORIENTED_EDGE ( 'NONE', *, *, #6647, .F. ) ;
#177 = ORIENTED_EDGE ( 'NONE', *, *, #7333, .F. ) ;
#178 = EDGE_CURVE ( 'NONE', #7476, #6397, #3135, .T. ) ;
#179 = ORIENTED_EDGE ( 'NONE', *, *, #2622, .T. ) ;
#180 = VECTOR ( 'NONE', #2669, 1000.000000000000000 ) ;
#181 = ORIENTED_EDGE ( 'NONE', *, *, #5147, .T. ) ;
#182 = CARTESIAN_POINT ( 'NONE',  ( -44.00000000000000711, 2.399999999999999911, -44.00000000000000000 ) ) ;
#183 = CARTESIAN_POINT ( 'NONE',  ( 26.34266137470398306, 0.9999999999999997780, 26.94999999999998863 ) ) ;
#184 = ADVANCED_FACE ( 'NONE', ( #2700 ), #7423, .F. ) ;
#185 = AXIS2_PLACEMENT_3D ( 'NONE', #7419, #1150, #1724 ) ;
#186 = ADVANCED_FACE ( 'NONE', ( #7379 ), #2076, .F. ) ;
#187 = VECTOR ( 'NONE', #3163, 1000.000000000000000 ) ;
#188 = DIRECTION ( 'NONE',  ( -0.000000000000000000, -1.000000000000000000, -0.000000000000000000 ) ) ;
#189 = ORIENTED_EDGE ( 'NONE', *, *, #81, .T. ) ;
#190 = DIRECTION ( 'NONE',  ( -1.000000000000000000, -0.000000000000000000, -0.000000000000000000 ) ) ;
#191 = AXIS2_PLACEMENT_3D ( 'NONE', #3334, #3264, #5667 ) ;
#192 = PRODUCT_CONTEXT ( 'NONE', #5946, 'mechanical' ) ;
#193 = VERTEX_POINT ( 'NONE', #6185 ) ;
#194 = DIRECTION ( 'NONE',  ( 0.000000000000000000, 0.000000000000000000, -1.000000000000000000 ) ) ;
#195 = CARTESIAN_POINT ( 'NONE',  ( -49.00000000000000000, -0.5265073566076386991, 39.18997587142069250 ) ) ;
#196 = AXIS2_PLACEMENT_3D ( 'NONE', #1358, #713, #4920 ) ;
#197 = AXIS2_PLACEMENT_3D ( 'NONE', #5393, #677, #7090 ) ;
#198 = CARTESIAN_POINT ( 'NONE',  ( -43.99999999999999289, -1.600000000000000089, 46.10000000000000142 ) ) ;
#199 = CARTESIAN_POINT ( 'NONE',  ( 30.73999999999999133, 2.399999999999999911, -40.50000000000000000 ) ) ;
#200 = EDGE_CURVE ( 'NONE', #1498, #2509, #5102, .T. ) ;
#201 = CARTESIAN_POINT ( 'NONE',  ( 49.00000000000002132, 0.4258180508531250741, 38.30133882614829588 ) ) ;
#202 = CIRCLE ( 'NONE', #5448, 0.5999999999999998668 ) ;
#203 = ORIENTED_EDGE ( 'NONE', *, *, #814, .T. ) ;
#204 = FACE_BOUND ( 'NONE', #6319, .T. ) ;
#205 = ORIENTED_EDGE ( 'NONE', *, *, #2059, .F. ) ;
#206 = CARTESIAN_POINT ( 'NONE',  ( 45.72500000000000142, 1.399999999999999689, 14.56000000000000583 ) ) ;
#207 = CARTESIAN_POINT ( 'NONE',  ( 27.73999999999999133, 0.5999999999999998668, -43.50000000000000000 ) ) ;
#208 = VECTOR ( 'NONE', #3974, 1000.000000000000000 ) ;
#209 = CARTESIAN_POINT ( 'NONE',  ( 38.05823108133317589, -0.3325876924543094693, -39.10034844937611354 ) ) ;
#210 = EDGE_CURVE ( 'NONE', #3635, #5232, #6760, .T. ) ;
#211 = DIRECTION ( 'NONE',  ( -0.000000000000000000, -1.000000000000000000, -0.000000000000000000 ) ) ;
#212 = ORIENTED_EDGE ( 'NONE', *, *, #2810, .F. ) ;
#213 = CARTESIAN_POINT ( 'NONE',  ( 17.40000000000000213, 0.5999999999999999778, -1.999999999999982236 ) ) ;
#214 = AXIS2_PLACEMENT_3D ( 'NONE', #4182, #5692, #6883 ) ;
#215 = CARTESIAN_POINT ( 'NONE',  ( 38.99999999999999289, 2.399999999999999911, -39.00000000000000000 ) ) ;
#216 = CARTESIAN_POINT ( 'NONE',  ( 31.65733862529602405, 2.399999999999999911, 28.44999999999998863 ) ) ;
#217 = CARTESIAN_POINT ( 'NONE',  ( 34.25000000000000000, 1.399999999999999689, 47.74999999999998579 ) ) ;
#218 = CARTESIAN_POINT ( 'NONE',  ( 44.00000000000000711, -1.399999999999990585, 45.89999999999999858 ) ) ;
#219 = VERTEX_POINT ( 'NONE', #1717 ) ;
#220 = CARTESIAN_POINT ( 'NONE',  ( -47.60000000000000853, 2.399999999999999911, -39.39999999999999858 ) ) ;
#221 = ORIENTED_EDGE ( 'NONE', *, *, #2843, .T. ) ;
#222 = ADVANCED_FACE ( 'NONE', ( #5835 ), #4599, .F. ) ;
#223 = ORIENTED_EDGE ( 'NONE', *, *, #2920, .T. ) ;
#224 = VERTEX_POINT ( 'NONE', #4147 ) ;
#225 = DIRECTION ( 'NONE',  ( 0.000000000000000000, 0.000000000000000000, 1.000000000000000000 ) ) ;
#226 = CIRCLE ( 'NONE', #2685, 1.500000000000001332 ) ;
#227 = CARTESIAN_POINT ( 'NONE',  ( 38.09147254238646241, 0.03772782690525775667, 49.00000000000000000 ) ) ;
#228 = DIRECTION ( 'NONE',  ( -0.000000000000000000, 1.000000000000000000, -0.000000000000000000 ) ) ;
#229 = ORIENTED_EDGE ( 'NONE', *, *, #5164, .T. ) ;
#230 = CARTESIAN_POINT ( 'NONE',  ( 38.00000000000000711, -1.600000000000000089, -47.60000000000000142 ) ) ;
#231 = AXIS2_PLACEMENT_3D ( 'NONE', #3723, #7287, #6630 ) ;
#232 = ADVANCED_FACE ( 'NONE', ( #6951 ), #2460, .F. ) ;
#233 = ORIENTED_EDGE ( 'NONE', *, *, #6753, .T. ) ;
#234 = FACE_OUTER_BOUND ( 'NONE', #918, .T. ) ;
#235 = CARTESIAN_POINT ( 'NONE',  ( -39.59766279253700105, -0.001997110768840058750, 37.45114222751233513 ) ) ;
#236 = DIRECTION ( 'NONE',  ( 0.000000000000000000, 1.000000000000000000, 0.000000000000000000 ) ) ;
#237 = DIRECTION ( 'NONE',  ( -0.000000000000000000, 1.000000000000000000, -0.000000000000000000 ) ) ;
#238 = EDGE_CURVE ( 'NONE', #2637, #742, #3700, .T. ) ;
#239 = CARTESIAN_POINT ( 'NONE',  ( -39.00000000000000000, 0.000000000000000000, 37.50000000000000000 ) ) ;
#240 = ORIENTED_EDGE ( 'NONE', *, *, #5010, .F. ) ;
#241 = CARTESIAN_POINT ( 'NONE',  ( 37.94572141876577831, 0.5617863553588838821, -49.00000000000000000 ) ) ;
#242 = ORIENTED_EDGE ( 'NONE', *, *, #2768, .F. ) ;
#243 = DIRECTION ( 'NONE',  ( 8.659560562355011744E-17, 0.7071067811865410224, -0.7071067811865540120 ) ) ;
#244 = DIRECTION ( 'NONE',  ( 0.000000000000000000, 0.000000000000000000, 1.000000000000000000 ) ) ;
#245 = EDGE_CURVE ( 'NONE', #2767, #6425, #5178, .T. ) ;
#246 = DIRECTION ( 'NONE',  ( -0.000000000000000000, -1.000000000000000000, -0.000000000000000000 ) ) ;
#247 = CARTESIAN_POINT ( 'NONE',  ( 48.78220304726112744, -0.2495152422282349292, 38.45363220528564341 ) ) ;
#248 = PLANE ( 'NONE',  #6391 ) ;
#249 = ORIENTED_EDGE ( 'NONE', *, *, #5347, .F. ) ;
#250 = LINE ( 'NONE', #7270, #1153 ) ;
#251 = EDGE_CURVE ( 'NONE', #3144, #1943, #3544, .T. ) ;
#252 = CARTESIAN_POINT ( 'NONE',  ( 37.50000000000000000, 0.5999999999999999778, -8.899999999999991473 ) ) ;
#253 = CARTESIAN_POINT ( 'NONE',  ( 44.22500000000000142, 0.9999999999999997780, 13.46000000000000441 ) ) ;
#254 = LINE ( 'NONE', #4199, #5584 ) ;
#255 = CARTESIAN_POINT ( 'NONE',  ( 39.59925776918242946, 4.136230265231909392E-17, -37.41844945715713067 ) ) ;
#256 = VERTEX_POINT ( 'NONE', #3460 ) ;
#257 = CARTESIAN_POINT ( 'NONE',  ( 38.00000000000000711, -1.600000000000000089, -47.60000000000000142 ) ) ;
#258 = EDGE_LOOP ( 'NONE', ( #1680, #4417, #5306, #4495, #4069, #6805, #438, #2211, #863, #159, #1162, #2296 ) ) ;
#259 = ORIENTED_EDGE ( 'NONE', *, *, #6266, .F. ) ;
#260 = CIRCLE ( 'NONE', #4172, 0.3999999999999975797 ) ;
#261 = ORIENTED_EDGE ( 'NONE', *, *, #1822, .T. ) ;
#262 = ORIENTED_EDGE ( 'NONE', *, *, #5002, .F. ) ;
#263 = CARTESIAN_POINT ( 'NONE',  ( 22.25000000000000711, 0.9999999999999997780, 0.000000000000000000 ) ) ;
#264 = AXIS2_PLACEMENT_3D ( 'NONE', #1410, #2066, #3808 ) ;
#265 = LINE ( 'NONE', #3763, #5532 ) ;
#266 = VECTOR ( 'NONE', #5320, 1000.000000000000000 ) ;
#267 = DIRECTION ( 'NONE',  ( 8.659560562354802203E-17, -0.7071067811865583419, 0.7071067811865368036 ) ) ;
#268 = VERTEX_POINT ( 'NONE', #1146 ) ;
#269 = CARTESIAN_POINT ( 'NONE',  ( 35.50000000000000711, -7.600000000000000533, 12.49999999999999467 ) ) ;
#270 = VECTOR ( 'NONE', #6621, 1000.000000000000114 ) ;
#271 = ORIENTED_EDGE ( 'NONE', *, *, #2818, .F. ) ;
#272 = DIRECTION ( 'NONE',  ( -0.000000000000000000, 1.000000000000000000, -0.000000000000000000 ) ) ;
#273 = CARTESIAN_POINT ( 'NONE',  ( -48.43493321106431182, -4.803547165689508059E-16, 37.67750398295714120 ) ) ;
#274 = CARTESIAN_POINT ( 'NONE',  ( -38.46417554520410675, 0.3305876115166114793, -49.00000000000000000 ) ) ;
#275 = VECTOR ( 'NONE', #591, 1000.000000000000000 ) ;
#276 = CARTESIAN_POINT ( 'NONE',  ( -39.59766279253700105, -0.001997110768840058750, 37.45114222751233513 ) ) ;
#277 = EDGE_CURVE ( 'NONE', #4268, #1442, #1683, .T. ) ;
#278 = CARTESIAN_POINT ( 'NONE',  ( -47.60000000000000142, -1.600000000000000089, 38.00000000000000000 ) ) ;
#279 = AXIS2_PLACEMENT_3D ( 'NONE', #3886, #70, #6433 ) ;
#280 = ORIENTED_EDGE ( 'NONE', *, *, #3994, .F. ) ;
#281 = ORIENTED_EDGE ( 'NONE', *, *, #7252, .F. ) ;
#282 = DIRECTION ( 'NONE',  ( 0.000000000000000000, 0.000000000000000000, 1.000000000000000000 ) ) ;
#283 = DIRECTION ( 'NONE',  ( -0.000000000000000000, -1.000000000000000000, 0.000000000000000000 ) ) ;
#284 = DIRECTION ( 'NONE',  ( 0.000000000000000000, 1.000000000000000000, -0.000000000000000000 ) ) ;
#285 = EDGE_CURVE ( 'NONE', #998, #6664, #1118, .T. ) ;
#286 = CARTESIAN_POINT ( 'NONE',  ( 48.64644470798857157, -0.1347061827634724318, 38.16298605891365270 ) ) ;
#287 = EDGE_CURVE ( 'NONE', #3859, #5343, #2097, .T. ) ;
#288 = CARTESIAN_POINT ( 'NONE',  ( -37.56696972201766727, 0.5999999999999998668, -49.00000000000000000 ) ) ;
#289 = AXIS2_PLACEMENT_3D ( 'NONE', #2069, #1527, #963 ) ;
#290 = VERTEX_POINT ( 'NONE', #7566 ) ;
#291 = DIRECTION ( 'NONE',  ( 0.000000000000000000, -0.000000000000000000, -1.000000000000000000 ) ) ;
#292 = CARTESIAN_POINT ( 'NONE',  ( 39.40000000000000568, -1.600000000000000089, 38.00000000000000000 ) ) ;
#293 = CARTESIAN_POINT ( 'NONE',  ( 38.48275862068965125, -0.5999999999999998668, -38.63321908449344022 ) ) ;
#294 = DIRECTION ( 'NONE',  ( -0.000000000000000000, -1.000000000000000000, -0.000000000000000000 ) ) ;
#295 = EDGE_CURVE ( 'NONE', #871, #256, #652, .T. ) ;
#296 = DIRECTION ( 'NONE',  ( 2.124151195073641295E-16, -0.000000000000000000, 1.000000000000000000 ) ) ;
#297 = EDGE_LOOP ( 'NONE', ( #1674, #3337, #7348, #6126 ) ) ;
#298 = LINE ( 'NONE', #257, #2263 ) ;
#299 = ORIENTED_EDGE ( 'NONE', *, *, #418, .F. ) ;
#300 = ORIENTED_EDGE ( 'NONE', *, *, #4629, .T. ) ;
#301 = ORIENTED_EDGE ( 'NONE', *, *, #5543, .T. ) ;
#302 = DIRECTION ( 'NONE',  ( 0.000000000000000000, 1.000000000000000000, 0.000000000000000000 ) ) ;
#303 = CARTESIAN_POINT ( 'NONE',  ( -38.92513321887955868, 0.3446590549005060788, 37.98066595387484767 ) ) ;
#304 = ADVANCED_FACE ( 'NONE', ( #4636, #6985 ), #580, .T. ) ;
#305 = DIRECTION ( 'NONE',  ( -0.000000000000000000, 1.000000000000000000, 0.000000000000000000 ) ) ;
#306 = VERTEX_POINT ( 'NONE', #5 ) ;
#307 = DIRECTION ( 'NONE',  ( -0.000000000000000000, 1.000000000000000000, 0.000000000000000000 ) ) ;
#308 = ORIENTED_EDGE ( 'NONE', *, *, #3874, .F. ) ;
#309 = CARTESIAN_POINT ( 'NONE',  ( 39.40000000000000568, -7.600000000000000533, -39.69089023002065630 ) ) ;
#310 = VECTOR ( 'NONE', #4993, 1000.000000000000000 ) ;
#311 = AXIS2_PLACEMENT_3D ( 'NONE', #5841, #5340, #6991 ) ;
#312 = VECTOR ( 'NONE', #1433, 1000.000000000000000 ) ;
#313 = CARTESIAN_POINT ( 'NONE',  ( -39.00000000000000711, 0.5999999999999998668, -39.00000000000000000 ) ) ;
#314 = AXIS2_PLACEMENT_3D ( 'NONE', #2773, #7454, #3316 ) ;
#315 = VERTEX_POINT ( 'NONE', #1189 ) ;
#316 = CARTESIAN_POINT ( 'NONE',  ( 38.90482994622657742, -0.02999980082825555103, -49.00000000000000000 ) ) ;
#317 = EDGE_LOOP ( 'NONE', ( #1478, #3445, #1824, #3872 ) ) ;
#318 = CIRCLE ( 'NONE', #4592, 1.399999999999998579 ) ;
#319 = AXIS2_PLACEMENT_3D ( 'NONE', #1673, #4027, #3447 ) ;
#320 = LINE ( 'NONE', #3966, #6429 ) ;
#321 = EDGE_CURVE ( 'NONE', #718, #2438, #4064, .T. ) ;
#322 = DIRECTION ( 'NONE',  ( 0.000000000000000000, 0.000000000000000000, -1.000000000000000000 ) ) ;
#323 = VECTOR ( 'NONE', #594, 1000.000000000000000 ) ;
#324 = MECHANICAL_DESIGN_GEOMETRIC_PRESENTATION_REPRESENTATION (  '', ( #4000 ), #4590 ) ;
#325 = DIRECTION ( 'NONE',  ( 0.000000000000000000, 0.000000000000000000, 1.000000000000000000 ) ) ;
#326 = VECTOR ( 'NONE', #5504, 1000.000000000000000 ) ;
#327 = CARTESIAN_POINT ( 'NONE',  ( 48.99994091807449337, -0.4901682510533054149, 39.23559074231602040 ) ) ;
#328 = FACE_OUTER_BOUND ( 'NONE', #5415, .T. ) ;
#329 = VECTOR ( 'NONE', #272, 1000.000000000000000 ) ;
#330 = EDGE_LOOP ( 'NONE', ( #341, #842, #967, #3838 ) ) ;
#331 = DIRECTION ( 'NONE',  ( 0.000000000000000000, 0.000000000000000000, -1.000000000000000000 ) ) ;
#332 = EDGE_CURVE ( 'NONE', #836, #2888, #6446, .T. ) ;
#333 = AXIS2_PLACEMENT_3D ( 'NONE', #3815, #2172, #4941 ) ;
#334 = LINE ( 'NONE', #6118, #3263 ) ;
#335 = CARTESIAN_POINT ( 'NONE',  ( -37.45133180695232511, 0.0003232785384986794353, -39.00000000000000000 ) ) ;
#336 = VECTOR ( 'NONE', #581, 1000.000000000000114 ) ;
#337 = CARTESIAN_POINT ( 'NONE',  ( 42.62500000000000711, 0.9999999999999997780, 16.16000000000000014 ) ) ;
#338 = DIRECTION ( 'NONE',  ( -0.000000000000000000, -0.000000000000000000, -1.000000000000000000 ) ) ;
#339 = ORIENTED_EDGE ( 'NONE', *, *, #1205, .F. ) ;
#340 = FACE_OUTER_BOUND ( 'NONE', #6863, .T. ) ;
#341 = ORIENTED_EDGE ( 'NONE', *, *, #3731, .T. ) ;
#342 = CIRCLE ( 'NONE', #5607, 1.399999999999998579 ) ;
#343 = ORIENTED_EDGE ( 'NONE', *, *, #6452, .T. ) ;
#344 = VERTEX_POINT ( 'NONE', #2960 ) ;
#345 = EDGE_LOOP ( 'NONE', ( #6594, #6624, #6073, #3181 ) ) ;
#346 = DIRECTION ( 'NONE',  ( 0.9204443524957584000, 0.000000000000000000, 0.3908736291420335518 ) ) ;
#347 = ADVANCED_FACE ( 'NONE', ( #4708 ), #1641, .T. ) ;
#348 = CARTESIAN_POINT ( 'NONE',  ( 39.40000000000000568, -0.6000000000000000888, 49.00000000000000000 ) ) ;
#349 = DIRECTION ( 'NONE',  ( 0.000000000000000000, 0.000000000000000000, 1.000000000000000000 ) ) ;
#350 = ORIENTED_EDGE ( 'NONE', *, *, #6745, .T. ) ;
#351 = CARTESIAN_POINT ( 'NONE',  ( -38.30659152303422843, -0.5005679606743981269, 38.79901089066942177 ) ) ;
#352 = VERTEX_POINT ( 'NONE', #1075 ) ;
#353 = AXIS2_PLACEMENT_3D ( 'NONE', #1119, #3465, #5951 ) ;
#354 = DIRECTION ( 'NONE',  ( -1.000000000000000000, -0.000000000000000000, 0.000000000000000000 ) ) ;
#355 = EDGE_CURVE ( 'NONE', #3060, #2401, #5037, .T. ) ;
#356 = CARTESIAN_POINT ( 'NONE',  ( 35.75000000000000711, 0.9999999999999997780, 46.24999999999998579 ) ) ;
#357 = DIRECTION ( 'NONE',  ( -0.000000000000000000, 1.000000000000000000, -0.000000000000000000 ) ) ;
#358 = AXIS2_PLACEMENT_3D ( 'NONE', #2988, #1711, #3647 ) ;
#359 = ORIENTED_EDGE ( 'NONE', *, *, #2067, .F. ) ;
#360 = CARTESIAN_POINT ( 'NONE',  ( -38.35738391742581399, -0.5317580925640373879, -38.74194746026380187 ) ) ;
#361 = ORIENTED_EDGE ( 'NONE', *, *, #3561, .T. ) ;
#362 = DIRECTION ( 'NONE',  ( -1.000000000000000000, 0.000000000000000000, 0.000000000000000000 ) ) ;
#363 = FACE_OUTER_BOUND ( 'NONE', #5044, .T. ) ;
#364 = PLANE ( 'NONE',  #3154 ) ;
#365 = DIRECTION ( 'NONE',  ( -4.785444071660164846E-16, 0.000000000000000000, -1.000000000000000000 ) ) ;
#366 = EDGE_CURVE ( 'NONE', #911, #1640, #4004, .T. ) ;
#367 = CARTESIAN_POINT ( 'NONE',  ( -49.00000000000000000, 0.5999999999999998668, 48.39999999999999858 ) ) ;
#368 = ORIENTED_EDGE ( 'NONE', *, *, #4579, .F. ) ;
#369 = DIRECTION ( 'NONE',  ( -0.000000000000000000, 0.000000000000000000, 1.000000000000000000 ) ) ;
#370 = DIRECTION ( 'NONE',  ( 0.000000000000000000, 0.000000000000000000, -1.000000000000000000 ) ) ;
#371 = CYLINDRICAL_SURFACE ( 'NONE', #4109, 1.499999999999999556 ) ;
#372 = EDGE_CURVE ( 'NONE', #5139, #647, #502, .T. ) ;
#373 = DIRECTION ( 'NONE',  ( -0.000000000000000000, -1.000000000000000000, -0.000000000000000000 ) ) ;
#374 = ORIENTED_EDGE ( 'NONE', *, *, #1357, .T. ) ;
#375 = DIRECTION ( 'NONE',  ( -0.000000000000000000, 0.000000000000000000, -1.000000000000000000 ) ) ;
#376 = ORIENTED_EDGE ( 'NONE', *, *, #5262, .F. ) ;
#377 = EDGE_CURVE ( 'NONE', #605, #2308, #1910, .T. ) ;
#378 = CARTESIAN_POINT ( 'NONE',  ( 44.00000000000000711, 2.200000000000000178, 45.89999999999999858 ) ) ;
#379 = DIRECTION ( 'NONE',  ( 0.000000000000000000, 0.000000000000000000, 1.000000000000000000 ) ) ;
#380 = ADVANCED_FACE ( 'NONE', ( #2528 ), #848, .F. ) ;
#381 = DIRECTION ( 'NONE',  ( -0.000000000000000000, 1.000000000000000000, -0.000000000000000000 ) ) ;
#382 = ORIENTED_EDGE ( 'NONE', *, *, #1591, .T. ) ;
#383 = DIRECTION ( 'NONE',  ( -1.000000000000000000, 0.000000000000000000, 0.000000000000000000 ) ) ;
#384 = EDGE_CURVE ( 'NONE', #1442, #4516, #3028, .T. ) ;
#385 = ORIENTED_EDGE ( 'NONE', *, *, #1307, .T. ) ;
#386 = AXIS2_PLACEMENT_3D ( 'NONE', #1008, #6157, #898 ) ;
#387 = DIRECTION ( 'NONE',  ( -1.000000000000000000, 0.000000000000000000, 0.000000000000000000 ) ) ;
#388 = ADVANCED_FACE ( 'NONE', ( #234 ), #7322, .F. ) ;
#389 = CARTESIAN_POINT ( 'NONE',  ( 39.39999999999999858, -0.5999999999999998668, -49.00000000000000000 ) ) ;
#390 = AXIS2_PLACEMENT_3D ( 'NONE', #1739, #4129, #634 ) ;
#391 = LINE ( 'NONE', #2732, #5615 ) ;
#392 = AXIS2_PLACEMENT_3D ( 'NONE', #2173, #4482, #2828 ) ;
#393 = EDGE_CURVE ( 'NONE', #5637, #2476, #1671, .T. ) ;
#394 = ORIENTED_EDGE ( 'NONE', *, *, #6675, .T. ) ;
#395 = ORIENTED_EDGE ( 'NONE', *, *, #4439, .F. ) ;
#396 = CARTESIAN_POINT ( 'NONE',  ( 48.72385482109523736, -0.1978804517196903756, 38.32282589088511315 ) ) ;
#397 = CARTESIAN_POINT ( 'NONE',  ( 10.50000000000000178, 0.5999999999999998668, -1.999999999999982236 ) ) ;
#398 = CIRCLE ( 'NONE', #760, 0.6000000000000000888 ) ;
#399 = FACE_OUTER_BOUND ( 'NONE', #4070, .T. ) ;
#400 = VECTOR ( 'NONE', #886, 1000.000000000000000 ) ;
#401 = FACE_BOUND ( 'NONE', #6469, .T. ) ;
#402 = CARTESIAN_POINT ( 'NONE',  ( 48.99999999999999289, 0.5999999999999998668, -37.56696972201766016 ) ) ;
#403 = ORIENTED_EDGE ( 'NONE', *, *, #3327, .F. ) ;
#404 = AXIS2_PLACEMENT_3D ( 'NONE', #1728, #5762, #2849 ) ;
#405 = DIRECTION ( 'NONE',  ( 0.000000000000000000, 1.000000000000000000, 0.000000000000000000 ) ) ;
#406 = CARTESIAN_POINT ( 'NONE',  ( 32.50000000000001421, 0.000000000000000000, 18.50000000000000355 ) ) ;
#407 = CARTESIAN_POINT ( 'NONE',  ( -37.45114222751232091, -0.001997110768838547372, -39.59766279253700105 ) ) ;
#408 = DIRECTION ( 'NONE',  ( 1.000000000000000000, 0.000000000000000000, -1.632680918566402109E-16 ) ) ;
#409 = DIRECTION ( 'NONE',  ( 0.000000000000000000, 0.000000000000000000, 1.000000000000000000 ) ) ;
#410 = ORIENTED_EDGE ( 'NONE', *, *, #3605, .T. ) ;
#411 = CARTESIAN_POINT ( 'NONE',  ( 0.000000000000000000, -1.600000000000000089, 38.00000000000000000 ) ) ;
#412 = EDGE_CURVE ( 'NONE', #7050, #5170, #5966, .T. ) ;
#413 = LINE ( 'NONE', #6273, #5822 ) ;
#414 = DIRECTION ( 'NONE',  ( 0.000000000000000000, 0.000000000000000000, 1.000000000000000000 ) ) ;
#415 = DIRECTION ( 'NONE',  ( -1.000000000000000000, 0.000000000000000000, -0.000000000000000000 ) ) ;
#416 = DIRECTION ( 'NONE',  ( 0.000000000000000000, 0.000000000000000000, -1.000000000000000000 ) ) ;
#417 = ORIENTED_EDGE ( 'NONE', *, *, #3918, .T. ) ;
#418 = EDGE_CURVE ( 'NONE', #2984, #3398, #5407, .T. ) ;
#419 = FACE_OUTER_BOUND ( 'NONE', #6315, .T. ) ;
#420 = EDGE_LOOP ( 'NONE', ( #3143, #784, #1994, #6780 ) ) ;
#421 = EDGE_CURVE ( 'NONE', #7497, #6005, #6017, .T. ) ;
#422 = DIRECTION ( 'NONE',  ( 0.000000000000000000, 0.000000000000000000, -1.000000000000000000 ) ) ;
#423 = CARTESIAN_POINT ( 'NONE',  ( 49.00000000000001421, 0.000000000000000000, 39.40000000000000568 ) ) ;
#424 = ADVANCED_FACE ( 'NONE', ( #5982 ), #78, .F. ) ;
#425 = CARTESIAN_POINT ( 'NONE',  ( -48.47793950087202575, -0.01910681387065768511, -37.79223433386830777 ) ) ;
#426 = ORIENTED_EDGE ( 'NONE', *, *, #7553, .F. ) ;
#427 = CARTESIAN_POINT ( 'NONE',  ( -37.98489125441130199, -0.1385210874804553571, -38.94059652522706472 ) ) ;
#428 = EDGE_LOOP ( 'NONE', ( #1382, #1363, #1235, #1714 ) ) ;
#429 = CARTESIAN_POINT ( 'NONE',  ( 48.97971404472723123, -0.4874447705782470885, 39.07866674473627455 ) ) ;
#430 = CIRCLE ( 'NONE', #5075, 1.500000000000000000 ) ;
#431 = VECTOR ( 'NONE', #6848, 1000.000000000000000 ) ;
#432 = EDGE_CURVE ( 'NONE', #1753, #4791, #342, .T. ) ;
#433 = DIRECTION ( 'NONE',  ( 0.000000000000000000, 0.000000000000000000, 1.000000000000000000 ) ) ;
#434 = LINE ( 'NONE', #5688, #5575 ) ;
#435 = AXIS2_PLACEMENT_3D ( 'NONE', #2665, #7385, #6731 ) ;
#436 = AXIS2_PLACEMENT_3D ( 'NONE', #817, #5453, #3659 ) ;
#437 = CARTESIAN_POINT ( 'NONE',  ( -37.40206632590398783, 0.5999999999999998668, 39.00000000000000000 ) ) ;
#438 = ORIENTED_EDGE ( 'NONE', *, *, #7457, .F. ) ;
#439 = FACE_OUTER_BOUND ( 'NONE', #3282, .T. ) ;
#440 = CIRCLE ( 'NONE', #2765, 1.899999999999999023 ) ;
#441 = CARTESIAN_POINT ( 'NONE',  ( 44.35000000000000142, 1.399999999999999689, 29.34999999999999432 ) ) ;
#442 = AXIS2_PLACEMENT_3D ( 'NONE', #2831, #2210, #3341 ) ;
#443 = EDGE_CURVE ( 'NONE', #4865, #3104, #4784, .T. ) ;
#444 = CARTESIAN_POINT ( 'NONE',  ( 22.36933347125637184, 2.399999999999999911, 33.96898892252534097 ) ) ;
#445 = CARTESIAN_POINT ( 'NONE',  ( 0.000000000000000000, 0.9999999999999997780, 17.66000000000000369 ) ) ;
#446 = EDGE_LOOP ( 'NONE', ( #4304, #4565, #4867, #7555, #1982, #1617, #1516, #3257 ) ) ;
#447 = DIRECTION ( 'NONE',  ( 0.000000000000000000, 0.000000000000000000, 1.000000000000000000 ) ) ;
#448 = CIRCLE ( 'NONE', #2154, 0.5999999999999998668 ) ;
#449 = AXIS2_PLACEMENT_3D ( 'NONE', #1874, #4223, #6564 ) ;
#450 = CARTESIAN_POINT ( 'NONE',  ( 39.59766279253699395, -0.001997110768840059617, -37.45114222751233513 ) ) ;
#451 = CARTESIAN_POINT ( 'NONE',  ( -38.63321908449344022, -0.5999999999999998668, 38.48275862068965125 ) ) ;
#452 = VECTOR ( 'NONE', #1080, 1000.000000000000000 ) ;
#453 = CARTESIAN_POINT ( 'NONE',  ( -39.57698383585959334, -0.02390517667237222407, 37.58042896450920267 ) ) ;
#454 = CIRCLE ( 'NONE', #7049, 1.399999999999998579 ) ;
#455 = CARTESIAN_POINT ( 'NONE',  ( 44.00000000000000711, 0.000000000000000000, 42.10000000000000142 ) ) ;
#456 = ORIENTED_EDGE ( 'NONE', *, *, #596, .F. ) ;
#457 = EDGE_CURVE ( 'NONE', #5671, #5594, #1062, .T. ) ;
#458 = CARTESIAN_POINT ( 'NONE',  ( 10.50000000000000178, 0.5999999999999999778, -4.099999999999981881 ) ) ;
#459 = ORIENTED_EDGE ( 'NONE', *, *, #3975, .F. ) ;
#460 = TOROIDAL_SURFACE ( 'NONE', #1186, 0.9000000000000001332, 0.5999999999999999778 ) ;
#461 = CARTESIAN_POINT ( 'NONE',  ( 31.17297297297297831, 1.399999999999999689, 13.23783783783781942 ) ) ;
#462 = DIRECTION ( 'NONE',  ( 0.000000000000000000, 0.000000000000000000, 1.000000000000000000 ) ) ;
#463 = DIRECTION ( 'NONE',  ( -1.000000000000000000, 0.000000000000000000, 1.541976423090481237E-15 ) ) ;
#464 = ADVANCED_FACE ( 'NONE', ( #729 ), #6673, .F. ) ;
#465 = EDGE_LOOP ( 'NONE', ( #299, #2361, #5801, #2434 ) ) ;
#466 = CARTESIAN_POINT ( 'NONE',  ( -37.45114222751234223, -0.001997110768838981053, -39.59766279253703658 ) ) ;
#467 = ORIENTED_EDGE ( 'NONE', *, *, #3246, .T. ) ;
#468 = DIRECTION ( 'NONE',  ( 0.000000000000000000, 0.000000000000000000, -1.000000000000000000 ) ) ;
#469 = FACE_OUTER_BOUND ( 'NONE', #6622, .T. ) ;
#470 = EDGE_CURVE ( 'NONE', #4102, #605, #7214, .T. ) ;
#471 = EDGE_CURVE ( 'NONE', #5906, #1753, #7115, .T. ) ;
#472 = CIRCLE ( 'NONE', #839, 1.399999999999998579 ) ;
#473 = FACE_OUTER_BOUND ( 'NONE', #1240, .T. ) ;
#474 = CARTESIAN_POINT ( 'NONE',  ( 42.62500000000000711, 0.9999999999999997780, 13.46000000000000263 ) ) ;
#475 = EDGE_CURVE ( 'NONE', #6443, #2787, #3155, .T. ) ;
#476 = DIRECTION ( 'NONE',  ( -0.000000000000000000, 0.000000000000000000, 1.000000000000000000 ) ) ;
#477 = ORIENTED_EDGE ( 'NONE', *, *, #2330, .F. ) ;
#478 = LINE ( 'NONE', #2706, #795 ) ;
#479 = ADVANCED_FACE ( 'NONE', ( #7249 ), #4330, .T. ) ;
#480 = EDGE_LOOP ( 'NONE', ( #1137, #1299, #4300, #2947 ) ) ;
#481 = CARTESIAN_POINT ( 'NONE',  ( -39.00000000000000000, 0.0007417727527200900601, -37.41843934362982793 ) ) ;
#482 = CARTESIAN_POINT ( 'NONE',  ( -2.740000000000006875, 0.5999999999999998668, -40.50000000000000000 ) ) ;
#483 = CARTESIAN_POINT ( 'NONE',  ( 19.50000000000000355, -7.600000000000000533, 18.50000000000000355 ) ) ;
#484 = ORIENTED_EDGE ( 'NONE', *, *, #4345, .T. ) ;
#485 = CARTESIAN_POINT ( 'NONE',  ( 0.000000000000000000, 1.399999999999999689, 17.26000000000000156 ) ) ;
#486 = EDGE_CURVE ( 'NONE', #2389, #1460, #2025, .T. ) ;
#487 = B_SPLINE_CURVE_WITH_KNOTS ( 'NONE', 3,
 ( #1015, #3364, #7467, #5003 ),
 .UNSPECIFIED., .F., .F.,
 ( 4, 4 ),
 ( 2.777674336753170406E-17, 9.801509234624169943E-05 ),
 .UNSPECIFIED. ) ;
#488 = VERTEX_POINT ( 'NONE', #4373 ) ;
#489 = CARTESIAN_POINT ( 'NONE',  ( -38.48275862068965836, -0.5999999999999998668, 38.63321908449344022 ) ) ;
#490 = CARTESIAN_POINT ( 'NONE',  ( -49.00000000000000000, -1.600000000000000089, 44.00000000000000000 ) ) ;
#491 = CARTESIAN_POINT ( 'NONE',  ( -1.240000000000005764, 2.399999999999999911, -39.00000000000000000 ) ) ;
#492 = DIRECTION ( 'NONE',  ( -7.080503983578804316E-17, 0.000000000000000000, -1.000000000000000000 ) ) ;
#493 = ORIENTED_EDGE ( 'NONE', *, *, #3524, .T. ) ;
#494 = DIRECTION ( 'NONE',  ( -1.000000000000000000, -0.000000000000000000, 0.000000000000000000 ) ) ;
#495 = VERTEX_POINT ( 'NONE', #2605 ) ;
#496 = DIRECTION ( 'NONE',  ( 0.000000000000000000, 0.000000000000000000, 1.000000000000000000 ) ) ;
#497 = CARTESIAN_POINT ( 'NONE',  ( 37.88435057801502381, -0.03993550143790619567, -48.51566589472924562 ) ) ;
#498 = FACE_OUTER_BOUND ( 'NONE', #5897, .T. ) ;
#499 = EDGE_LOOP ( 'NONE', ( #2326, #3485, #2688, #1108 ) ) ;
#500 = CARTESIAN_POINT ( 'NONE',  ( 0.2599999999999931810, 0.5999999999999999778, -41.99999999999998579 ) ) ;
#501 = ORIENTED_EDGE ( 'NONE', *, *, #1632, .T. ) ;
#502 = LINE ( 'NONE', #2485, #5354 ) ;
#503 = AXIS2_PLACEMENT_3D ( 'NONE', #7273, #3092, #5428 ) ;
#504 = FACE_OUTER_BOUND ( 'NONE', #1772, .T. ) ;
#505 = ADVANCED_FACE ( 'NONE', ( #6137 ), #885, .T. ) ;
#506 = VECTOR ( 'NONE', #3339, 1000.000000000000000 ) ;
#507 = CARTESIAN_POINT ( 'NONE',  ( 31.65733862529602405, 1.399999999999999689, 27.34999999999998721 ) ) ;
#508 = CARTESIAN_POINT ( 'NONE',  ( 39.40000000000000568, -0.5999999999999998668, -39.69089023002065630 ) ) ;
#509 = ORIENTED_EDGE ( 'NONE', *, *, #1865, .T. ) ;
#510 = CYLINDRICAL_SURFACE ( 'NONE', #5081, 1.500000000000001332 ) ;
#511 = CARTESIAN_POINT ( 'NONE',  ( 48.43493321106355154, -5.887749338163126332E-16, -37.67750398295687120 ) ) ;
#512 = AXIS2_PLACEMENT_3D ( 'NONE', #5231, #7034, #94 ) ;
#513 = EDGE_LOOP ( 'NONE', ( #4944, #5530, #5177, #6246 ) ) ;
#514 = EDGE_CURVE ( 'NONE', #2080, #4735, #3391, .T. ) ;
#515 = DIRECTION ( 'NONE',  ( 0.000000000000000000, -1.000000000000000000, 0.000000000000000000 ) ) ;
#516 = CARTESIAN_POINT ( 'NONE',  ( 37.61793835232633398, 0.5825157043850778260, -38.99999999999999289 ) ) ;
#517 = EDGE_CURVE ( 'NONE', #6794, #6204, #5342, .T. ) ;
#518 = AXIS2_PLACEMENT_3D ( 'NONE', #6267, #3871, #7354 ) ;
#519 = CYLINDRICAL_SURFACE ( 'NONE', #7381, 1.500000000000001332 ) ;
#520 = ORIENTED_EDGE ( 'NONE', *, *, #2782, .F. ) ;
#521 = LINE ( 'NONE', #2200, #2137 ) ;
#522 = EDGE_LOOP ( 'NONE', ( #6751, #3330, #4270, #4641 ) ) ;
#523 = CARTESIAN_POINT ( 'NONE',  ( -49.00000000000000711, 0.5999999999999999778, 37.75867436296079660 ) ) ;
#524 = CARTESIAN_POINT ( 'NONE',  ( 23.75000000000000711, 1.399999999999999689, 34.55529936623839404 ) ) ;
#525 = EDGE_CURVE ( 'NONE', #4509, #2250, #2654, .T. ) ;
#526 = CARTESIAN_POINT ( 'NONE',  ( -39.00000000000000000, 0.5960057784623228327, -37.50000000000000000 ) ) ;
#527 = FACE_OUTER_BOUND ( 'NONE', #5514, .T. ) ;
#528 = DIRECTION ( 'NONE',  ( 0.000000000000000000, 0.000000000000000000, -1.000000000000000000 ) ) ;
#529 = ORIENTED_EDGE ( 'NONE', *, *, #7474, .F. ) ;
#530 = CARTESIAN_POINT ( 'NONE',  ( -39.69089023002066341, 0.000000000000000000, 37.39999999999999858 ) ) ;
#531 = ORIENTED_EDGE ( 'NONE', *, *, #4459, .F. ) ;
#532 = ORIENTED_EDGE ( 'NONE', *, *, #5687, .T. ) ;
#533 = LINE ( 'NONE', #5171, #5046 ) ;
#534 = DIRECTION ( 'NONE',  ( 1.000000000000000000, 0.000000000000000000, 0.000000000000000000 ) ) ;
#535 = ADVANCED_FACE ( 'NONE', ( #623 ), #1084, .T. ) ;
#536 = CARTESIAN_POINT ( 'NONE',  ( 31.65733862529602405, 1.399999999999999689, 26.94999999999998863 ) ) ;
#537 = ORIENTED_EDGE ( 'NONE', *, *, #6153, .T. ) ;
#538 =( BOUNDED_SURFACE ( )  B_SPLINE_SURFACE ( 3, 2, ( 
 ( #1012, #2994, #6297 ),
 ( #5373, #6915, #1657 ),
 ( #5332, #481, #6523 ),
 ( #1265, #2816, #5152 ) ),
 .UNSPECIFIED., .F., .F., .F. ) 
 B_SPLINE_SURFACE_WITH_KNOTS ( ( 4, 4 ),
 ( 3, 3 ),
 ( 2.141299290658871257E-17, 9.801509234623470633E-05 ),
 ( 0.000000000000000000, 1.000000000000000000 ),
 .UNSPECIFIED. ) 
 GEOMETRIC_REPRESENTATION_ITEM ( )  RATIONAL_B_SPLINE_SURFACE ( (
 ( 1.000000000000000000, 0.7084826553175709307, 1.000000000000000000),
 ( 1.000000000000000000, 0.7080017506625829737, 1.000000000000000000),
 ( 1.000000000000000000, 0.7075441568177190943, 1.000000000000000000),
 ( 1.000000000000000000, 0.7071067811865475727, 1.000000000000000000) ) ) 
 REPRESENTATION_ITEM ( '' )  SURFACE ( )  );
#539 = ORIENTED_EDGE ( 'NONE', *, *, #697, .F. ) ;
#540 = ORIENTED_EDGE ( 'NONE', *, *, #1542, .F. ) ;
#541 = CARTESIAN_POINT ( 'NONE',  ( -39.59766279253700816, -0.001997110768838322292, -37.45114222751231381 ) ) ;
#542 = LINE ( 'NONE', #3461, #4607 ) ;
#543 = CARTESIAN_POINT ( 'NONE',  ( 34.25000000000000000, 1.399999999999999689, 34.55529936623838694 ) ) ;
#544 = CARTESIAN_POINT ( 'NONE',  ( 44.35000000000000142, 1.399999999999999689, 28.24999999999999289 ) ) ;
#545 = VERTEX_POINT ( 'NONE', #7072 ) ;
#546 = EDGE_CURVE ( 'NONE', #605, #6482, #6318, .T. ) ;
#547 = DIRECTION ( 'NONE',  ( 0.000000000000000000, 0.000000000000000000, -1.000000000000000000 ) ) ;
#548 = DIRECTION ( 'NONE',  ( 0.000000000000000000, 0.7071067811865410224, 0.7071067811865540120 ) ) ;
#549 = ORIENTED_EDGE ( 'NONE', *, *, #486, .T. ) ;
#550 = DIRECTION ( 'NONE',  ( 0.000000000000000000, 0.000000000000000000, -1.000000000000000000 ) ) ;
#551 = VECTOR ( 'NONE', #1232, 1000.000000000000000 ) ;
#552 = VECTOR ( 'NONE', #1206, 1000.000000000000000 ) ;
#553 = CARTESIAN_POINT ( 'NONE',  ( 36.14999999999999858, 1.399999999999999689, 29.34999999999999432 ) ) ;
#554 = VERTEX_POINT ( 'NONE', #1654 ) ;
#555 = EDGE_CURVE ( 'NONE', #4768, #2637, #2031, .T. ) ;
#556 = CARTESIAN_POINT ( 'NONE',  ( 38.99999999999999289, 0.6000000000000003109, -37.43473802335272893 ) ) ;
#557 = CIRCLE ( 'NONE', #3622, 1.899999999999999023 ) ;
#558 = VECTOR ( 'NONE', #4399, 1000.000000000000000 ) ;
#559 = DIRECTION ( 'NONE',  ( -0.000000000000000000, -0.000000000000000000, 1.000000000000000000 ) ) ;
#560 = LINE ( 'NONE', #1207, #7244 ) ;
#561 = CARTESIAN_POINT ( 'NONE',  ( 39.00000000000000000, 0.5999999999999998668, -10.99999999999999112 ) ) ;
#562 = FACE_OUTER_BOUND ( 'NONE', #4892, .T. ) ;
#563 = AXIS2_PLACEMENT_3D ( 'NONE', #5629, #6816, #1851 ) ;
#564 = VECTOR ( 'NONE', #4749, 1000.000000000000000 ) ;
#565 = LINE ( 'NONE', #5360, #1359 ) ;
#566 = VERTEX_POINT ( 'NONE', #2342 ) ;
#567 = DIRECTION ( 'NONE',  ( -0.000000000000000000, 0.000000000000000000, -1.000000000000000000 ) ) ;
#568 = ORIENTED_EDGE ( 'NONE', *, *, #5582, .T. ) ;
#569 = EDGE_CURVE ( 'NONE', #6743, #1121, #5186, .T. ) ;
#570 = CARTESIAN_POINT ( 'NONE',  ( -44.00000000000000711, 2.200000000000000178, -44.00000000000000000 ) ) ;
#571 = AXIS2_PLACEMENT_3D ( 'NONE', #626, #7032, #4646 ) ;
#572 = CARTESIAN_POINT ( 'NONE',  ( -38.86463631209910830, -0.4636211968860593502, 38.24587456745702241 ) ) ;
#573 = DIRECTION ( 'NONE',  ( 0.000000000000000000, 1.000000000000000000, -0.000000000000000000 ) ) ;
#574 = ORIENTED_EDGE ( 'NONE', *, *, #4983, .T. ) ;
#575 = CIRCLE ( 'NONE', #6711, 1.500000000000001332 ) ;
#576 = ORIENTED_EDGE ( 'NONE', *, *, #1489, .F. ) ;
#577 =( NAMED_UNIT ( * ) PLANE_ANGLE_UNIT ( ) SI_UNIT ( $, .RADIAN. ) );
#578 = ORIENTED_EDGE ( 'NONE', *, *, #2971, .T. ) ;
#579 = EDGE_CURVE ( 'NONE', #1572, #2281, #7495, .T. ) ;
#580 = PLANE ( 'NONE',  #6015 ) ;
#581 = DIRECTION ( 'NONE',  ( 0.3908736291420340514, -0.000000000000000000, 0.9204443524957581779 ) ) ;
#582 = CARTESIAN_POINT ( 'NONE',  ( 22.73751121225467031, 1.399999999999999689, 34.12533837418215654 ) ) ;
#583 =( BOUNDED_SURFACE ( )  B_SPLINE_SURFACE ( 3, 2, ( 
 ( #7088, #5893, #5314 ),
 ( #2400, #2944, #5276 ),
 ( #7587, #6541, #2435 ),
 ( #6388, #27, #1285 ) ),
 .UNSPECIFIED., .F., .F., .F. ) 
 B_SPLINE_SURFACE_WITH_KNOTS ( ( 4, 4 ),
 ( 3, 3 ),
 ( 2.141299290658871257E-17, 9.801509234622080144E-05 ),
 ( 0.000000000000000000, 1.000000000000000000 ),
 .UNSPECIFIED. ) 
 GEOMETRIC_REPRESENTATION_ITEM ( )  RATIONAL_B_SPLINE_SURFACE ( (
 ( 1.000000000000000000, 0.7084826553175709307, 1.000000000000000000),
 ( 1.000000000000000000, 0.7080017506625800872, 1.000000000000000000),
 ( 1.000000000000000000, 0.7075441568177207596, 1.000000000000000000),
 ( 1.000000000000000000, 0.7071067811865475727, 1.000000000000000000) ) ) 
 REPRESENTATION_ITEM ( '' )  SURFACE ( )  );
#584 = DIRECTION ( 'NONE',  ( 0.000000000000000000, 0.000000000000000000, -1.000000000000000000 ) ) ;
#585 = ORIENTED_EDGE ( 'NONE', *, *, #7190, .T. ) ;
#586 = DIRECTION ( 'NONE',  ( 0.000000000000000000, 0.000000000000000000, 1.000000000000000000 ) ) ;
#587 = CARTESIAN_POINT ( 'NONE',  ( 48.99999999999999289, 0.05269805997429585775, -37.80182875086396876 ) ) ;
#588 = ORIENTED_EDGE ( 'NONE', *, *, #2353, .F. ) ;
#589 = AXIS2_PLACEMENT_3D ( 'NONE', #619, #1343, #2452 ) ;
#590 = FACE_OUTER_BOUND ( 'NONE', #3809, .T. ) ;
#591 = DIRECTION ( 'NONE',  ( -0.000000000000000000, 1.000000000000000000, -0.000000000000000000 ) ) ;
#592 = ORIENTED_EDGE ( 'NONE', *, *, #1955, .T. ) ;
#593 = CARTESIAN_POINT ( 'NONE',  ( 37.75867560200560291, 0.6000000000000001998, -49.00000000000001421 ) ) ;
#594 = DIRECTION ( 'NONE',  ( 0.000000000000000000, -0.000000000000000000, -1.000000000000000000 ) ) ;
#595 = DIRECTION ( 'NONE',  ( 1.000000000000000000, 0.000000000000000000, 0.000000000000000000 ) ) ;
#596 = EDGE_CURVE ( 'NONE', #7050, #986, #3429, .T. ) ;
#597 = CARTESIAN_POINT ( 'NONE',  ( -38.70961192487744995, -0.4979243233415274195, -38.39477918925069133 ) ) ;
#598 = CARTESIAN_POINT ( 'NONE',  ( 37.65000000000000568, 1.399999999999999689, 31.84999999999999076 ) ) ;
#599 = ORIENTED_EDGE ( 'NONE', *, *, #5151, .F. ) ;
#600 = CARTESIAN_POINT ( 'NONE',  ( -37.50000000000000711, 2.399999999999999467, -37.50000000000000000 ) ) ;
#601 = EDGE_LOOP ( 'NONE', ( #4286, #3306, #7530, #4987 ) ) ;
#602 = CARTESIAN_POINT ( 'NONE',  ( 39.60000000000000142, 0.000000000000000000, -9.314583003211058549E-15 ) ) ;
#603 = ORIENTED_EDGE ( 'NONE', *, *, #3338, .F. ) ;
#604 = ADVANCED_FACE ( 'NONE', ( #2890 ), #1762, .F. ) ;
#605 = VERTEX_POINT ( 'NONE', #5301 ) ;
#606 = LINE ( 'NONE', #2950, #3346 ) ;
#607 = CARTESIAN_POINT ( 'NONE',  ( -38.83595476409991676, 0.06123212045765512312, 38.18749636654320767 ) ) ;
#608 = ADVANCED_FACE ( 'NONE', ( #5842 ), #6992, .T. ) ;
#609 = ADVANCED_FACE ( 'NONE', ( #4080 ), #6913, .F. ) ;
#610 = CARTESIAN_POINT ( 'NONE',  ( -38.48275862068965836, -0.5999999999999998668, 38.63321908449344022 ) ) ;
#611 = EDGE_LOOP ( 'NONE', ( #4407, #3923, #4207, #5567 ) ) ;
#612 = FACE_OUTER_BOUND ( 'NONE', #2428, .T. ) ;
#613 = EDGE_LOOP ( 'NONE', ( #1785, #2331, #651, #5773 ) ) ;
#614 = ORIENTED_EDGE ( 'NONE', *, *, #3246, .F. ) ;
#615 = CARTESIAN_POINT ( 'NONE',  ( 44.00000000000000711, -1.600000000000000089, 41.89999999999999147 ) ) ;
#616 = CARTESIAN_POINT ( 'NONE',  ( -37.40000000000000568, 0.000000000000000000, 39.69089023002065630 ) ) ;
#617 = DIRECTION ( 'NONE',  ( 0.000000000000000000, -1.000000000000000000, -0.000000000000000000 ) ) ;
#618 = ADVANCED_FACE ( 'NONE', ( #5227 ), #5238, .T. ) ;
#619 = CARTESIAN_POINT ( 'NONE',  ( 37.40000000000000568, -0.6000000000000000888, -47.60000000000000142 ) ) ;
#620 = ORIENTED_EDGE ( 'NONE', *, *, #1349, .F. ) ;
#621 = CARTESIAN_POINT ( 'NONE',  ( -38.00000000000000711, -1.600000000000000089, 0.000000000000000000 ) ) ;
#622 = CIRCLE ( 'NONE', #5525, 0.3999999999999975797 ) ;
#623 = FACE_OUTER_BOUND ( 'NONE', #5610, .T. ) ;
#624 = EDGE_LOOP ( 'NONE', ( #7282, #5894, #1033, #5862 ) ) ;
#625 = CIRCLE ( 'NONE', #5157, 0.5999999999999998668 ) ;
#626 = CARTESIAN_POINT ( 'NONE',  ( 0.000000000000000000, -1.600000000000000089, -38.00000000000000000 ) ) ;
#627 = VECTOR ( 'NONE', #1678, 1000.000000000000000 ) ;
#628 = DIRECTION ( 'NONE',  ( -0.000000000000000000, -1.000000000000000000, -0.000000000000000000 ) ) ;
#629 = AXIS2_PLACEMENT_3D ( 'NONE', #1360, #4247, #1472 ) ;
#630 = EDGE_LOOP ( 'NONE', ( #7194, #2723, #6672, #3660 ) ) ;
#631 = CARTESIAN_POINT ( 'NONE',  ( 18.00000000000000355, 2.399999999999999911, 18.50000000000000355 ) ) ;
#632 = CARTESIAN_POINT ( 'NONE',  ( -38.28772877037438604, -0.09811265841780944519, 38.78679911774867861 ) ) ;
#633 = AXIS2_PLACEMENT_3D ( 'NONE', #6814, #6236, #2165 ) ;
#634 = DIRECTION ( 'NONE',  ( 0.000000000000000000, 0.000000000000000000, 1.000000000000000000 ) ) ;
#635 = CARTESIAN_POINT ( 'NONE',  ( -38.83560391452469673, 0.06008825311354466098, -38.18816691715248623 ) ) ;
#636 = DIRECTION ( 'NONE',  ( 0.000000000000000000, 0.000000000000000000, 1.000000000000000000 ) ) ;
#637 = VECTOR ( 'NONE', #6511, 1000.000000000000114 ) ;
#638 = FACE_OUTER_BOUND ( 'NONE', #7482, .T. ) ;
#639 = EDGE_LOOP ( 'NONE', ( #2227, #6973, #6324, #3110 ) ) ;
#640 = CARTESIAN_POINT ( 'NONE',  ( 42.62500000000000711, 2.399999999999999911, 16.16000000000000014 ) ) ;
#641 = EDGE_CURVE ( 'NONE', #998, #5920, #6648, .T. ) ;
#642 = VERTEX_POINT ( 'NONE', #7189 ) ;
#643 = ORIENTED_EDGE ( 'NONE', *, *, #6655, .T. ) ;
#644 = CARTESIAN_POINT ( 'NONE',  ( 38.82170880144110470, 0.01460302048399885269, -38.21394124037794882 ) ) ;
#645 = CARTESIAN_POINT ( 'NONE',  ( -39.46900745031747704, -0.1073584193813771764, 37.76555849884606175 ) ) ;
#646 = CARTESIAN_POINT ( 'NONE',  ( 35.35000000000000853, 0.9999999999999997780, 34.55529936623838694 ) ) ;
#647 = VERTEX_POINT ( 'NONE', #3080 ) ;
#648 = DIRECTION ( 'NONE',  ( -0.000000000000000000, -1.000000000000000000, -0.000000000000000000 ) ) ;
#649 = EDGE_CURVE ( 'NONE', #5831, #5627, #4074, .T. ) ;
#650 = APPLICATION_PROTOCOL_DEFINITION ( 'draft international standard', 'automotive_design', 1998, #5946 ) ;
#651 = ORIENTED_EDGE ( 'NONE', *, *, #5205, .F. ) ;
#652 = LINE ( 'NONE', #42, #3082 ) ;
#653 = CARTESIAN_POINT ( 'NONE',  ( 37.50000000000000711, 0.5999999999999998668, 9.499999999999996447 ) ) ;
#654 = FACE_OUTER_BOUND ( 'NONE', #3372, .T. ) ;
#655 = DIRECTION ( 'NONE',  ( 0.000000000000000000, -1.000000000000000000, 0.000000000000000000 ) ) ;
#656 = CARTESIAN_POINT ( 'NONE',  ( -39.40000000000000568, -7.600000000000000533, -39.69089023002066341 ) ) ;
#657 = ORIENTED_EDGE ( 'NONE', *, *, #2237, .T. ) ;
#658 = DIRECTION ( 'NONE',  ( 0.000000000000000000, 1.000000000000000000, 0.000000000000000000 ) ) ;
#659 = DIRECTION ( 'NONE',  ( 0.000000000000000000, -0.000000000000000000, -1.000000000000000000 ) ) ;
#660 = EDGE_LOOP ( 'NONE', ( #2716, #175, #6472 ) ) ;
#661 = EDGE_CURVE ( 'NONE', #3223, #224, #7013, .T. ) ;
#662 = CARTESIAN_POINT ( 'NONE',  ( -37.50000000000000000, 0.5960057784623234989, 38.99999999999999289 ) ) ;
#663 = CARTESIAN_POINT ( 'NONE',  ( 32.50000000000001421, 0.5999999999999999778, 20.00000000000000355 ) ) ;
#664 = ORIENTED_EDGE ( 'NONE', *, *, #2463, .T. ) ;
#665 = LINE ( 'NONE', #5193, #2520 ) ;
#666 = ADVANCED_FACE ( 'NONE', ( #858 ), #4232, .T. ) ;
#667 = FACE_OUTER_BOUND ( 'NONE', #4890, .T. ) ;
#668 = AXIS2_PLACEMENT_3D ( 'NONE', #6251, #7411, #2147 ) ;
#669 = CIRCLE ( 'NONE', #5203, 2.100000000000004530 ) ;
#670 = CARTESIAN_POINT ( 'NONE',  ( 41.52500000000000568, 1.399999999999999689, 14.56000000000000405 ) ) ;
#671 = CARTESIAN_POINT ( 'NONE',  ( 39.26840500729199590, -0.2360767491796808004, -37.93680567947073712 ) ) ;
#672 = DIRECTION ( 'NONE',  ( -1.000000000000000000, 0.000000000000000000, 0.000000000000000000 ) ) ;
#673 = CIRCLE ( 'NONE', #4959, 4.999999999999997335 ) ;
#674 = VERTEX_POINT ( 'NONE', #207 ) ;
#675 = CARTESIAN_POINT ( 'NONE',  ( 44.00000000000000711, -1.399999999999990585, 44.00000000000000000 ) ) ;
#676 = ORIENTED_EDGE ( 'NONE', *, *, #5732, .T. ) ;
#677 = DIRECTION ( 'NONE',  ( 0.000000000000000000, 1.000000000000000000, 0.000000000000000000 ) ) ;
#678 = CIRCLE ( 'NONE', #4583, 1.399999999999998579 ) ;
#679 = AXIS2_PLACEMENT_3D ( 'NONE', #3596, #5932, #1213 ) ;
#680 = ORIENTED_EDGE ( 'NONE', *, *, #3619, .F. ) ;
#681 = ORIENTED_EDGE ( 'NONE', *, *, #4537, .F. ) ;
#682 = AXIS2_PLACEMENT_3D ( 'NONE', #875, #3226, #6209 ) ;
#683 = CARTESIAN_POINT ( 'NONE',  ( 19.50000000000000355, 0.000000000000000000, -3.499999999999982236 ) ) ;
#684 = CARTESIAN_POINT ( 'NONE',  ( -39.00359376306524695, 0.001379798945472216149, 37.48582456795480056 ) ) ;
#685 = CIRCLE ( 'NONE', #936, 0.3999999999999975797 ) ;
#686 = ADVANCED_FACE ( 'NONE', ( #739 ), #1426, .F. ) ;
#687 = AXIS2_PLACEMENT_3D ( 'NONE', #1452, #3810, #5149 ) ;
#688 = ORIENTED_EDGE ( 'NONE', *, *, #525, .T. ) ;
#689 = DIRECTION ( 'NONE',  ( 0.000000000000000000, 0.000000000000000000, 1.000000000000000000 ) ) ;
#690 = EDGE_LOOP ( 'NONE', ( #539, #6175, #5394, #3292 ) ) ;
#691 = VECTOR ( 'NONE', #7568, 1000.000000000000000 ) ;
#692 = CARTESIAN_POINT ( 'NONE',  ( -48.40000000000000568, 0.000000000000000000, 3.426963928052141555E-15 ) ) ;
#693 = CARTESIAN_POINT ( 'NONE',  ( -49.00000000000000000, -0.1875914490198459517, 38.73762170596454979 ) ) ;
#694 = CYLINDRICAL_SURFACE ( 'NONE', #214, 0.5999999999999998668 ) ;
#695 = AXIS2_PLACEMENT_3D ( 'NONE', #6403, #2299, #4108 ) ;
#696 = LINE ( 'NONE', #5875, #1781 ) ;
#697 = EDGE_CURVE ( 'NONE', #5258, #1027, #6729, .T. ) ;
#698 = DIRECTION ( 'NONE',  ( -0.000000000000000000, -1.000000000000000000, -0.000000000000000000 ) ) ;
#699 = ORIENTED_EDGE ( 'NONE', *, *, #5711, .T. ) ;
#700 = LINE ( 'NONE', #3041, #187 ) ;
#701 = ORIENTED_EDGE ( 'NONE', *, *, #1756, .F. ) ;
#702 = LINE ( 'NONE', #6066, #4110 ) ;
#703 = EDGE_CURVE ( 'NONE', #6869, #1223, #2730, .T. ) ;
#704 = AXIS2_PLACEMENT_3D ( 'NONE', #3936, #7427, #2162 ) ;
#705 = CARTESIAN_POINT ( 'NONE',  ( -38.37768159353553443, -0.3273675707283916769, 38.71858560628208323 ) ) ;
#706 = EDGE_CURVE ( 'NONE', #193, #5612, #3711, .T. ) ;
#707 = EDGE_CURVE ( 'NONE', #4901, #6286, #30, .T. ) ;
#708 = DIRECTION ( 'NONE',  ( -1.000000000000000000, 0.000000000000000000, -0.000000000000000000 ) ) ;
#709 = VERTEX_POINT ( 'NONE', #1956 ) ;
#710 = CARTESIAN_POINT ( 'NONE',  ( 38.99999999999999289, 0.5999999999999999778, -37.40206632590398073 ) ) ;
#711 = CARTESIAN_POINT ( 'NONE',  ( 44.00000000000000711, -1.600000000000000089, 46.10000000000000142 ) ) ;
#712 = DIRECTION ( 'NONE',  ( -0.000000000000000000, -1.000000000000000000, 0.000000000000000000 ) ) ;
#713 = DIRECTION ( 'NONE',  ( -0.9966790437443339146, -0.08143023861490564230, -0.000000000000000000 ) ) ;
#714 = VECTOR ( 'NONE', #6181, 1000.000000000000000 ) ;
#715 = CARTESIAN_POINT ( 'NONE',  ( 48.47793950087271497, -0.01910681387073809301, 37.79223433386894726 ) ) ;
#716 = EDGE_CURVE ( 'NONE', #5015, #2509, #1010, .T. ) ;
#717 = CARTESIAN_POINT ( 'NONE',  ( 39.00000000000000000, -7.600000000000000533, -9.499999999999991118 ) ) ;
#718 = VERTEX_POINT ( 'NONE', #7262 ) ;
#719 = CARTESIAN_POINT ( 'NONE',  ( 38.28772877037438604, -0.09811265841780500430, -38.78679911774867151 ) ) ;
#720 = ORIENTED_EDGE ( 'NONE', *, *, #1554, .T. ) ;
#721 = ORIENTED_EDGE ( 'NONE', *, *, #1242, .F. ) ;
#722 = DIRECTION ( 'NONE',  ( -0.000000000000000000, -1.000000000000000000, -0.000000000000000000 ) ) ;
#723 = DIRECTION ( 'NONE',  ( -0.000000000000000000, -1.000000000000000000, -0.000000000000000000 ) ) ;
#724 = FACE_OUTER_BOUND ( 'NONE', #3758, .T. ) ;
#725 = ORIENTED_EDGE ( 'NONE', *, *, #2827, .T. ) ;
#726 = CARTESIAN_POINT ( 'NONE',  ( -39.23994701249002759, -0.5439928960650945999, 49.00000000000000711 ) ) ;
#727 = UNCERTAINTY_MEASURE_WITH_UNIT (LENGTH_MEASURE( 1.000000000000000082E-05 ), #3419, 'distance_accuracy_value', 'NONE');
#728 = ORIENTED_EDGE ( 'NONE', *, *, #471, .T. ) ;
#729 = FACE_OUTER_BOUND ( 'NONE', #3759, .T. ) ;
#730 = DIRECTION ( 'NONE',  ( 0.000000000000000000, 1.000000000000000000, 0.000000000000000000 ) ) ;
#731 = CARTESIAN_POINT ( 'NONE',  ( -38.16298605891466167, -0.1347061827640002318, -48.64644470798886289 ) ) ;
#732 = DIRECTION ( 'NONE',  ( 0.000000000000000000, 1.000000000000000000, 0.000000000000000000 ) ) ;
#733 = DIRECTION ( 'NONE',  ( 0.000000000000000000, 1.000000000000000000, 0.000000000000000000 ) ) ;
#734 = EDGE_LOOP ( 'NONE', ( #5158, #6727, #5782, #4327 ) ) ;
#735 = DIRECTION ( 'NONE',  ( 0.000000000000000000, 0.000000000000000000, -1.000000000000000000 ) ) ;
#736 = ORIENTED_EDGE ( 'NONE', *, *, #6709, .F. ) ;
#737 = DIRECTION ( 'NONE',  ( -0.000000000000000000, -1.000000000000000000, -0.000000000000000000 ) ) ;
#738 = EDGE_CURVE ( 'NONE', #6105, #869, #6152, .T. ) ;
#739 = FACE_OUTER_BOUND ( 'NONE', #6088, .T. ) ;
#740 = CARTESIAN_POINT ( 'NONE',  ( -37.93943609509732795, 0.3847611793457135776, 38.93807484490486104 ) ) ;
#741 = DIRECTION ( 'NONE',  ( 0.000000000000000000, 1.000000000000000000, 0.000000000000000000 ) ) ;
#742 = VERTEX_POINT ( 'NONE', #3663 ) ;
#743 = DIRECTION ( 'NONE',  ( -0.000000000000000000, -1.000000000000000000, -0.000000000000000000 ) ) ;
#744 = VECTOR ( 'NONE', #5868, 1000.000000000000000 ) ;
#745 = EDGE_CURVE ( 'NONE', #488, #3231, #5296, .T. ) ;
#746 = CARTESIAN_POINT ( 'NONE',  ( 39.56771066151485883, -0.03299974604510354931, -37.61497660827480871 ) ) ;
#747 = AXIS2_PLACEMENT_3D ( 'NONE', #59, #5812, #4691 ) ;
#748 = EDGE_CURVE ( 'NONE', #1449, #5417, #6271, .T. ) ;
#749 = CARTESIAN_POINT ( 'NONE',  ( 0.000000000000000000, -0.6000000000000000888, -38.00000000000000000 ) ) ;
#750 = DIRECTION ( 'NONE',  ( 0.000000000000000000, 0.000000000000000000, -1.000000000000000000 ) ) ;
#751 = CIRCLE ( 'NONE', #2833, 1.099999999999996758 ) ;
#752 = VECTOR ( 'NONE', #6907, 999.9999999999998863 ) ;
#753 = CARTESIAN_POINT ( 'NONE',  ( 39.00000000000000000, 0.0007417727527186725742, -37.41843934362980661 ) ) ;
#754 = EDGE_LOOP ( 'NONE', ( #5503, #532, #3258, #2914 ) ) ;
#755 = CARTESIAN_POINT ( 'NONE',  ( 38.76685250424269924, -0.3729243180469897223, 48.90471125365242244 ) ) ;
#756 = ORIENTED_EDGE ( 'NONE', *, *, #4668, .F. ) ;
#757 = ORIENTED_EDGE ( 'NONE', *, *, #7466, .F. ) ;
#758 = ORIENTED_EDGE ( 'NONE', *, *, #2288, .F. ) ;
#759 = ORIENTED_EDGE ( 'NONE', *, *, #2805, .F. ) ;
#760 = AXIS2_PLACEMENT_3D ( 'NONE', #3668, #5995, #7151 ) ;
#761 = CARTESIAN_POINT ( 'NONE',  ( -38.00000000000000711, -1.600000000000000089, 47.60000000000000142 ) ) ;
#762 = EDGE_CURVE ( 'NONE', #1486, #1449, #5106, .T. ) ;
#763 = CARTESIAN_POINT ( 'NONE',  ( 48.39999999999999147, 0.5999999999999998668, -49.00000000000000000 ) ) ;
#764 = VECTOR ( 'NONE', #3451, 1000.000000000000114 ) ;
#765 = DIRECTION ( 'NONE',  ( 0.000000000000000000, 0.000000000000000000, 1.000000000000000000 ) ) ;
#766 = ORIENTED_EDGE ( 'NONE', *, *, #957, .T. ) ;
#767 = VECTOR ( 'NONE', #3166, 1000.000000000000000 ) ;
#768 = DIRECTION ( 'NONE',  ( 0.000000000000000000, 0.000000000000000000, 1.000000000000000000 ) ) ;
#769 = ORIENTED_EDGE ( 'NONE', *, *, #4076, .T. ) ;
#770 = DIRECTION ( 'NONE',  ( 1.000000000000000000, 0.000000000000000000, 0.000000000000000000 ) ) ;
#771 = CARTESIAN_POINT ( 'NONE',  ( -49.00000000000000000, 0.03384830009388036659, 37.67407111144577669 ) ) ;
#772 = ADVANCED_FACE ( 'NONE', ( #469 ), #62, .T. ) ;
#773 = CARTESIAN_POINT ( 'NONE',  ( 35.35000000000000853, 0.9999999999999997780, 0.000000000000000000 ) ) ;
#774 = LINE ( 'NONE', #6141, #6941 ) ;
#775 = CARTESIAN_POINT ( 'NONE',  ( 35.50000000000000711, 0.5999999999999998668, 10.99999999999999645 ) ) ;
#776 = ORIENTED_EDGE ( 'NONE', *, *, #366, .T. ) ;
#777 = CARTESIAN_POINT ( 'NONE',  ( 19.50000000000000355, -7.600000000000000533, -1.999999999999982236 ) ) ;
#778 = ORIENTED_EDGE ( 'NONE', *, *, #6548, .T. ) ;
#779 = DIRECTION ( 'NONE',  ( 0.000000000000000000, 0.000000000000000000, 1.000000000000000000 ) ) ;
#780 = CARTESIAN_POINT ( 'NONE',  ( 48.99999999999999289, -0.3070562413347361352, -39.16074114780549564 ) ) ;
#781 = CARTESIAN_POINT ( 'NONE',  ( 38.35735447616944782, -0.5317420675386611562, -38.74197299252750781 ) ) ;
#782 = ADVANCED_FACE ( 'NONE', ( #4526 ), #5065, .F. ) ;
#783 = DIRECTION ( 'NONE',  ( 0.000000000000000000, 0.000000000000000000, 1.000000000000000000 ) ) ;
#784 = ORIENTED_EDGE ( 'NONE', *, *, #789, .F. ) ;
#785 = CARTESIAN_POINT ( 'NONE',  ( 43.99999999999999289, 2.200000000000000178, -42.09999999999999432 ) ) ;
#786 = B_SPLINE_CURVE_WITH_KNOTS ( 'NONE', 3,
 ( #6639, #6059, #4333, #3592, #5239, #2905, #671, #3519, #2864, #7083, #3017, #7585 ),
 .UNSPECIFIED., .F., .F.,
 ( 4, 2, 2, 2, 2, 4 ),
 ( 2.452160382301199482E-19, 0.0001964271690794398969, 0.0003928543381588795770, 0.0007857086763177458183, 0.001178563014476612276, 0.001571417352635478409 ),
 .UNSPECIFIED. ) ;
#787 = CARTESIAN_POINT ( 'NONE',  ( 38.71862343054893074, -0.3272423796529165818, -38.37762866859260669 ) ) ;
#788 = CARTESIAN_POINT ( 'NONE',  ( 44.22500000000000142, 0.9999999999999997780, 17.26000000000000156 ) ) ;
#789 = EDGE_CURVE ( 'NONE', #6128, #5015, #5028, .T. ) ;
#790 = DIRECTION ( 'NONE',  ( 1.000000000000000000, 0.000000000000000000, -0.000000000000000000 ) ) ;
#791 = ORIENTED_EDGE ( 'NONE', *, *, #4371, .T. ) ;
#792 = DIRECTION ( 'NONE',  ( 0.000000000000000000, 1.000000000000000000, 0.000000000000000000 ) ) ;
#793 = ORIENTED_EDGE ( 'NONE', *, *, #4740, .F. ) ;
#794 = ORIENTED_EDGE ( 'NONE', *, *, #3253, .F. ) ;
#795 = VECTOR ( 'NONE', #1548, 1000.000000000000000 ) ;
#796 = VERTEX_POINT ( 'NONE', #5141 ) ;
#797 = AXIS2_PLACEMENT_3D ( 'NONE', #2202, #4127, #3407 ) ;
#798 = CARTESIAN_POINT ( 'NONE',  ( -37.40000000000000568, -0.6000000000000000888, -47.60000000000000142 ) ) ;
#799 = CIRCLE ( 'NONE', #3875, 1.500000000000001332 ) ;
#800 = DIRECTION ( 'NONE',  ( 0.000000000000000000, -1.000000000000000000, 0.000000000000000000 ) ) ;
#801 = EDGE_LOOP ( 'NONE', ( #4617, #3728, #3798, #2289 ) ) ;
#802 = AXIS2_PLACEMENT_3D ( 'NONE', #4990, #894, #362 ) ;
#803 = FACE_OUTER_BOUND ( 'NONE', #6392, .T. ) ;
#804 = CIRCLE ( 'NONE', #682, 1.399999999999998579 ) ;
#805 = ADVANCED_FACE ( 'NONE', ( #2701 ), #5581, .T. ) ;
#806 = ORIENTED_EDGE ( 'NONE', *, *, #3368, .T. ) ;
#807 = CARTESIAN_POINT ( 'NONE',  ( 48.99999999999999289, -0.6000000000000003109, -39.39999999999999858 ) ) ;
#808 = CARTESIAN_POINT ( 'NONE',  ( -49.00000000000000000, -0.3070562413347362463, 39.16074114780543880 ) ) ;
#809 = CIRCLE ( 'NONE', #6561, 0.6000000000000033085 ) ;
#810 = CIRCLE ( 'NONE', #5088, 0.6000000000000033085 ) ;
#811 = FACE_OUTER_BOUND ( 'NONE', #1797, .T. ) ;
#812 = CARTESIAN_POINT ( 'NONE',  ( -38.79884915933281775, -0.5006595539350933155, 38.30673963346779942 ) ) ;
#813 = CARTESIAN_POINT ( 'NONE',  ( 0.000000000000000000, 0.000000000000000000, 39.60000000000000142 ) ) ;
#814 = EDGE_CURVE ( 'NONE', #6471, #3144, #4589, .T. ) ;
#815 = VECTOR ( 'NONE', #1191, 1000.000000000000000 ) ;
#816 = ORIENTED_EDGE ( 'NONE', *, *, #849, .T. ) ;
#817 = CARTESIAN_POINT ( 'NONE',  ( 0.000000000000000000, -1.600000000000000089, 0.000000000000000000 ) ) ;
#818 = ORIENTED_EDGE ( 'NONE', *, *, #5904, .F. ) ;
#819 = ORIENTED_EDGE ( 'NONE', *, *, #7474, .T. ) ;
#820 = CARTESIAN_POINT ( 'NONE',  ( 37.49999999999999289, -1.600000000000000089, -37.50000000000000000 ) ) ;
#821 = VECTOR ( 'NONE', #4992, 1000.000000000000000 ) ;
#822 = CARTESIAN_POINT ( 'NONE',  ( -38.03084161529108087, 0.2843391933688272366, 38.90556703925214777 ) ) ;
#823 = DIRECTION ( 'NONE',  ( 0.000000000000000000, 0.000000000000000000, 1.000000000000000000 ) ) ;
#824 = VERTEX_POINT ( 'NONE', #6328 ) ;
#825 = FACE_OUTER_BOUND ( 'NONE', #611, .T. ) ;
#826 = AXIS2_PLACEMENT_3D ( 'NONE', #1048, #115, #887 ) ;
#827 = DIRECTION ( 'NONE',  ( -0.000000000000000000, 1.000000000000000000, -0.000000000000000000 ) ) ;
#828 = CARTESIAN_POINT ( 'NONE',  ( -9.902948977032952047E-15, 0.5999999999999999778, -43.49999999999999289 ) ) ;
#829 = LINE ( 'NONE', #3176, #5460 ) ;
#830 =( BOUNDED_SURFACE ( )  B_SPLINE_SURFACE ( 3, 2, ( 
 ( #4131, #4621, #526 ),
 ( #5311, #2315, #5274 ),
 ( #2356, #24, #3480 ),
 ( #5197, #5853, #4652 ),
 ( #1669, #1208, #4731 ),
 ( #1818, #5813, #635 ),
 ( #99, #7006, #1740 ),
 ( #4577, #6422, #1170 ),
 ( #6346, #597, #2941 ),
 ( #1096, #7546, #6970 ) ),
 .UNSPECIFIED., .F., .F., .F. ) 
 B_SPLINE_SURFACE_WITH_KNOTS ( ( 4, 2, 2, 2, 4 ),
 ( 3, 3 ),
 ( 0.000000000000000000, 0.0004945494385602616175, 0.0009890988771205232351, 0.001483648315680784853, 0.001978197754241046470 ),
 ( 0.000000000000000000, 1.000000000000000000 ),
 .UNSPECIFIED. ) 
 GEOMETRIC_REPRESENTATION_ITEM ( )  RATIONAL_B_SPLINE_SURFACE ( (
 ( 1.000000000000000000, 0.7084826553175709307, 1.000000000000000000),
 ( 1.000000000000000000, 0.7127754838208461008, 1.000000000000000000),
 ( 1.000000000000000000, 0.7310457542173424139, 1.000000000000000000),
 ( 1.000000000000000000, 0.7861143912385352150, 1.000000000000000000),
 ( 1.000000000000000000, 0.8230211105262563720, 1.000000000000000000),
 ( 1.000000000000000000, 0.8956825757414239586, 1.000000000000000000),
 ( 1.000000000000000000, 0.9318271559610136201, 1.000000000000000000),
 ( 1.000000000000000000, 0.9843526207461090749, 1.000000000000000000),
 ( 1.000000000000000000, 1.000283261034570659, 1.000000000000000000),
 ( 1.000000000000000000, 1.000000000000000000, 1.000000000000000000) ) ) 
 REPRESENTATION_ITEM ( '' )  SURFACE ( )  );
#831 = CARTESIAN_POINT ( 'NONE',  ( 36.14999999999999858, 2.399999999999999911, 31.84999999999999076 ) ) ;
#832 = VERTEX_POINT ( 'NONE', #2807 ) ;
#833 = CARTESIAN_POINT ( 'NONE',  ( -38.07814428180677879, -0.3458305645563627406, -39.07757742990598615 ) ) ;
#834 = ORIENTED_EDGE ( 'NONE', *, *, #4544, .F. ) ;
#835 = ORIENTED_EDGE ( 'NONE', *, *, #2449, .T. ) ;
#836 = VERTEX_POINT ( 'NONE', #3390 ) ;
#837 = EDGE_CURVE ( 'NONE', #3398, #1696, #6924, .T. ) ;
#838 = CARTESIAN_POINT ( 'NONE',  ( -39.69089023002067051, -0.5999999999999998668, -37.39999999999999858 ) ) ;
#839 = AXIS2_PLACEMENT_3D ( 'NONE', #2374, #698, #46 ) ;
#840 = CARTESIAN_POINT ( 'NONE',  ( 38.76832202241181591, 0.1009695384999934747, 49.00000000000000000 ) ) ;
#841 = DIRECTION ( 'NONE',  ( 0.000000000000000000, 0.000000000000000000, 1.000000000000000000 ) ) ;
#842 = ORIENTED_EDGE ( 'NONE', *, *, #432, .F. ) ;
#843 = EDGE_CURVE ( 'NONE', #5627, #4791, #2222, .T. ) ;
#844 = CARTESIAN_POINT ( 'NONE',  ( 39.59999999999999432, 0.5999999999999999778, -37.40206632590398073 ) ) ;
#845 = AXIS2_PLACEMENT_3D ( 'NONE', #1485, #3847, #841 ) ;
#846 = ORIENTED_EDGE ( 'NONE', *, *, #3350, .F. ) ;
#847 = ORIENTED_EDGE ( 'NONE', *, *, #321, .F. ) ;
#848 = CYLINDRICAL_SURFACE ( 'NONE', #2664, 0.3999999999999993006 ) ;
#849 = EDGE_CURVE ( 'NONE', #871, #3418, #3266, .T. ) ;
#850 = CARTESIAN_POINT ( 'NONE',  ( -49.00000000000000000, -0.6000000000000000888, 39.39999999999999858 ) ) ;
#851 = CARTESIAN_POINT ( 'NONE',  ( -39.40000000000000568, -0.6000000000000000888, -49.00000000000000000 ) ) ;
#852 = EDGE_CURVE ( 'NONE', #7387, #6063, #3967, .T. ) ;
#853 = CARTESIAN_POINT ( 'NONE',  ( -44.00000000000000711, -1.600000000000000089, -41.89999999999999147 ) ) ;
#854 = LINE ( 'NONE', #313, #3657 ) ;
#855 = ORIENTED_EDGE ( 'NONE', *, *, #7410, .T. ) ;
#856 = ORIENTED_EDGE ( 'NONE', *, *, #3513, .T. ) ;
#857 = CYLINDRICAL_SURFACE ( 'NONE', #7097, 0.6000000000000033085 ) ;
#858 = FACE_OUTER_BOUND ( 'NONE', #6052, .T. ) ;
#859 = EDGE_CURVE ( 'NONE', #5720, #306, #673, .T. ) ;
#860 = DIRECTION ( 'NONE',  ( -1.000000000000000000, -0.000000000000000000, -0.000000000000000000 ) ) ;
#861 = CARTESIAN_POINT ( 'NONE',  ( 49.00000000000001421, 0.4258171591472302286, 38.30134071039226740 ) ) ;
#862 = DIRECTION ( 'NONE',  ( -0.000000000000000000, 0.000000000000000000, 1.000000000000000000 ) ) ;
#863 = ORIENTED_EDGE ( 'NONE', *, *, #2072, .F. ) ;
#864 = CARTESIAN_POINT ( 'NONE',  ( -38.78679911774867861, -0.09811265841780948682, -38.28772877037439315 ) ) ;
#865 = PLANE ( 'NONE',  #1645 ) ;
#866 = CARTESIAN_POINT ( 'NONE',  ( -48.72385009471177852, -0.1978765222138035851, 38.32281613282676602 ) ) ;
#867 = DIRECTION ( 'NONE',  ( 0.000000000000000000, -1.000000000000000000, 0.000000000000000000 ) ) ;
#868 = DIRECTION ( 'NONE',  ( -1.000000000000000000, 0.000000000000000000, 0.000000000000000000 ) ) ;
#869 = VERTEX_POINT ( 'NONE', #2152 ) ;
#870 = DIRECTION ( 'NONE',  ( 0.000000000000000000, 1.000000000000000000, -0.000000000000000000 ) ) ;
#871 = VERTEX_POINT ( 'NONE', #5756 ) ;
#872 = ORIENTED_EDGE ( 'NONE', *, *, #517, .F. ) ;
#873 = TOROIDAL_SURFACE ( 'NONE', #6756, 2.000000000000000000, 0.5999999999999999778 ) ;
#874 = ORIENTED_EDGE ( 'NONE', *, *, #2862, .F. ) ;
#875 = CARTESIAN_POINT ( 'NONE',  ( -39.40000000000000568, -1.599999999999999867, -39.69089023002066341 ) ) ;
#876 = AXIS2_PLACEMENT_3D ( 'NONE', #1750, #5905, #5326 ) ;
#877 = DIRECTION ( 'NONE',  ( -1.000000000000000000, 0.000000000000000000, 0.000000000000000000 ) ) ;
#878 = CIRCLE ( 'NONE', #2584, 0.4000000000000010214 ) ;
#879 = LINE ( 'NONE', #5558, #5125 ) ;
#880 = ORIENTED_EDGE ( 'NONE', *, *, #4222, .F. ) ;
#881 = EDGE_CURVE ( 'NONE', #306, #5671, #1577, .T. ) ;
#882 = CARTESIAN_POINT ( 'NONE',  ( 41.52500000000000568, 0.9999999999999997780, 16.16000000000000014 ) ) ;
#883 = AXIS2_PLACEMENT_3D ( 'NONE', #1437, #3795, #868 ) ;
#884 = ORIENTED_EDGE ( 'NONE', *, *, #4045, .F. ) ;
#885 = CYLINDRICAL_SURFACE ( 'NONE', #687, 1.399999999999998579 ) ;
#886 = DIRECTION ( 'NONE',  ( -0.000000000000000000, -1.000000000000000000, -0.000000000000000000 ) ) ;
#887 = DIRECTION ( 'NONE',  ( 1.000000000000000000, 0.000000000000000000, 0.000000000000000000 ) ) ;
#888 = CYLINDRICAL_SURFACE ( 'NONE', #4722, 1.899999999999999023 ) ;
#889 = DIRECTION ( 'NONE',  ( -0.000000000000000000, -1.000000000000000000, -0.000000000000000000 ) ) ;
#890 = ADVANCED_FACE ( 'NONE', ( #6290, #504 ), #1003, .T. ) ;
#891 = ORIENTED_EDGE ( 'NONE', *, *, #5985, .F. ) ;
#892 = CARTESIAN_POINT ( 'NONE',  ( -38.37762866859261379, -0.3272423796529052020, -38.71862343054893785 ) ) ;
#893 = EDGE_LOOP ( 'NONE', ( #4937, #4123, #3952, #3528 ) ) ;
#894 = DIRECTION ( 'NONE',  ( -0.000000000000000000, 0.000000000000000000, -1.000000000000000000 ) ) ;
#895 = CARTESIAN_POINT ( 'NONE',  ( 12.00000000000000178, 0.000000000000000000, -1.999999999999982236 ) ) ;
#896 = CARTESIAN_POINT ( 'NONE',  ( 30.73999999999999133, 2.399999999999999911, -39.00000000000000000 ) ) ;
#897 = LINE ( 'NONE', #3208, #6305 ) ;
#898 = DIRECTION ( 'NONE',  ( 0.000000000000000000, 0.000000000000000000, 1.000000000000000000 ) ) ;
#899 = AXIS2_PLACEMENT_3D ( 'NONE', #5487, #4894, #3035 ) ;
#900 = EDGE_LOOP ( 'NONE', ( #2878, #4227, #4671, #141 ) ) ;
#901 = CARTESIAN_POINT ( 'NONE',  ( -37.80182875086328664, 0.05269805997440205059, 48.99999999999999289 ) ) ;
#902 = EDGE_CURVE ( 'NONE', #68, #1449, #3356, .T. ) ;
#903 = CARTESIAN_POINT ( 'NONE',  ( -44.00000000000000711, -1.399999999999990585, -44.00000000000000000 ) ) ;
#904 = DIRECTION ( 'NONE',  ( 0.000000000000000000, 0.000000000000000000, -1.000000000000000000 ) ) ;
#905 = DIRECTION ( 'NONE',  ( 0.000000000000000000, 0.000000000000000000, 1.000000000000000000 ) ) ;
#906 = DIRECTION ( 'NONE',  ( 0.000000000000000000, 1.000000000000000000, 0.000000000000000000 ) ) ;
#907 = ORIENTED_EDGE ( 'NONE', *, *, #2271, .T. ) ;
#908 = CARTESIAN_POINT ( 'NONE',  ( 38.61612394930971703, -0.3145411647885879569, 48.85014514505711958 ) ) ;
#909 = EDGE_CURVE ( 'NONE', #1861, #2477, #7488, .T. ) ;
#910 = ORIENTED_EDGE ( 'NONE', *, *, #3619, .T. ) ;
#911 = VERTEX_POINT ( 'NONE', #1503 ) ;
#912 = ORIENTED_EDGE ( 'NONE', *, *, #3310, .F. ) ;
#913 = LINE ( 'NONE', #2014, #6310 ) ;
#914 = CARTESIAN_POINT ( 'NONE',  ( 39.23559074232051103, -0.4901682510479929422, 48.99994091702041743 ) ) ;
#915 = CARTESIAN_POINT ( 'NONE',  ( 30.73999999999999133, -7.600000000000000533, -39.00000000000000000 ) ) ;
#916 = ORIENTED_EDGE ( 'NONE', *, *, #5013, .T. ) ;
#917 = LINE ( 'NONE', #6750, #2453 ) ;
#918 = EDGE_LOOP ( 'NONE', ( #3004, #4436, #4453, #6828 ) ) ;
#919 = ORIENTED_EDGE ( 'NONE', *, *, #4195, .F. ) ;
#920 = LINE ( 'NONE', #1492, #2225 ) ;
#921 = LINE ( 'NONE', #356, #6217 ) ;
#922 = ADVANCED_FACE ( 'NONE', ( #363 ), #5294, .F. ) ;
#923 = VECTOR ( 'NONE', #5358, 1000.000000000000000 ) ;
#924 = CIRCLE ( 'NONE', #6192, 0.3999999999999975797 ) ;
#925 = CIRCLE ( 'NONE', #6419, 1.899999999999999023 ) ;
#926 = CARTESIAN_POINT ( 'NONE',  ( 49.00000000000001421, -0.3078974084323390925, 39.16149774206098755 ) ) ;
#927 = ORIENTED_EDGE ( 'NONE', *, *, #5802, .T. ) ;
#928 = CARTESIAN_POINT ( 'NONE',  ( -38.02997412515458819, 0.2853857986626760490, -38.90589964520871291 ) ) ;
#929 = ORIENTED_EDGE ( 'NONE', *, *, #6285, .T. ) ;
#930 = VECTOR ( 'NONE', #6385, 1000.000000000000000 ) ;
#931 = AXIS2_PLACEMENT_3D ( 'NONE', #1100, #383, #2724 ) ;
#932 = DIRECTION ( 'NONE',  ( 1.000000000000000000, 0.000000000000000000, -0.000000000000000000 ) ) ;
#933 = CARTESIAN_POINT ( 'NONE',  ( 0.000000000000000000, -0.6000000000000000888, 38.00000000000000000 ) ) ;
#934 = EDGE_CURVE ( 'NONE', #4886, #2984, #7540, .T. ) ;
#935 = CARTESIAN_POINT ( 'NONE',  ( 43.99999999999999289, -1.399999999999990585, -42.09999999999999432 ) ) ;
#936 = AXIS2_PLACEMENT_3D ( 'NONE', #1589, #7469, #6923 ) ;
#937 = CIRCLE ( 'NONE', #1903, 0.6000000000000033085 ) ;
#938 = CARTESIAN_POINT ( 'NONE',  ( 49.00000000000002132, -0.3782020611236749930, 39.06699813600992854 ) ) ;
#939 = CARTESIAN_POINT ( 'NONE',  ( 36.14999999999999858, 2.399999999999999911, 29.34999999999999432 ) ) ;
#940 = ORIENTED_EDGE ( 'NONE', *, *, #1545, .T. ) ;
#941 = ADVANCED_FACE ( 'NONE', ( #4037 ), #947, .F. ) ;
#942 = CARTESIAN_POINT ( 'NONE',  ( -39.18997587142020933, -0.5265073566089405466, 49.00000000000000000 ) ) ;
#943 = AXIS2_PLACEMENT_3D ( 'NONE', #543, #2187, #2301 ) ;
#944 = EDGE_CURVE ( 'NONE', #1640, #3719, #5225, .T. ) ;
#945 = DIRECTION ( 'NONE',  ( -0.000000000000000000, -1.000000000000000000, 0.000000000000000000 ) ) ;
#946 = CARTESIAN_POINT ( 'NONE',  ( -48.51566589472924562, -0.03993550143790604301, 37.88435057801502381 ) ) ;
#947 = CONICAL_SURFACE ( 'NONE', #2661, 2.100000000000004530, 0.7853981633974331800 ) ;
#948 = EDGE_CURVE ( 'NONE', #6358, #125, #542, .T. ) ;
#949 = CARTESIAN_POINT ( 'NONE',  ( 0.000000000000000000, 1.399999999999999689, 32.94999999999999574 ) ) ;
#950 = DIRECTION ( 'NONE',  ( -0.000000000000000000, -1.000000000000000000, -0.000000000000000000 ) ) ;
#951 = EDGE_LOOP ( 'NONE', ( #7161, #2936, #13, #6294, #5605, #5325, #3098, #6693, #7077, #382 ) ) ;
#952 = FACE_OUTER_BOUND ( 'NONE', #7554, .T. ) ;
#953 = ORIENTED_EDGE ( 'NONE', *, *, #3303, .F. ) ;
#954 = B_SPLINE_CURVE_WITH_KNOTS ( 'NONE', 3,
 ( #288, #4238, #4913, #1316, #2620, #4834, #1923, #6577 ),
 .UNSPECIFIED., .F., .F.,
 ( 4, 2, 2, 4 ),
 ( 0.000000000000000000, 0.0005668484871887364066, 0.001133696974377472813, 0.002267393948754961672 ),
 .UNSPECIFIED. ) ;
#955 = DIRECTION ( 'NONE',  ( 0.000000000000000000, 0.000000000000000000, 1.000000000000000000 ) ) ;
#956 = CARTESIAN_POINT ( 'NONE',  ( 10.50000000000000178, 0.000000000000000000, 37.50000000000000000 ) ) ;
#957 = EDGE_CURVE ( 'NONE', #5594, #2829, #1755, .T. ) ;
#958 = CARTESIAN_POINT ( 'NONE',  ( 44.35000000000000142, 1.399999999999999689, 31.84999999999999076 ) ) ;
#959 = ORIENTED_EDGE ( 'NONE', *, *, #2373, .F. ) ;
#960 = DIRECTION ( 'NONE',  ( -0.000000000000000000, -1.000000000000000000, 0.000000000000000000 ) ) ;
#961 = ORIENTED_EDGE ( 'NONE', *, *, #4555, .F. ) ;
#962 = AXIS2_PLACEMENT_3D ( 'NONE', #656, #5298, #584 ) ;
#963 = DIRECTION ( 'NONE',  ( 0.000000000000000000, 0.000000000000000000, 1.000000000000000000 ) ) ;
#964 = CARTESIAN_POINT ( 'NONE',  ( -39.69089023002067051, -0.5999999999999998668, -39.39999999999999858 ) ) ;
#965 = CARTESIAN_POINT ( 'NONE',  ( -49.00000000000002132, -0.3782020611244298336, -39.06699813600927484 ) ) ;
#966 = VECTOR ( 'NONE', #2020, 1000.000000000000000 ) ;
#967 = ORIENTED_EDGE ( 'NONE', *, *, #2920, .F. ) ;
#968 = CARTESIAN_POINT ( 'NONE',  ( -37.98063956640886829, -0.2693839521428090245, -39.21256654830034449 ) ) ;
#969 = ORIENTED_EDGE ( 'NONE', *, *, #2124, .T. ) ;
#970 = DIRECTION ( 'NONE',  ( -0.000000000000000000, 1.000000000000000000, -0.000000000000000000 ) ) ;
#971 = DIRECTION ( 'NONE',  ( 0.000000000000000000, 0.000000000000000000, 1.000000000000000000 ) ) ;
#972 = CARTESIAN_POINT ( 'NONE',  ( 34.25000000000000000, 1.399999999999999689, 47.34999999999998721 ) ) ;
#973 = CARTESIAN_POINT ( 'NONE',  ( 49.00000000000001421, 0.5999999999999999778, 37.56696972201767437 ) ) ;
#974 = CARTESIAN_POINT ( 'NONE',  ( 43.99999999999999289, 2.399999999999999911, -44.00000000000000711 ) ) ;
#975 = ORIENTED_EDGE ( 'NONE', *, *, #470, .T. ) ;
#976 = EDGE_CURVE ( 'NONE', #7357, #1943, #1056, .T. ) ;
#977 = CARTESIAN_POINT ( 'NONE',  ( -37.75740017596881870, 0.5999999724323338279, 49.00000000000000000 ) ) ;
#978 = LINE ( 'NONE', #5039, #3127 ) ;
#979 = CARTESIAN_POINT ( 'NONE',  ( -48.39999999999999858, 0.000000000000000000, 37.56696972201766016 ) ) ;
#980 = CARTESIAN_POINT ( 'NONE',  ( -44.00000000000000711, 2.200000000000000178, -45.89999999999999858 ) ) ;
#981 = CARTESIAN_POINT ( 'NONE',  ( 44.00000000000000711, 0.000000000000000000, 44.00000000000000000 ) ) ;
#982 = VERTEX_POINT ( 'NONE', #2925 ) ;
#983 = EDGE_CURVE ( 'NONE', #2984, #1564, #6944, .T. ) ;
#984 = DIRECTION ( 'NONE',  ( 0.000000000000000000, 0.000000000000000000, -1.000000000000000000 ) ) ;
#985 = EDGE_CURVE ( 'NONE', #3151, #7338, #2844, .T. ) ;
#986 = VERTEX_POINT ( 'NONE', #4148 ) ;
#987 = CARTESIAN_POINT ( 'NONE',  ( -39.00000000000000711, 0.000000000000000000, -10.99999999999999112 ) ) ;
#988 = DIRECTION ( 'NONE',  ( 0.000000000000000000, -0.000000000000000000, 1.000000000000000000 ) ) ;
#989 = ORIENTED_EDGE ( 'NONE', *, *, #355, .F. ) ;
#990 = DIRECTION ( 'NONE',  ( 0.000000000000000000, -1.000000000000000000, 0.000000000000000000 ) ) ;
#991 = ORIENTED_EDGE ( 'NONE', *, *, #6917, .F. ) ;
#992 = EDGE_CURVE ( 'NONE', #6307, #3857, #4073, .T. ) ;
#993 = TOROIDAL_SURFACE ( 'NONE', #1963, 2.000000000000000000, 0.5999999999999999778 ) ;
#994 = LINE ( 'NONE', #461, #5555 ) ;
#995 = CARTESIAN_POINT ( 'NONE',  ( -44.00000000000000711, -1.600000000000000089, -44.00000000000000000 ) ) ;
#996 = CIRCLE ( 'NONE', #3077, 1.500000000000001332 ) ;
#997 = CARTESIAN_POINT ( 'NONE',  ( -38.63321908449344733, -7.600000000000000533, -38.48275862068965125 ) ) ;
#998 = VERTEX_POINT ( 'NONE', #3495 ) ;
#999 = CARTESIAN_POINT ( 'NONE',  ( -37.76555849884567095, -0.1073584193811664006, -39.46900745031749125 ) ) ;
#1000 = ORIENTED_EDGE ( 'NONE', *, *, #2116, .F. ) ;
#1001 = EDGE_CURVE ( 'NONE', #5559, #95, #4010, .T. ) ;
#1002 = DIRECTION ( 'NONE',  ( 0.000000000000000000, 0.000000000000000000, 1.000000000000000000 ) ) ;
#1003 = PLANE ( 'NONE',  #5942 ) ;
#1004 = AXIS2_PLACEMENT_3D ( 'NONE', #5883, #628, #7076 ) ;
#1005 = DIRECTION ( 'NONE',  ( 0.000000000000000000, 0.000000000000000000, 1.000000000000000000 ) ) ;
#1006 = COLOUR_RGB ( '',1.000000000000000000, 1.000000000000000000, 1.000000000000000000 ) ;
#1007 = CYLINDRICAL_SURFACE ( 'NONE', #6802, 1.399999999999998579 ) ;
#1008 = CARTESIAN_POINT ( 'NONE',  ( 10.50000000000000178, 0.5999999999999999778, 37.50000000000000000 ) ) ;
#1009 = ORIENTED_EDGE ( 'NONE', *, *, #1200, .F. ) ;
#1010 = CIRCLE ( 'NONE', #6645, 1.399999999999998579 ) ;
#1011 = CARTESIAN_POINT ( 'NONE',  ( -37.56696972201767437, 2.168404344971008868E-16, 48.39999999999999858 ) ) ;
#1012 = CARTESIAN_POINT ( 'NONE',  ( -39.00000000000000711, 0.5960057784623213895, -37.50000000000002132 ) ) ;
#1013 = CARTESIAN_POINT ( 'NONE',  ( -39.69089023002066341, -0.5999999999999998668, 39.39999999999999858 ) ) ;
#1014 = EDGE_CURVE ( 'NONE', #2637, #7365, #7025, .T. ) ;
#1015 = CARTESIAN_POINT ( 'NONE',  ( -37.50000000000000711, 0.5960057784623205013, -39.00000000000000000 ) ) ;
#1016 = ORIENTED_EDGE ( 'NONE', *, *, #3945, .T. ) ;
#1017 = DIRECTION ( 'NONE',  ( 0.000000000000000000, 0.000000000000000000, 1.000000000000000000 ) ) ;
#1018 = EDGE_LOOP ( 'NONE', ( #1000, #6087, #3569, #3267 ) ) ;
#1019 = CYLINDRICAL_SURFACE ( 'NONE', #4352, 1.399999999999998579 ) ;
#1020 = CARTESIAN_POINT ( 'NONE',  ( -39.00000000000000711, 0.5799671398306421866, 37.64021971695633795 ) ) ;
#1021 = EDGE_CURVE ( 'NONE', #4552, #6261, #2334, .T. ) ;
#1022 = LINE ( 'NONE', #6101, #5713 ) ;
#1023 = ORIENTED_EDGE ( 'NONE', *, *, #4466, .F. ) ;
#1024 = ORIENTED_EDGE ( 'NONE', *, *, #4740, .T. ) ;
#1025 = CARTESIAN_POINT ( 'NONE',  ( 31.65733862529602405, 0.9999999999999997780, 27.34999999999998721 ) ) ;
#1026 = EDGE_CURVE ( 'NONE', #674, #5830, #5795, .T. ) ;
#1027 = VERTEX_POINT ( 'NONE', #4709 ) ;
#1028 = SURFACE_STYLE_USAGE ( .BOTH. , #7367 ) ;
#1029 = CARTESIAN_POINT ( 'NONE',  ( 23.75000000000000711, 1.399999999999999689, 46.24999999999998579 ) ) ;
#1030 = EDGE_CURVE ( 'NONE', #6261, #6237, #3641, .T. ) ;
#1031 = ADVANCED_FACE ( 'NONE', ( #1226 ), #3573, .T. ) ;
#1032 = CARTESIAN_POINT ( 'NONE',  ( -49.00000000000000711, -0.5999999999999998668, -39.39999999999999858 ) ) ;
#1033 = ORIENTED_EDGE ( 'NONE', *, *, #1676, .F. ) ;
#1034 = CARTESIAN_POINT ( 'NONE',  ( 38.76832202241180880, 0.1009695384999937107, -49.00000000000000000 ) ) ;
#1035 = ORIENTED_EDGE ( 'NONE', *, *, #1537, .F. ) ;
#1036 = CARTESIAN_POINT ( 'NONE',  ( -47.60000000000000853, -0.5999999999999999778, -37.39999999999999858 ) ) ;
#1037 = DIRECTION ( 'NONE',  ( 0.000000000000000000, -1.000000000000000000, 0.000000000000000000 ) ) ;
#1038 = CARTESIAN_POINT ( 'NONE',  ( 43.99999999999999289, 2.399999999999999911, -49.00000000000000000 ) ) ;
#1039 = VECTOR ( 'NONE', #6799, 1000.000000000000000 ) ;
#1040 = ADVANCED_FACE ( 'NONE', ( #5910 ), #2276, .T. ) ;
#1041 = AXIS2_PLACEMENT_3D ( 'NONE', #7042, #1247, #1779 ) ;
#1042 = TOROIDAL_SURFACE ( 'NONE', #3749, 1.100000000000000089, 0.4000000000000000222 ) ;
#1043 = CARTESIAN_POINT ( 'NONE',  ( 0.000000000000000000, 0.000000000000000000, -4.099999999999981881 ) ) ;
#1044 = ORIENTED_EDGE ( 'NONE', *, *, #1496, .F. ) ;
#1045 = CARTESIAN_POINT ( 'NONE',  ( -38.46417554520410675, 0.3305876115166117013, 49.00000000000000000 ) ) ;
#1046 = VECTOR ( 'NONE', #2170, 1000.000000000000000 ) ;
#1047 = VERTEX_POINT ( 'NONE', #5330 ) ;
#1048 = CARTESIAN_POINT ( 'NONE',  ( 45.32500000000000284, 1.399999999999999689, 14.56000000000000583 ) ) ;
#1049 = VECTOR ( 'NONE', #6897, 1000.000000000000000 ) ;
#1050 = CYLINDRICAL_SURFACE ( 'NONE', #4777, 0.4000000000000010214 ) ;
#1051 = VECTOR ( 'NONE', #4893, 1000.000000000000000 ) ;
#1052 = DIRECTION ( 'NONE',  ( 0.000000000000000000, 0.000000000000000000, 1.000000000000000000 ) ) ;
#1053 = ORIENTED_EDGE ( 'NONE', *, *, #3761, .F. ) ;
#1054 = FACE_OUTER_BOUND ( 'NONE', #624, .T. ) ;
#1055 = CIRCLE ( 'NONE', #3281, 0.3999999999999995226 ) ;
#1056 = CIRCLE ( 'NONE', #695, 2.000000000000001776 ) ;
#1057 = CARTESIAN_POINT ( 'NONE',  ( -39.00000000000000711, -7.600000000000000533, -39.00000000000000000 ) ) ;
#1058 = CARTESIAN_POINT ( 'NONE',  ( -39.00000000000000000, 0.5960057784623205013, 37.50000000000000000 ) ) ;
#1059 = CARTESIAN_POINT ( 'NONE',  ( -38.98150349923220404, -0.3984091074101180352, 38.14983632340803865 ) ) ;
#1060 = CIRCLE ( 'NONE', #5353, 1.399999999999998579 ) ;
#1061 = LINE ( 'NONE', #6348, #506 ) ;
#1062 = CIRCLE ( 'NONE', #2408, 4.999999999999997335 ) ;
#1063 = ORIENTED_EDGE ( 'NONE', *, *, #7, .F. ) ;
#1064 = DIRECTION ( 'NONE',  ( 0.000000000000000000, 0.000000000000000000, -1.000000000000000000 ) ) ;
#1065 = VERTEX_POINT ( 'NONE', #4747 ) ;
#1066 = CIRCLE ( 'NONE', #3898, 1.899999999999999023 ) ;
#1067 = CARTESIAN_POINT ( 'NONE',  ( -44.00000000000000711, -1.600000000000000089, -41.89999999999999147 ) ) ;
#1068 = CARTESIAN_POINT ( 'NONE',  ( 38.61610988490544827, -0.3145356187915019919, -48.85013961375581459 ) ) ;
#1069 = ADVANCED_FACE ( 'NONE', ( #1114 ), #4860, .F. ) ;
#1070 = CARTESIAN_POINT ( 'NONE',  ( -49.00000000000000000, 2.168404344971008868E-16, -37.56696972201766727 ) ) ;
#1071 = VERTEX_POINT ( 'NONE', #4939 ) ;
#1072 = EDGE_CURVE ( 'NONE', #1193, #1223, #5523, .T. ) ;
#1073 =( NAMED_UNIT ( * ) PLANE_ANGLE_UNIT ( ) SI_UNIT ( $, .RADIAN. ) );
#1074 = ORIENTED_EDGE ( 'NONE', *, *, #4454, .T. ) ;
#1075 = CARTESIAN_POINT ( 'NONE',  ( -49.00000000000000000, -1.600000000000000089, -39.40000000000000568 ) ) ;
#1076 = ORIENTED_EDGE ( 'NONE', *, *, #1021, .F. ) ;
#1077 = CARTESIAN_POINT ( 'NONE',  ( 49.00000000000001421, 2.399999999999999911, 44.00000000000000000 ) ) ;
#1078 = EDGE_CURVE ( 'NONE', #6854, #6980, #1946, .T. ) ;
#1079 = VECTOR ( 'NONE', #3279, 1000.000000000000000 ) ;
#1080 = DIRECTION ( 'NONE',  ( 7.080503983578804316E-17, -0.000000000000000000, 1.000000000000000000 ) ) ;
#1081 = DIRECTION ( 'NONE',  ( 0.000000000000000000, 0.000000000000000000, 1.000000000000000000 ) ) ;
#1082 = ORIENTED_EDGE ( 'NONE', *, *, #7361, .T. ) ;
#1083 = CARTESIAN_POINT ( 'NONE',  ( -43.99999999999999289, -1.600000000000000089, 41.89999999999999147 ) ) ;
#1084 = CYLINDRICAL_SURFACE ( 'NONE', #5596, 4.999999999999997335 ) ;
#1085 = ORIENTED_EDGE ( 'NONE', *, *, #5216, .T. ) ;
#1086 = ADVANCED_FACE ( 'NONE', ( #6018 ), #5823, .T. ) ;
#1087 = CARTESIAN_POINT ( 'NONE',  ( -39.00000000000000711, 0.5960057784623229438, -37.50000000000000000 ) ) ;
#1088 = CARTESIAN_POINT ( 'NONE',  ( -43.99999999999999289, -1.399999999999990585, 42.10000000000000142 ) ) ;
#1089 = PLANE ( 'NONE',  #4551 ) ;
#1090 = ORIENTED_EDGE ( 'NONE', *, *, #4579, .T. ) ;
#1091 = DIRECTION ( 'NONE',  ( 1.000000000000000000, 0.000000000000000000, -1.541976423090494056E-15 ) ) ;
#1092 = EDGE_CURVE ( 'NONE', #3781, #5343, #3234, .T. ) ;
#1093 = ORIENTED_EDGE ( 'NONE', *, *, #1637, .T. ) ;
#1094 = CYLINDRICAL_SURFACE ( 'NONE', #58, 0.6000000000000033085 ) ;
#1095 = DIRECTION ( 'NONE',  ( 0.000000000000000000, -1.000000000000000000, 0.000000000000000000 ) ) ;
#1096 = CARTESIAN_POINT ( 'NONE',  ( -38.63321908449344733, -0.5999999999999998668, -38.48275862068964415 ) ) ;
#1097 = CARTESIAN_POINT ( 'NONE',  ( -39.57754050567095305, -0.02344514483183283288, -37.57916055745398154 ) ) ;
#1098 = CARTESIAN_POINT ( 'NONE',  ( 39.39999999999999858, 0.000000000000000000, -47.60000000000000142 ) ) ;
#1099 = ORIENTED_EDGE ( 'NONE', *, *, #6654, .T. ) ;
#1100 = CARTESIAN_POINT ( 'NONE',  ( 0.000000000000000000, 0.5999999999999999778, -39.60000000000000142 ) ) ;
#1101 = ORIENTED_EDGE ( 'NONE', *, *, #1768, .F. ) ;
#1102 = VERTEX_POINT ( 'NONE', #235 ) ;
#1103 = CARTESIAN_POINT ( 'NONE',  ( 38.67379970112109078, -0.4751976828421055066, -38.43596510674345978 ) ) ;
#1104 = B_SPLINE_CURVE_WITH_KNOTS ( 'NONE', 3,
 ( #4979, #5016, #351, #4855, #1487, #7364, #3850, #7211, #1942, #4292, #6176, #3953 ),
 .UNSPECIFIED., .F., .F.,
 ( 4, 2, 2, 2, 2, 4 ),
 ( -6.973953793693106782E-06, 0.0003849683204486251727, 0.0007769105946909435302, 0.001168852868933261888, 0.001364824006054420578, 0.001560795143175579486 ),
 .UNSPECIFIED. ) ;
#1105 = CARTESIAN_POINT ( 'NONE',  ( 45.85000000000000142, 2.399999999999999911, 29.34999999999999432 ) ) ;
#1106 = EDGE_CURVE ( 'NONE', #152, #3351, #6055, .T. ) ;
#1107 = DIRECTION ( 'NONE',  ( -1.000000000000000000, 0.000000000000000000, 0.000000000000000000 ) ) ;
#1108 = ORIENTED_EDGE ( 'NONE', *, *, #4185, .F. ) ;
#1109 = AXIS2_PLACEMENT_3D ( 'NONE', #4463, #2189, #6804 ) ;
#1110 = ORIENTED_EDGE ( 'NONE', *, *, #1725, .T. ) ;
#1111 = ORIENTED_EDGE ( 'NONE', *, *, #475, .T. ) ;
#1112 = DIRECTION ( 'NONE',  ( -1.000000000000000000, -0.000000000000000000, -0.000000000000000000 ) ) ;
#1113 = VECTOR ( 'NONE', #2979, 1000.000000000000000 ) ;
#1114 = FACE_OUTER_BOUND ( 'NONE', #2906, .T. ) ;
#1115 = AXIS2_PLACEMENT_3D ( 'NONE', #6424, #4133, #2981 ) ;
#1116 = DIRECTION ( 'NONE',  ( -0.000000000000000000, -1.000000000000000000, -0.000000000000000000 ) ) ;
#1117 = ADVANCED_FACE ( 'NONE', ( #1415 ), #3774, .T. ) ;
#1118 = CIRCLE ( 'NONE', #5405, 0.5999999999999998668 ) ;
#1119 = CARTESIAN_POINT ( 'NONE',  ( 47.60000000000001563, 0.000000000000000000, 39.40000000000000568 ) ) ;
#1120 = VECTOR ( 'NONE', #3452, 1000.000000000000000 ) ;
#1121 = VERTEX_POINT ( 'NONE', #1302 ) ;
#1122 = CARTESIAN_POINT ( 'NONE',  ( 37.50000000000000000, 0.5999999999999998668, -1.999999999999982236 ) ) ;
#1123 = CARTESIAN_POINT ( 'NONE',  ( 19.50000000000000355, 0.000000000000000000, -1.999999999999982236 ) ) ;
#1124 = VERTEX_POINT ( 'NONE', #4817 ) ;
#1125 = DIRECTION ( 'NONE',  ( 1.000000000000000000, 0.000000000000000000, 0.000000000000000000 ) ) ;
#1126 = EDGE_CURVE ( 'NONE', #5690, #2850, #2610, .T. ) ;
#1127 = DIRECTION ( 'NONE',  ( 0.000000000000000000, 0.000000000000000000, 1.000000000000000000 ) ) ;
#1128 = VERTEX_POINT ( 'NONE', #4260 ) ;
#1129 = CARTESIAN_POINT ( 'NONE',  ( 18.00000000000000355, 0.5999999999999999778, 18.50000000000000355 ) ) ;
#1130 = FACE_OUTER_BOUND ( 'NONE', #900, .T. ) ;
#1131 = CARTESIAN_POINT ( 'NONE',  ( -39.00000000000000000, 0.5986662425815270083, 37.46743680382930108 ) ) ;
#1132 = FACE_OUTER_BOUND ( 'NONE', #4779, .T. ) ;
#1133 = EDGE_CURVE ( 'NONE', #2592, #3864, #5409, .T. ) ;
#1134 = CARTESIAN_POINT ( 'NONE',  ( 49.00000000000001421, 0.5999999999999998668, 37.56696972201766727 ) ) ;
#1135 = ORIENTED_EDGE ( 'NONE', *, *, #3770, .F. ) ;
#1136 = CARTESIAN_POINT ( 'NONE',  ( 38.38959468892683446, -0.3515238391127470940, -38.71401339719970025 ) ) ;
#1137 = ORIENTED_EDGE ( 'NONE', *, *, #4164, .F. ) ;
#1138 = ORIENTED_EDGE ( 'NONE', *, *, #6709, .T. ) ;
#1139 = DIRECTION ( 'NONE',  ( 0.000000000000000000, -0.000000000000000000, 1.000000000000000000 ) ) ;
#1140 = CARTESIAN_POINT ( 'NONE',  ( -38.71862343054893785, -0.3272423796529165818, 38.37762866859260669 ) ) ;
#1141 = CARTESIAN_POINT ( 'NONE',  ( -38.00000000000000711, -1.600000000000000089, -39.69089023002066341 ) ) ;
#1142 = ORIENTED_EDGE ( 'NONE', *, *, #3105, .T. ) ;
#1143 = VERTEX_POINT ( 'NONE', #5057 ) ;
#1144 = DIRECTION ( 'NONE',  ( 0.000000000000000000, 1.000000000000000000, -0.000000000000000000 ) ) ;
#1145 = EDGE_LOOP ( 'NONE', ( #5093, #4452, #5024, #531, #6095 ) ) ;
#1146 = CARTESIAN_POINT ( 'NONE',  ( 38.00000000000000711, -0.6000000000000000888, 39.39999999999999858 ) ) ;
#1147 = EDGE_CURVE ( 'NONE', #2614, #1250, #994, .T. ) ;
#1148 = DIRECTION ( 'NONE',  ( 0.000000000000000000, -0.000000000000000000, -1.000000000000000000 ) ) ;
#1149 = CARTESIAN_POINT ( 'NONE',  ( 18.00000000000000355, 0.5999999999999998668, -3.499999999999982236 ) ) ;
#1150 = DIRECTION ( 'NONE',  ( -0.000000000000000000, 1.000000000000000000, -0.000000000000000000 ) ) ;
#1151 = ORIENTED_EDGE ( 'NONE', *, *, #3463, .F. ) ;
#1152 = DIRECTION ( 'NONE',  ( -1.000000000000000000, 0.000000000000000000, 0.000000000000000000 ) ) ;
#1153 = VECTOR ( 'NONE', #2545, 1000.000000000000114 ) ;
#1154 = DIRECTION ( 'NONE',  ( 0.000000000000000000, 1.000000000000000000, -0.000000000000000000 ) ) ;
#1155 = ORIENTED_EDGE ( 'NONE', *, *, #5804, .T. ) ;
#1156 = EDGE_CURVE ( 'NONE', #2477, #869, #4930, .T. ) ;
#1157 = CARTESIAN_POINT ( 'NONE',  ( 37.53403942292446516, -0.008753721735868030471, -39.59351278284731990 ) ) ;
#1158 = AXIS2_PLACEMENT_3D ( 'NONE', #598, #1741, #1702 ) ;
#1159 = EDGE_CURVE ( 'NONE', #2650, #6307, #3590, .T. ) ;
#1160 = CIRCLE ( 'NONE', #7172, 0.6000000000000033085 ) ;
#1161 = DIRECTION ( 'NONE',  ( 0.000000000000000000, 0.000000000000000000, -1.000000000000000000 ) ) ;
#1162 = ORIENTED_EDGE ( 'NONE', *, *, #4906, .F. ) ;
#1163 = CARTESIAN_POINT ( 'NONE',  ( 32.50000000000001421, 0.5999999999999999778, 20.60000000000000497 ) ) ;
#1164 = EDGE_CURVE ( 'NONE', #6662, #2365, #2234, .T. ) ;
#1165 = CIRCLE ( 'NONE', #5208, 0.5999999999999998668 ) ;
#1166 = TOROIDAL_SURFACE ( 'NONE', #3142, 1.100000000000000089, 0.4000000000000000222 ) ;
#1167 = CARTESIAN_POINT ( 'NONE',  ( -48.99999999999999289, -0.3072814316987141359, 39.16099479604514499 ) ) ;
#1168 = EDGE_CURVE ( 'NONE', #1895, #2888, #6898, .T. ) ;
#1169 = DIRECTION ( 'NONE',  ( 0.000000000000000000, 0.000000000000000000, 1.000000000000000000 ) ) ;
#1170 = CARTESIAN_POINT ( 'NONE',  ( -38.71858560628242429, -0.3273675707284867675, -38.37768159353500863 ) ) ;
#1171 = CARTESIAN_POINT ( 'NONE',  ( 34.00000000000001421, 2.399999999999999467, 18.50000000000000000 ) ) ;
#1172 = AXIS2_PLACEMENT_3D ( 'NONE', #4957, #3089, #3129 ) ;
#1173 = VECTOR ( 'NONE', #2609, 999.9999999999998863 ) ;
#1174 = DIRECTION ( 'NONE',  ( 0.000000000000000000, 0.000000000000000000, 1.000000000000000000 ) ) ;
#1175 = ORIENTED_EDGE ( 'NONE', *, *, #2561, .T. ) ;
#1176 = DIRECTION ( 'NONE',  ( -1.000000000000000000, 0.000000000000000000, 0.000000000000000000 ) ) ;
#1177 = VERTEX_POINT ( 'NONE', #5677 ) ;
#1178 = EDGE_LOOP ( 'NONE', ( #1090, #953, #3579, #2065 ) ) ;
#1179 = DIRECTION ( 'NONE',  ( 1.000000000000000000, -0.000000000000000000, -0.000000000000000000 ) ) ;
#1180 = ADVANCED_FACE ( 'NONE', ( #2759 ), #2727, .F. ) ;
#1181 = VECTOR ( 'NONE', #1922, 1000.000000000000000 ) ;
#1182 = LINE ( 'NONE', #4171, #4432 ) ;
#1183 = CYLINDRICAL_SURFACE ( 'NONE', #4264, 0.3999999999999981903 ) ;
#1184 = VERTEX_POINT ( 'NONE', #4486 ) ;
#1185 = DIRECTION ( 'NONE',  ( 0.000000000000000000, -1.000000000000000000, 0.000000000000000000 ) ) ;
#1186 = AXIS2_PLACEMENT_3D ( 'NONE', #5188, #4046, #6961 ) ;
#1187 = ORIENTED_EDGE ( 'NONE', *, *, #4219, .F. ) ;
#1188 = VERTEX_POINT ( 'NONE', #1634 ) ;
#1189 = CARTESIAN_POINT ( 'NONE',  ( 18.00000000000000355, 0.5999999999999998668, -1.999999999999982236 ) ) ;
#1190 = DIRECTION ( 'NONE',  ( 0.000000000000000000, -0.7071067811865583419, -0.7071067811865368036 ) ) ;
#1191 = DIRECTION ( 'NONE',  ( 0.000000000000000000, 0.000000000000000000, -1.000000000000000000 ) ) ;
#1192 = CARTESIAN_POINT ( 'NONE',  ( -47.60000000000000142, -0.6000000000000000888, 39.39999999999999858 ) ) ;
#1193 = VERTEX_POINT ( 'NONE', #7405 ) ;
#1194 = B_SPLINE_CURVE_WITH_KNOTS ( 'NONE', 3,
 ( #7306, #6730, #1463, #3289 ),
 .UNSPECIFIED., .F., .F.,
 ( 4, 4 ),
 ( 0.000000000000000000, 4.917209685198391456E-05 ),
 .UNSPECIFIED. ) ;
#1195 = DIRECTION ( 'NONE',  ( -1.000000000000000000, 0.000000000000000000, 0.000000000000000000 ) ) ;
#1196 = CARTESIAN_POINT ( 'NONE',  ( 48.99999999999999289, 0.4258171591474318451, -38.30134071039224608 ) ) ;
#1197 = ORIENTED_EDGE ( 'NONE', *, *, #4446, .F. ) ;
#1198 = AXIS2_PLACEMENT_3D ( 'NONE', #2110, #6792, #2611 ) ;
#1199 = DIRECTION ( 'NONE',  ( 0.000000000000000000, 0.000000000000000000, -1.000000000000000000 ) ) ;
#1200 = EDGE_CURVE ( 'NONE', #2748, #4901, #3968, .T. ) ;
#1201 = CARTESIAN_POINT ( 'NONE',  ( 10.50000000000000178, 0.5999999999999998668, 39.00000000000000000 ) ) ;
#1202 = CIRCLE ( 'NONE', #231, 1.399999999999998579 ) ;
#1203 = ORIENTED_EDGE ( 'NONE', *, *, #1777, .F. ) ;
#1204 = CARTESIAN_POINT ( 'NONE',  ( -44.00000000000000711, -1.600000000000000089, 49.00000000000000000 ) ) ;
#1205 = EDGE_CURVE ( 'NONE', #7476, #4768, #2105, .T. ) ;
#1206 = DIRECTION ( 'NONE',  ( -0.000000000000000000, 1.000000000000000000, -0.000000000000000000 ) ) ;
#1207 = CARTESIAN_POINT ( 'NONE',  ( 29.23999999999999133, 0.9999999999999997780, -40.50000000000000000 ) ) ;
#1208 = CARTESIAN_POINT ( 'NONE',  ( -39.00117676071661066, -0.03484235966224096676, -37.77997810518090915 ) ) ;
#1209 = CARTESIAN_POINT ( 'NONE',  ( -2.740000000000006875, 2.399999999999999467, -40.50000000000000000 ) ) ;
#1210 = EDGE_CURVE ( 'NONE', #3030, #824, #4411, .T. ) ;
#1211 = DIRECTION ( 'NONE',  ( -1.000000000000000000, 0.000000000000000000, -1.508455196501573796E-15 ) ) ;
#1212 = ORIENTED_EDGE ( 'NONE', *, *, #5939, .F. ) ;
#1213 = DIRECTION ( 'NONE',  ( 0.000000000000000000, 0.000000000000000000, 1.000000000000000000 ) ) ;
#1214 = EDGE_LOOP ( 'NONE', ( #1558, #1953, #1458, #221 ) ) ;
#1215 = ORIENTED_EDGE ( 'NONE', *, *, #5825, .T. ) ;
#1216 = CARTESIAN_POINT ( 'NONE',  ( 37.45114222751231381, -0.001997110768837779757, -39.59766279253700105 ) ) ;
#1217 = CARTESIAN_POINT ( 'NONE',  ( 48.99999999999999289, 2.399999999999999911, -49.00000000000000000 ) ) ;
#1218 = FACE_OUTER_BOUND ( 'NONE', #3768, .T. ) ;
#1219 = EDGE_LOOP ( 'NONE', ( #1044, #6352, #2589, #7450 ) ) ;
#1220 = CARTESIAN_POINT ( 'NONE',  ( 44.35000000000000142, 1.399999999999999689, 31.84999999999999076 ) ) ;
#1221 = EDGE_CURVE ( 'NONE', #4648, #2667, #6830, .T. ) ;
#1222 = CARTESIAN_POINT ( 'NONE',  ( 12.60000000000000142, 0.000000000000000000, -1.999999999999982236 ) ) ;
#1223 = VERTEX_POINT ( 'NONE', #6754 ) ;
#1224 = ORIENTED_EDGE ( 'NONE', *, *, #6930, .T. ) ;
#1225 = CARTESIAN_POINT ( 'NONE',  ( -37.50000000000000711, -1.600000000000000089, -37.50000000000000000 ) ) ;
#1226 = FACE_OUTER_BOUND ( 'NONE', #4732, .T. ) ;
#1227 = CARTESIAN_POINT ( 'NONE',  ( -39.00000000000000711, 0.5986662425815280075, -37.46743680382928687 ) ) ;
#1228 = DIRECTION ( 'NONE',  ( 0.000000000000000000, 0.000000000000000000, 1.000000000000000000 ) ) ;
#1229 = EDGE_CURVE ( 'NONE', #5637, #5938, #920, .T. ) ;
#1230 = ORIENTED_EDGE ( 'NONE', *, *, #5023, .F. ) ;
#1231 = MANIFOLD_SOLID_BREP ( '倒角1', #5132 ) ;
#1232 = DIRECTION ( 'NONE',  ( 0.000000000000000000, 1.000000000000000000, 0.000000000000000000 ) ) ;
#1233 = AXIS2_PLACEMENT_3D ( 'NONE', #2785, #5546, #2626 ) ;
#1234 = DIRECTION ( 'NONE',  ( 0.000000000000000000, 0.000000000000000000, 1.000000000000000000 ) ) ;
#1235 = ORIENTED_EDGE ( 'NONE', *, *, #4208, .F. ) ;
#1236 = VECTOR ( 'NONE', #5033, 1000.000000000000000 ) ;
#1237 = CARTESIAN_POINT ( 'NONE',  ( -38.09389229243313224, -0.2143443885803023030, 38.89440196003095451 ) ) ;
#1238 = AXIS2_PLACEMENT_3D ( 'NONE', #2406, #4739, #7094 ) ;
#1239 = DIRECTION ( 'NONE',  ( 0.000000000000000000, -0.000000000000000000, -1.000000000000000000 ) ) ;
#1240 = EDGE_LOOP ( 'NONE', ( #7259, #1726, #5975, #5018 ) ) ;
#1241 = DIRECTION ( 'NONE',  ( 0.000000000000000000, 0.000000000000000000, -1.000000000000000000 ) ) ;
#1242 = EDGE_CURVE ( 'NONE', #4335, #3695, #5134, .T. ) ;
#1243 = DIRECTION ( 'NONE',  ( -4.785444071660164846E-16, 0.000000000000000000, -1.000000000000000000 ) ) ;
#1244 = CIRCLE ( 'NONE', #1004, 0.8999999999999998002 ) ;
#1245 = CARTESIAN_POINT ( 'NONE',  ( 33.03800515403966642, 0.9999999999999997780, 27.86368955628693200 ) ) ;
#1246 = DIRECTION ( 'NONE',  ( 0.000000000000000000, 0.000000000000000000, 1.000000000000000000 ) ) ;
#1247 = DIRECTION ( 'NONE',  ( 0.000000000000000000, -1.000000000000000000, 0.000000000000000000 ) ) ;
#1248 = CIRCLE ( 'NONE', #1614, 2.000000000000001776 ) ;
#1249 = DIRECTION ( 'NONE',  ( -1.632680918566407286E-16, -0.000000000000000000, -1.000000000000000000 ) ) ;
#1250 = VERTEX_POINT ( 'NONE', #2651 ) ;
#1251 = CARTESIAN_POINT ( 'NONE',  ( -37.76811844554601549, 0.5159752702927798973, -38.97991788621074960 ) ) ;
#1252 = EDGE_LOOP ( 'NONE', ( #657, #5087, #368, #680 ) ) ;
#1253 = EDGE_LOOP ( 'NONE', ( #1588, #4158, #6208, #5978 ) ) ;
#1254 = DIRECTION ( 'NONE',  ( -1.000000000000000000, 0.000000000000000000, 0.000000000000000000 ) ) ;
#1255 = CARTESIAN_POINT ( 'NONE',  ( -39.01424503275028854, 0.008157924229266665106, 37.53267434198766495 ) ) ;
#1256 = DIRECTION ( 'NONE',  ( 0.000000000000000000, 1.000000000000000000, 0.000000000000000000 ) ) ;
#1257 = AXIS2_PLACEMENT_3D ( 'NONE', #6600, #2606, #1987 ) ;
#1258 = ORIENTED_EDGE ( 'NONE', *, *, #4164, .T. ) ;
#1259 = EDGE_CURVE ( 'NONE', #5920, #76, #5292, .T. ) ;
#1260 = CARTESIAN_POINT ( 'NONE',  ( 37.50000000000000000, -7.600000000000000533, -10.99999999999999112 ) ) ;
#1261 = VERTEX_POINT ( 'NONE', #4663 ) ;
#1262 = DIRECTION ( 'NONE',  ( -1.000000000000000000, 0.000000000000000000, -0.000000000000000000 ) ) ;
#1263 = ADVANCED_FACE ( 'NONE', ( #2916 ), #4030, .F. ) ;
#1264 = CARTESIAN_POINT ( 'NONE',  ( 30.73999999999999133, 0.9999999999999997780, -40.50000000000000000 ) ) ;
#1265 = CARTESIAN_POINT ( 'NONE',  ( -39.00000000000000711, 0.5999999999999999778, -37.40206632590398073 ) ) ;
#1266 = ADVANCED_FACE ( 'NONE', ( #3415 ), #2347, .F. ) ;
#1267 = DIRECTION ( 'NONE',  ( -0.000000000000000000, -1.000000000000000000, -0.000000000000000000 ) ) ;
#1268 = CARTESIAN_POINT ( 'NONE',  ( -1.840000000000011848, 0.5999999999999999778, -2.127927463864897256E-16 ) ) ;
#1269 = EDGE_LOOP ( 'NONE', ( #1662, #7442, #5191, #4633 ) ) ;
#1270 = FACE_OUTER_BOUND ( 'NONE', #2780, .T. ) ;
#1271 = EDGE_LOOP ( 'NONE', ( #4634, #1215, #1935, #6625, #3074, #4250, #6278, #1893, #5857, #121 ) ) ;
#1272 = CARTESIAN_POINT ( 'NONE',  ( 37.50000000000000711, 0.5999999999999999778, 10.99999999999999645 ) ) ;
#1273 = EDGE_CURVE ( 'NONE', #1943, #4687, #1787, .T. ) ;
#1274 = CARTESIAN_POINT ( 'NONE',  ( -37.98134938246936088, -0.2699558860651961600, 39.21158196771435911 ) ) ;
#1275 = FACE_OUTER_BOUND ( 'NONE', #4719, .T. ) ;
#1276 = ORIENTED_EDGE ( 'NONE', *, *, #1030, .T. ) ;
#1277 = CARTESIAN_POINT ( 'NONE',  ( 37.45114222751231381, -0.001997110768837779757, -39.59766279253700105 ) ) ;
#1278 = CARTESIAN_POINT ( 'NONE',  ( 39.00137927649487324, -0.03446893822133362956, -37.77896668743690611 ) ) ;
#1279 = AXIS2_PLACEMENT_3D ( 'NONE', #5242, #2316, #672 ) ;
#1280 = CIRCLE ( 'NONE', #4955, 0.5999999999999998668 ) ;
#1281 = DIRECTION ( 'NONE',  ( 0.000000000000000000, 1.000000000000000000, 0.000000000000000000 ) ) ;
#1282 = DIRECTION ( 'NONE',  ( 1.000000000000000000, 0.000000000000000000, 0.000000000000000000 ) ) ;
#1283 = CARTESIAN_POINT ( 'NONE',  ( 49.00000000000002132, 0.007587539610359719279, 38.24525592695540155 ) ) ;
#1284 = AXIS2_PLACEMENT_3D ( 'NONE', #2371, #6522, #43 ) ;
#1285 = CARTESIAN_POINT ( 'NONE',  ( 37.40206632590398783, 1.084202172485504434E-16, -39.60000000000000142 ) ) ;
#1286 = EDGE_LOOP ( 'NONE', ( #3843, #3162, #1151, #6569, #4409 ) ) ;
#1287 = CARTESIAN_POINT ( 'NONE',  ( 37.40000000000000568, 0.000000000000000000, 39.39999999999999858 ) ) ;
#1288 = CIRCLE ( 'NONE', #4236, 0.3999999999999993006 ) ;
#1289 = CIRCLE ( 'NONE', #6562, 2.000000000000001776 ) ;
#1290 = EDGE_LOOP ( 'NONE', ( #4071, #6028, #5315, #7543 ) ) ;
#1291 = CARTESIAN_POINT ( 'NONE',  ( -39.00000000000000711, 2.399999999999999467, -37.50000000000000000 ) ) ;
#1292 = PRODUCT_DEFINITION_FORMATION_WITH_SPECIFIED_SOURCE ( '任何', '', #5127, .NOT_KNOWN. ) ;
#1293 = CARTESIAN_POINT ( 'NONE',  ( 22.65000000000000568, 1.399999999999999689, 46.24999999999998579 ) ) ;
#1294 = AXIS2_PLACEMENT_3D ( 'NONE', #4616, #4050, #6379 ) ;
#1295 = CARTESIAN_POINT ( 'NONE',  ( -39.59766279253700105, -0.001997110768838547372, 37.45114222751231381 ) ) ;
#1296 = ORIENTED_EDGE ( 'NONE', *, *, #2246, .F. ) ;
#1297 = EDGE_CURVE ( 'NONE', #3467, #1128, #7383, .T. ) ;
#1298 = LINE ( 'NONE', #5403, #7114 ) ;
#1299 = ORIENTED_EDGE ( 'NONE', *, *, #3780, .T. ) ;
#1300 = VECTOR ( 'NONE', #82, 1000.000000000000000 ) ;
#1301 = DIRECTION ( 'NONE',  ( -1.000000000000000000, 0.000000000000000000, 0.000000000000000000 ) ) ;
#1302 = CARTESIAN_POINT ( 'NONE',  ( 45.32500000000000284, 0.9999999999999997780, 14.56000000000000583 ) ) ;
#1303 = CARTESIAN_POINT ( 'NONE',  ( -39.23559074232051103, -0.4901682510479929422, -48.99994091702041743 ) ) ;
#1304 = AXIS2_PLACEMENT_3D ( 'NONE', #653, #5836, #5179 ) ;
#1305 = CARTESIAN_POINT ( 'NONE',  ( 37.65000000000000568, 2.399999999999999911, 33.34999999999999432 ) ) ;
#1306 = CARTESIAN_POINT ( 'NONE',  ( 38.00000000000000711, -1.600000000000000089, -39.69089023002065630 ) ) ;
#1307 = EDGE_CURVE ( 'NONE', #2250, #4383, #3354, .T. ) ;
#1308 = VECTOR ( 'NONE', #1301, 1000.000000000000000 ) ;
#1309 = ORIENTED_EDGE ( 'NONE', *, *, #2399, .F. ) ;
#1310 = DIRECTION ( 'NONE',  ( 0.000000000000000000, 1.000000000000000000, -0.000000000000000000 ) ) ;
#1311 = ORIENTED_EDGE ( 'NONE', *, *, #5856, .T. ) ;
#1312 = EDGE_CURVE ( 'NONE', #5963, #3719, #5824, .T. ) ;
#1313 = CARTESIAN_POINT ( 'NONE',  ( -38.00000000000000711, -0.6000000000000000888, 47.60000000000000142 ) ) ;
#1314 = DIRECTION ( 'NONE',  ( 0.000000000000000000, -1.000000000000000000, 0.000000000000000000 ) ) ;
#1315 = CARTESIAN_POINT ( 'NONE',  ( -38.43169880258366788, -0.4638189116568672832, 38.67749955691146369 ) ) ;
#1316 = CARTESIAN_POINT ( 'NONE',  ( -38.30133442569439950, 0.4258201658799760647, -49.00000000000000711 ) ) ;
#1317 = ORIENTED_EDGE ( 'NONE', *, *, #7002, .F. ) ;
#1318 = CARTESIAN_POINT ( 'NONE',  ( -38.92510749585322571, 0.3445815521580239404, -37.98066329814014352 ) ) ;
#1319 = EDGE_CURVE ( 'NONE', #4516, #7332, #1677, .T. ) ;
#1320 = VECTOR ( 'NONE', #6355, 1000.000000000000000 ) ;
#1321 = CARTESIAN_POINT ( 'NONE',  ( 39.00000000000002842, 0.5960057784623206123, -37.50000000000002842 ) ) ;
#1322 = CARTESIAN_POINT ( 'NONE',  ( 44.00000000000000711, -1.600000000000000089, 41.89999999999999147 ) ) ;
#1323 = CARTESIAN_POINT ( 'NONE',  ( 35.35000000000000853, 1.399999999999999689, 34.55529936623838694 ) ) ;
#1324 = CIRCLE ( 'NONE', #6596, 4.999999999999997335 ) ;
#1325 = ORIENTED_EDGE ( 'NONE', *, *, #5173, .F. ) ;
#1326 = CARTESIAN_POINT ( 'NONE',  ( 37.49999999999999289, 2.399999999999999911, -39.00000000000000000 ) ) ;
#1327 = ORIENTED_EDGE ( 'NONE', *, *, #934, .F. ) ;
#1328 = DIRECTION ( 'NONE',  ( 0.000000000000000000, 0.000000000000000000, -1.000000000000000000 ) ) ;
#1329 = EDGE_CURVE ( 'NONE', #3807, #4009, #533, .T. ) ;
#1330 = ORIENTED_EDGE ( 'NONE', *, *, #5173, .T. ) ;
#1331 = VERTEX_POINT ( 'NONE', #1067 ) ;
#1332 = VERTEX_POINT ( 'NONE', #4630 ) ;
#1333 = DIRECTION ( 'NONE',  ( 0.000000000000000000, -1.000000000000000000, 0.000000000000000000 ) ) ;
#1334 = CARTESIAN_POINT ( 'NONE',  ( 37.56696972201767437, -1.084202172485504434E-16, 49.00000000000000000 ) ) ;
#1335 = CARTESIAN_POINT ( 'NONE',  ( 44.22500000000000142, 2.399999999999999911, 17.66000000000000369 ) ) ;
#1336 = ORIENTED_EDGE ( 'NONE', *, *, #3479, .T. ) ;
#1337 = DIRECTION ( 'NONE',  ( 0.000000000000000000, 0.000000000000000000, -1.000000000000000000 ) ) ;
#1338 = ORIENTED_EDGE ( 'NONE', *, *, #5993, .F. ) ;
#1339 = DIRECTION ( 'NONE',  ( 0.000000000000000000, 0.000000000000000000, 1.000000000000000000 ) ) ;
#1340 = CARTESIAN_POINT ( 'NONE',  ( 18.00000000000000355, 0.000000000000000000, 18.50000000000000355 ) ) ;
#1341 = EDGE_CURVE ( 'NONE', #3973, #3151, #4438, .T. ) ;
#1342 = CARTESIAN_POINT ( 'NONE',  ( 39.40000000000000568, -0.6000000000000003109, 49.00000000000000000 ) ) ;
#1343 = DIRECTION ( 'NONE',  ( 0.000000000000000000, 0.000000000000000000, 1.000000000000000000 ) ) ;
#1344 = ORIENTED_EDGE ( 'NONE', *, *, #2335, .F. ) ;
#1345 = CARTESIAN_POINT ( 'NONE',  ( 42.62500000000000711, 0.9999999999999997780, 17.26000000000000156 ) ) ;
#1346 = EDGE_LOOP ( 'NONE', ( #3259, #5496, #6393, #7563 ) ) ;
#1347 = VERTEX_POINT ( 'NONE', #1216 ) ;
#1348 = CARTESIAN_POINT ( 'NONE',  ( -39.40000000000000568, -1.600000000000000311, 47.60000000000000142 ) ) ;
#1349 = EDGE_CURVE ( 'NONE', #3211, #2036, #6270, .T. ) ;
#1350 = CARTESIAN_POINT ( 'NONE',  ( -37.83628010586395618, -0.1578303906938179901, 39.39498128350527395 ) ) ;
#1351 = DIRECTION ( 'NONE',  ( 0.000000000000000000, 0.000000000000000000, -1.000000000000000000 ) ) ;
#1352 = ORIENTED_EDGE ( 'NONE', *, *, #6906, .T. ) ;
#1353 = DIRECTION ( 'NONE',  ( -0.000000000000000000, -0.000000000000000000, 1.000000000000000000 ) ) ;
#1354 = AXIS2_PLACEMENT_3D ( 'NONE', #2812, #648, #2991 ) ;
#1355 = FACE_OUTER_BOUND ( 'NONE', #5752, .T. ) ;
#1356 = CARTESIAN_POINT ( 'NONE',  ( 44.22500000000000142, 0.9999999999999997780, 16.16000000000000014 ) ) ;
#1357 = EDGE_CURVE ( 'NONE', #6999, #6128, #1732, .T. ) ;
#1358 = CARTESIAN_POINT ( 'NONE',  ( -37.50000000000000000, 0.5960057784623234989, 39.60000000000000142 ) ) ;
#1359 = VECTOR ( 'NONE', #2358, 1000.000000000000000 ) ;
#1360 = CARTESIAN_POINT ( 'NONE',  ( 37.50000000000000000, -7.600000000000000533, -1.999999999999982236 ) ) ;
#1361 = ORIENTED_EDGE ( 'NONE', *, *, #4948, .F. ) ;
#1362 = DIRECTION ( 'NONE',  ( 0.000000000000000000, 0.000000000000000000, -1.000000000000000000 ) ) ;
#1363 = ORIENTED_EDGE ( 'NONE', *, *, #6713, .T. ) ;
#1364 = ORIENTED_EDGE ( 'NONE', *, *, #3096, .T. ) ;
#1365 = ORIENTED_EDGE ( 'NONE', *, *, #4973, .F. ) ;
#1366 = AXIS2_PLACEMENT_3D ( 'NONE', #6851, #373, #6779 ) ;
#1367 = DIRECTION ( 'NONE',  ( 0.000000000000000000, 1.000000000000000000, -0.000000000000000000 ) ) ;
#1368 = CARTESIAN_POINT ( 'NONE',  ( -37.75867560200558870, 0.5999999999999999778, 48.99999999999998579 ) ) ;
#1369 = ADVANCED_FACE ( 'NONE', ( #1746 ), #6320, .T. ) ;
#1370 = DIRECTION ( 'NONE',  ( 1.632680918566407286E-16, 0.000000000000000000, 1.000000000000000000 ) ) ;
#1371 = ORIENTED_EDGE ( 'NONE', *, *, #147, .F. ) ;
#1372 = DIRECTION ( 'NONE',  ( -1.000000000000000000, 0.000000000000000000, 0.000000000000000000 ) ) ;
#1373 =( NAMED_UNIT ( * ) SI_UNIT ( $, .STERADIAN. ) SOLID_ANGLE_UNIT ( ) );
#1374 = ORIENTED_EDGE ( 'NONE', *, *, #1273, .F. ) ;
#1375 = CARTESIAN_POINT ( 'NONE',  ( -37.50000000000001421, 2.399999999999999467, -9.499999999999991118 ) ) ;
#1376 = CARTESIAN_POINT ( 'NONE',  ( -49.00000000000000000, -0.02999980082826262523, 38.90482994622657742 ) ) ;
#1377 = DIRECTION ( 'NONE',  ( -0.000000000000000000, 1.000000000000000000, -0.000000000000000000 ) ) ;
#1378 = CARTESIAN_POINT ( 'NONE',  ( -39.59434701117638866, -0.007395513865662270425, 37.51737550326986081 ) ) ;
#1379 = DIRECTION ( 'NONE',  ( 0.000000000000000000, 0.000000000000000000, -1.000000000000000000 ) ) ;
#1380 = VERTEX_POINT ( 'NONE', #2362 ) ;
#1381 = DIRECTION ( 'NONE',  ( 0.000000000000000000, 0.000000000000000000, 1.000000000000000000 ) ) ;
#1382 = ORIENTED_EDGE ( 'NONE', *, *, #902, .F. ) ;
#1383 = DIRECTION ( 'NONE',  ( 0.000000000000000000, 0.000000000000000000, -1.000000000000000000 ) ) ;
#1384 = CARTESIAN_POINT ( 'NONE',  ( 29.83999999999999275, 0.000000000000000000, 0.000000000000000000 ) ) ;
#1385 = CARTESIAN_POINT ( 'NONE',  ( 37.93943609509732084, 0.3847611793457304530, -38.93807484490486104 ) ) ;
#1386 = DIRECTION ( 'NONE',  ( -0.000000000000000000, -0.000000000000000000, -1.000000000000000000 ) ) ;
#1387 = ORIENTED_EDGE ( 'NONE', *, *, #3982, .F. ) ;
#1388 = EDGE_CURVE ( 'NONE', #4287, #4865, #3707, .T. ) ;
#1389 = DIRECTION ( 'NONE',  ( -0.000000000000000000, -1.000000000000000000, -0.000000000000000000 ) ) ;
#1390 = B_SPLINE_CURVE_WITH_KNOTS ( 'NONE', 3,
 ( #6801, #6227, #4765, #1857, #7121, #4200, #3634, #6540, #5389, #4604 ),
 .UNSPECIFIED., .F., .F.,
 ( 4, 2, 2, 2, 4 ),
 ( -7.709892134888997632E-06, 0.0005028143922865985780, 0.001013338676708086181, 0.001523862961129573675, 0.002034387245551061603 ),
 .UNSPECIFIED. ) ;
#1391 = CARTESIAN_POINT ( 'NONE',  ( 38.70959187177673044, -0.4979511179803451926, -38.39480228325827937 ) ) ;
#1392 = DIRECTION ( 'NONE',  ( 0.9966790437443339146, -0.08143023861490565618, 0.000000000000000000 ) ) ;
#1393 = EDGE_CURVE ( 'NONE', #2587, #1124, #606, .T. ) ;
#1394 = DIRECTION ( 'NONE',  ( -0.000000000000000000, 0.000000000000000000, 1.000000000000000000 ) ) ;
#1395 = ORIENTED_EDGE ( 'NONE', *, *, #4898, .T. ) ;
#1396 = CARTESIAN_POINT ( 'NONE',  ( -44.00000000000000711, 2.200000000000000178, -42.10000000000000142 ) ) ;
#1397 = EDGE_LOOP ( 'NONE', ( #725, #4245, #7021, #4881 ) ) ;
#1398 = EDGE_CURVE ( 'NONE', #5419, #20, #7256, .T. ) ;
#1399 = ORIENTED_EDGE ( 'NONE', *, *, #153, .F. ) ;
#1400 = ORIENTED_EDGE ( 'NONE', *, *, #1435, .T. ) ;
#1401 = ORIENTED_EDGE ( 'NONE', *, *, #2145, .T. ) ;
#1402 = EDGE_CURVE ( 'NONE', #68, #6307, #5779, .T. ) ;
#1403 = AXIS2_PLACEMENT_3D ( 'NONE', #5385, #6537, #96 ) ;
#1404 = CARTESIAN_POINT ( 'NONE',  ( 12.00000000000000178, 2.399999999999999911, 37.50000000000000000 ) ) ;
#1405 = CARTESIAN_POINT ( 'NONE',  ( 38.61518125616986907, -0.3149998928751826521, 48.85371705621214744 ) ) ;
#1406 = AXIS2_PLACEMENT_3D ( 'NONE', #4500, #6332, #6258 ) ;
#1407 = AXIS2_PLACEMENT_3D ( 'NONE', #4792, #3736, #6062 ) ;
#1408 = LINE ( 'NONE', #3683, #7462 ) ;
#1409 = ORIENTED_EDGE ( 'NONE', *, *, #47, .T. ) ;
#1410 = CARTESIAN_POINT ( 'NONE',  ( 43.99999999999999289, 2.399999999999999911, -43.99999999999999289 ) ) ;
#1411 = AXIS2_PLACEMENT_3D ( 'NONE', #2060, #302, #1520 ) ;
#1412 = ORIENTED_EDGE ( 'NONE', *, *, #5059, .T. ) ;
#1413 = EDGE_CURVE ( 'NONE', #4929, #832, #1248, .T. ) ;
#1414 = CARTESIAN_POINT ( 'NONE',  ( -39.69089023002066341, -0.6000000000000000888, 38.00000000000000000 ) ) ;
#1415 = FACE_OUTER_BOUND ( 'NONE', #3828, .T. ) ;
#1416 = AXIS2_PLACEMENT_3D ( 'NONE', #5053, #990, #1064 ) ;
#1417 = CARTESIAN_POINT ( 'NONE',  ( -38.73762170596454268, -0.1875914490198506979, -48.99999999999933920 ) ) ;
#1418 = DIRECTION ( 'NONE',  ( 1.000000000000000000, -0.000000000000000000, 0.000000000000000000 ) ) ;
#1419 = CARTESIAN_POINT ( 'NONE',  ( 47.60000000000001563, -0.5999999999999999778, 37.40000000000000568 ) ) ;
#1420 = CONICAL_SURFACE ( 'NONE', #6798, 1.899999999999999023, 0.7853981633974574939 ) ;
#1421 = TOROIDAL_SURFACE ( 'NONE', #3509, 2.100000000000000089, 0.5999999999999999778 ) ;
#1422 = ORIENTED_EDGE ( 'NONE', *, *, #1969, .F. ) ;
#1423 = CARTESIAN_POINT ( 'NONE',  ( 37.79223433386831488, -0.01910681387066068618, -48.47793950087201864 ) ) ;
#1424 = EDGE_LOOP ( 'NONE', ( #1325, #776, #1802, #6221 ) ) ;
#1425 = DIRECTION ( 'NONE',  ( 1.000000000000000000, 0.000000000000000000, 0.000000000000000000 ) ) ;
#1426 = CYLINDRICAL_SURFACE ( 'NONE', #2973, 1.899999999999999023 ) ;
#1427 = TOROIDAL_SURFACE ( 'NONE', #2407, 1.100000000000000089, 0.4000000000000000222 ) ;
#1428 = CARTESIAN_POINT ( 'NONE',  ( 37.40206632590398783, 0.000000000000000000, -39.60000000000000142 ) ) ;
#1429 = CARTESIAN_POINT ( 'NONE',  ( 44.22500000000000142, 0.9999999999999997780, 17.26000000000000156 ) ) ;
#1430 = EDGE_LOOP ( 'NONE', ( #5341, #4493, #5194 ) ) ;
#1431 = LINE ( 'NONE', #6734, #6566 ) ;
#1432 = VECTOR ( 'NONE', #5135, 1000.000000000000000 ) ;
#1433 = DIRECTION ( 'NONE',  ( 0.000000000000000000, 1.000000000000000000, 0.000000000000000000 ) ) ;
#1434 = CARTESIAN_POINT ( 'NONE',  ( 38.39147383274713121, -0.5503127696058036644, -38.71238375222269923 ) ) ;
#1435 = EDGE_CURVE ( 'NONE', #4415, #742, #144, .T. ) ;
#1436 = DIRECTION ( 'NONE',  ( -0.000000000000000000, 0.000000000000000000, 1.000000000000000000 ) ) ;
#1437 = CARTESIAN_POINT ( 'NONE',  ( 0.000000000000000000, -1.600000000000000089, -38.00000000000000000 ) ) ;
#1438 = ORIENTED_EDGE ( 'NONE', *, *, #6982, .T. ) ;
#1439 = CYLINDRICAL_SURFACE ( 'NONE', #5461, 1.399999999999998579 ) ;
#1440 = ORIENTED_EDGE ( 'NONE', *, *, #7342, .T. ) ;
#1441 = ORIENTED_EDGE ( 'NONE', *, *, #3942, .F. ) ;
#1442 = VERTEX_POINT ( 'NONE', #2598 ) ;
#1443 = EDGE_LOOP ( 'NONE', ( #793, #394, #3340, #1825 ) ) ;
#1444 = DIRECTION ( 'NONE',  ( -0.000000000000000000, 1.000000000000000000, 0.000000000000000000 ) ) ;
#1445 = AXIS2_PLACEMENT_3D ( 'NONE', #4942, #3199, #2071 ) ;
#1446 = CARTESIAN_POINT ( 'NONE',  ( -38.30133882614828167, 0.4258180508531293484, 49.00000000000000711 ) ) ;
#1447 = ADVANCED_FACE ( 'NONE', ( #7164 ), #5396, .F. ) ;
#1448 = FACE_OUTER_BOUND ( 'NONE', #1443, .T. ) ;
#1449 = VERTEX_POINT ( 'NONE', #761 ) ;
#1450 = CARTESIAN_POINT ( 'NONE',  ( 17.40000000000000213, 0.000000000000000000, -1.999999999999982236 ) ) ;
#1451 = ORIENTED_EDGE ( 'NONE', *, *, #4459, .T. ) ;
#1452 = CARTESIAN_POINT ( 'NONE',  ( -39.69089023002067051, -7.600000000000000533, -39.39999999999999858 ) ) ;
#1453 = CARTESIAN_POINT ( 'NONE',  ( -49.00000000000000000, 0.000000000000000000, 37.56696972201766727 ) ) ;
#1454 = CARTESIAN_POINT ( 'NONE',  ( -38.90482994622658452, -0.02999980082827116354, -49.00000000000000000 ) ) ;
#1455 = DIRECTION ( 'NONE',  ( 0.000000000000000000, 0.000000000000000000, 1.000000000000000000 ) ) ;
#1456 = EDGE_CURVE ( 'NONE', #149, #7045, #6626, .T. ) ;
#1457 = CARTESIAN_POINT ( 'NONE',  ( 23.75000000000000711, 2.399999999999999911, 46.24999999999998579 ) ) ;
#1458 = ORIENTED_EDGE ( 'NONE', *, *, #7274, .T. ) ;
#1459 = CARTESIAN_POINT ( 'NONE',  ( -37.53267434198767916, 0.008157924229581010878, -39.01424503275028144 ) ) ;
#1460 = VERTEX_POINT ( 'NONE', #3107 ) ;
#1461 = DIRECTION ( 'NONE',  ( 1.000000000000000000, -0.000000000000000000, 0.000000000000000000 ) ) ;
#1462 = DIRECTION ( 'NONE',  ( 0.000000000000000000, -1.000000000000000000, 0.000000000000000000 ) ) ;
#1463 = CARTESIAN_POINT ( 'NONE',  ( -39.59925818688578403, 1.910982295054071508E-16, 37.41844022969613803 ) ) ;
#1464 = EDGE_CURVE ( 'NONE', #6471, #545, #4809, .T. ) ;
#1465 = CARTESIAN_POINT ( 'NONE',  ( 49.00000000000002842, 0.05269805997486851773, 37.80182875086404692 ) ) ;
#1466 = CARTESIAN_POINT ( 'NONE',  ( 22.65000000000000568, 0.9999999999999997780, 46.24999999999998579 ) ) ;
#1467 = ORIENTED_EDGE ( 'NONE', *, *, #4668, .T. ) ;
#1468 = CARTESIAN_POINT ( 'NONE',  ( 37.49999999999999289, 2.399999999999999467, -37.50000000000000000 ) ) ;
#1469 = CARTESIAN_POINT ( 'NONE',  ( 37.50000000000000000, 2.399999999999999467, -3.499999999999982236 ) ) ;
#1470 = FACE_OUTER_BOUND ( 'NONE', #601, .T. ) ;
#1471 = CARTESIAN_POINT ( 'NONE',  ( 0.000000000000000000, 1.399999999999999689, 47.34999999999998721 ) ) ;
#1472 = DIRECTION ( 'NONE',  ( 0.000000000000000000, 0.000000000000000000, -1.000000000000000000 ) ) ;
#1473 = VECTOR ( 'NONE', #476, 1000.000000000000000 ) ;
#1474 = ORIENTED_EDGE ( 'NONE', *, *, #2851, .T. ) ;
#1475 = DIRECTION ( 'NONE',  ( 0.000000000000000000, 0.000000000000000000, -1.000000000000000000 ) ) ;
#1476 = ORIENTED_EDGE ( 'NONE', *, *, #3094, .F. ) ;
#1477 = ADVANCED_FACE ( 'NONE', ( #3600 ), #3187, .T. ) ;
#1478 = ORIENTED_EDGE ( 'NONE', *, *, #3430, .T. ) ;
#1479 = VECTOR ( 'NONE', #3440, 1000.000000000000000 ) ;
#1480 = ORIENTED_EDGE ( 'NONE', *, *, #4645, .F. ) ;
#1481 = EDGE_LOOP ( 'NONE', ( #2560, #3503, #4530 ) ) ;
#1482 = LINE ( 'NONE', #5083, #6807 ) ;
#1483 = TOROIDAL_SURFACE ( 'NONE', #2336, 2.100000000000000089, 0.5999999999999999778 ) ;
#1484 = DIRECTION ( 'NONE',  ( -1.000000000000000000, 0.000000000000000000, -1.508455196501573796E-15 ) ) ;
#1485 = CARTESIAN_POINT ( 'NONE',  ( 0.000000000000000000, -0.6000000000000000888, 37.39999999999999858 ) ) ;
#1486 = VERTEX_POINT ( 'NONE', #7206 ) ;
#1487 = CARTESIAN_POINT ( 'NONE',  ( -38.07808476618539828, -0.3457858154401367567, 39.07765819640487592 ) ) ;
#1488 = AXIS2_PLACEMENT_3D ( 'NONE', #981, #2711, #3939 ) ;
#1489 = EDGE_CURVE ( 'NONE', #224, #3223, #6890, .T. ) ;
#1490 = ORIENTED_EDGE ( 'NONE', *, *, #6768, .F. ) ;
#1491 = B_SPLINE_CURVE_WITH_KNOTS ( 'NONE', 3,
 ( #4024, #2282, #6971, #2398, #61, #4733, #1819, #4163 ),
 .UNSPECIFIED., .F., .F.,
 ( 4, 2, 2, 4 ),
 ( -6.928203230509003350E-06, 0.001124383097598328140, 0.001690038748012738816, 0.002255694398427149274 ),
 .UNSPECIFIED. ) ;
#1492 = CARTESIAN_POINT ( 'NONE',  ( 12.00000000000000178, 0.5999999999999998668, 39.00000000000000000 ) ) ;
#1493 = AXIS2_PLACEMENT_3D ( 'NONE', #33, #4699, #3559 ) ;
#1494 = CARTESIAN_POINT ( 'NONE',  ( 44.35000000000000142, 2.399999999999999911, 31.84999999999999076 ) ) ;
#1495 = AXIS2_PLACEMENT_3D ( 'NONE', #165, #7421, #4425 ) ;
#1496 = EDGE_CURVE ( 'NONE', #3322, #3864, #1938, .T. ) ;
#1497 = CARTESIAN_POINT ( 'NONE',  ( 49.00000000000001421, -0.5999999999999998668, 39.40000000000000568 ) ) ;
#1498 = VERTEX_POINT ( 'NONE', #2518 ) ;
#1499 = EDGE_CURVE ( 'NONE', #4989, #4321, #6047, .T. ) ;
#1500 = CARTESIAN_POINT ( 'NONE',  ( 38.03661827055787370, -0.08709142887629862939, -48.58416450377821150 ) ) ;
#1501 = ORIENTED_EDGE ( 'NONE', *, *, #1229, .T. ) ;
#1502 = CARTESIAN_POINT ( 'NONE',  ( -37.50000000000001421, 0.000000000000000000, -10.99999999999999112 ) ) ;
#1503 = CARTESIAN_POINT ( 'NONE',  ( -43.99999999999999289, 2.200000000000000178, 42.10000000000000142 ) ) ;
#1504 = EDGE_CURVE ( 'NONE', #1128, #5299, #4887, .T. ) ;
#1505 = B_SPLINE_CURVE_WITH_KNOTS ( 'NONE', 3,
 ( #1497, #926, #2694, #5021, #201, #4863, #7371, #4451 ),
 .UNSPECIFIED., .F., .F.,
 ( 4, 2, 2, 4 ),
 ( -6.928203230509644554E-06, 0.001124383097598303637, 0.001690038748012701953, 0.002255694398427100702 ),
 .UNSPECIFIED. ) ;
#1506 = PLANE ( 'NONE',  #1909 ) ;
#1507 = CARTESIAN_POINT ( 'NONE',  ( 49.00000000000001421, -0.4535354219881123639, 39.28041142539279207 ) ) ;
#1508 = CARTESIAN_POINT ( 'NONE',  ( 0.000000000000000000, -1.600000000000000089, -49.00000000000000000 ) ) ;
#1509 = ORIENTED_EDGE ( 'NONE', *, *, #37, .F. ) ;
#1510 = CARTESIAN_POINT ( 'NONE',  ( -39.28041142540045172, -0.4535354219816800092, 49.00000000000000000 ) ) ;
#1511 = EDGE_CURVE ( 'NONE', #149, #6980, #5084, .T. ) ;
#1512 = DIRECTION ( 'NONE',  ( 1.156482317317870344E-15, 0.000000000000000000, 1.000000000000000000 ) ) ;
#1513 = CARTESIAN_POINT ( 'NONE',  ( 35.63066652874363882, 2.399999999999999911, 33.96898892252533386 ) ) ;
#1514 = CARTESIAN_POINT ( 'NONE',  ( 29.23999999999999133, 0.5999999999999999778, -41.99999999999999289 ) ) ;
#1515 = CARTESIAN_POINT ( 'NONE',  ( 44.00000000000002842, -1.600000000000000089, 49.00000000000000000 ) ) ;
#1516 = ORIENTED_EDGE ( 'NONE', *, *, #7216, .T. ) ;
#1517 = CARTESIAN_POINT ( 'NONE',  ( 0.000000000000000000, 0.9999999999999997780, 28.24999999999999289 ) ) ;
#1518 = ORIENTED_EDGE ( 'NONE', *, *, #2320, .T. ) ;
#1519 = ORIENTED_EDGE ( 'NONE', *, *, #2529, .F. ) ;
#1520 = DIRECTION ( 'NONE',  ( 0.000000000000000000, 0.000000000000000000, 1.000000000000000000 ) ) ;
#1521 = DIRECTION ( 'NONE',  ( 1.000000000000000000, 0.000000000000000000, 0.000000000000000000 ) ) ;
#1522 = DIRECTION ( 'NONE',  ( 0.000000000000000000, 1.000000000000000000, 0.000000000000000000 ) ) ;
#1523 = ORIENTED_EDGE ( 'NONE', *, *, #3463, .T. ) ;
#1524 = CARTESIAN_POINT ( 'NONE',  ( 0.000000000000000000, 0.000000000000000000, 37.39999999999999858 ) ) ;
#1525 = ORIENTED_EDGE ( 'NONE', *, *, #5565, .F. ) ;
#1526 = ORIENTED_EDGE ( 'NONE', *, *, #1026, .F. ) ;
#1527 = DIRECTION ( 'NONE',  ( -0.000000000000000000, -1.000000000000000000, 0.000000000000000000 ) ) ;
#1528 = FACE_OUTER_BOUND ( 'NONE', #6843, .T. ) ;
#1529 = TOROIDAL_SURFACE ( 'NONE', #4476, 1.100000000000000089, 0.4000000000000000222 ) ;
#1530 = EDGE_CURVE ( 'NONE', #1460, #1184, #6069, .T. ) ;
#1531 = AXIS2_PLACEMENT_3D ( 'NONE', #5011, #6172, #955 ) ;
#1532 = CARTESIAN_POINT ( 'NONE',  ( -48.85371705621216165, -0.3149998928751598370, -38.61518125616985486 ) ) ;
#1533 = VERTEX_POINT ( 'NONE', #3720 ) ;
#1534 = CARTESIAN_POINT ( 'NONE',  ( -37.61497660827520662, -0.03299974604531454719, -39.56771066151485172 ) ) ;
#1535 = ORIENTED_EDGE ( 'NONE', *, *, #4307, .F. ) ;
#1536 = VECTOR ( 'NONE', #2825, 1000.000000000000000 ) ;
#1537 = EDGE_CURVE ( 'NONE', #6425, #3781, #3752, .T. ) ;
#1538 = AXIS2_PLACEMENT_3D ( 'NONE', #458, #4484, #7552 ) ;
#1539 = DIRECTION ( 'NONE',  ( 0.000000000000000000, 1.000000000000000000, -0.000000000000000000 ) ) ;
#1540 = DIRECTION ( 'NONE',  ( 0.000000000000000000, 0.000000000000000000, 1.000000000000000000 ) ) ;
#1541 = CARTESIAN_POINT ( 'NONE',  ( 23.75000000000000711, 1.399999999999999689, 47.74999999999998579 ) ) ;
#1542 = EDGE_CURVE ( 'NONE', #3964, #5034, #4478, .T. ) ;
#1543 = AXIS2_PLACEMENT_3D ( 'NONE', #507, #2845, #433 ) ;
#1544 = FACE_OUTER_BOUND ( 'NONE', #6459, .T. ) ;
#1545 = EDGE_CURVE ( 'NONE', #3411, #7357, #1160, .T. ) ;
#1546 = DIRECTION ( 'NONE',  ( 0.000000000000000000, -1.000000000000000000, -0.000000000000000000 ) ) ;
#1547 = ORIENTED_EDGE ( 'NONE', *, *, #5023, .T. ) ;
#1548 = DIRECTION ( 'NONE',  ( -0.000000000000000000, 1.000000000000000000, 0.000000000000000000 ) ) ;
#1549 = TOROIDAL_SURFACE ( 'NONE', #5838, 2.000000000000000000, 0.5999999999999999778 ) ;
#1550 = DIRECTION ( 'NONE',  ( 0.000000000000000000, 0.000000000000000000, -1.000000000000000000 ) ) ;
#1551 = CARTESIAN_POINT ( 'NONE',  ( -37.43476505088623441, 0.5999999990652309378, -39.00000000000000000 ) ) ;
#1552 = DIRECTION ( 'NONE',  ( 0.000000000000000000, -1.000000000000000000, 0.000000000000000000 ) ) ;
#1553 = CIRCLE ( 'NONE', #5844, 1.399999999999998579 ) ;
#1554 = EDGE_CURVE ( 'NONE', #554, #2166, #440, .T. ) ;
#1555 = CARTESIAN_POINT ( 'NONE',  ( -43.99999999999999289, -1.600000000000000089, 44.00000000000000000 ) ) ;
#1556 = ORIENTED_EDGE ( 'NONE', *, *, #909, .T. ) ;
#1557 = CARTESIAN_POINT ( 'NONE',  ( 45.32499999999999574, 0.9999999999999997780, 16.16000000000000014 ) ) ;
#1558 = ORIENTED_EDGE ( 'NONE', *, *, #56, .T. ) ;
#1559 = LINE ( 'NONE', #6240, #69 ) ;
#1560 = FACE_OUTER_BOUND ( 'NONE', #7035, .T. ) ;
#1561 = ORIENTED_EDGE ( 'NONE', *, *, #1504, .F. ) ;
#1562 = EDGE_CURVE ( 'NONE', #2667, #7497, #7052, .T. ) ;
#1563 = CARTESIAN_POINT ( 'NONE',  ( 43.99999999999999289, 2.200000000000000178, -45.89999999999999147 ) ) ;
#1564 = VERTEX_POINT ( 'NONE', #6821 ) ;
#1565 = DIRECTION ( 'NONE',  ( 0.000000000000000000, 0.000000000000000000, 1.000000000000000000 ) ) ;
#1566 = ORIENTED_EDGE ( 'NONE', *, *, #4759, .F. ) ;
#1567 = CIRCLE ( 'NONE', #3299, 0.6000000000000033085 ) ;
#1568 = FILL_AREA_STYLE_COLOUR ( '', #1006 ) ;
#1569 = CYLINDRICAL_SURFACE ( 'NONE', #1675, 1.500000000000000000 ) ;
#1570 = CARTESIAN_POINT ( 'NONE',  ( -49.00000000000000711, 0.1009695385000031476, -38.76832202241180880 ) ) ;
#1571 = VECTOR ( 'NONE', #1940, 1000.000000000000000 ) ;
#1572 = VERTEX_POINT ( 'NONE', #2790 ) ;
#1573 = CARTESIAN_POINT ( 'NONE',  ( -37.53361092837493374, -0.008718796929842094826, -39.59353424191882453 ) ) ;
#1574 = ORIENTED_EDGE ( 'NONE', *, *, #5620, .T. ) ;
#1575 = DIRECTION ( 'NONE',  ( -1.000000000000000000, -0.000000000000000000, -0.000000000000000000 ) ) ;
#1576 = EDGE_CURVE ( 'NONE', #306, #1460, #1559, .T. ) ;
#1577 = LINE ( 'NONE', #1077, #1647 ) ;
#1578 = CARTESIAN_POINT ( 'NONE',  ( -37.50000000000000711, 0.5999999999999998668, -1.999999999999982236 ) ) ;
#1579 = FACE_OUTER_BOUND ( 'NONE', #1145, .T. ) ;
#1580 = DIRECTION ( 'NONE',  ( 1.000000000000000000, 0.000000000000000000, 0.000000000000000000 ) ) ;
#1581 = ORIENTED_EDGE ( 'NONE', *, *, #3294, .F. ) ;
#1582 = CARTESIAN_POINT ( 'NONE',  ( 19.50000000000000355, 0.5999999999999998668, -1.999999999999982236 ) ) ;
#1583 = ADVANCED_FACE ( 'NONE', ( #7326 ), #1019, .T. ) ;
#1584 = B_SPLINE_CURVE_WITH_KNOTS ( 'NONE', 3,
 ( #6591, #4365, #4324, #6712, #1446, #5365, #1368, #3108 ),
 .UNSPECIFIED., .F., .F.,
 ( 4, 2, 2, 4 ),
 ( -6.928203230515170597E-06, 0.001124383097598333778, 0.001690038748012749874, 0.002255694398427166188 ),
 .UNSPECIFIED. ) ;
#1585 = FACE_OUTER_BOUND ( 'NONE', #6904, .T. ) ;
#1586 = EDGE_CURVE ( 'NONE', #3531, #4062, #3136, .T. ) ;
#1587 = DIRECTION ( 'NONE',  ( -1.000000000000000000, 0.000000000000000000, 0.000000000000000000 ) ) ;
#1588 = ORIENTED_EDGE ( 'NONE', *, *, #5205, .T. ) ;
#1589 = CARTESIAN_POINT ( 'NONE',  ( 23.75000000000000711, 1.399999999999999689, 47.34999999999998010 ) ) ;
#1590 = CARTESIAN_POINT ( 'NONE',  ( 25.33017258695864626, 1.399999999999999689, 28.02003900794375113 ) ) ;
#1591 = EDGE_CURVE ( 'NONE', #3405, #2264, #4511, .T. ) ;
#1592 = CARTESIAN_POINT ( 'NONE',  ( -37.41843934362982793, 0.0007417727527140252500, 39.00000000000034106 ) ) ;
#1593 = CARTESIAN_POINT ( 'NONE',  ( -38.63321908449344022, -0.5999999999999998668, 38.48275862068965125 ) ) ;
#1594 = DIRECTION ( 'NONE',  ( 0.000000000000000000, 0.000000000000000000, -1.000000000000000000 ) ) ;
#1595 = ORIENTED_EDGE ( 'NONE', *, *, #4126, .T. ) ;
#1596 = CIRCLE ( 'NONE', #5032, 1.500000000000001332 ) ;
#1597 = LINE ( 'NONE', #4582, #6199 ) ;
#1598 = ORIENTED_EDGE ( 'NONE', *, *, #2862, .T. ) ;
#1599 = CIRCLE ( 'NONE', #6873, 0.5999999999999998668 ) ;
#1600 = DIRECTION ( 'NONE',  ( -0.000000000000000000, -1.000000000000000000, -0.000000000000000000 ) ) ;
#1601 = EDGE_CURVE ( 'NONE', #1696, #1564, #3915, .T. ) ;
#1602 = CARTESIAN_POINT ( 'NONE',  ( -47.60000000000000142, -0.6000000000000000888, 39.39999999999999858 ) ) ;
#1603 = CIRCLE ( 'NONE', #5408, 0.5999999999999998668 ) ;
#1604 = CARTESIAN_POINT ( 'NONE',  ( -49.00000000000000000, 0.5999999724323956674, -37.75740017596878317 ) ) ;
#1605 = AXIS2_PLACEMENT_3D ( 'NONE', #717, #7201, #790 ) ;
#1606 =( BOUNDED_SURFACE ( )  B_SPLINE_SURFACE ( 3, 2, ( 
 ( #6173, #4546, #4442 ),
 ( #7438, #6784, #5557 ),
 ( #2171, #1592, #3949 ),
 ( #6345, #5236, #7040 ) ),
 .UNSPECIFIED., .F., .F., .F. ) 
 B_SPLINE_SURFACE_WITH_KNOTS ( ( 4, 4 ),
 ( 3, 3 ),
 ( 2.135878279796443735E-17, 9.801509234622775388E-05 ),
 ( 0.000000000000000000, 1.000000000000000000 ),
 .UNSPECIFIED. ) 
 GEOMETRIC_REPRESENTATION_ITEM ( )  RATIONAL_B_SPLINE_SURFACE ( (
 ( 1.000000000000000000, 0.7084826553175709307, 1.000000000000000000),
 ( 1.000000000000000000, 0.7080017506625800872, 1.000000000000000000),
 ( 1.000000000000000000, 0.7075441568177207596, 1.000000000000000000),
 ( 1.000000000000000000, 0.7071067811865475727, 1.000000000000000000) ) ) 
 REPRESENTATION_ITEM ( '' )  SURFACE ( )  );
#1607 = VERTEX_POINT ( 'NONE', #450 ) ;
#1608 = CARTESIAN_POINT ( 'NONE',  ( -38.43171250929233906, -0.4638554687304755619, -38.67748767007839916 ) ) ;
#1609 = EDGE_LOOP ( 'NONE', ( #5972, #6044, #3431, #6491, #6325, #4996, #3025, #989 ) ) ;
#1610 = CARTESIAN_POINT ( 'NONE',  ( 44.22500000000000142, 1.399999999999999689, 16.16000000000000014 ) ) ;
#1611 = CARTESIAN_POINT ( 'NONE',  ( -37.50000000000000000, -1.600000000000000089, 37.50000000000000000 ) ) ;
#1612 = AXIS2_PLACEMENT_3D ( 'NONE', #3210, #5539, #7111 ) ;
#1613 = CARTESIAN_POINT ( 'NONE',  ( -37.40206632590398783, 0.000000000000000000, -39.60000000000000142 ) ) ;
#1614 = AXIS2_PLACEMENT_3D ( 'NONE', #6666, #4288, #5976 ) ;
#1615 = CARTESIAN_POINT ( 'NONE',  ( -49.00000000000000711, -0.5999999999999998668, -39.39999999999999858 ) ) ;
#1616 = DIRECTION ( 'NONE',  ( 0.000000000000000000, 0.000000000000000000, -1.000000000000000000 ) ) ;
#1617 = ORIENTED_EDGE ( 'NONE', *, *, #745, .T. ) ;
#1618 = DIRECTION ( 'NONE',  ( 1.000000000000000000, 0.000000000000000000, 0.000000000000000000 ) ) ;
#1619 = EDGE_LOOP ( 'NONE', ( #4026, #3010, #4117, #4485 ) ) ;
#1620 = DIRECTION ( 'NONE',  ( -0.000000000000000000, -1.000000000000000000, 0.000000000000000000 ) ) ;
#1621 = FACE_OUTER_BOUND ( 'NONE', #1397, .T. ) ;
#1622 = AXIS2_PLACEMENT_3D ( 'NONE', #2140, #1600, #3275 ) ;
#1623 = CARTESIAN_POINT ( 'NONE',  ( 39.69089023002065630, 0.000000000000000000, -37.39999999999999858 ) ) ;
#1624 = ORIENTED_EDGE ( 'NONE', *, *, #200, .F. ) ;
#1625 = CYLINDRICAL_SURFACE ( 'NONE', #4099, 0.6000000000000033085 ) ;
#1626 = CARTESIAN_POINT ( 'NONE',  ( 31.65733862529602405, 2.399999999999999911, 26.94999999999998863 ) ) ;
#1627 = PLANE ( 'NONE',  #2098 ) ;
#1628 = DIRECTION ( 'NONE',  ( 2.352167425053297404E-16, -0.000000000000000000, 1.000000000000000000 ) ) ;
#1629 = CARTESIAN_POINT ( 'NONE',  ( -2.740000000000006875, 0.5999999999999998668, -39.00000000000000000 ) ) ;
#1630 = ORIENTED_EDGE ( 'NONE', *, *, #1159, .F. ) ;
#1631 = CARTESIAN_POINT ( 'NONE',  ( -38.00000000000000711, -0.6000000000000000888, -47.60000000000000142 ) ) ;
#1632 = EDGE_CURVE ( 'NONE', #5676, #5953, #913, .T. ) ;
#1633 = ORIENTED_EDGE ( 'NONE', *, *, #3629, .T. ) ;
#1634 = CARTESIAN_POINT ( 'NONE',  ( 41.52500000000000568, 0.9999999999999997780, 14.56000000000000405 ) ) ;
#1635 = DIRECTION ( 'NONE',  ( -0.000000000000000000, -1.000000000000000000, -0.000000000000000000 ) ) ;
#1636 = CARTESIAN_POINT ( 'NONE',  ( -49.00000000000001421, 0.05269805997442302686, -37.80182875086327243 ) ) ;
#1637 = EDGE_CURVE ( 'NONE', #4886, #4, #5701, .T. ) ;
#1638 = EDGE_LOOP ( 'NONE', ( #2340, #6366, #3239, #3533 ) ) ;
#1639 =( LENGTH_UNIT ( ) NAMED_UNIT ( * ) SI_UNIT ( .MILLI., .METRE. ) );
#1640 = VERTEX_POINT ( 'NONE', #2094 ) ;
#1641 = CYLINDRICAL_SURFACE ( 'NONE', #1723, 0.5999999999999998668 ) ;
#1642 = CARTESIAN_POINT ( 'NONE',  ( 44.00000000000002132, 2.399999999999999911, 44.00000000000000000 ) ) ;
#1643 = AXIS2_PLACEMENT_3D ( 'NONE', #544, #2886, #6406 ) ;
#1644 =( GEOMETRIC_REPRESENTATION_CONTEXT ( 3 ) GLOBAL_UNCERTAINTY_ASSIGNED_CONTEXT ( ( #727 ) ) GLOBAL_UNIT_ASSIGNED_CONTEXT ( ( #3419, #577, #5257 ) ) REPRESENTATION_CONTEXT ( 'NONE', 'WORKASPACE' ) );
#1645 = AXIS2_PLACEMENT_3D ( 'NONE', #2671, #5072, #5505 ) ;
#1646 = DIRECTION ( 'NONE',  ( 0.000000000000000000, 1.000000000000000000, 0.000000000000000000 ) ) ;
#1647 = VECTOR ( 'NONE', #4497, 1000.000000000000000 ) ;
#1648 = CARTESIAN_POINT ( 'NONE',  ( 0.000000000000000000, 0.000000000000000000, 0.000000000000000000 ) ) ;
#1649 = TOROIDAL_SURFACE ( 'NONE', #1158, 1.100000000000000089, 0.4000000000000000222 ) ;
#1650 = CIRCLE ( 'NONE', #5947, 4.999999999999997335 ) ;
#1651 = EDGE_CURVE ( 'NONE', #5434, #4335, #4829, .T. ) ;
#1652 = ORIENTED_EDGE ( 'NONE', *, *, #295, .T. ) ;
#1653 = CARTESIAN_POINT ( 'NONE',  ( -38.45363220528461312, -0.2495152422276967763, 48.78220304726079348 ) ) ;
#1654 = CARTESIAN_POINT ( 'NONE',  ( -44.00000000000000711, -1.399999999999990585, -45.89999999999999858 ) ) ;
#1655 = CIRCLE ( 'NONE', #5949, 2.000000000000001776 ) ;
#1656 = ORIENTED_EDGE ( 'NONE', *, *, #5732, .F. ) ;
#1657 = CARTESIAN_POINT ( 'NONE',  ( -39.59848051651432144, -0.0006657787549065370290, -37.43480804891994751 ) ) ;
#1658 = AXIS2_PLACEMENT_3D ( 'NONE', #3011, #4760, #3547 ) ;
#1659 = CARTESIAN_POINT ( 'NONE',  ( -48.40000000000000568, 0.000000000000000000, -37.56696972201766016 ) ) ;
#1660 = AXIS2_PLACEMENT_3D ( 'NONE', #6368, #1154, #4012 ) ;
#1661 = FACE_OUTER_BOUND ( 'NONE', #801, .T. ) ;
#1662 = ORIENTED_EDGE ( 'NONE', *, *, #285, .T. ) ;
#1663 = DIRECTION ( 'NONE',  ( 0.000000000000000000, 0.000000000000000000, 1.000000000000000000 ) ) ;
#1664 = AXIS2_PLACEMENT_3D ( 'NONE', #4149, #2451, #3038 ) ;
#1665 = EDGE_CURVE ( 'NONE', #1572, #5792, #413, .T. ) ;
#1666 = VECTOR ( 'NONE', #5220, 1000.000000000000000 ) ;
#1667 = DIRECTION ( 'NONE',  ( -1.000000000000000000, 0.000000000000000000, 0.000000000000000000 ) ) ;
#1668 = LINE ( 'NONE', #5196, #3446 ) ;
#1669 = CARTESIAN_POINT ( 'NONE',  ( -39.39498128350421524, -0.1578303906938596790, -37.83628010586426171 ) ) ;
#1670 = DIRECTION ( 'NONE',  ( -1.000000000000000000, 0.000000000000000000, 0.000000000000000000 ) ) ;
#1671 = CIRCLE ( 'NONE', #2284, 0.6000000000000033085 ) ;
#1672 = ORIENTED_EDGE ( 'NONE', *, *, #2581, .T. ) ;
#1673 = CARTESIAN_POINT ( 'NONE',  ( 43.99999999999999289, 2.200000000000000178, -43.99999999999999289 ) ) ;
#1674 = ORIENTED_EDGE ( 'NONE', *, *, #6421, .T. ) ;
#1675 = AXIS2_PLACEMENT_3D ( 'NONE', #2693, #7447, #2214 ) ;
#1676 = EDGE_CURVE ( 'NONE', #2748, #7452, #3383, .T. ) ;
#1677 = LINE ( 'NONE', #5250, #1980 ) ;
#1678 = DIRECTION ( 'NONE',  ( -0.000000000000000000, -1.000000000000000000, 0.000000000000000000 ) ) ;
#1679 = FACE_OUTER_BOUND ( 'NONE', #1346, .T. ) ;
#1680 = ORIENTED_EDGE ( 'NONE', *, *, #4405, .F. ) ;
#1681 = FACE_OUTER_BOUND ( 'NONE', #345, .T. ) ;
#1682 = ORIENTED_EDGE ( 'NONE', *, *, #4618, .F. ) ;
#1683 = LINE ( 'NONE', #3494, #4429 ) ;
#1684 = CARTESIAN_POINT ( 'NONE',  ( -37.50000000000001421, 0.5999999999999999778, -8.899999999999991473 ) ) ;
#1685 = EDGE_CURVE ( 'NONE', #1250, #1177, #3624, .T. ) ;
#1686 = AXIS2_PLACEMENT_3D ( 'NONE', #2568, #5450, #5609 ) ;
#1687 = CARTESIAN_POINT ( 'NONE',  ( 43.99999999999999289, -1.600000000000000089, -49.00000000000000000 ) ) ;
#1688 = DIRECTION ( 'NONE',  ( 1.000000000000000000, -0.000000000000000000, -0.000000000000000000 ) ) ;
#1689 = ORIENTED_EDGE ( 'NONE', *, *, #6525, .F. ) ;
#1690 = CARTESIAN_POINT ( 'NONE',  ( 48.99999999999999289, 0.03384830009323825523, -37.67407111144552090 ) ) ;
#1691 = ORIENTED_EDGE ( 'NONE', *, *, #2364, .F. ) ;
#1692 = FACE_BOUND ( 'NONE', #2133, .T. ) ;
#1693 = ADVANCED_FACE ( 'NONE', ( #3878 ), #2750, .F. ) ;
#1694 = FACE_OUTER_BOUND ( 'NONE', #1253, .T. ) ;
#1695 = PLANE ( 'NONE',  #3455 ) ;
#1696 = VERTEX_POINT ( 'NONE', #7397 ) ;
#1697 = CYLINDRICAL_SURFACE ( 'NONE', #2892, 1.500000000000001332 ) ;
#1698 = CARTESIAN_POINT ( 'NONE',  ( 39.39999999999999858, -0.5999999999999998668, -47.60000000000000142 ) ) ;
#1699 = B_SPLINE_CURVE_WITH_KNOTS ( 'NONE', 3,
 ( #1058, #1131, #2355, #4729 ),
 .UNSPECIFIED., .F., .F.,
 ( 4, 4 ),
 ( 2.777674336753170406E-17, 9.801509234624169943E-05 ),
 .UNSPECIFIED. ) ;
#1700 = DIRECTION ( 'NONE',  ( -0.3908736291420337738, 0.000000000000000000, 0.9204443524957582889 ) ) ;
#1701 = LINE ( 'NONE', #5890, #6925 ) ;
#1702 = DIRECTION ( 'NONE',  ( 0.000000000000000000, 0.000000000000000000, 1.000000000000000000 ) ) ;
#1703 = CYLINDRICAL_SURFACE ( 'NONE', #2838, 1.499999999999999556 ) ;
#1704 = ORIENTED_EDGE ( 'NONE', *, *, #944, .F. ) ;
#1705 = EDGE_CURVE ( 'NONE', #4947, #3418, #5632, .T. ) ;
#1706 = DIRECTION ( 'NONE',  ( 0.000000000000000000, 1.000000000000000000, 0.000000000000000000 ) ) ;
#1707 = EDGE_LOOP ( 'NONE', ( #6597, #5903, #2999, #699, #4615 ) ) ;
#1708 = ORIENTED_EDGE ( 'NONE', *, *, #641, .T. ) ;
#1709 = CARTESIAN_POINT ( 'NONE',  ( 34.25000000000000000, 0.9999999999999997780, 34.55529936623838694 ) ) ;
#1710 = CARTESIAN_POINT ( 'NONE',  ( -39.59766279253703658, -0.001997110768838981053, 37.45114222751233513 ) ) ;
#1711 = DIRECTION ( 'NONE',  ( 0.000000000000000000, 1.000000000000000000, 0.000000000000000000 ) ) ;
#1712 = ORIENTED_EDGE ( 'NONE', *, *, #1402, .F. ) ;
#1713 = EDGE_CURVE ( 'NONE', #5286, #3060, #804, .T. ) ;
#1714 = ORIENTED_EDGE ( 'NONE', *, *, #748, .F. ) ;
#1715 = DIRECTION ( 'NONE',  ( -0.000000000000000000, -1.000000000000000000, -0.000000000000000000 ) ) ;
#1716 = ORIENTED_EDGE ( 'NONE', *, *, #4679, .F. ) ;
#1717 = CARTESIAN_POINT ( 'NONE',  ( -1.240000000000006875, 0.5999999999999999778, -40.50000000000000000 ) ) ;
#1718 = VECTOR ( 'NONE', #5467, 1000.000000000000000 ) ;
#1719 = CARTESIAN_POINT ( 'NONE',  ( -43.99999999999999289, -1.600000000000000089, 41.89999999999999147 ) ) ;
#1720 = EDGE_CURVE ( 'NONE', #2667, #5370, #2023, .T. ) ;
#1721 = VECTOR ( 'NONE', #2134, 1000.000000000000000 ) ;
#1722 = DIRECTION ( 'NONE',  ( -0.000000000000000000, -1.000000000000000000, 0.000000000000000000 ) ) ;
#1723 = AXIS2_PLACEMENT_3D ( 'NONE', #2993, #7065, #6484 ) ;
#1724 = DIRECTION ( 'NONE',  ( 0.000000000000000000, 0.000000000000000000, -1.000000000000000000 ) ) ;
#1725 = EDGE_CURVE ( 'NONE', #4772, #3001, #1482, .T. ) ;
#1726 = ORIENTED_EDGE ( 'NONE', *, *, #5669, .F. ) ;
#1727 = DIRECTION ( 'NONE',  ( 0.000000000000000000, 0.000000000000000000, -1.000000000000000000 ) ) ;
#1728 = CARTESIAN_POINT ( 'NONE',  ( -49.00000000000000711, 0.5999999999999998668, -48.39999999999999858 ) ) ;
#1729 = EDGE_CURVE ( 'NONE', #1974, #6914, #3008, .T. ) ;
#1730 = CIRCLE ( 'NONE', #3086, 0.6000000000000033085 ) ;
#1731 = VERTEX_POINT ( 'NONE', #378 ) ;
#1732 = CIRCLE ( 'NONE', #6024, 0.6000000000000033085 ) ;
#1733 = CARTESIAN_POINT ( 'NONE',  ( 37.45133180695232511, 0.0003232785384994383768, -38.99999999999999289 ) ) ;
#1734 = CYLINDRICAL_SURFACE ( 'NONE', #5775, 1.399999999999998579 ) ;
#1735 = EDGE_LOOP ( 'NONE', ( #2297, #3851, #4114, #5763 ) ) ;
#1736 = CARTESIAN_POINT ( 'NONE',  ( 38.99999999999999289, 0.5986662425815270083, -37.46743680382930108 ) ) ;
#1737 = ADVANCED_FACE ( 'NONE', ( #2717 ), #3997, .F. ) ;
#1738 = DIRECTION ( 'NONE',  ( -0.000000000000000000, -0.000000000000000000, -1.000000000000000000 ) ) ;
#1739 = CARTESIAN_POINT ( 'NONE',  ( 27.73999999999999133, 2.399999999999999911, -41.99999999999999289 ) ) ;
#1740 = CARTESIAN_POINT ( 'NONE',  ( -38.79768605357070044, -0.06517539886538342708, -38.25583514461618506 ) ) ;
#1741 = DIRECTION ( 'NONE',  ( 0.000000000000000000, 1.000000000000000000, -0.000000000000000000 ) ) ;
#1742 = CARTESIAN_POINT ( 'NONE',  ( -1.970042486631046112E-14, 0.9999999999999997780, 13.05999999999994010 ) ) ;
#1743 = VERTEX_POINT ( 'NONE', #4477 ) ;
#1744 = CARTESIAN_POINT ( 'NONE',  ( 37.76879903265649574, 0.5155060966018762958, -38.97976878631730102 ) ) ;
#1745 = ORIENTED_EDGE ( 'NONE', *, *, #3731, .F. ) ;
#1746 = FACE_OUTER_BOUND ( 'NONE', #5390, .T. ) ;
#1747 = CARTESIAN_POINT ( 'NONE',  ( 12.00000000000000355, -7.600000000000000533, -3.499999999999982236 ) ) ;
#1748 = CARTESIAN_POINT ( 'NONE',  ( 35.35000000000000142, 1.399999999999999689, 46.24999999999998579 ) ) ;
#1749 = ORIENTED_EDGE ( 'NONE', *, *, #3149, .F. ) ;
#1750 = CARTESIAN_POINT ( 'NONE',  ( 12.00000000000000178, -7.600000000000000533, 39.00000000000000000 ) ) ;
#1751 = ORIENTED_EDGE ( 'NONE', *, *, #5711, .F. ) ;
#1752 = FACE_OUTER_BOUND ( 'NONE', #5849, .T. ) ;
#1753 = VERTEX_POINT ( 'NONE', #5161 ) ;
#1754 = CARTESIAN_POINT ( 'NONE',  ( -47.60000000000000142, -1.600000000000000089, 39.39999999999999858 ) ) ;
#1755 = LINE ( 'NONE', #3608, #1666 ) ;
#1756 = EDGE_CURVE ( 'NONE', #7579, #4947, #6257, .T. ) ;
#1757 = DIRECTION ( 'NONE',  ( 0.000000000000000000, 0.000000000000000000, 1.000000000000000000 ) ) ;
#1758 = DIRECTION ( 'NONE',  ( -0.000000000000000000, 0.000000000000000000, -1.000000000000000000 ) ) ;
#1759 = ORIENTED_EDGE ( 'NONE', *, *, #3823, .T. ) ;
#1760 = FACE_OUTER_BOUND ( 'NONE', #5200, .T. ) ;
#1761 = AXIS2_PLACEMENT_3D ( 'NONE', #5730, #405, #5691 ) ;
#1762 = CYLINDRICAL_SURFACE ( 'NONE', #87, 0.4000000000000010214 ) ;
#1763 = ORIENTED_EDGE ( 'NONE', *, *, #6223, .T. ) ;
#1764 = EDGE_CURVE ( 'NONE', #6999, #6517, #1655, .T. ) ;
#1765 = B_SPLINE_CURVE_WITH_KNOTS ( 'NONE', 3,
 ( #389, #3888, #3311, #2178, #1068, #2799, #2729, #497, #6755, #4556 ),
 .UNSPECIFIED., .F., .F.,
 ( 4, 2, 2, 2, 4 ),
 ( -7.709892134869348161E-06, 0.0005028143922866191778, 0.001013338676708107865, 0.001523862961129596443, 0.002034387245551085022 ),
 .UNSPECIFIED. ) ;
#1766 = CARTESIAN_POINT ( 'NONE',  ( 37.61519709629697417, -0.03306511368003255125, -39.56764214591309070 ) ) ;
#1767 = CIRCLE ( 'NONE', #66, 0.6000000000000033085 ) ;
#1768 = EDGE_CURVE ( 'NONE', #1743, #3781, #7583, .T. ) ;
#1769 = CIRCLE ( 'NONE', #3775, 1.899999999999999023 ) ;
#1770 = AXIS2_PLACEMENT_3D ( 'NONE', #4251, #3643, #1978 ) ;
#1771 = CARTESIAN_POINT ( 'NONE',  ( -39.60000000000000142, 0.5999999999999999778, 37.40206632590398073 ) ) ;
#1772 = EDGE_LOOP ( 'NONE', ( #233, #5339, #2046, #5474, #5569, #5317, #2474, #1574, #5859, #1016 ) ) ;
#1773 = CARTESIAN_POINT ( 'NONE',  ( -39.00000000000000711, 0.5999999999999998668, -1.999999999999981792 ) ) ;
#1774 = AXIS2_PLACEMENT_3D ( 'NONE', #174, #6623, #1362 ) ;
#1775 = CARTESIAN_POINT ( 'NONE',  ( -48.99999999999999289, 0.3305921819928044347, 38.46416813566884230 ) ) ;
#1776 = DIRECTION ( 'NONE',  ( -0.000000000000000000, 1.000000000000000000, -0.000000000000000000 ) ) ;
#1777 = EDGE_CURVE ( 'NONE', #3151, #911, #4052, .T. ) ;
#1778 = CARTESIAN_POINT ( 'NONE',  ( 39.00000000000000711, 0.5999999999999998668, 10.99999999999999645 ) ) ;
#1779 = DIRECTION ( 'NONE',  ( 0.000000000000000000, 0.000000000000000000, -1.000000000000000000 ) ) ;
#1780 = VECTOR ( 'NONE', #167, 1000.000000000000000 ) ;
#1781 = VECTOR ( 'NONE', #617, 1000.000000000000000 ) ;
#1782 = DIRECTION ( 'NONE',  ( 0.000000000000000000, -1.000000000000000000, 0.000000000000000000 ) ) ;
#1783 = VERTEX_POINT ( 'NONE', #1626 ) ;
#1784 = DIRECTION ( 'NONE',  ( 0.000000000000000000, 0.000000000000000000, 1.000000000000000000 ) ) ;
#1785 = ORIENTED_EDGE ( 'NONE', *, *, #3908, .T. ) ;
#1786 = VERTEX_POINT ( 'NONE', #4650 ) ;
#1787 = LINE ( 'NONE', #4137, #3459 ) ;
#1788 = AXIS2_PLACEMENT_3D ( 'NONE', #2309, #6916, #2233 ) ;
#1789 = FACE_OUTER_BOUND ( 'NONE', #6554, .T. ) ;
#1790 = ADVANCED_FACE ( 'NONE', ( #5272 ), #7003, .F. ) ;
#1791 = DIRECTION ( 'NONE',  ( 0.9204443524957584000, 0.000000000000000000, 0.3908736291420335518 ) ) ;
#1792 = ORIENTED_EDGE ( 'NONE', *, *, #1388, .T. ) ;
#1793 = FACE_OUTER_BOUND ( 'NONE', #4381, .T. ) ;
#1794 = VECTOR ( 'NONE', #3070, 999.9999999999998863 ) ;
#1795 = ORIENTED_EDGE ( 'NONE', *, *, #1768, .T. ) ;
#1796 = CARTESIAN_POINT ( 'NONE',  ( 39.00000000000000711, 2.399999999999999911, 9.499999999999996447 ) ) ;
#1797 = EDGE_LOOP ( 'NONE', ( #5052, #7185, #3193, #7339, #3783 ) ) ;
#1798 = DIRECTION ( 'NONE',  ( -0.000000000000000000, -0.000000000000000000, -1.000000000000000000 ) ) ;
#1799 = CARTESIAN_POINT ( 'NONE',  ( -43.99999999999999289, 2.399999999999999911, 44.00000000000000000 ) ) ;
#1800 = CARTESIAN_POINT ( 'NONE',  ( 43.99999999999999289, 2.200000000000000178, -45.89999999999999147 ) ) ;
#1801 = LINE ( 'NONE', #3656, #4864 ) ;
#1802 = ORIENTED_EDGE ( 'NONE', *, *, #2851, .F. ) ;
#1803 = ADVANCED_FACE ( 'NONE', ( #1130 ), #3516, .T. ) ;
#1804 = CARTESIAN_POINT ( 'NONE',  ( -2.740000000000006875, -7.600000000000000533, -40.50000000000000000 ) ) ;
#1805 = CARTESIAN_POINT ( 'NONE',  ( 48.99999999999999289, 0.5999999999999998668, -37.56696972201766727 ) ) ;
#1806 = VERTEX_POINT ( 'NONE', #7506 ) ;
#1807 = VECTOR ( 'NONE', #1379, 1000.000000000000000 ) ;
#1808 = CARTESIAN_POINT ( 'NONE',  ( -37.61519709629741470, -0.03306511368026827241, 39.56764214591307649 ) ) ;
#1809 = CARTESIAN_POINT ( 'NONE',  ( 39.00000000000000000, 2.399999999999999911, -1.999999999999982681 ) ) ;
#1810 = TOROIDAL_SURFACE ( 'NONE', #3537, 2.100000000000000089, 0.5999999999999999778 ) ;
#1811 = ORIENTED_EDGE ( 'NONE', *, *, #1319, .F. ) ;
#1812 = ADVANCED_FACE ( 'NONE', ( #2239 ), #2883, .F. ) ;
#1813 = CARTESIAN_POINT ( 'NONE',  ( 38.92039213737840697, -0.01383654136606780362, -49.00000000000000000 ) ) ;
#1814 = CARTESIAN_POINT ( 'NONE',  ( -37.50000000000000711, 0.5999999999999999778, -3.499999999999982236 ) ) ;
#1815 = FACE_OUTER_BOUND ( 'NONE', #893, .T. ) ;
#1816 = CIRCLE ( 'NONE', #2808, 2.100000000000000089 ) ;
#1817 = EDGE_CURVE ( 'NONE', #1943, #796, #4343, .T. ) ;
#1818 = CARTESIAN_POINT ( 'NONE',  ( -39.21158196771543203, -0.2699558860651536385, -37.98134938246904113 ) ) ;
#1819 = CARTESIAN_POINT ( 'NONE',  ( -48.99999999999999289, 0.6000000000000001998, -37.75867560200558160 ) ) ;
#1820 = DIRECTION ( 'NONE',  ( 0.000000000000000000, 1.000000000000000000, -0.000000000000000000 ) ) ;
#1821 = VERTEX_POINT ( 'NONE', #2939 ) ;
#1822 = EDGE_CURVE ( 'NONE', #5920, #4009, #6553, .T. ) ;
#1823 = DIRECTION ( 'NONE',  ( -2.352167425053297404E-16, 0.000000000000000000, -1.000000000000000000 ) ) ;
#1824 = ORIENTED_EDGE ( 'NONE', *, *, #238, .F. ) ;
#1825 = ORIENTED_EDGE ( 'NONE', *, *, #412, .T. ) ;
#1826 = ADVANCED_FACE ( 'NONE', ( #4021 ), #1094, .F. ) ;
#1827 = CARTESIAN_POINT ( 'NONE',  ( -44.00000000000000711, -1.399999999999990585, -44.00000000000000000 ) ) ;
#1828 = FACE_OUTER_BOUND ( 'NONE', #5729, .T. ) ;
#1829 = CARTESIAN_POINT ( 'NONE',  ( -38.99999999999999289, 0.0008514437558186033553, 37.43485731151121598 ) ) ;
#1830 = EDGE_LOOP ( 'NONE', ( #3914, #203, #4178 ) ) ;
#1831 = DIRECTION ( 'NONE',  ( 0.000000000000000000, 1.000000000000000000, -0.000000000000000000 ) ) ;
#1832 = ORIENTED_EDGE ( 'NONE', *, *, #1764, .T. ) ;
#1833 = EDGE_CURVE ( 'NONE', #4287, #7222, #5704, .T. ) ;
#1834 = CARTESIAN_POINT ( 'NONE',  ( 49.00000000000000000, 0.5999999999999999778, -37.75867436296078949 ) ) ;
#1835 = DIRECTION ( 'NONE',  ( 0.000000000000000000, 0.000000000000000000, 1.000000000000000000 ) ) ;
#1836 = DIRECTION ( 'NONE',  ( 0.000000000000000000, -0.000000000000000000, -1.000000000000000000 ) ) ;
#1837 = CARTESIAN_POINT ( 'NONE',  ( 42.62500000000000711, 0.9999999999999997780, 16.16000000000000014 ) ) ;
#1838 = LINE ( 'NONE', #4150, #7337 ) ;
#1839 = AXIS2_PLACEMENT_3D ( 'NONE', #974, #3321, #1616 ) ;
#1840 = ORIENTED_EDGE ( 'NONE', *, *, #6460, .T. ) ;
#1841 = FACE_OUTER_BOUND ( 'NONE', #4390, .T. ) ;
#1842 = AXIS2_PLACEMENT_3D ( 'NONE', #5163, #3549, #1169 ) ;
#1843 = ORIENTED_EDGE ( 'NONE', *, *, #992, .T. ) ;
#1844 = ORIENTED_EDGE ( 'NONE', *, *, #5628, .F. ) ;
#1845 = B_SPLINE_CURVE_WITH_KNOTS ( 'NONE', 3,
 ( #2548, #7156, #6618, #2585, #7118, #4243, #1854, #2005, #130, #6583 ),
 .UNSPECIFIED., .F., .F.,
 ( 4, 2, 2, 2, 4 ),
 ( 0.000000000000000000, 0.0005087071809629113836, 0.001017414361925822767, 0.001526121542888734042, 0.002034828723851645534 ),
 .UNSPECIFIED. ) ;
#1846 = VECTOR ( 'NONE', #3191, 1000.000000000000000 ) ;
#1847 = CARTESIAN_POINT ( 'NONE',  ( -37.53403942292415252, -0.008753721735842736468, 39.59351278284733411 ) ) ;
#1848 = CARTESIAN_POINT ( 'NONE',  ( -37.40206632590398783, 0.000000000000000000, 39.60000000000000142 ) ) ;
#1849 = AXIS2_PLACEMENT_3D ( 'NONE', #1981, #188, #765 ) ;
#1850 = ORIENTED_EDGE ( 'NONE', *, *, #1756, .T. ) ;
#1851 = DIRECTION ( 'NONE',  ( 0.000000000000000000, 0.000000000000000000, -1.000000000000000000 ) ) ;
#1852 = CARTESIAN_POINT ( 'NONE',  ( 39.00000000000002842, 0.5825855633514486209, -37.61732771390733632 ) ) ;
#1853 = AXIS2_PLACEMENT_3D ( 'NONE', #3702, #1386, #3788 ) ;
#1854 = CARTESIAN_POINT ( 'NONE',  ( 48.90471125365242955, -0.3729243180469875019, -38.76685250424269213 ) ) ;
#1855 = ADVANCED_FACE ( 'NONE', ( #5851 ), #3617, .T. ) ;
#1856 = CARTESIAN_POINT ( 'NONE',  ( 45.72500000000000142, 2.399999999999999911, 16.16000000000000014 ) ) ;
#1857 = CARTESIAN_POINT ( 'NONE',  ( -48.90470582712598002, -0.3729180342951819438, -38.76683594672410749 ) ) ;
#1858 = CARTESIAN_POINT ( 'NONE',  ( -38.00000000000000711, -1.600000000000000089, -39.69089023002066341 ) ) ;
#1859 = VERTEX_POINT ( 'NONE', #2354 ) ;
#1860 = FACE_OUTER_BOUND ( 'NONE', #6122, .T. ) ;
#1861 = VERTEX_POINT ( 'NONE', #1814 ) ;
#1862 = DIRECTION ( 'NONE',  ( 1.000000000000000000, -0.000000000000000000, 0.000000000000000000 ) ) ;
#1863 = CARTESIAN_POINT ( 'NONE',  ( 38.00000000000000711, -1.600000000000000089, 39.39999999999999858 ) ) ;
#1864 = EDGE_CURVE ( 'NONE', #7108, #4716, #5324, .T. ) ;
#1865 = EDGE_CURVE ( 'NONE', #6482, #161, #4728, .T. ) ;
#1866 = CARTESIAN_POINT ( 'NONE',  ( 41.12500000000000711, 1.399999999999999689, 16.16000000000000014 ) ) ;
#1867 = AXIS2_PLACEMENT_3D ( 'NONE', #6901, #4982, #3309 ) ;
#1868 = ORIENTED_EDGE ( 'NONE', *, *, #7180, .F. ) ;
#1869 = DIRECTION ( 'NONE',  ( 0.000000000000000000, 0.000000000000000000, 1.000000000000000000 ) ) ;
#1870 = ORIENTED_EDGE ( 'NONE', *, *, #3094, .T. ) ;
#1871 = DIRECTION ( 'NONE',  ( -7.080503983578804316E-17, 0.000000000000000000, -1.000000000000000000 ) ) ;
#1872 = CARTESIAN_POINT ( 'NONE',  ( -48.85371705621214744, -0.3149998928751777116, 38.61518125616986197 ) ) ;
#1873 = DIRECTION ( 'NONE',  ( 0.000000000000000000, 1.000000000000000000, 0.000000000000000000 ) ) ;
#1874 = CARTESIAN_POINT ( 'NONE',  ( -39.40000000000000568, 0.000000000000000000, 39.69089023002065630 ) ) ;
#1875 = EDGE_CURVE ( 'NONE', #2850, #6914, #6077, .T. ) ;
#1876 = CARTESIAN_POINT ( 'NONE',  ( 30.73999999999999133, 0.5999999999999998668, -39.00000000000000000 ) ) ;
#1877 = ORIENTED_EDGE ( 'NONE', *, *, #6556, .F. ) ;
#1878 = FACE_OUTER_BOUND ( 'NONE', #7401, .T. ) ;
#1879 = ORIENTED_EDGE ( 'NONE', *, *, #4921, .T. ) ;
#1880 = FACE_OUTER_BOUND ( 'NONE', #4303, .T. ) ;
#1881 = CARTESIAN_POINT ( 'NONE',  ( 48.99999999999999289, 0.1009695384996344980, -38.76832202241180170 ) ) ;
#1882 = CARTESIAN_POINT ( 'NONE',  ( 37.76599854304567572, -0.1076194194268513676, -39.46864266751006056 ) ) ;
#1883 = ADVANCED_FACE ( 'NONE', ( #667 ), #5967, .F. ) ;
#1884 = DIRECTION ( 'NONE',  ( -0.000000000000000000, 1.000000000000000000, -0.000000000000000000 ) ) ;
#1885 = ORIENTED_EDGE ( 'NONE', *, *, #210, .T. ) ;
#1886 = CARTESIAN_POINT ( 'NONE',  ( 44.00000000000000711, 2.200000000000000178, 44.00000000000000000 ) ) ;
#1887 = CARTESIAN_POINT ( 'NONE',  ( -1.003954137671616570E-14, 0.000000000000000000, -44.09999999999999432 ) ) ;
#1888 = CIRCLE ( 'NONE', #353, 2.000000000000001776 ) ;
#1889 = TOROIDAL_SURFACE ( 'NONE', #5576, 1.100000000000000089, 0.4000000000000000222 ) ;
#1890 = AXIS2_PLACEMENT_3D ( 'NONE', #3548, #4690, #6462 ) ;
#1891 = DIRECTION ( 'NONE',  ( 0.000000000000000000, -1.000000000000000000, 0.000000000000000000 ) ) ;
#1892 = DIRECTION ( 'NONE',  ( -1.000000000000000000, 0.000000000000000000, 0.000000000000000000 ) ) ;
#1893 = ORIENTED_EDGE ( 'NONE', *, *, #5147, .F. ) ;
#1894 = FACE_OUTER_BOUND ( 'NONE', #5991, .T. ) ;
#1895 = VERTEX_POINT ( 'NONE', #711 ) ;
#1896 = CARTESIAN_POINT ( 'NONE',  ( 37.40206632590398783, 0.5999999999999998668, -39.00000000000000000 ) ) ;
#1897 = AXIS2_PLACEMENT_3D ( 'NONE', #6001, #6039, #750 ) ;
#1898 = ORIENTED_EDGE ( 'NONE', *, *, #6010, .F. ) ;
#1899 = EDGE_CURVE ( 'NONE', #76, #2169, #7116, .T. ) ;
#1900 = ORIENTED_EDGE ( 'NONE', *, *, #5237, .T. ) ;
#1901 = DIRECTION ( 'NONE',  ( -0.000000000000000000, -1.000000000000000000, -0.000000000000000000 ) ) ;
#1902 = CARTESIAN_POINT ( 'NONE',  ( -1.840000000000006963, 0.5999999999999999778, -40.50000000000000000 ) ) ;
#1903 = AXIS2_PLACEMENT_3D ( 'NONE', #6405, #2775, #7456 ) ;
#1904 = CARTESIAN_POINT ( 'NONE',  ( -47.60000000000000853, -1.600000000000000311, -38.00000000000000000 ) ) ;
#1905 = EDGE_LOOP ( 'NONE', ( #6887, #2867, #3724, #872 ) ) ;
#1906 = PLANE ( 'NONE',  #876 ) ;
#1907 = ADVANCED_FACE ( 'NONE', ( #4242 ), #168, .F. ) ;
#1908 = EDGE_LOOP ( 'NONE', ( #5395, #5760, #5696, #177 ) ) ;
#1909 = AXIS2_PLACEMENT_3D ( 'NONE', #3243, #2618, #4950 ) ;
#1910 = LINE ( 'NONE', #3194, #6326 ) ;
#1911 = DIRECTION ( 'NONE',  ( 0.000000000000000000, 0.000000000000000000, -1.000000000000000000 ) ) ;
#1912 = CARTESIAN_POINT ( 'NONE',  ( -44.00000000000000711, -1.600000000000000089, -46.10000000000000142 ) ) ;
#1913 = DIRECTION ( 'NONE',  ( 0.000000000000000000, 0.000000000000000000, -1.000000000000000000 ) ) ;
#1914 = TOROIDAL_SURFACE ( 'NONE', #5725, 2.000000000000000000, 0.5999999999999999778 ) ;
#1915 = FACE_OUTER_BOUND ( 'NONE', #4205, .T. ) ;
#1916 = ORIENTED_EDGE ( 'NONE', *, *, #5059, .F. ) ;
#1917 = DIRECTION ( 'NONE',  ( -0.000000000000000000, -0.000000000000000000, 1.000000000000000000 ) ) ;
#1918 = ORIENTED_EDGE ( 'NONE', *, *, #1168, .F. ) ;
#1919 = ORIENTED_EDGE ( 'NONE', *, *, #3780, .F. ) ;
#1920 = CARTESIAN_POINT ( 'NONE',  ( -44.00000000000000711, 2.399999999999999911, -44.00000000000000000 ) ) ;
#1921 = ADVANCED_FACE ( 'NONE', ( #2430 ), #4800, .F. ) ;
#1922 = DIRECTION ( 'NONE',  ( -1.156482317317871478E-16, 0.000000000000000000, 1.000000000000000000 ) ) ;
#1923 = CARTESIAN_POINT ( 'NONE',  ( -39.16099479604275047, -0.3072814317006865581, -49.00000000000000711 ) ) ;
#1924 = EDGE_LOOP ( 'NONE', ( #4822, #856, #1525, #456 ) ) ;
#1925 = DIRECTION ( 'NONE',  ( 0.000000000000000000, 0.000000000000000000, 1.000000000000000000 ) ) ;
#1926 = CIRCLE ( 'NONE', #4508, 1.099999999999996758 ) ;
#1927 = EDGE_CURVE ( 'NONE', #5402, #3222, #7197, .T. ) ;
#1928 = CARTESIAN_POINT ( 'NONE',  ( 38.79771364544098589, -0.06508375661145213154, -38.25578729802423084 ) ) ;
#1929 = CARTESIAN_POINT ( 'NONE',  ( 44.22500000000000142, 0.9999999999999997780, 14.56000000000000583 ) ) ;
#1930 = CARTESIAN_POINT ( 'NONE',  ( -37.73020952930641414, -1.003088512701685283E-33, -48.45159026022970750 ) ) ;
#1931 = CIRCLE ( 'NONE', #6474, 0.5999999999999998668 ) ;
#1932 = CARTESIAN_POINT ( 'NONE',  ( 38.99999999999999289, 0.5999999999999999778, -37.40206632590398073 ) ) ;
#1933 = ORIENTED_EDGE ( 'NONE', *, *, #3504, .F. ) ;
#1934 = CARTESIAN_POINT ( 'NONE',  ( -48.40000000000000568, 0.5999999999999999778, -37.56696972201766016 ) ) ;
#1935 = ORIENTED_EDGE ( 'NONE', *, *, #697, .T. ) ;
#1936 = EDGE_LOOP ( 'NONE', ( #7484, #2552, #7330, #3800 ) ) ;
#1937 = ORIENTED_EDGE ( 'NONE', *, *, #86, .T. ) ;
#1938 = LINE ( 'NONE', #4323, #2386 ) ;
#1939 = CARTESIAN_POINT ( 'NONE',  ( 37.40000000000000568, -0.6000000000000000888, 0.000000000000000000 ) ) ;
#1940 = DIRECTION ( 'NONE',  ( -0.000000000000000000, -1.000000000000000000, -0.000000000000000000 ) ) ;
#1941 = ORIENTED_EDGE ( 'NONE', *, *, #5489, .T. ) ;
#1942 = CARTESIAN_POINT ( 'NONE',  ( -37.69104773560678012, -0.06779769031957819103, 39.52240237165355552 ) ) ;
#1943 = VERTEX_POINT ( 'NONE', #6496 ) ;
#1944 = B_SPLINE_CURVE_WITH_KNOTS ( 'NONE', 3,
 ( #5911, #4787, #1227, #1087 ),
 .UNSPECIFIED., .F., .F.,
 ( 4, 4 ),
 ( 0.000000000000000000, 9.801509234621384899E-05 ),
 .UNSPECIFIED. ) ;
#1945 = DIRECTION ( 'NONE',  ( 1.000000000000000000, -0.000000000000000000, 0.000000000000000000 ) ) ;
#1946 = LINE ( 'NONE', #1340, #7514 ) ;
#1947 = CARTESIAN_POINT ( 'NONE',  ( -38.30134071039226029, 0.4258171591472114104, -49.00000000000000000 ) ) ;
#1948 = FACE_OUTER_BOUND ( 'NONE', #1269, .T. ) ;
#1949 = ADVANCED_FACE ( 'NONE', ( #1355 ), #6611, .T. ) ;
#1950 = CARTESIAN_POINT ( 'NONE',  ( 35.75000000000000711, 2.399999999999999911, 0.000000000000000000 ) ) ;
#1951 = ORIENTED_EDGE ( 'NONE', *, *, #5780, .F. ) ;
#1952 = CARTESIAN_POINT ( 'NONE',  ( 26.34266137470398306, 1.399999999999999689, 28.44999999999998863 ) ) ;
#1953 = ORIENTED_EDGE ( 'NONE', *, *, #1147, .T. ) ;
#1954 = LINE ( 'NONE', #2539, #7465 ) ;
#1955 = EDGE_CURVE ( 'NONE', #1331, #2252, #669, .T. ) ;
#1956 = CARTESIAN_POINT ( 'NONE',  ( -39.60000000000000142, 0.000000000000000000, -1.999999999999981792 ) ) ;
#1957 = CARTESIAN_POINT ( 'NONE',  ( -38.25583514461565215, -0.06517539886547610295, 38.79768605357103439 ) ) ;
#1958 = EDGE_CURVE ( 'NONE', #4258, #1859, #4467, .T. ) ;
#1959 = EDGE_CURVE ( 'NONE', #642, #4258, #7039, .T. ) ;
#1960 = LINE ( 'NONE', #5462, #2223 ) ;
#1961 = ORIENTED_EDGE ( 'NONE', *, *, #2472, .T. ) ;
#1962 = DIRECTION ( 'NONE',  ( -1.000000000000000000, 0.000000000000000000, 0.000000000000000000 ) ) ;
#1963 = AXIS2_PLACEMENT_3D ( 'NONE', #7135, #2955, #1869 ) ;
#1964 = CARTESIAN_POINT ( 'NONE',  ( 38.90589964520870581, 0.2853857986625646381, -38.02997412515458109 ) ) ;
#1965 = CIRCLE ( 'NONE', #5469, 1.500000000000001332 ) ;
#1966 = DIRECTION ( 'NONE',  ( 0.000000000000000000, 0.000000000000000000, 1.000000000000000000 ) ) ;
#1967 = CARTESIAN_POINT ( 'NONE',  ( 47.60000000000001563, -1.600000000000000311, 39.40000000000000568 ) ) ;
#1968 = VECTOR ( 'NONE', #3055, 1000.000000000000000 ) ;
#1969 = EDGE_CURVE ( 'NONE', #4, #1332, #1280, .T. ) ;
#1970 = CARTESIAN_POINT ( 'NONE',  ( 39.59766279253699395, -0.001997110768838547372, -37.45114222751231381 ) ) ;
#1971 = ORIENTED_EDGE ( 'NONE', *, *, #2677, .T. ) ;
#1972 = CARTESIAN_POINT ( 'NONE',  ( -38.30672890632898486, -0.5006529833335902069, -38.79886073582505901 ) ) ;
#1973 = ORIENTED_EDGE ( 'NONE', *, *, #1205, .T. ) ;
#1974 = VERTEX_POINT ( 'NONE', #7350 ) ;
#1975 = ORIENTED_EDGE ( 'NONE', *, *, #1927, .T. ) ;
#1976 = EDGE_LOOP ( 'NONE', ( #5224, #240, #308, #6169 ) ) ;
#1977 = CIRCLE ( 'NONE', #5042, 4.999999999999997335 ) ;
#1978 = DIRECTION ( 'NONE',  ( 0.000000000000000000, 0.000000000000000000, 1.000000000000000000 ) ) ;
#1979 = CARTESIAN_POINT ( 'NONE',  ( 38.45363220528461312, -0.2495152422276971094, 48.78220304726079348 ) ) ;
#1980 = VECTOR ( 'NONE', #1179, 1000.000000000000000 ) ;
#1981 = CARTESIAN_POINT ( 'NONE',  ( 44.35000000000000142, 2.399999999999999911, 29.34999999999999432 ) ) ;
#1982 = ORIENTED_EDGE ( 'NONE', *, *, #6844, .T. ) ;
#1983 = AXIS2_PLACEMENT_3D ( 'NONE', #2495, #4271, #6610 ) ;
#1984 = DIRECTION ( 'NONE',  ( -1.000000000000000000, 0.000000000000000000, -0.000000000000000000 ) ) ;
#1985 = ORIENTED_EDGE ( 'NONE', *, *, #7216, .F. ) ;
#1986 = CARTESIAN_POINT ( 'NONE',  ( 48.99999999999999289, -0.3072814316910419952, -39.16099479605455258 ) ) ;
#1987 = DIRECTION ( 'NONE',  ( 0.000000000000000000, 0.000000000000000000, 1.000000000000000000 ) ) ;
#1988 = CARTESIAN_POINT ( 'NONE',  ( -49.00000000000000711, -1.600000000000000089, -44.00000000000000711 ) ) ;
#1989 = DIRECTION ( 'NONE',  ( 0.000000000000000000, 0.000000000000000000, 1.000000000000000000 ) ) ;
#1990 = DIRECTION ( 'NONE',  ( 1.632680918566407286E-16, -0.000000000000000000, 1.000000000000000000 ) ) ;
#1991 = ORIENTED_EDGE ( 'NONE', *, *, #5308, .F. ) ;
#1992 = CARTESIAN_POINT ( 'NONE',  ( 37.80182875086327243, 0.05269805997440205059, -48.99999999999999289 ) ) ;
#1993 = ORIENTED_EDGE ( 'NONE', *, *, #2764, .F. ) ;
#1994 = ORIENTED_EDGE ( 'NONE', *, *, #1357, .F. ) ;
#1995 = EDGE_CURVE ( 'NONE', #2681, #5637, #334, .T. ) ;
#1996 = CARTESIAN_POINT ( 'NONE',  ( 48.85371705621211902, -0.3149998928751644445, -38.61518125616978381 ) ) ;
#1997 = LINE ( 'NONE', #2663, #821 ) ;
#1998 = DIRECTION ( 'NONE',  ( -0.000000000000000000, -1.000000000000000000, 0.000000000000000000 ) ) ;
#1999 = PRODUCT_DEFINITION ( '未知', '', #1292, #2649 ) ;
#2000 = CARTESIAN_POINT ( 'NONE',  ( 27.73999999999999133, 2.399999999999999911, -43.50000000000000000 ) ) ;
#2001 = ORIENTED_EDGE ( 'NONE', *, *, #2757, .T. ) ;
#2002 = DIRECTION ( 'NONE',  ( 1.000000000000000000, 0.000000000000000000, 0.000000000000000000 ) ) ;
#2003 = ADVANCED_FACE ( 'NONE', ( #2583 ), #865, .F. ) ;
#2004 = CARTESIAN_POINT ( 'NONE',  ( 32.50000000000001421, -7.600000000000000533, 18.50000000000000355 ) ) ;
#2005 = CARTESIAN_POINT ( 'NONE',  ( 48.97971404472720991, -0.4874447705782398166, -39.07866674473628166 ) ) ;
#2006 = DIRECTION ( 'NONE',  ( 0.000000000000000000, 0.000000000000000000, -1.000000000000000000 ) ) ;
#2007 = PLANE ( 'NONE',  #883 ) ;
#2008 = ORIENTED_EDGE ( 'NONE', *, *, #6917, .T. ) ;
#2009 = CARTESIAN_POINT ( 'NONE',  ( -38.39126140969467826, -0.5501971457222418760, -38.71256797131051286 ) ) ;
#2010 = ORIENTED_EDGE ( 'NONE', *, *, #7180, .T. ) ;
#2011 = EDGE_LOOP ( 'NONE', ( #1672, #1973, #664, #2085 ) ) ;
#2012 = TOROIDAL_SURFACE ( 'NONE', #668, 2.100000000000000089, 0.5999999999999999778 ) ;
#2013 = ORIENTED_EDGE ( 'NONE', *, *, #3849, .T. ) ;
#2014 = CARTESIAN_POINT ( 'NONE',  ( 36.14999999999999858, 0.9999999999999997780, 29.34999999999999432 ) ) ;
#2015 = ADVANCED_FACE ( 'NONE', ( #3215 ), #7272, .F. ) ;
#2016 = DIRECTION ( 'NONE',  ( -0.000000000000000000, -0.000000000000000000, -1.000000000000000000 ) ) ;
#2017 = VECTOR ( 'NONE', #4458, 1000.000000000000000 ) ;
#2018 = TOROIDAL_SURFACE ( 'NONE', #435, 2.100000000000000089, 0.5999999999999999778 ) ;
#2019 = AXIS2_PLACEMENT_3D ( 'NONE', #6528, #3782, #7221 ) ;
#2020 = DIRECTION ( 'NONE',  ( 0.000000000000000000, 0.000000000000000000, -1.000000000000000000 ) ) ;
#2021 = VERTEX_POINT ( 'NONE', #292 ) ;
#2022 = DIRECTION ( 'NONE',  ( 0.000000000000000000, -1.000000000000000000, 0.000000000000000000 ) ) ;
#2023 = CIRCLE ( 'NONE', #1531, 1.099999999999996758 ) ;
#2024 = ORIENTED_EDGE ( 'NONE', *, *, #3214, .T. ) ;
#2025 = LINE ( 'NONE', #6718, #329 ) ;
#2026 = CARTESIAN_POINT ( 'NONE',  ( -48.96394088244804266, -0.4535281282063221564, 38.98326645877475727 ) ) ;
#2027 = VECTOR ( 'NONE', #5092, 1000.000000000000000 ) ;
#2028 = ADVANCED_FACE ( 'NONE', ( #4918 ), #3295, .F. ) ;
#2029 = CARTESIAN_POINT ( 'NONE',  ( 22.25000000000000711, 1.399999999999999689, 46.24999999999998579 ) ) ;
#2030 = LINE ( 'NONE', #853, #1173 ) ;
#2031 = CIRCLE ( 'NONE', #5957, 1.500000000000001332 ) ;
#2032 = DIRECTION ( 'NONE',  ( 0.000000000000000000, -1.000000000000000000, 0.000000000000000000 ) ) ;
#2033 = VECTOR ( 'NONE', #5181, 1000.000000000000000 ) ;
#2034 = ORIENTED_EDGE ( 'NONE', *, *, #7426, .T. ) ;
#2035 = CARTESIAN_POINT ( 'NONE',  ( 39.06699813600927484, -0.3782020611244048536, -48.99999999999936762 ) ) ;
#2036 = VERTEX_POINT ( 'NONE', #3831 ) ;
#2037 = DIRECTION ( 'NONE',  ( 0.000000000000000000, 1.000000000000000000, -0.000000000000000000 ) ) ;
#2038 = AXIS2_PLACEMENT_3D ( 'NONE', #7066, #6485, #6361 ) ;
#2039 = DIRECTION ( 'NONE',  ( -0.000000000000000000, -1.000000000000000000, -0.000000000000000000 ) ) ;
#2040 = CARTESIAN_POINT ( 'NONE',  ( -37.40206632590398783, 0.5999999999999998668, 39.00000000000000000 ) ) ;
#2041 = AXIS2_PLACEMENT_3D ( 'NONE', #4418, #1575, #6765 ) ;
#2042 = AXIS2_PLACEMENT_3D ( 'NONE', #1225, #3571, #5908 ) ;
#2043 = LINE ( 'NONE', #3245, #7047 ) ;
#2044 = EDGE_CURVE ( 'NONE', #4321, #2681, #7535, .T. ) ;
#2045 = LINE ( 'NONE', #3863, #1236 ) ;
#2046 = ORIENTED_EDGE ( 'NONE', *, *, #355, .T. ) ;
#2047 = CARTESIAN_POINT ( 'NONE',  ( -1.240000000000005764, 0.5999999999999998668, -39.00000000000000000 ) ) ;
#2048 = CIRCLE ( 'NONE', #7327, 2.100000000000004530 ) ;
#2049 = DIRECTION ( 'NONE',  ( 0.000000000000000000, -1.000000000000000000, 0.000000000000000000 ) ) ;
#2050 = CARTESIAN_POINT ( 'NONE',  ( -48.85013961375581459, -0.3145356187915011592, 38.61610988490544116 ) ) ;
#2051 = DIRECTION ( 'NONE',  ( 0.000000000000000000, 0.000000000000000000, -1.000000000000000000 ) ) ;
#2052 = ADVANCED_FACE ( 'NONE', ( #5623 ), #3744, .F. ) ;
#2053 = DIRECTION ( 'NONE',  ( 0.000000000000000000, 0.000000000000000000, 1.000000000000000000 ) ) ;
#2054 = ORIENTED_EDGE ( 'NONE', *, *, #1511, .T. ) ;
#2055 = LINE ( 'NONE', #3256, #558 ) ;
#2056 = VERTEX_POINT ( 'NONE', #4504 ) ;
#2057 = EDGE_LOOP ( 'NONE', ( #6480, #2555, #1099, #1076 ) ) ;
#2058 = ORIENTED_EDGE ( 'NONE', *, *, #1001, .T. ) ;
#2059 = EDGE_CURVE ( 'NONE', #3771, #95, #5657, .T. ) ;
#2060 = CARTESIAN_POINT ( 'NONE',  ( -44.00000000000000711, 2.200000000000000178, -44.00000000000000000 ) ) ;
#2061 = CIRCLE ( 'NONE', #1198, 0.6000000000000033085 ) ;
#2062 = CARTESIAN_POINT ( 'NONE',  ( 38.98326645877476437, -0.4535281282063184372, 48.96394088244804266 ) ) ;
#2063 = EDGE_CURVE ( 'NONE', #2166, #554, #925, .T. ) ;
#2064 = CARTESIAN_POINT ( 'NONE',  ( 0.2599999999999929035, 2.399999999999999911, -43.49999999999999289 ) ) ;
#2065 = ORIENTED_EDGE ( 'NONE', *, *, #2682, .F. ) ;
#2066 = DIRECTION ( 'NONE',  ( -0.000000000000000000, -1.000000000000000000, -0.000000000000000000 ) ) ;
#2067 = EDGE_CURVE ( 'NONE', #4901, #7144, #978, .T. ) ;
#2068 = EDGE_LOOP ( 'NONE', ( #5878, #6177, #1111, #1941, #6782, #5061, #6401, #7204, #5435, #6050, #3300, #4883, #2815, #7512, #1751, #2321 ) ) ;
#2069 = CARTESIAN_POINT ( 'NONE',  ( 42.62500000000000711, 1.399999999999999689, 16.16000000000000014 ) ) ;
#2070 = CARTESIAN_POINT ( 'NONE',  ( 41.52500000000000568, 1.399999999999999689, 0.000000000000000000 ) ) ;
#2071 = DIRECTION ( 'NONE',  ( 0.000000000000000000, 0.000000000000000000, 1.000000000000000000 ) ) ;
#2072 = EDGE_CURVE ( 'NONE', #1859, #1128, #3174, .T. ) ;
#2073 = ORIENTED_EDGE ( 'NONE', *, *, #6153, .F. ) ;
#2074 = CARTESIAN_POINT ( 'NONE',  ( -37.77896668743750297, -0.03446893822104471483, -39.00137927649487324 ) ) ;
#2075 = ORIENTED_EDGE ( 'NONE', *, *, #1537, .T. ) ;
#2076 = PLANE ( 'NONE',  #4662 ) ;
#2077 = CARTESIAN_POINT ( 'NONE',  ( -37.43473802335272183, 0.6000000000000001998, 39.00000000000000000 ) ) ;
#2078 = CARTESIAN_POINT ( 'NONE',  ( 49.00000000000001421, -0.5265073566154849782, 39.18997587141798533 ) ) ;
#2079 = DIRECTION ( 'NONE',  ( 1.000000000000000000, 0.000000000000000000, 0.000000000000000000 ) ) ;
#2080 = VERTEX_POINT ( 'NONE', #5583 ) ;
#2081 = CARTESIAN_POINT ( 'NONE',  ( -39.40000000000000568, -0.5999999999999998668, 49.00000000000000000 ) ) ;
#2082 = DIRECTION ( 'NONE',  ( 0.000000000000000000, 0.000000000000000000, -1.000000000000000000 ) ) ;
#2083 = CARTESIAN_POINT ( 'NONE',  ( -37.40206632590398783, 0.000000000000000000, -39.60000000000000142 ) ) ;
#2084 = DIRECTION ( 'NONE',  ( 1.000000000000000000, 0.000000000000000000, 0.000000000000000000 ) ) ;
#2085 = ORIENTED_EDGE ( 'NONE', *, *, #6276, .T. ) ;
#2086 = DIRECTION ( 'NONE',  ( 0.000000000000000000, 0.000000000000000000, 1.000000000000000000 ) ) ;
#2087 = CIRCLE ( 'NONE', #1354, 1.500000000000001332 ) ;
#2088 = ORIENTED_EDGE ( 'NONE', *, *, #3149, .T. ) ;
#2089 = DIRECTION ( 'NONE',  ( 0.000000000000000000, 1.000000000000000000, -0.000000000000000000 ) ) ;
#2090 = AXIS2_PLACEMENT_3D ( 'NONE', #3517, #5310, #7584 ) ;
#2091 = ORIENTED_EDGE ( 'NONE', *, *, #1001, .F. ) ;
#2092 = ORIENTED_EDGE ( 'NONE', *, *, #649, .F. ) ;
#2093 = EDGE_CURVE ( 'NONE', #4361, #4716, #7417, .T. ) ;
#2094 = CARTESIAN_POINT ( 'NONE',  ( -43.99999999999999289, 2.399999999999999911, 41.89999999999999147 ) ) ;
#2095 = AXIS2_PLACEMENT_3D ( 'NONE', #2753, #1522, #5089 ) ;
#2096 = DIRECTION ( 'NONE',  ( 0.000000000000000000, 1.000000000000000000, -0.000000000000000000 ) ) ;
#2097 = CIRCLE ( 'NONE', #6378, 0.6000000000000033085 ) ;
#2098 = AXIS2_PLACEMENT_3D ( 'NONE', #4479, #2096, #379 ) ;
#2099 = CARTESIAN_POINT ( 'NONE',  ( 44.35000000000000142, 0.9999999999999997780, 33.34999999999999432 ) ) ;
#2100 = ORIENTED_EDGE ( 'NONE', *, *, #569, .T. ) ;
#2101 = DIRECTION ( 'NONE',  ( -1.000000000000000000, 0.000000000000000000, 0.000000000000000000 ) ) ;
#2102 = AXIS2_PLACEMENT_3D ( 'NONE', #5626, #338, #1587 ) ;
#2103 = VERTEX_POINT ( 'NONE', #3324 ) ;
#2104 = ADVANCED_FACE ( 'NONE', ( #2744 ), #5969, .F. ) ;
#2105 = LINE ( 'NONE', #3853, #6530 ) ;
#2106 = PRESENTATION_LAYER_ASSIGNMENT (  '', '', ( #5414 ) ) ;
#2107 = DIRECTION ( 'NONE',  ( 0.000000000000000000, 0.000000000000000000, -1.000000000000000000 ) ) ;
#2108 = ADVANCED_FACE ( 'NONE', ( #1585 ), #460, .T. ) ;
#2109 = AXIS2_PLACEMENT_3D ( 'NONE', #4274, #6615, #823 ) ;
#2110 = CARTESIAN_POINT ( 'NONE',  ( 48.39999999999999858, 0.5999999999999999778, -37.56696972201766016 ) ) ;
#2111 = ORIENTED_EDGE ( 'NONE', *, *, #716, .F. ) ;
#2112 = CARTESIAN_POINT ( 'NONE',  ( 38.24525592695609788, 0.007587539610479835869, -49.00000000000000000 ) ) ;
#2113 = ORIENTED_EDGE ( 'NONE', *, *, #3605, .F. ) ;
#2114 = PLANE ( 'NONE',  #802 ) ;
#2115 = DIRECTION ( 'NONE',  ( 0.000000000000000000, 0.000000000000000000, -1.000000000000000000 ) ) ;
#2116 = EDGE_CURVE ( 'NONE', #4062, #3531, #4851, .T. ) ;
#2117 = DIRECTION ( 'NONE',  ( -1.000000000000000000, 0.000000000000000000, 0.000000000000000000 ) ) ;
#2118 = CARTESIAN_POINT ( 'NONE',  ( 49.00000000000001421, -0.1071053493267176554, 38.57099627924855412 ) ) ;
#2119 = DIRECTION ( 'NONE',  ( 0.000000000000000000, 0.000000000000000000, -1.000000000000000000 ) ) ;
#2120 = ORIENTED_EDGE ( 'NONE', *, *, #3412, .T. ) ;
#2121 = B_SPLINE_CURVE_WITH_KNOTS ( 'NONE', 3,
 ( #293, #1434, #5074, #7351, #5040, #3296, #2125, #7391, #3251, #5658, #3793, #7464 ),
 .UNSPECIFIED., .F., .F.,
 ( 4, 2, 2, 2, 2, 4 ),
 ( -6.973953793545200430E-06, 0.0003849683204487682332, 0.0007769105946910816575, 0.001168852868933395028, 0.001364824006054551333, 0.001560795143175707856 ),
 .UNSPECIFIED. ) ;
#2122 = DIRECTION ( 'NONE',  ( 0.000000000000000000, 0.000000000000000000, 1.000000000000000000 ) ) ;
#2123 = DIRECTION ( 'NONE',  ( 0.000000000000000000, 0.000000000000000000, 1.000000000000000000 ) ) ;
#2124 = EDGE_CURVE ( 'NONE', #2424, #2681, #2450, .T. ) ;
#2125 = CARTESIAN_POINT ( 'NONE',  ( 37.86769062789124263, -0.1777787716520558281, -39.36449337032100715 ) ) ;
#2126 = CARTESIAN_POINT ( 'NONE',  ( -37.40206632590398783, 0.5999999999999999778, -39.60000000000000142 ) ) ;
#2127 = FACE_OUTER_BOUND ( 'NONE', #7051, .T. ) ;
#2128 = ORIENTED_EDGE ( 'NONE', *, *, #1499, .F. ) ;
#2129 = DIRECTION ( 'NONE',  ( 0.000000000000000000, 1.000000000000000000, 0.000000000000000000 ) ) ;
#2130 = VERTEX_POINT ( 'NONE', #7499 ) ;
#2131 = DIRECTION ( 'NONE',  ( 0.000000000000000000, 0.000000000000000000, -1.000000000000000000 ) ) ;
#2132 = CARTESIAN_POINT ( 'NONE',  ( -38.71163986691857417, -0.3502844240493962480, 38.38677388732295981 ) ) ;
#2133 = EDGE_LOOP ( 'NONE', ( #2526, #3458 ) ) ;
#2134 = DIRECTION ( 'NONE',  ( -0.000000000000000000, -0.000000000000000000, 1.000000000000000000 ) ) ;
#2135 = EDGE_LOOP ( 'NONE', ( #2615, #3977, #2190, #3912 ) ) ;
#2136 = EDGE_CURVE ( 'NONE', #7515, #7478, #4569, .T. ) ;
#2137 = VECTOR ( 'NONE', #2788, 1000.000000000000000 ) ;
#2138 = CARTESIAN_POINT ( 'NONE',  ( 39.59847961821952822, -0.0006672419341301240054, -37.43482600071880739 ) ) ;
#2139 = ORIENTED_EDGE ( 'NONE', *, *, #3479, .F. ) ;
#2140 = CARTESIAN_POINT ( 'NONE',  ( 10.50000000000000178, 0.5999999999999998668, -1.999999999999982236 ) ) ;
#2141 = CARTESIAN_POINT ( 'NONE',  ( 43.99999999999999289, -1.399999999999990585, -43.99999999999999289 ) ) ;
#2142 = VECTOR ( 'NONE', #3568, 1000.000000000000000 ) ;
#2143 = AXIS2_PLACEMENT_3D ( 'NONE', #4441, #5597, #4403 ) ;
#2144 = CARTESIAN_POINT ( 'NONE',  ( 22.65000000000000568, 0.9999999999999997780, 34.55529936623839404 ) ) ;
#2145 = EDGE_CURVE ( 'NONE', #5378, #3684, #3362, .T. ) ;
#2146 = ORIENTED_EDGE ( 'NONE', *, *, #3412, .F. ) ;
#2147 = DIRECTION ( 'NONE',  ( 0.000000000000000000, 0.000000000000000000, 1.000000000000000000 ) ) ;
#2148 = EDGE_LOOP ( 'NONE', ( #4523, #426, #6033, #339 ) ) ;
#2149 = CIRCLE ( 'NONE', #4112, 0.3999999999999975797 ) ;
#2150 = VECTOR ( 'NONE', #6123, 1000.000000000000000 ) ;
#2151 = CARTESIAN_POINT ( 'NONE',  ( 48.90471125365243665, -0.3729243180469902774, 38.76685250424269213 ) ) ;
#2152 = CARTESIAN_POINT ( 'NONE',  ( 12.00000000000000178, 0.5999999999999999778, -1.999999999999982236 ) ) ;
#2153 = CARTESIAN_POINT ( 'NONE',  ( 36.55000000000000426, 0.9999999999999997780, 29.34999999999999432 ) ) ;
#2154 = AXIS2_PLACEMENT_3D ( 'NONE', #1163, #4194, #1241 ) ;
#2155 = VECTOR ( 'NONE', #4547, 1000.000000000000000 ) ;
#2156 = CYLINDRICAL_SURFACE ( 'NONE', #3381, 1.899999999999999023 ) ;
#2157 = CYLINDRICAL_SURFACE ( 'NONE', #6501, 0.3999999999999975797 ) ;
#2158 = ORIENTED_EDGE ( 'NONE', *, *, #3741, .T. ) ;
#2159 = CARTESIAN_POINT ( 'NONE',  ( -38.90482994622658452, -0.02999980082825555103, 49.00000000000000000 ) ) ;
#2160 = EDGE_CURVE ( 'NONE', #796, #6471, #1944, .T. ) ;
#2161 = CIRCLE ( 'NONE', #4842, 0.5999999999999997558 ) ;
#2162 = DIRECTION ( 'NONE',  ( 0.000000000000000000, 0.000000000000000000, -1.000000000000000000 ) ) ;
#2163 = CARTESIAN_POINT ( 'NONE',  ( 44.00000000000002132, 2.399999999999999911, 44.00000000000000000 ) ) ;
#2164 = AXIS2_PLACEMENT_3D ( 'NONE', #6720, #2531, #5447 ) ;
#2165 = DIRECTION ( 'NONE',  ( 1.156482317317871478E-16, 0.000000000000000000, -1.000000000000000000 ) ) ;
#2166 = VERTEX_POINT ( 'NONE', #7531 ) ;
#2167 = DIRECTION ( 'NONE',  ( -1.000000000000000000, 0.000000000000000000, 0.000000000000000000 ) ) ;
#2168 = EDGE_CURVE ( 'NONE', #5378, #4201, #92, .T. ) ;
#2169 = VERTEX_POINT ( 'NONE', #3433 ) ;
#2170 = DIRECTION ( 'NONE',  ( -0.000000000000000000, -1.000000000000000000, -0.000000000000000000 ) ) ;
#2171 = CARTESIAN_POINT ( 'NONE',  ( -37.43476505088623441, 0.5999999990652205017, 39.00000000000000000 ) ) ;
#2172 = DIRECTION ( 'NONE',  ( -1.000000000000000000, 0.000000000000000000, 0.000000000000000000 ) ) ;
#2173 = CARTESIAN_POINT ( 'NONE',  ( 23.75000000000000711, 1.399999999999999689, 46.24999999999998579 ) ) ;
#2174 = ORIENTED_EDGE ( 'NONE', *, *, #4720, .F. ) ;
#2175 = LINE ( 'NONE', #3413, #4832 ) ;
#2176 = VERTEX_POINT ( 'NONE', #4534 ) ;
#2177 = AXIS2_PLACEMENT_3D ( 'NONE', #1268, #3611, #9 ) ;
#2178 = CARTESIAN_POINT ( 'NONE',  ( 38.76683594672409328, -0.3729180342951781135, -48.90470582712599423 ) ) ;
#2179 = CARTESIAN_POINT ( 'NONE',  ( -49.00000000000000711, -0.4535354219825816213, -39.28041142539931485 ) ) ;
#2180 = VECTOR ( 'NONE', #4367, 1000.000000000000000 ) ;
#2181 = ORIENTED_EDGE ( 'NONE', *, *, #5572, .T. ) ;
#2182 = CYLINDRICAL_SURFACE ( 'NONE', #2385, 1.500000000000001332 ) ;
#2183 = EDGE_LOOP ( 'NONE', ( #410, #4598, #7375, #5996 ) ) ;
#2184 = CARTESIAN_POINT ( 'NONE',  ( 39.40000000000000568, -0.6000000000000000888, 47.60000000000000142 ) ) ;
#2185 = CARTESIAN_POINT ( 'NONE',  ( -38.00000000000000711, -1.600000000000000089, 0.000000000000000000 ) ) ;
#2186 = EDGE_CURVE ( 'NONE', #5475, #5953, #5116, .T. ) ;
#2187 = DIRECTION ( 'NONE',  ( -0.000000000000000000, -1.000000000000000000, 0.000000000000000000 ) ) ;
#2188 = DIRECTION ( 'NONE',  ( 0.000000000000000000, 0.000000000000000000, 1.000000000000000000 ) ) ;
#2189 = DIRECTION ( 'NONE',  ( -0.000000000000000000, -1.000000000000000000, 0.000000000000000000 ) ) ;
#2190 = ORIENTED_EDGE ( 'NONE', *, *, #6724, .F. ) ;
#2191 = ADVANCED_FACE ( 'NONE', ( #1692, #654 ), #2195, .T. ) ;
#2192 = CARTESIAN_POINT ( 'NONE',  ( -48.40000000000000568, 0.5999999999999998668, -49.00000000000000000 ) ) ;
#2193 = ORIENTED_EDGE ( 'NONE', *, *, #1393, .F. ) ;
#2194 = ADVANCED_FACE ( 'NONE', ( #4611 ), #694, .T. ) ;
#2195 = PLANE ( 'NONE',  #7445 ) ;
#2196 = LINE ( 'NONE', #5845, #208 ) ;
#2197 = EDGE_CURVE ( 'NONE', #268, #2602, #2852, .T. ) ;
#2198 = DIRECTION ( 'NONE',  ( -1.000000000000000000, 0.000000000000000000, 0.000000000000000000 ) ) ;
#2199 = ORIENTED_EDGE ( 'NONE', *, *, #843, .F. ) ;
#2200 = CARTESIAN_POINT ( 'NONE',  ( 0.000000000000000000, -1.600000000000000089, -38.00000000000000000 ) ) ;
#2201 = B_SPLINE_CURVE_WITH_KNOTS ( 'NONE', 3,
 ( #29, #3522, #2912, #5245, #7589, #6506, #7012, #1251, #3057, #6470 ),
 .UNSPECIFIED., .F., .F.,
 ( 4, 2, 2, 2, 4 ),
 ( -6.929152249216815425E-06, 0.0004110520715494497086, 0.0008290332953481160429, 0.001247014519146782702, 0.001664995742945449145 ),
 .UNSPECIFIED. ) ;
#2202 = CARTESIAN_POINT ( 'NONE',  ( 39.39999999999999858, 2.399999999999999911, -47.60000000000000142 ) ) ;
#2203 = DIRECTION ( 'NONE',  ( 0.000000000000000000, -1.000000000000000000, 0.000000000000000000 ) ) ;
#2204 = ADVANCED_FACE ( 'NONE', ( #7140 ), #538, .T. ) ;
#2205 = CARTESIAN_POINT ( 'NONE',  ( 10.50000000000000178, 0.000000000000000000, -1.999999999999982236 ) ) ;
#2206 = ORIENTED_EDGE ( 'NONE', *, *, #4679, .T. ) ;
#2207 = CARTESIAN_POINT ( 'NONE',  ( -39.00000000000000711, 2.399999999999999467, -1.999999999999981792 ) ) ;
#2208 = ORIENTED_EDGE ( 'NONE', *, *, #6513, .F. ) ;
#2209 = AXIS2_PLACEMENT_3D ( 'NONE', #5741, #1776, #4053 ) ;
#2210 = DIRECTION ( 'NONE',  ( 0.9966790437443300288, 0.08143023861495178595, -2.315583511784632896E-14 ) ) ;
#2211 = ORIENTED_EDGE ( 'NONE', *, *, #1297, .T. ) ;
#2212 = AXIS2_PLACEMENT_3D ( 'NONE', #7289, #2022, #6788 ) ;
#2213 = CARTESIAN_POINT ( 'NONE',  ( 34.00000000000000000, -7.600000000000000533, 12.49999999999999645 ) ) ;
#2214 = DIRECTION ( 'NONE',  ( 0.000000000000000000, 0.000000000000000000, -1.000000000000000000 ) ) ;
#2215 = VECTOR ( 'NONE', #4852, 1000.000000000000000 ) ;
#2216 = CARTESIAN_POINT ( 'NONE',  ( 0.000000000000000000, 2.399999999999999911, 27.84999999999999432 ) ) ;
#2217 = CIRCLE ( 'NONE', #3699, 0.5999999999999998668 ) ;
#2218 = VERTEX_POINT ( 'NONE', #2232 ) ;
#2219 = PRESENTATION_STYLE_ASSIGNMENT (( #4706 ) ) ;
#2220 = ORIENTED_EDGE ( 'NONE', *, *, #384, .F. ) ;
#2221 = DIRECTION ( 'NONE',  ( 0.000000000000000000, -0.000000000000000000, -1.000000000000000000 ) ) ;
#2222 = LINE ( 'NONE', #6908, #6558 ) ;
#2223 = VECTOR ( 'NONE', #4309, 1000.000000000000000 ) ;
#2224 = DIRECTION ( 'NONE',  ( 0.000000000000000000, 0.000000000000000000, 1.000000000000000000 ) ) ;
#2225 = VECTOR ( 'NONE', #354, 1000.000000000000000 ) ;
#2226 = CARTESIAN_POINT ( 'NONE',  ( -39.40000000000000568, -1.600000000000000089, -47.60000000000000142 ) ) ;
#2227 = ORIENTED_EDGE ( 'NONE', *, *, #6808, .T. ) ;
#2228 = EDGE_CURVE ( 'NONE', #5232, #268, #3036, .T. ) ;
#2229 = CARTESIAN_POINT ( 'NONE',  ( 35.50000000000000711, -7.600000000000000533, 10.99999999999999645 ) ) ;
#2230 = CARTESIAN_POINT ( 'NONE',  ( 22.65000000000000568, 1.399999999999999689, 0.000000000000000000 ) ) ;
#2231 = ORIENTED_EDGE ( 'NONE', *, *, #7562, .F. ) ;
#2232 = CARTESIAN_POINT ( 'NONE',  ( 43.99999999999999289, 2.399999999999999911, -46.09999999999999432 ) ) ;
#2233 = DIRECTION ( 'NONE',  ( 0.000000000000000000, 0.000000000000000000, -1.000000000000000000 ) ) ;
#2234 = CIRCLE ( 'NONE', #5180, 1.500000000000001332 ) ;
#2235 = DIRECTION ( 'NONE',  ( 0.000000000000000000, -1.000000000000000000, 0.000000000000000000 ) ) ;
#2236 = ORIENTED_EDGE ( 'NONE', *, *, #2949, .F. ) ;
#2237 = EDGE_CURVE ( 'NONE', #1121, #20, #2534, .T. ) ;
#2238 = CARTESIAN_POINT ( 'NONE',  ( -38.00000000000000711, -1.600000000000000089, 0.000000000000000000 ) ) ;
#2239 = FACE_OUTER_BOUND ( 'NONE', #1936, .T. ) ;
#2240 = DIRECTION ( 'NONE',  ( -0.000000000000000000, -1.000000000000000000, 0.000000000000000000 ) ) ;
#2241 = CARTESIAN_POINT ( 'NONE',  ( 32.50000000000001421, 0.5999999999999998668, 18.50000000000000355 ) ) ;
#2242 = FACE_OUTER_BOUND ( 'NONE', #734, .T. ) ;
#2243 = EDGE_LOOP ( 'NONE', ( #4596, #3377, #3894, #576 ) ) ;
#2244 = CARTESIAN_POINT ( 'NONE',  ( 37.65000000000000568, 1.399999999999999689, 31.84999999999999076 ) ) ;
#2245 = EDGE_LOOP ( 'NONE', ( #6567, #2120, #7412, #3640 ) ) ;
#2246 = EDGE_CURVE ( 'NONE', #4935, #4844, #5488, .T. ) ;
#2247 = DIRECTION ( 'NONE',  ( 0.000000000000000000, 0.000000000000000000, 1.000000000000000000 ) ) ;
#2248 = CARTESIAN_POINT ( 'NONE',  ( -38.94059652522705761, -0.1385210874801979242, 37.98489125441184910 ) ) ;
#2249 = CARTESIAN_POINT ( 'NONE',  ( -48.58416450377821860, -0.08709142887630270946, -38.03661827055788081 ) ) ;
#2250 = VERTEX_POINT ( 'NONE', #4261 ) ;
#2251 = CARTESIAN_POINT ( 'NONE',  ( 44.00000000000000711, 2.399999999999999911, 44.00000000000000000 ) ) ;
#2252 = VERTEX_POINT ( 'NONE', #1912 ) ;
#2253 = ADVANCED_FACE ( 'NONE', ( #811 ), #2670, .F. ) ;
#2254 = CARTESIAN_POINT ( 'NONE',  ( 37.40000000000000568, -0.6000000000000000888, 0.000000000000000000 ) ) ;
#2255 = DIRECTION ( 'NONE',  ( 0.000000000000000000, 0.000000000000000000, -1.000000000000000000 ) ) ;
#2256 = TOROIDAL_SURFACE ( 'NONE', #3260, 2.000000000000000000, 0.5999999999999999778 ) ;
#2257 = CIRCLE ( 'NONE', #1407, 1.399999999999998579 ) ;
#2258 = AXIS2_PLACEMENT_3D ( 'NONE', #4999, #6809, #4960 ) ;
#2259 = CARTESIAN_POINT ( 'NONE',  ( -49.00000000000000711, 0.5999999999999998668, -49.00000000000000000 ) ) ;
#2260 = AXIS2_PLACEMENT_3D ( 'NONE', #7380, #5614, #6837 ) ;
#2261 = DIRECTION ( 'NONE',  ( 0.000000000000000000, 0.000000000000000000, 1.000000000000000000 ) ) ;
#2262 = AXIS2_PLACEMENT_3D ( 'NONE', #5507, #867, #3794 ) ;
#2263 = VECTOR ( 'NONE', #2553, 1000.000000000000000 ) ;
#2264 = VERTEX_POINT ( 'NONE', #1988 ) ;
#2265 = CARTESIAN_POINT ( 'NONE',  ( 0.000000000000000000, 0.9999999999999997780, 33.34999999999999432 ) ) ;
#2266 = DIRECTION ( 'NONE',  ( 0.000000000000000000, 0.000000000000000000, 1.000000000000000000 ) ) ;
#2267 = ORIENTED_EDGE ( 'NONE', *, *, #4395, .T. ) ;
#2268 = CARTESIAN_POINT ( 'NONE',  ( 44.35000000000000142, 2.399999999999999911, 27.84999999999999432 ) ) ;
#2269 = VECTOR ( 'NONE', #2129, 1000.000000000000000 ) ;
#2270 = CARTESIAN_POINT ( 'NONE',  ( 26.34266137470398306, 2.399999999999999911, 26.94999999999998863 ) ) ;
#2271 = EDGE_CURVE ( 'NONE', #74, #5378, #2566, .T. ) ;
#2272 = DIRECTION ( 'NONE',  ( 0.000000000000000000, -0.000000000000000000, -1.000000000000000000 ) ) ;
#2273 = ORIENTED_EDGE ( 'NONE', *, *, #4689, .F. ) ;
#2274 = CARTESIAN_POINT ( 'NONE',  ( 0.000000000000000000, -1.600000000000000089, 38.00000000000000000 ) ) ;
#2275 = AXIS2_PLACEMENT_3D ( 'NONE', #7295, #3371, #2792 ) ;
#2276 = TOROIDAL_SURFACE ( 'NONE', #3024, 2.100000000000000089, 0.5999999999999999778 ) ;
#2277 = CARTESIAN_POINT ( 'NONE',  ( -37.98066329814015063, 0.3445815521580236074, 38.92510749585322571 ) ) ;
#2278 = LINE ( 'NONE', #5889, #2961 ) ;
#2279 = ADVANCED_FACE ( 'NONE', ( #7293 ), #6857, .T. ) ;
#2280 = FACE_OUTER_BOUND ( 'NONE', #4049, .T. ) ;
#2281 = VERTEX_POINT ( 'NONE', #2029 ) ;
#2282 = CARTESIAN_POINT ( 'NONE',  ( -49.00000000000002842, -0.3078974084255665100, -39.16149774206927958 ) ) ;
#2283 = CARTESIAN_POINT ( 'NONE',  ( 19.50000000000000355, 0.5999999999999999778, -3.499999999999982236 ) ) ;
#2284 = AXIS2_PLACEMENT_3D ( 'NONE', #3687, #1262, #6635 ) ;
#2285 = ORIENTED_EDGE ( 'NONE', *, *, #1297, .F. ) ;
#2286 = DIRECTION ( 'NONE',  ( 0.000000000000000000, 0.000000000000000000, 1.000000000000000000 ) ) ;
#2287 = ORIENTED_EDGE ( 'NONE', *, *, #4973, .T. ) ;
#2288 = EDGE_CURVE ( 'NONE', #7365, #4415, #4017, .T. ) ;
#2289 = ORIENTED_EDGE ( 'NONE', *, *, #4720, .T. ) ;
#2290 = DIRECTION ( 'NONE',  ( 0.000000000000000000, 1.000000000000000000, 0.000000000000000000 ) ) ;
#2291 = DIRECTION ( 'NONE',  ( 0.000000000000000000, 0.000000000000000000, 1.000000000000000000 ) ) ;
#2292 = ADVANCED_FACE ( 'NONE', ( #5564 ), #2487, .T. ) ;
#2293 = EDGE_CURVE ( 'NONE', #3973, #3933, #7335, .T. ) ;
#2294 = CARTESIAN_POINT ( 'NONE',  ( 34.59999999999999432, 0.5999999999999999778, -5.335238423893108186E-14 ) ) ;
#2295 = EDGE_LOOP ( 'NONE', ( #4239, #819, #3840, #1566 ) ) ;
#2296 = ORIENTED_EDGE ( 'NONE', *, *, #5985, .T. ) ;
#2297 = ORIENTED_EDGE ( 'NONE', *, *, #1705, .F. ) ;
#2298 = DIRECTION ( 'NONE',  ( -0.9204443524957584000, 0.000000000000000000, 0.3908736291420335518 ) ) ;
#2299 = DIRECTION ( 'NONE',  ( 0.000000000000000000, 1.000000000000000000, 0.000000000000000000 ) ) ;
#2300 = VECTOR ( 'NONE', #6593, 1000.000000000000000 ) ;
#2301 = DIRECTION ( 'NONE',  ( 4.625929269271481378E-15, 0.000000000000000000, 1.000000000000000000 ) ) ;
#2302 = ADVANCED_FACE ( 'NONE', ( #4861 ), #6637, .F. ) ;
#2303 = FACE_OUTER_BOUND ( 'NONE', #5454, .T. ) ;
#2304 = ORIENTED_EDGE ( 'NONE', *, *, #1273, .T. ) ;
#2305 = DIRECTION ( 'NONE',  ( 0.000000000000000000, 1.000000000000000000, -0.000000000000000000 ) ) ;
#2306 = DIRECTION ( 'NONE',  ( -0.000000000000000000, -1.000000000000000000, 0.000000000000000000 ) ) ;
#2307 = ORIENTED_EDGE ( 'NONE', *, *, #372, .T. ) ;
#2308 = VERTEX_POINT ( 'NONE', #5608 ) ;
#2309 = CARTESIAN_POINT ( 'NONE',  ( 0.000000000000000000, 0.5999999999999999778, 20.60000000000000497 ) ) ;
#2310 = CARTESIAN_POINT ( 'NONE',  ( 37.50000000000000711, 0.000000000000000000, 11.59999999999999609 ) ) ;
#2311 = ORIENTED_EDGE ( 'NONE', *, *, #6603, .F. ) ;
#2312 = FACE_OUTER_BOUND ( 'NONE', #2444, .T. ) ;
#2313 = DIRECTION ( 'NONE',  ( 0.000000000000000000, 0.000000000000000000, 1.000000000000000000 ) ) ;
#2314 = DIRECTION ( 'NONE',  ( 0.000000000000000000, 0.000000000000000000, 1.000000000000000000 ) ) ;
#2315 = CARTESIAN_POINT ( 'NONE',  ( -39.00361118674828731, 0.001384921775380436185, -37.48599178455492620 ) ) ;
#2316 = DIRECTION ( 'NONE',  ( -0.000000000000000000, 0.000000000000000000, -1.000000000000000000 ) ) ;
#2317 = DIRECTION ( 'NONE',  ( -0.000000000000000000, 1.000000000000000000, 0.000000000000000000 ) ) ;
#2318 = ORIENTED_EDGE ( 'NONE', *, *, #3674, .T. ) ;
#2319 = DIRECTION ( 'NONE',  ( 0.000000000000000000, 0.000000000000000000, 1.000000000000000000 ) ) ;
#2320 = EDGE_CURVE ( 'NONE', #88, #2602, #6218, .T. ) ;
#2321 = ORIENTED_EDGE ( 'NONE', *, *, #5279, .T. ) ;
#2322 = ORIENTED_EDGE ( 'NONE', *, *, #6753, .F. ) ;
#2323 = DIRECTION ( 'NONE',  ( -0.000000000000000000, 1.000000000000000000, -0.000000000000000000 ) ) ;
#2324 = CARTESIAN_POINT ( 'NONE',  ( -39.59353424191881032, -0.008718796929866743511, 37.53361092837523216 ) ) ;
#2325 = DIRECTION ( 'NONE',  ( 0.000000000000000000, 1.000000000000000000, 0.000000000000000000 ) ) ;
#2326 = ORIENTED_EDGE ( 'NONE', *, *, #4730, .F. ) ;
#2327 = DIRECTION ( 'NONE',  ( 0.000000000000000000, 0.000000000000000000, 1.000000000000000000 ) ) ;
#2328 = CIRCLE ( 'NONE', #6136, 1.499999999999999556 ) ;
#2329 = ORIENTED_EDGE ( 'NONE', *, *, #7384, .T. ) ;
#2330 = EDGE_CURVE ( 'NONE', #1533, #2509, #4519, .T. ) ;
#2331 = ORIENTED_EDGE ( 'NONE', *, *, #1511, .F. ) ;
#2332 = DIRECTION ( 'NONE',  ( 0.000000000000000000, 0.000000000000000000, 1.000000000000000000 ) ) ;
#2333 = AXIS2_PLACEMENT_3D ( 'NONE', #5356, #6812, #904 ) ;
#2334 = LINE ( 'NONE', #4674, #5348 ) ;
#2335 = EDGE_CURVE ( 'NONE', #3322, #2281, #575, .T. ) ;
#2336 = AXIS2_PLACEMENT_3D ( 'NONE', #6468, #63, #1174 ) ;
#2337 = LINE ( 'NONE', #6448, #2033 ) ;
#2338 = AXIS2_PLACEMENT_3D ( 'NONE', #3535, #2879, #2332 ) ;
#2339 = DIRECTION ( 'NONE',  ( -1.000000000000000000, 0.000000000000000000, 0.000000000000000000 ) ) ;
#2340 = ORIENTED_EDGE ( 'NONE', *, *, #843, .T. ) ;
#2341 = CARTESIAN_POINT ( 'NONE',  ( 34.25000000000000000, 1.399999999999999689, 46.24999999999998579 ) ) ;
#2342 = CARTESIAN_POINT ( 'NONE',  ( -39.00000000000000000, 0.5999999999999999778, 37.40206632590398073 ) ) ;
#2343 = CIRCLE ( 'NONE', #2102, 0.4000000000000010214 ) ;
#2344 = ORIENTED_EDGE ( 'NONE', *, *, #4222, .T. ) ;
#2345 =( BOUNDED_SURFACE ( )  B_SPLINE_SURFACE ( 3, 2, ( 
 ( #6726, #5103, #466 ),
 ( #6834, #6183, #1573 ),
 ( #5682, #1459, #1534 ),
 ( #2734, #5611, #999 ),
 ( #928, #2074, #5138 ),
 ( #5062, #427, #968 ),
 ( #2803, #3819, #6148 ),
 ( #892, #3893, #3283 ),
 ( #1608, #3314, #360 ),
 ( #6762, #5643, #6287 ) ),
 .UNSPECIFIED., .F., .F., .F. ) 
 B_SPLINE_SURFACE_WITH_KNOTS ( ( 4, 2, 2, 2, 4 ),
 ( 3, 3 ),
 ( 9.713454110602703266E-05, 0.0005915436261221454885, 0.001085952711138263999, 0.001580361796154382400, 0.002074770881170500802 ),
 ( 0.000000000000000000, 1.000000000000000000 ),
 .UNSPECIFIED. ) 
 GEOMETRIC_REPRESENTATION_ITEM ( )  RATIONAL_B_SPLINE_SURFACE ( (
 ( 1.000000000000000000, 0.7084826553175715969, 1.000000000000000000),
 ( 1.000000000000000000, 0.7127489060177184532, 1.000000000000000000),
 ( 1.000000000000000000, 0.7309962392170973322, 1.000000000000000000),
 ( 1.000000000000000000, 0.7859228332046236387, 1.000000000000000000),
 ( 1.000000000000000000, 0.8226523382511905513, 1.000000000000000000),
 ( 1.000000000000000000, 0.8953413055909957841, 1.000000000000000000),
 ( 1.000000000000000000, 0.9318027181872752251, 1.000000000000000000),
 ( 1.000000000000000000, 0.9843336148371761851, 1.000000000000000000),
 ( 1.000000000000000000, 1.000295252178845740, 1.000000000000000000),
 ( 1.000000000000000000, 1.000000000000000000, 1.000000000000000000) ) ) 
 REPRESENTATION_ITEM ( '' )  SURFACE ( )  );
#2346 = ADVANCED_FACE ( 'NONE', ( #3380 ), #1914, .F. ) ;
#2347 = CONICAL_SURFACE ( 'NONE', #5544, 1.899999999999999023, 0.7853981633974574939 ) ;
#2348 = PLANE ( 'NONE',  #571 ) ;
#2349 = AXIS2_PLACEMENT_3D ( 'NONE', #2662, #1462, #6068 ) ;
#2350 = CARTESIAN_POINT ( 'NONE',  ( 43.99999999999999289, -1.600000000000000089, -43.99999999999999289 ) ) ;
#2351 = ORIENTED_EDGE ( 'NONE', *, *, #4906, .T. ) ;
#2352 = CARTESIAN_POINT ( 'NONE',  ( 39.39999999999999858, -0.5999999999999998668, -49.00000000000000000 ) ) ;
#2353 = EDGE_CURVE ( 'NONE', #7222, #4102, #3403, .T. ) ;
#2354 = CARTESIAN_POINT ( 'NONE',  ( 37.50000000000000000, 2.399999999999999911, -3.499999999999982236 ) ) ;
#2355 = CARTESIAN_POINT ( 'NONE',  ( -39.00000000000000000, 0.6000000000000003109, 37.43473802335272893 ) ) ;
#2356 = CARTESIAN_POINT ( 'NONE',  ( -39.56764214591368045, -0.03306511368009968505, -37.61519709629703812 ) ) ;
#2357 = DIRECTION ( 'NONE',  ( 1.000000000000000000, 0.000000000000000000, 0.000000000000000000 ) ) ;
#2358 = DIRECTION ( 'NONE',  ( 0.000000000000000000, -0.000000000000000000, -1.000000000000000000 ) ) ;
#2359 = ORIENTED_EDGE ( 'NONE', *, *, #1817, .T. ) ;
#2360 = CARTESIAN_POINT ( 'NONE',  ( 37.64018335254106518, 0.5799712992721917093, -39.00000000000000000 ) ) ;
#2361 = ORIENTED_EDGE ( 'NONE', *, *, #983, .T. ) ;
#2362 = CARTESIAN_POINT ( 'NONE',  ( -49.00000000000000000, 2.399999999999999911, 44.00000000000000000 ) ) ;
#2363 = FACE_OUTER_BOUND ( 'NONE', #6415, .T. ) ;
#2364 = EDGE_CURVE ( 'NONE', #3284, #7112, #1066, .T. ) ;
#2365 = VERTEX_POINT ( 'NONE', #6248 ) ;
#2366 = DIRECTION ( 'NONE',  ( -0.000000000000000000, 1.000000000000000000, 0.000000000000000000 ) ) ;
#2367 = EDGE_LOOP ( 'NONE', ( #1547, #6025, #4771, #4558 ) ) ;
#2368 = SURFACE_SIDE_STYLE ('',( #5290 ) ) ;
#2369 = ORIENTED_EDGE ( 'NONE', *, *, #5543, .F. ) ;
#2370 = DIRECTION ( 'NONE',  ( 0.000000000000000000, 0.000000000000000000, 1.000000000000000000 ) ) ;
#2371 = CARTESIAN_POINT ( 'NONE',  ( 12.00000000000000178, 0.9999999999999997780, 25.00000000000000000 ) ) ;
#2372 = LINE ( 'NONE', #116, #5096 ) ;
#2373 = EDGE_CURVE ( 'NONE', #6905, #1261, #921, .T. ) ;
#2374 = CARTESIAN_POINT ( 'NONE',  ( -39.40000000000000568, -0.5999999999999998668, -39.69089023002066341 ) ) ;
#2375 = ORIENTED_EDGE ( 'NONE', *, *, #3823, .F. ) ;
#2376 = DIRECTION ( 'NONE',  ( -1.000000000000000000, 0.000000000000000000, 0.000000000000000000 ) ) ;
#2377 = AXIS2_PLACEMENT_3D ( 'NONE', #6117, #7313, #331 ) ;
#2378 = DIRECTION ( 'NONE',  ( 0.000000000000000000, 0.000000000000000000, 1.000000000000000000 ) ) ;
#2379 = AXIS2_PLACEMENT_3D ( 'NONE', #5124, #5810, #7470 ) ;
#2380 = VERTEX_POINT ( 'NONE', #4448 ) ;
#2381 = ADVANCED_FACE ( 'NONE', ( #7368 ), #5749, .F. ) ;
#2382 = CARTESIAN_POINT ( 'NONE',  ( -38.39477918876831097, -0.4979243233617207665, 38.70961192435060383 ) ) ;
#2383 = EDGE_CURVE ( 'NONE', #2252, #1331, #2048, .T. ) ;
#2384 = AXIS2_PLACEMENT_3D ( 'NONE', #5617, #365, #4462 ) ;
#2385 = AXIS2_PLACEMENT_3D ( 'NONE', #3238, #6868, #5568 ) ;
#2386 = VECTOR ( 'NONE', #3681, 1000.000000000000000 ) ;
#2387 = ADVANCED_FACE ( 'NONE', ( #1528 ), #1569, .F. ) ;
#2388 = CARTESIAN_POINT ( 'NONE',  ( 49.00000000000001421, -1.600000000000000089, 44.00000000000000000 ) ) ;
#2389 = VERTEX_POINT ( 'NONE', #4489 ) ;
#2390 =( BOUNDED_SURFACE ( )  B_SPLINE_SURFACE ( 3, 2, ( 
 ( #1932, #5548, #4922 ),
 ( #5508, #753, #255 ),
 ( #5470, #4281, #5431 ),
 ( #4397, #135, #1970 ) ),
 .UNSPECIFIED., .F., .F., .F. ) 
 B_SPLINE_SURFACE_WITH_KNOTS ( ( 4, 4 ),
 ( 3, 3 ),
 ( 0.000000000000000000, 9.801509234625550946E-05 ),
 ( 0.000000000000000000, 1.000000000000000000 ),
 .UNSPECIFIED. ) 
 GEOMETRIC_REPRESENTATION_ITEM ( )  RATIONAL_B_SPLINE_SURFACE ( (
 ( 1.000000000000000000, 0.7071067811865475727, 1.000000000000000000),
 ( 1.000000000000000000, 0.7075441568177186502, 1.000000000000000000),
 ( 1.000000000000000000, 0.7080017506625830848, 1.000000000000000000),
 ( 1.000000000000000000, 0.7084826553175709307, 1.000000000000000000) ) ) 
 REPRESENTATION_ITEM ( '' )  SURFACE ( )  );
#2391 = LINE ( 'NONE', #5885, #3764 ) ;
#2392 = CONICAL_SURFACE ( 'NONE', #319, 1.899999999999999023, 0.7853981633974574939 ) ;
#2393 = B_SPLINE_CURVE_WITH_KNOTS ( 'NONE', 3,
 ( #5201, #2360, #1744, #4094, #3555, #719, #1136, #4806 ),
 .UNSPECIFIED., .F., .F.,
 ( 4, 2, 2, 4 ),
 ( 0.000000000000000000, 0.0004160915256251183523, 0.0008321830512502367046, 0.001664366102500473409 ),
 .UNSPECIFIED. ) ;
#2394 = DIRECTION ( 'NONE',  ( 1.000000000000000000, 0.000000000000000000, 0.000000000000000000 ) ) ;
#2395 = FACE_OUTER_BOUND ( 'NONE', #3190, .T. ) ;
#2396 = CARTESIAN_POINT ( 'NONE',  ( -37.40000000000000568, 0.000000000000000000, 39.69089023002065630 ) ) ;
#2397 = ORIENTED_EDGE ( 'NONE', *, *, #7407, .T. ) ;
#2398 = CARTESIAN_POINT ( 'NONE',  ( -49.00000000000000711, 0.3305889836208537047, -38.46417333141432238 ) ) ;
#2399 = EDGE_CURVE ( 'NONE', #4035, #3411, #1553, .T. ) ;
#2400 = CARTESIAN_POINT ( 'NONE',  ( 37.46740987162255010, 0.5986684421056388539, -39.00000000000000000 ) ) ;
#2401 = VERTEX_POINT ( 'NONE', #3347 ) ;
#2402 = DIRECTION ( 'NONE',  ( -0.000000000000000000, -1.000000000000000000, -0.000000000000000000 ) ) ;
#2403 = ORIENTED_EDGE ( 'NONE', *, *, #3198, .F. ) ;
#2404 = CARTESIAN_POINT ( 'NONE',  ( 38.78549009022766825, -0.1056862081238407330, -38.27585715326384985 ) ) ;
#2405 = AXIS2_PLACEMENT_3D ( 'NONE', #5734, #1125, #1199 ) ;
#2406 = CARTESIAN_POINT ( 'NONE',  ( 44.22500000000000142, 1.399999999999999689, 17.26000000000000156 ) ) ;
#2407 = AXIS2_PLACEMENT_3D ( 'NONE', #3240, #1539, #3821 ) ;
#2408 = AXIS2_PLACEMENT_3D ( 'NONE', #4859, #4218, #3651 ) ;
#2409 = CARTESIAN_POINT ( 'NONE',  ( -37.50000000000001421, 0.000000000000000000, -8.899999999999991473 ) ) ;
#2410 = ORIENTED_EDGE ( 'NONE', *, *, #2124, .F. ) ;
#2411 = LINE ( 'NONE', #6595, #3329 ) ;
#2412 = VECTOR ( 'NONE', #5948, 1000.000000000000000 ) ;
#2413 = ORIENTED_EDGE ( 'NONE', *, *, #6850, .F. ) ;
#2414 = CARTESIAN_POINT ( 'NONE',  ( -37.50000000000000000, -7.600000000000000533, 37.50000000000000000 ) ) ;
#2415 = DIRECTION ( 'NONE',  ( 0.000000000000000000, 1.000000000000000000, 0.000000000000000000 ) ) ;
#2416 = CARTESIAN_POINT ( 'NONE',  ( 12.00000000000000178, 2.399999999999999911, 39.00000000000000000 ) ) ;
#2417 = LINE ( 'NONE', #2488, #564 ) ;
#2418 = FACE_OUTER_BOUND ( 'NONE', #5009, .T. ) ;
#2419 = EDGE_LOOP ( 'NONE', ( #3274, #7134, #758, #2579 ) ) ;
#2420 = DIRECTION ( 'NONE',  ( 0.000000000000000000, 1.000000000000000000, -0.000000000000000000 ) ) ;
#2421 = ORIENTED_EDGE ( 'NONE', *, *, #6330, .F. ) ;
#2422 = ORIENTED_EDGE ( 'NONE', *, *, #5669, .T. ) ;
#2423 = EDGE_CURVE ( 'NONE', #3565, #1071, #1765, .T. ) ;
#2424 = VERTEX_POINT ( 'NONE', #2835 ) ;
#2425 = AXIS2_PLACEMENT_3D ( 'NONE', #1192, #117, #5914 ) ;
#2426 = CARTESIAN_POINT ( 'NONE',  ( 38.24597080520858583, -0.4636837923426198049, -38.86452359581901561 ) ) ;
#2427 = FACE_OUTER_BOUND ( 'NONE', #4456, .T. ) ;
#2428 = EDGE_LOOP ( 'NONE', ( #1155, #2754, #1712, #1023 ) ) ;
#2429 = DIRECTION ( 'NONE',  ( 0.000000000000000000, 0.000000000000000000, 1.000000000000000000 ) ) ;
#2430 = FACE_OUTER_BOUND ( 'NONE', #6899, .T. ) ;
#2431 = EDGE_CURVE ( 'NONE', #742, #6377, #6829, .T. ) ;
#2432 = CARTESIAN_POINT ( 'NONE',  ( 43.99999999999999289, -1.600000000000000089, -43.99999999999999289 ) ) ;
#2433 = DIRECTION ( 'NONE',  ( 1.000000000000000000, -0.000000000000000000, 0.000000000000000000 ) ) ;
#2434 = ORIENTED_EDGE ( 'NONE', *, *, #837, .F. ) ;
#2435 = CARTESIAN_POINT ( 'NONE',  ( 37.41844945715711646, 1.438700269962325422E-16, -39.59925776918243656 ) ) ;
#2436 = ORIENTED_EDGE ( 'NONE', *, *, #1562, .T. ) ;
#2437 = CARTESIAN_POINT ( 'NONE',  ( -43.99999999999999289, 0.000000000000000000, 45.89999999999999858 ) ) ;
#2438 = VERTEX_POINT ( 'NONE', #5172 ) ;
#2439 = B_SPLINE_CURVE_WITH_KNOTS ( 'NONE', 3,
 ( #451, #7398, #2132, #3879, #5126, #4513, #303, #6747, #1020, #2791 ),
 .UNSPECIFIED., .F., .F.,
 ( 4, 2, 2, 2, 4 ),
 ( -6.929152249212729338E-06, 0.0004110520715494511723, 0.0008290332953481148502, 0.001247014519146778582, 0.001664995742945442423 ),
 .UNSPECIFIED. ) ;
#2440 = DIRECTION ( 'NONE',  ( 0.000000000000000000, 0.000000000000000000, -1.000000000000000000 ) ) ;
#2441 = EDGE_CURVE ( 'NONE', #5673, #5167, #6876, .T. ) ;
#2442 = CYLINDRICAL_SURFACE ( 'NONE', #3832, 0.6000000000000033085 ) ;
#2443 = FACE_OUTER_BOUND ( 'NONE', #5745, .T. ) ;
#2444 = EDGE_LOOP ( 'NONE', ( #3040, #3979, #7356, #4193 ) ) ;
#2445 = LINE ( 'NONE', #6440, #3213 ) ;
#2446 = ORIENTED_EDGE ( 'NONE', *, *, #3198, .T. ) ;
#2447 = DIRECTION ( 'NONE',  ( 0.000000000000000000, 0.000000000000000000, 1.000000000000000000 ) ) ;
#2448 = CARTESIAN_POINT ( 'NONE',  ( -49.00000000000000711, 0.03772782690524782018, 38.09147254238645530 ) ) ;
#2449 = EDGE_CURVE ( 'NONE', #2587, #4901, #5020, .T. ) ;
#2450 = LINE ( 'NONE', #2416, #2904 ) ;
#2451 = DIRECTION ( 'NONE',  ( 0.000000000000000000, 1.000000000000000000, -0.000000000000000000 ) ) ;
#2452 = DIRECTION ( 'NONE',  ( 1.000000000000000000, 0.000000000000000000, 0.000000000000000000 ) ) ;
#2453 = VECTOR ( 'NONE', #1984, 1000.000000000000000 ) ;
#2454 = ORIENTED_EDGE ( 'NONE', *, *, #3206, .F. ) ;
#2455 = CARTESIAN_POINT ( 'NONE',  ( 37.67750398295714120, -2.635142820718499685E-16, -48.43493321106431182 ) ) ;
#2456 = TOROIDAL_SURFACE ( 'NONE', #7117, 2.000000000000000000, 0.5999999999999999778 ) ;
#2457 = ORIENTED_EDGE ( 'NONE', *, *, #2431, .T. ) ;
#2458 = CARTESIAN_POINT ( 'NONE',  ( 37.65000000000000568, 2.399999999999999911, 27.84999999999999432 ) ) ;
#2459 = AXIS2_PLACEMENT_3D ( 'NONE', #1098, #7511, #5129 ) ;
#2460 = CONICAL_SURFACE ( 'NONE', #2338, 1.899999999999999023, 0.7853981633974574939 ) ;
#2461 = CARTESIAN_POINT ( 'NONE',  ( 37.83628010586404145, -0.1578303906939211299, -39.39498128350529527 ) ) ;
#2462 = CIRCLE ( 'NONE', #7492, 2.099999999999997868 ) ;
#2463 = EDGE_CURVE ( 'NONE', #4768, #1783, #1182, .T. ) ;
#2464 = DIRECTION ( 'NONE',  ( 0.000000000000000000, 0.000000000000000000, -1.000000000000000000 ) ) ;
#2465 = CIRCLE ( 'NONE', #4310, 1.500000000000001332 ) ;
#2466 = VERTEX_POINT ( 'NONE', #1105 ) ;
#2467 = CARTESIAN_POINT ( 'NONE',  ( 34.00000000000001421, 0.5999999999999998668, 18.50000000000000000 ) ) ;
#2468 = CARTESIAN_POINT ( 'NONE',  ( 39.60000000000000142, 0.000000000000000000, -1.895035852377425689E-14 ) ) ;
#2469 = VECTOR ( 'NONE', #2741, 1000.000000000000000 ) ;
#2470 = CARTESIAN_POINT ( 'NONE',  ( -47.60000000000000853, -0.5999999999999998668, -39.39999999999999858 ) ) ;
#2471 = CARTESIAN_POINT ( 'NONE',  ( -39.40000000000000568, -0.6000000000000003109, -49.00000000000000000 ) ) ;
#2472 = EDGE_CURVE ( 'NONE', #5673, #2466, #5787, .T. ) ;
#2473 = CARTESIAN_POINT ( 'NONE',  ( -39.40000000000000568, -0.5999999999999998668, 49.00000000000000000 ) ) ;
#2474 = ORIENTED_EDGE ( 'NONE', *, *, #7154, .T. ) ;
#2475 = PLANE ( 'NONE',  #6811 ) ;
#2476 = VERTEX_POINT ( 'NONE', #6978 ) ;
#2477 = VERTEX_POINT ( 'NONE', #4591 ) ;
#2478 = DIRECTION ( 'NONE',  ( 0.000000000000000000, 1.000000000000000000, 0.000000000000000000 ) ) ;
#2479 = DIRECTION ( 'NONE',  ( -1.000000000000000000, 0.000000000000000000, 0.000000000000000000 ) ) ;
#2480 = CARTESIAN_POINT ( 'NONE',  ( 39.40000000000000568, -1.600000000000000089, 39.39999999999999858 ) ) ;
#2481 = ORIENTED_EDGE ( 'NONE', *, *, #3998, .T. ) ;
#2482 = CYLINDRICAL_SURFACE ( 'NONE', #6255, 1.499999999999999556 ) ;
#2483 = ADVANCED_FACE ( 'NONE', ( #1828 ), #2951, .F. ) ;
#2484 = ORIENTED_EDGE ( 'NONE', *, *, #4921, .F. ) ;
#2485 = CARTESIAN_POINT ( 'NONE',  ( -2.740000000000006875, 2.399999999999999467, -39.00000000000000000 ) ) ;
#2486 = DIRECTION ( 'NONE',  ( -1.000000000000000000, 0.000000000000000000, 0.000000000000000000 ) ) ;
#2487 = CYLINDRICAL_SURFACE ( 'NONE', #7074, 1.399999999999998579 ) ;
#2488 = CARTESIAN_POINT ( 'NONE',  ( 39.00000000000000000, 2.399999999999999467, -10.99999999999999112 ) ) ;
#2489 = DIRECTION ( 'NONE',  ( -0.9204443524957581779, 0.000000000000000000, 0.3908736291420340514 ) ) ;
#2490 = EDGE_CURVE ( 'NONE', #5559, #2850, #4785, .T. ) ;
#2491 = ORIENTED_EDGE ( 'NONE', *, *, #1242, .T. ) ;
#2492 = CARTESIAN_POINT ( 'NONE',  ( 26.34266137470398306, 1.399999999999999689, 26.94999999999998863 ) ) ;
#2493 = ORIENTED_EDGE ( 'NONE', *, *, #703, .F. ) ;
#2494 = CARTESIAN_POINT ( 'NONE',  ( 37.65000000000000568, 1.399999999999999689, 27.84999999999999432 ) ) ;
#2495 = CARTESIAN_POINT ( 'NONE',  ( 37.65000000000000568, 0.9999999999999997780, 29.34999999999999432 ) ) ;
#2496 = CARTESIAN_POINT ( 'NONE',  ( -37.48599178455445013, 0.001384921775273091930, 39.00361118674823757 ) ) ;
#2497 = VECTOR ( 'NONE', #4159, 1000.000000000000000 ) ;
#2498 = CARTESIAN_POINT ( 'NONE',  ( 19.50000000000000355, 2.399999999999999467, 18.50000000000000355 ) ) ;
#2499 = ORIENTED_EDGE ( 'NONE', *, *, #470, .F. ) ;
#2500 = CARTESIAN_POINT ( 'NONE',  ( 42.62500000000000711, 0.9999999999999997780, 13.06000000000000405 ) ) ;
#2501 = ADVANCED_FACE ( 'NONE', ( #1789 ), #5251, .F. ) ;
#2502 = CARTESIAN_POINT ( 'NONE',  ( 45.32500000000000284, 1.399999999999999689, 0.000000000000000000 ) ) ;
#2503 = CIRCLE ( 'NONE', #5698, 1.500000000000001332 ) ;
#2504 = VECTOR ( 'NONE', #3613, 1000.000000000000000 ) ;
#2505 = LINE ( 'NONE', #3591, #1718 ) ;
#2506 = AXIS2_PLACEMENT_3D ( 'NONE', #6090, #722, #3026 ) ;
#2507 = CARTESIAN_POINT ( 'NONE',  ( -39.23937530277559915, -0.5437928385348034244, -49.00000000000000711 ) ) ;
#2508 = CARTESIAN_POINT ( 'NONE',  ( 44.35000000000000142, 1.399999999999999689, 27.84999999999999432 ) ) ;
#2509 = VERTEX_POINT ( 'NONE', #2873 ) ;
#2510 = DIRECTION ( 'NONE',  ( -0.000000000000000000, -1.000000000000000000, -0.000000000000000000 ) ) ;
#2511 = CIRCLE ( 'NONE', #3501, 0.6000000000000033085 ) ;
#2512 = ORIENTED_EDGE ( 'NONE', *, *, #3401, .F. ) ;
#2513 = VERTEX_POINT ( 'NONE', #7016 ) ;
#2514 = ORIENTED_EDGE ( 'NONE', *, *, #1705, .T. ) ;
#2515 = VERTEX_POINT ( 'NONE', #6512 ) ;
#2516 = ORIENTED_EDGE ( 'NONE', *, *, #3655, .T. ) ;
#2517 = EDGE_CURVE ( 'NONE', #315, #3467, #3560, .T. ) ;
#2518 = CARTESIAN_POINT ( 'NONE',  ( 48.40000000000001279, 0.000000000000000000, 37.56696972201766727 ) ) ;
#2519 = CARTESIAN_POINT ( 'NONE',  ( 37.56696972201767437, 0.5999999999999998668, 49.00000000000000000 ) ) ;
#2520 = VECTOR ( 'NONE', #5233, 1000.000000000000000 ) ;
#2521 = AXIS2_PLACEMENT_3D ( 'NONE', #2205, #3197, #1455 ) ;
#2522 = LINE ( 'NONE', #6669, #3081 ) ;
#2523 = ORIENTED_EDGE ( 'NONE', *, *, #4912, .T. ) ;
#2524 = ADVANCED_FACE ( 'NONE', ( #2363 ), #6518, .T. ) ;
#2525 = DIRECTION ( 'NONE',  ( -1.000000000000000000, -0.000000000000000000, -0.000000000000000000 ) ) ;
#2526 = ORIENTED_EDGE ( 'NONE', *, *, #4689, .T. ) ;
#2527 = VECTOR ( 'NONE', #6649, 1000.000000000000000 ) ;
#2528 = FACE_OUTER_BOUND ( 'NONE', #1178, .T. ) ;
#2529 = EDGE_CURVE ( 'NONE', #5521, #5790, #4903, .T. ) ;
#2530 = CARTESIAN_POINT ( 'NONE',  ( -49.00000000000000000, 0.5999999999999999778, 37.56696972201766727 ) ) ;
#2531 = DIRECTION ( 'NONE',  ( -0.3908736291420409348, -0.000000000000000000, -0.9204443524957554024 ) ) ;
#2532 = ADVANCED_FACE ( 'NONE', ( #6130 ), #5977, .T. ) ;
#2533 = DIRECTION ( 'NONE',  ( 0.000000000000000000, 0.000000000000000000, 1.000000000000000000 ) ) ;
#2534 = CIRCLE ( 'NONE', #826, 0.3999999999999975797 ) ;
#2535 = LINE ( 'NONE', #1950, #1807 ) ;
#2536 = ORIENTED_EDGE ( 'NONE', *, *, #762, .T. ) ;
#2537 = CARTESIAN_POINT ( 'NONE',  ( 35.50000000000000711, 0.5999999999999998668, 12.49999999999999467 ) ) ;
#2538 = VERTEX_POINT ( 'NONE', #7131 ) ;
#2539 = CARTESIAN_POINT ( 'NONE',  ( 38.00000000000000711, -1.600000000000000089, -39.69089023002065630 ) ) ;
#2540 = CARTESIAN_POINT ( 'NONE',  ( 49.00000000000000000, -0.6000000000000000888, -39.39999999999999858 ) ) ;
#2541 = EDGE_CURVE ( 'NONE', #5363, #3056, #1584, .T. ) ;
#2542 = LINE ( 'NONE', #4872, #2527 ) ;
#2543 = CARTESIAN_POINT ( 'NONE',  ( 48.99999999999999289, -1.600000000000000089, -39.40000000000000568 ) ) ;
#2544 = ORIENTED_EDGE ( 'NONE', *, *, #976, .T. ) ;
#2545 = DIRECTION ( 'NONE',  ( 8.659560562355011744E-17, 0.7071067811865410224, -0.7071067811865540120 ) ) ;
#2546 = CIRCLE ( 'NONE', #6225, 2.100000000000004530 ) ;
#2547 = CARTESIAN_POINT ( 'NONE',  ( 38.77945231490983247, -0.3931164368102886275, -38.29619243329593559 ) ) ;
#2548 = CARTESIAN_POINT ( 'NONE',  ( 48.39999999999999858, 0.000000000000000000, -37.56696972201766016 ) ) ;
#2549 = FACE_OUTER_BOUND ( 'NONE', #5635, .T. ) ;
#2550 = AXIS2_PLACEMENT_3D ( 'NONE', #2480, #3489, #6979 ) ;
#2551 = LINE ( 'NONE', #1396, #270 ) ;
#2552 = ORIENTED_EDGE ( 'NONE', *, *, #7110, .T. ) ;
#2553 = DIRECTION ( 'NONE',  ( 0.000000000000000000, -1.000000000000000000, -0.000000000000000000 ) ) ;
#2554 = ORIENTED_EDGE ( 'NONE', *, *, #332, .F. ) ;
#2555 = ORIENTED_EDGE ( 'NONE', *, *, #2136, .T. ) ;
#2556 = ORIENTED_EDGE ( 'NONE', *, *, #1229, .F. ) ;
#2557 = DIRECTION ( 'NONE',  ( 0.000000000000000000, 0.000000000000000000, -1.000000000000000000 ) ) ;
#2558 = CARTESIAN_POINT ( 'NONE',  ( 38.30134071039226029, 0.4258171591472114104, 49.00000000000000000 ) ) ;
#2559 = DIRECTION ( 'NONE',  ( 1.000000000000000000, 0.000000000000000000, 0.000000000000000000 ) ) ;
#2560 = ORIENTED_EDGE ( 'NONE', *, *, #6362, .F. ) ;
#2561 = EDGE_CURVE ( 'NONE', #5521, #2748, #4289, .T. ) ;
#2562 = DIRECTION ( 'NONE',  ( -1.000000000000000000, -0.000000000000000000, -0.000000000000000000 ) ) ;
#2563 = ORIENTED_EDGE ( 'NONE', *, *, #1164, .T. ) ;
#2564 = DIRECTION ( 'NONE',  ( -1.000000000000000000, 0.000000000000000000, 0.000000000000000000 ) ) ;
#2565 = CARTESIAN_POINT ( 'NONE',  ( -37.50000000000000711, 0.000000000000000000, -39.00000000000000000 ) ) ;
#2566 = LINE ( 'NONE', #3232, #6329 ) ;
#2567 = CARTESIAN_POINT ( 'NONE',  ( -39.36379803340051353, -0.1782285444240661321, 37.86829451893196108 ) ) ;
#2568 = CARTESIAN_POINT ( 'NONE',  ( 44.22500000000000142, 1.399999999999999689, 13.46000000000000441 ) ) ;
#2569 = ADVANCED_FACE ( 'NONE', ( #6549 ), #2442, .F. ) ;
#2570 = ORIENTED_EDGE ( 'NONE', *, *, #178, .F. ) ;
#2571 = DIRECTION ( 'NONE',  ( 0.000000000000000000, -1.000000000000000000, 0.000000000000000000 ) ) ;
#2572 = ORIENTED_EDGE ( 'NONE', *, *, #4783, .T. ) ;
#2573 = CARTESIAN_POINT ( 'NONE',  ( 22.36933347125637184, 0.9999999999999997780, 33.96898892252534097 ) ) ;
#2574 = CARTESIAN_POINT ( 'NONE',  ( 48.78220304726068690, -0.2495152422278428261, -38.45363220528469128 ) ) ;
#2575 = CARTESIAN_POINT ( 'NONE',  ( -37.50000000000000000, 0.5960057784623233879, 39.00000000000000000 ) ) ;
#2576 = CARTESIAN_POINT ( 'NONE',  ( 48.85371705621229665, -0.3149998928751263083, 38.61518125617010355 ) ) ;
#2577 = CIRCLE ( 'NONE', #503, 1.500000000000000000 ) ;
#2578 = DIRECTION ( 'NONE',  ( -1.000000000000000000, 0.000000000000000000, 0.000000000000000000 ) ) ;
#2579 = ORIENTED_EDGE ( 'NONE', *, *, #1014, .F. ) ;
#2580 = LINE ( 'NONE', #2047, #326 ) ;
#2581 = EDGE_CURVE ( 'NONE', #3139, #7476, #3062, .T. ) ;
#2582 = AXIS2_PLACEMENT_3D ( 'NONE', #3604, #1831, #689 ) ;
#2583 = FACE_OUTER_BOUND ( 'NONE', #297, .T. ) ;
#2584 = AXIS2_PLACEMENT_3D ( 'NONE', #1293, #2016, #2479 ) ;
#2585 = CARTESIAN_POINT ( 'NONE',  ( 48.65219370600930660, -0.1387249770095209112, -38.17984658943015575 ) ) ;
#2586 = DIRECTION ( 'NONE',  ( 1.000000000000000000, 0.000000000000000000, 0.000000000000000000 ) ) ;
#2587 = VERTEX_POINT ( 'NONE', #6048 ) ;
#2588 = CARTESIAN_POINT ( 'NONE',  ( -43.99999999999999289, 0.000000000000000000, 44.00000000000000000 ) ) ;
#2589 = ORIENTED_EDGE ( 'NONE', *, *, #579, .F. ) ;
#2590 = CARTESIAN_POINT ( 'NONE',  ( -37.73863990341398278, -0.09464392786569053584, -39.48594260230749597 ) ) ;
#2591 = EDGE_CURVE ( 'NONE', #6281, #219, #1603, .T. ) ;
#2592 = VERTEX_POINT ( 'NONE', #5516 ) ;
#2593 = ORIENTED_EDGE ( 'NONE', *, *, #3766, .F. ) ;
#2594 = ORIENTED_EDGE ( 'NONE', *, *, #985, .T. ) ;
#2595 = ORIENTED_EDGE ( 'NONE', *, *, #2246, .T. ) ;
#2596 = EDGE_LOOP ( 'NONE', ( #2158, #4521, #5683, #7409 ) ) ;
#2597 = AXIS2_PLACEMENT_3D ( 'NONE', #4192, #6072, #783 ) ;
#2598 = CARTESIAN_POINT ( 'NONE',  ( 30.73999999999999133, 0.000000000000000000, -39.60000000000000142 ) ) ;
#2599 = CARTESIAN_POINT ( 'NONE',  ( 38.24525592695678711, 0.007587539610479292901, 49.00000000000000000 ) ) ;
#2600 = AXIS2_PLACEMENT_3D ( 'NONE', #263, #4931, #5438 ) ;
#2601 = CARTESIAN_POINT ( 'NONE',  ( 12.00000000000000178, 0.5999999999999998668, 37.50000000000000000 ) ) ;
#2602 = VERTEX_POINT ( 'NONE', #1863 ) ;
#2603 = FACE_OUTER_BOUND ( 'NONE', #6529, .T. ) ;
#2604 = ORIENTED_EDGE ( 'NONE', *, *, #6667, .T. ) ;
#2605 = CARTESIAN_POINT ( 'NONE',  ( -37.40206632590398783, 0.5999999999999999778, -39.00000000000000000 ) ) ;
#2606 = DIRECTION ( 'NONE',  ( 0.000000000000000000, 1.000000000000000000, 0.000000000000000000 ) ) ;
#2607 = DIRECTION ( 'NONE',  ( 1.000000000000000000, -0.000000000000000000, -0.000000000000000000 ) ) ;
#2608 = EDGE_CURVE ( 'NONE', #268, #6128, #5895, .T. ) ;
#2609 = DIRECTION ( 'NONE',  ( 8.659560562354802203E-17, -0.7071067811865583419, 0.7071067811865368036 ) ) ;
#2610 = CIRCLE ( 'NONE', #2978, 2.099999999999999645 ) ;
#2611 = DIRECTION ( 'NONE',  ( 1.000000000000000000, 0.000000000000000000, 0.000000000000000000 ) ) ;
#2612 = ORIENTED_EDGE ( 'NONE', *, *, #5877, .F. ) ;
#2613 = FACE_OUTER_BOUND ( 'NONE', #2295, .T. ) ;
#2614 = VERTEX_POINT ( 'NONE', #4211 ) ;
#2615 = ORIENTED_EDGE ( 'NONE', *, *, #2591, .T. ) ;
#2616 = CARTESIAN_POINT ( 'NONE',  ( 49.00000000000000000, -0.6000000000000000888, -39.39999999999999858 ) ) ;
#2617 = EDGE_CURVE ( 'NONE', #1486, #7522, #265, .T. ) ;
#2618 = DIRECTION ( 'NONE',  ( 0.000000000000000000, 1.000000000000000000, 0.000000000000000000 ) ) ;
#2619 = CARTESIAN_POINT ( 'NONE',  ( 49.00000000000001421, -0.5999999999999998668, 39.40000000000000568 ) ) ;
#2620 = CARTESIAN_POINT ( 'NONE',  ( -38.46416813566885651, 0.3305921819928002714, -49.00000000000000000 ) ) ;
#2621 = EDGE_LOOP ( 'NONE', ( #5130, #4106, #1212, #6127 ) ) ;
#2622 = EDGE_CURVE ( 'NONE', #3101, #2281, #878, .T. ) ;
#2623 = FACE_OUTER_BOUND ( 'NONE', #41, .T. ) ;
#2624 = ADVANCED_FACE ( 'NONE', ( #7165 ), #5038, .T. ) ;
#2625 = CARTESIAN_POINT ( 'NONE',  ( -44.00000000000000711, -1.600000000000000089, -44.00000000000000000 ) ) ;
#2626 = DIRECTION ( 'NONE',  ( 0.000000000000000000, 0.000000000000000000, 1.000000000000000000 ) ) ;
#2627 = EDGE_CURVE ( 'NONE', #554, #2252, #7360, .T. ) ;
#2628 = CYLINDRICAL_SURFACE ( 'NONE', #4349, 0.6000000000000033085 ) ;
#2629 = FACE_OUTER_BOUND ( 'NONE', #4793, .T. ) ;
#2630 = ORIENTED_EDGE ( 'NONE', *, *, #3557, .F. ) ;
#2631 = CARTESIAN_POINT ( 'NONE',  ( 37.56696972201766016, 0.5999999999999999778, -48.39999999999999858 ) ) ;
#2632 = ORIENTED_EDGE ( 'NONE', *, *, #1729, .T. ) ;
#2633 = ORIENTED_EDGE ( 'NONE', *, *, #3147, .F. ) ;
#2634 = EDGE_LOOP ( 'NONE', ( #3308, #1682, #1476, #249 ) ) ;
#2635 = AXIS2_PLACEMENT_3D ( 'NONE', #4423, #5538, #4951 ) ;
#2636 = AXIS2_PLACEMENT_3D ( 'NONE', #2537, #5416, #5954 ) ;
#2637 = VERTEX_POINT ( 'NONE', #3227 ) ;
#2638 = VECTOR ( 'NONE', #945, 1000.000000000000000 ) ;
#2639 = DIRECTION ( 'NONE',  ( 7.228014483236656126E-16, -8.359070939180666949E-30, 1.000000000000000000 ) ) ;
#2640 = DIRECTION ( 'NONE',  ( 0.000000000000000000, 0.000000000000000000, 1.000000000000000000 ) ) ;
#2641 = VECTOR ( 'NONE', #5685, 1000.000000000000000 ) ;
#2642 = ADVANCED_FACE ( 'NONE', ( #6274 ), #4404, .T. ) ;
#2643 = CIRCLE ( 'NONE', #6810, 1.500000000000001332 ) ;
#2644 = CIRCLE ( 'NONE', #5585, 2.099999999999999645 ) ;
#2645 = CARTESIAN_POINT ( 'NONE',  ( -39.00000000000000711, 2.399999999999999911, -3.499999999999982236 ) ) ;
#2646 = ORIENTED_EDGE ( 'NONE', *, *, #7170, .F. ) ;
#2647 = DIRECTION ( 'NONE',  ( -1.541976423090494056E-15, 0.000000000000000000, -1.000000000000000000 ) ) ;
#2648 = AXIS2_PLACEMENT_3D ( 'NONE', #5364, #5935, #6589 ) ;
#2649 = PRODUCT_DEFINITION_CONTEXT ( 'detailed design', #7378, 'design' ) ;
#2650 = VERTEX_POINT ( 'NONE', #5668 ) ;
#2651 = CARTESIAN_POINT ( 'NONE',  ( 24.96199484596034424, 1.399999999999999689, 27.86368955628693556 ) ) ;
#2652 = TOROIDAL_SURFACE ( 'NONE', #6817, 1.100000000000000089, 0.4000000000000000222 ) ;
#2653 = DIRECTION ( 'NONE',  ( 0.000000000000000000, -1.000000000000000000, 0.000000000000000000 ) ) ;
#2654 = CIRCLE ( 'NONE', #6570, 1.399999999999998579 ) ;
#2655 = CARTESIAN_POINT ( 'NONE',  ( 44.00000000000000711, -1.600000000000000089, 44.00000000000000000 ) ) ;
#2656 = AXIS2_PLACEMENT_3D ( 'NONE', #5986, #732, #3071 ) ;
#2657 = EDGE_LOOP ( 'NONE', ( #5578, #5737, #2989 ) ) ;
#2658 = CARTESIAN_POINT ( 'NONE',  ( 39.28041142540045172, -0.4535354219816917776, -49.00000000000000000 ) ) ;
#2659 = ORIENTED_EDGE ( 'NONE', *, *, #108, .F. ) ;
#2660 = CARTESIAN_POINT ( 'NONE',  ( -37.50000000000000711, 2.399999999999999911, -39.00000000000000000 ) ) ;
#2661 = AXIS2_PLACEMENT_3D ( 'NONE', #4637, #2880, #7567 ) ;
#2662 = CARTESIAN_POINT ( 'NONE',  ( -44.00000000000001421, 2.399999999999999911, -44.00000000000000711 ) ) ;
#2663 = CARTESIAN_POINT ( 'NONE',  ( -1.970042486631046112E-14, 1.399999999999999689, 13.05999999999994010 ) ) ;
#2664 = AXIS2_PLACEMENT_3D ( 'NONE', #6521, #4816, #7101 ) ;
#2665 = CARTESIAN_POINT ( 'NONE',  ( 37.50000000000000000, 0.5999999999999998668, -10.99999999999999112 ) ) ;
#2666 = LINE ( 'NONE', #5689, #6008 ) ;
#2667 = VERTEX_POINT ( 'NONE', #3336 ) ;
#2668 = EDGE_CURVE ( 'NONE', #256, #6852, #2439, .T. ) ;
#2669 = DIRECTION ( 'NONE',  ( -0.000000000000000000, 1.000000000000000000, 0.000000000000000000 ) ) ;
#2670 = TOROIDAL_SURFACE ( 'NONE', #5478, 2.000000000000000000, 0.5999999999999999778 ) ;
#2671 = CARTESIAN_POINT ( 'NONE',  ( -9.902948977032952047E-15, 0.9999999999999997780, -43.49999999999999289 ) ) ;
#2672 = DIRECTION ( 'NONE',  ( 0.000000000000000000, 1.000000000000000000, 0.000000000000000000 ) ) ;
#2673 = CARTESIAN_POINT ( 'NONE',  ( -39.60000000000000853, 0.5999999999999999778, 6.465416437522974293E-15 ) ) ;
#2674 = PLANE ( 'NONE',  #633 ) ;
#2675 = VECTOR ( 'NONE', #889, 1000.000000000000000 ) ;
#2676 = ORIENTED_EDGE ( 'NONE', *, *, #5443, .T. ) ;
#2677 = EDGE_CURVE ( 'NONE', #2476, #4426, #2462, .T. ) ;
#2678 = CARTESIAN_POINT ( 'NONE',  ( -37.86829052895893000, -0.1782255388830258358, -39.36380269884206484 ) ) ;
#2679 = EDGE_LOOP ( 'NONE', ( #1501, #3153, #2397, #969, #3902 ) ) ;
#2680 = EDGE_LOOP ( 'NONE', ( #4033, #6939, #3801, #350 ) ) ;
#2681 = VERTEX_POINT ( 'NONE', #2719 ) ;
#2682 = EDGE_CURVE ( 'NONE', #2992, #4401, #4974, .T. ) ;
#2683 = ORIENTED_EDGE ( 'NONE', *, *, #3401, .T. ) ;
#2684 = DIRECTION ( 'NONE',  ( 0.000000000000000000, 0.000000000000000000, 1.000000000000000000 ) ) ;
#2685 = AXIS2_PLACEMENT_3D ( 'NONE', #1457, #4334, #5527 ) ;
#2686 = DIRECTION ( 'NONE',  ( 0.000000000000000000, -0.7071067811865583419, -0.7071067811865368036 ) ) ;
#2687 = FACE_OUTER_BOUND ( 'NONE', #4923, .T. ) ;
#2688 = ORIENTED_EDGE ( 'NONE', *, *, #6945, .F. ) ;
#2689 = DIRECTION ( 'NONE',  ( 0.000000000000000000, 0.000000000000000000, 1.000000000000000000 ) ) ;
#2690 = VERTEX_POINT ( 'NONE', #3304 ) ;
#2691 = ADVANCED_FACE ( 'NONE', ( #7471 ), #3846, .F. ) ;
#2692 = DIRECTION ( 'NONE',  ( 0.3908736291420338294, -0.000000000000000000, -0.9204443524957584000 ) ) ;
#2693 = CARTESIAN_POINT ( 'NONE',  ( 10.50000000000000178, -7.600000000000000533, -1.999999999999982236 ) ) ;
#2694 = CARTESIAN_POINT ( 'NONE',  ( 49.00000000000002132, -0.01383654136608255224, 38.92039213737842829 ) ) ;
#2695 = ORIENTED_EDGE ( 'NONE', *, *, #5237, .F. ) ;
#2696 = ORIENTED_EDGE ( 'NONE', *, *, #1307, .F. ) ;
#2697 = FACE_OUTER_BOUND ( 'NONE', #613, .T. ) ;
#2698 = ORIENTED_EDGE ( 'NONE', *, *, #7136, .T. ) ;
#2699 = ADVANCED_FACE ( 'NONE', ( #3917 ), #1627, .T. ) ;
#2700 = FACE_OUTER_BOUND ( 'NONE', #4480, .T. ) ;
#2701 = FACE_OUTER_BOUND ( 'NONE', #5561, .T. ) ;
#2702 = FACE_BOUND ( 'NONE', #3554, .T. ) ;
#2703 = CARTESIAN_POINT ( 'NONE',  ( 49.00000000000001421, 0.03384830009384876687, 37.67407111144526510 ) ) ;
#2704 = DIRECTION ( 'NONE',  ( 0.000000000000000000, 0.000000000000000000, -1.000000000000000000 ) ) ;
#2705 = ORIENTED_EDGE ( 'NONE', *, *, #210, .F. ) ;
#2706 = CARTESIAN_POINT ( 'NONE',  ( 39.00000000000000711, 2.399999999999999467, 9.499999999999996447 ) ) ;
#2707 = DIRECTION ( 'NONE',  ( 0.000000000000000000, 0.000000000000000000, -1.000000000000000000 ) ) ;
#2708 = CARTESIAN_POINT ( 'NONE',  ( -37.43480804891998304, -0.0006657787549107915467, -39.59848051651439960 ) ) ;
#2709 = ADVANCED_FACE ( 'NONE', ( #1560 ), #5703, .F. ) ;
#2710 = DIRECTION ( 'NONE',  ( 1.156482317317871478E-16, -0.000000000000000000, -1.000000000000000000 ) ) ;
#2711 = DIRECTION ( 'NONE',  ( -0.000000000000000000, 1.000000000000000000, -0.000000000000000000 ) ) ;
#2712 = VECTOR ( 'NONE', #3395, 1000.000000000000000 ) ;
#2713 = ORIENTED_EDGE ( 'NONE', *, *, #5122, .F. ) ;
#2714 = FACE_OUTER_BOUND ( 'NONE', #6796, .T. ) ;
#2715 = AXIS2_PLACEMENT_3D ( 'NONE', #2163, #6162, #5117 ) ;
#2716 = ORIENTED_EDGE ( 'NONE', *, *, #6483, .F. ) ;
#2717 = FACE_OUTER_BOUND ( 'NONE', #513, .T. ) ;
#2718 = VECTOR ( 'NONE', #1249, 1000.000000000000000 ) ;
#2719 = CARTESIAN_POINT ( 'NONE',  ( 10.50000000000000178, 2.399999999999999911, 39.00000000000000000 ) ) ;
#2720 = ADVANCED_FACE ( 'NONE', ( #6242 ), #1606, .T. ) ;
#2721 = AXIS2_PLACEMENT_3D ( 'NONE', #2184, #5722, #3421 ) ;
#2722 = DIRECTION ( 'NONE',  ( 0.000000000000000000, 0.000000000000000000, 1.000000000000000000 ) ) ;
#2723 = ORIENTED_EDGE ( 'NONE', *, *, #3235, .F. ) ;
#2724 = DIRECTION ( 'NONE',  ( 0.000000000000000000, 0.000000000000000000, 1.000000000000000000 ) ) ;
#2725 = CIRCLE ( 'NONE', #3703, 0.6000000000000033085 ) ;
#2726 = EDGE_LOOP ( 'NONE', ( #2875, #4081, #5070, #588 ) ) ;
#2727 = CYLINDRICAL_SURFACE ( 'NONE', #4562, 0.3999999999999975797 ) ;
#2728 = VECTOR ( 'NONE', #6178, 1000.000000000000000 ) ;
#2729 = CARTESIAN_POINT ( 'NONE',  ( 38.17983873497345115, -0.1387220022517506868, -48.65218991964589890 ) ) ;
#2730 = CIRCLE ( 'NONE', #3348, 1.500000000000001332 ) ;
#2731 = ADVANCED_FACE ( 'NONE', ( #1815 ), #7082, .F. ) ;
#2732 = CARTESIAN_POINT ( 'NONE',  ( 35.75000000000000711, 0.9999999999999997780, 34.55529936623838694 ) ) ;
#2733 = ORIENTED_EDGE ( 'NONE', *, *, #3833, .F. ) ;
#2734 = CARTESIAN_POINT ( 'NONE',  ( -37.93884995794605430, 0.3852831758874294965, -38.93824309428659092 ) ) ;
#2735 = ORIENTED_EDGE ( 'NONE', *, *, #7269, .T. ) ;
#2736 = CARTESIAN_POINT ( 'NONE',  ( 19.50000000000000355, 0.5999999999999998668, 20.00000000000000355 ) ) ;
#2737 = DIRECTION ( 'NONE',  ( 0.000000000000000000, -0.08143023861491721638, -0.9966790437443329154 ) ) ;
#2738 = LINE ( 'NONE', #3931, #4492 ) ;
#2739 = ADVANCED_FACE ( 'NONE', ( #2395 ), #4576, .F. ) ;
#2740 = CARTESIAN_POINT ( 'NONE',  ( 32.50000000000001421, 0.000000000000000000, 20.60000000000000497 ) ) ;
#2741 = DIRECTION ( 'NONE',  ( 1.000000000000000000, 0.000000000000000000, 0.000000000000000000 ) ) ;
#2742 = EDGE_LOOP ( 'NONE', ( #4344, #5432, #2199, #2092 ) ) ;
#2743 = CARTESIAN_POINT ( 'NONE',  ( -38.09147254238646241, 0.03772782690525797872, 49.00000000000000000 ) ) ;
#2744 = FACE_OUTER_BOUND ( 'NONE', #2789, .T. ) ;
#2745 = DIRECTION ( 'NONE',  ( 1.000000000000000000, 0.000000000000000000, 0.000000000000000000 ) ) ;
#2746 = FACE_OUTER_BOUND ( 'NONE', #10, .T. ) ;
#2747 = CARTESIAN_POINT ( 'NONE',  ( 0.000000000000000000, -1.600000000000000089, 49.00000000000000000 ) ) ;
#2748 = VERTEX_POINT ( 'NONE', #2940 ) ;
#2749 = CARTESIAN_POINT ( 'NONE',  ( -39.60000000000000853, 0.5999999999999999778, 0.000000000000000000 ) ) ;
#2750 = CYLINDRICAL_SURFACE ( 'NONE', #5458, 1.500000000000001332 ) ;
#2751 = CARTESIAN_POINT ( 'NONE',  ( -2.030380694491109008E-14, 0.9999999999999997780, 13.45999999999993868 ) ) ;
#2752 = CARTESIAN_POINT ( 'NONE',  ( 34.00000000000000000, 0.5999999999999998668, 12.49999999999999645 ) ) ;
#2753 = CARTESIAN_POINT ( 'NONE',  ( 44.35000000000000142, 0.9999999999999997780, 31.84999999999999076 ) ) ;
#2754 = ORIENTED_EDGE ( 'NONE', *, *, #992, .F. ) ;
#2755 = AXIS2_PLACEMENT_3D ( 'NONE', #4531, #3249, #7424 ) ;
#2756 = CARTESIAN_POINT ( 'NONE',  ( 44.22500000000000142, 0.9999999999999997780, 16.16000000000000014 ) ) ;
#2757 = EDGE_CURVE ( 'NONE', #2103, #6911, #2824, .T. ) ;
#2758 = ORIENTED_EDGE ( 'NONE', *, *, #2541, .T. ) ;
#2759 = FACE_OUTER_BOUND ( 'NONE', #4001, .T. ) ;
#2760 = DIRECTION ( 'NONE',  ( 0.000000000000000000, 0.000000000000000000, 1.000000000000000000 ) ) ;
#2761 = AXIS2_PLACEMENT_3D ( 'NONE', #5929, #5814, #6932 ) ;
#2762 = AXIS2_PLACEMENT_3D ( 'NONE', #777, #2571, #735 ) ;
#2763 = VECTOR ( 'NONE', #1425, 1000.000000000000000 ) ;
#2764 = EDGE_CURVE ( 'NONE', #6664, #7473, #560, .T. ) ;
#2765 = AXIS2_PLACEMENT_3D ( 'NONE', #1827, #4170, #2440 ) ;
#2766 = CARTESIAN_POINT ( 'NONE',  ( -49.00000000000001421, -0.1875914490198197226, -38.73762170596452847 ) ) ;
#2767 = VERTEX_POINT ( 'NONE', #6463 ) ;
#2768 = EDGE_CURVE ( 'NONE', #5244, #2891, #4302, .T. ) ;
#2769 = FACE_OUTER_BOUND ( 'NONE', #3883, .T. ) ;
#2770 = VERTEX_POINT ( 'NONE', #23 ) ;
#2771 = CIRCLE ( 'NONE', #7055, 1.399999999999998579 ) ;
#2772 = CARTESIAN_POINT ( 'NONE',  ( 49.00000000000001421, -0.5439928960732527408, 39.23994701248718542 ) ) ;
#2773 = CARTESIAN_POINT ( 'NONE',  ( 35.50000000000000711, 0.5999999999999998668, 12.49999999999999467 ) ) ;
#2774 = EDGE_CURVE ( 'NONE', #5594, #5720, #6969, .T. ) ;
#2775 = DIRECTION ( 'NONE',  ( -1.000000000000000000, 0.000000000000000000, 0.000000000000000000 ) ) ;
#2776 = AXIS2_PLACEMENT_3D ( 'NONE', #3171, #291, #7229 ) ;
#2777 = CIRCLE ( 'NONE', #1664, 1.099999999999998535 ) ;
#2778 = CARTESIAN_POINT ( 'NONE',  ( -49.00000000000000000, 0.5999999999999998668, 37.56696972201766016 ) ) ;
#2779 = DIRECTION ( 'NONE',  ( -0.000000000000000000, 0.000000000000000000, 1.000000000000000000 ) ) ;
#2780 = EDGE_LOOP ( 'NONE', ( #4168, #5327, #6820, #1276, #181, #5941, #4970, #7019, #3599, #7087 ) ) ;
#2781 = DIRECTION ( 'NONE',  ( -0.000000000000000000, -1.000000000000000000, -0.000000000000000000 ) ) ;
#2782 = EDGE_CURVE ( 'NONE', #5244, #3102, #5273, .T. ) ;
#2783 = CIRCLE ( 'NONE', #7068, 1.500000000000000000 ) ;
#2784 = CARTESIAN_POINT ( 'NONE',  ( -44.00000000000000711, 2.200000000000000178, -44.00000000000000000 ) ) ;
#2785 = CARTESIAN_POINT ( 'NONE',  ( 42.62500000000000711, 2.399999999999999911, 14.56000000000000405 ) ) ;
#2786 = CARTESIAN_POINT ( 'NONE',  ( 47.59999999999999432, -1.600000000000000089, -39.39999999999999858 ) ) ;
#2787 = VERTEX_POINT ( 'NONE', #5776 ) ;
#2788 = DIRECTION ( 'NONE',  ( 1.000000000000000000, 0.000000000000000000, 0.000000000000000000 ) ) ;
#2789 = EDGE_LOOP ( 'NONE', ( #3985, #2024, #2273, #2554 ) ) ;
#2790 = CARTESIAN_POINT ( 'NONE',  ( 22.25000000000000711, 2.399999999999999911, 46.24999999999998579 ) ) ;
#2791 = CARTESIAN_POINT ( 'NONE',  ( -39.00000000000000000, 0.5960057784623205013, 37.50000000000000000 ) ) ;
#2792 = DIRECTION ( 'NONE',  ( 0.000000000000000000, 0.000000000000000000, 1.000000000000000000 ) ) ;
#2793 = FACE_OUTER_BOUND ( 'NONE', #3941, .T. ) ;
#2794 = VERTEX_POINT ( 'NONE', #490 ) ;
#2795 = CARTESIAN_POINT ( 'NONE',  ( 37.65000000000000568, 2.399999999999999911, 31.84999999999999076 ) ) ;
#2796 = ORIENTED_EDGE ( 'NONE', *, *, #6592, .T. ) ;
#2797 = CIRCLE ( 'NONE', #1445, 1.500000000000001332 ) ;
#2798 = DIRECTION ( 'NONE',  ( -0.000000000000000000, -1.000000000000000000, -0.000000000000000000 ) ) ;
#2799 = CARTESIAN_POINT ( 'NONE',  ( 38.32281613282676602, -0.1978765222138040569, -48.72385009471177852 ) ) ;
#2800 = EDGE_CURVE ( 'NONE', #6852, #566, #1699, .T. ) ;
#2801 = CARTESIAN_POINT ( 'NONE',  ( -49.00000000000000711, -0.5265073566092279833, -39.18997587142005301 ) ) ;
#2802 = ORIENTED_EDGE ( 'NONE', *, *, #6369, .F. ) ;
#2803 = CARTESIAN_POINT ( 'NONE',  ( -38.25578729802423794, -0.06508375661146302560, -38.79771364544099299 ) ) ;
#2804 = ORIENTED_EDGE ( 'NONE', *, *, #4773, .T. ) ;
#2805 = EDGE_CURVE ( 'NONE', #2380, #2614, #1596, .T. ) ;
#2806 = DIRECTION ( 'NONE',  ( 0.000000000000000000, 0.000000000000000000, -1.000000000000000000 ) ) ;
#2807 = CARTESIAN_POINT ( 'NONE',  ( 48.39999999999999858, 0.000000000000000000, -37.56696972201766016 ) ) ;
#2808 = AXIS2_PLACEMENT_3D ( 'NONE', #122, #4231, #779 ) ;
#2809 = CARTESIAN_POINT ( 'NONE',  ( 30.73999999999999133, 0.000000000000000000, -40.50000000000000000 ) ) ;
#2810 = EDGE_CURVE ( 'NONE', #3695, #7374, #5888, .T. ) ;
#2811 = DIRECTION ( 'NONE',  ( 0.000000000000000000, 1.000000000000000000, 0.000000000000000000 ) ) ;
#2812 = CARTESIAN_POINT ( 'NONE',  ( 27.73999999999999133, 0.5999999999999999778, -41.99999999999999289 ) ) ;
#2813 = VERTEX_POINT ( 'NONE', #4022 ) ;
#2814 = LINE ( 'NONE', #2229, #180 ) ;
#2815 = ORIENTED_EDGE ( 'NONE', *, *, #3105, .F. ) ;
#2816 = CARTESIAN_POINT ( 'NONE',  ( -39.00000000000000711, 0.000000000000000000, -37.40206632590398073 ) ) ;
#2817 = FACE_OUTER_BOUND ( 'NONE', #5590, .T. ) ;
#2818 = EDGE_CURVE ( 'NONE', #6204, #2770, #7545, .T. ) ;
#2819 = CARTESIAN_POINT ( 'NONE',  ( 43.99999999999999289, 2.399999999999999911, -43.99999999999999289 ) ) ;
#2820 = ORIENTED_EDGE ( 'NONE', *, *, #4618, .T. ) ;
#2821 = PLANE ( 'NONE',  #6075 ) ;
#2822 = ORIENTED_EDGE ( 'NONE', *, *, #2818, .T. ) ;
#2823 = DIRECTION ( 'NONE',  ( 0.000000000000000000, 0.000000000000000000, 1.000000000000000000 ) ) ;
#2824 = LINE ( 'NONE', #4651, #3938 ) ;
#2825 = DIRECTION ( 'NONE',  ( -1.000000000000000000, 0.000000000000000000, 0.000000000000000000 ) ) ;
#2826 = CIRCLE ( 'NONE', #386, 1.500000000000001332 ) ;
#2827 = EDGE_CURVE ( 'NONE', #74, #488, #3562, .T. ) ;
#2828 = DIRECTION ( 'NONE',  ( 0.000000000000000000, 0.000000000000000000, 1.000000000000000000 ) ) ;
#2829 = VERTEX_POINT ( 'NONE', #2863 ) ;
#2830 = AXIS2_PLACEMENT_3D ( 'NONE', #4433, #2672, #6697 ) ;
#2831 = CARTESIAN_POINT ( 'NONE',  ( -37.50000000000004974, 0.5960057784623197241, -39.60000000000000142 ) ) ;
#2832 = EDGE_LOOP ( 'NONE', ( #2436, #5054, #1440, #7128 ) ) ;
#2833 = AXIS2_PLACEMENT_3D ( 'NONE', #4443, #4580, #2722 ) ;
#2834 = CARTESIAN_POINT ( 'NONE',  ( 38.92513321887955868, 0.3446590549005058568, -37.98066595387484767 ) ) ;
#2835 = CARTESIAN_POINT ( 'NONE',  ( -37.50000000000000000, 2.399999999999999911, 39.00000000000000000 ) ) ;
#2836 = AXIS2_PLACEMENT_3D ( 'NONE', #5640, #6902, #3993 ) ;
#2837 = CARTESIAN_POINT ( 'NONE',  ( -49.00000000000001421, 0.007587539610478473244, -38.24525592695610499 ) ) ;
#2838 = AXIS2_PLACEMENT_3D ( 'NONE', #5930, #4202, #528 ) ;
#2839 = ORIENTED_EDGE ( 'NONE', *, *, #3770, .T. ) ;
#2840 = DIRECTION ( 'NONE',  ( 0.000000000000000000, 0.000000000000000000, 1.000000000000000000 ) ) ;
#2841 = ORIENTED_EDGE ( 'NONE', *, *, #1126, .T. ) ;
#2842 = CARTESIAN_POINT ( 'NONE',  ( -39.60000000000000853, 0.000000000000000000, -37.40206632590398073 ) ) ;
#2843 = EDGE_CURVE ( 'NONE', #3021, #3058, #1668, .T. ) ;
#2844 = LINE ( 'NONE', #1719, #4978 ) ;
#2845 = DIRECTION ( 'NONE',  ( -1.000000000000000000, -0.000000000000000000, -0.000000000000000000 ) ) ;
#2846 = DIRECTION ( 'NONE',  ( 0.000000000000000000, 1.000000000000000000, 0.000000000000000000 ) ) ;
#2847 = ORIENTED_EDGE ( 'NONE', *, *, #5142, .T. ) ;
#2848 = DIRECTION ( 'NONE',  ( -0.000000000000000000, 0.000000000000000000, -1.000000000000000000 ) ) ;
#2849 = DIRECTION ( 'NONE',  ( 0.000000000000000000, 0.000000000000000000, 1.000000000000000000 ) ) ;
#2850 = VERTEX_POINT ( 'NONE', #5852 ) ;
#2851 = EDGE_CURVE ( 'NONE', #3719, #1640, #3944, .T. ) ;
#2852 = LINE ( 'NONE', #6372, #4498 ) ;
#2853 = DIRECTION ( 'NONE',  ( 1.000000000000000000, -0.000000000000000000, -0.000000000000000000 ) ) ;
#2854 = VECTOR ( 'NONE', #7215, 1000.000000000000000 ) ;
#2855 = B_SPLINE_CURVE_WITH_KNOTS ( 'NONE', 3,
 ( #6777, #3869, #6200, #6849, #2050, #866, #6234, #946, #4394, #979 ),
 .UNSPECIFIED., .F., .F.,
 ( 4, 2, 2, 2, 4 ),
 ( -7.709892134844740160E-06, 0.0005028143922866434639, 0.001013338676708131717, 0.001523862961129620079, 0.002034387245551108440 ),
 .UNSPECIFIED. ) ;
#2856 = EDGE_CURVE ( 'NONE', #4737, #5367, #2278, .T. ) ;
#2857 = DIRECTION ( 'NONE',  ( -2.352167425053297404E-16, 0.000000000000000000, -1.000000000000000000 ) ) ;
#2858 = ORIENTED_EDGE ( 'NONE', *, *, #881, .T. ) ;
#2859 = LINE ( 'NONE', #4540, #2269 ) ;
#2860 = EDGE_CURVE ( 'NONE', #5830, #3807, #3826, .T. ) ;
#2861 = CARTESIAN_POINT ( 'NONE',  ( -37.40000000000000568, -0.6000000000000000888, 0.000000000000000000 ) ) ;
#2862 = EDGE_CURVE ( 'NONE', #88, #5232, #2505, .T. ) ;
#2863 = CARTESIAN_POINT ( 'NONE',  ( 39.40000000000000568, -1.600000000000000089, 49.00000000000000000 ) ) ;
#2864 = CARTESIAN_POINT ( 'NONE',  ( 38.98151344002233998, -0.3984036325830973002, -38.14982856691279522 ) ) ;
#2865 = DIRECTION ( 'NONE',  ( -0.000000000000000000, -1.000000000000000000, -0.000000000000000000 ) ) ;
#2866 = PLANE ( 'NONE',  #133 ) ;
#2867 = ORIENTED_EDGE ( 'NONE', *, *, #7223, .F. ) ;
#2868 = DIRECTION ( 'NONE',  ( 0.000000000000000000, 1.000000000000000000, 0.000000000000000000 ) ) ;
#2869 = ORIENTED_EDGE ( 'NONE', *, *, #2682, .T. ) ;
#2870 = ORIENTED_EDGE ( 'NONE', *, *, #6147, .T. ) ;
#2871 = DIRECTION ( 'NONE',  ( 0.000000000000000000, 0.000000000000000000, -1.000000000000000000 ) ) ;
#2872 = EDGE_CURVE ( 'NONE', #3411, #6707, #4840, .T. ) ;
#2873 = CARTESIAN_POINT ( 'NONE',  ( 49.00000000000001421, -0.5999999999999998668, 39.40000000000000568 ) ) ;
#2874 = CARTESIAN_POINT ( 'NONE',  ( 43.99999999999999289, 0.000000000000000000, -45.89999999999999147 ) ) ;
#2875 = ORIENTED_EDGE ( 'NONE', *, *, #3037, .T. ) ;
#2876 = VERTEX_POINT ( 'NONE', #4762 ) ;
#2877 = LINE ( 'NONE', #5871, #7534 ) ;
#2878 = ORIENTED_EDGE ( 'NONE', *, *, #6654, .F. ) ;
#2879 = DIRECTION ( 'NONE',  ( 0.000000000000000000, 1.000000000000000000, 0.000000000000000000 ) ) ;
#2880 = DIRECTION ( 'NONE',  ( -0.000000000000000000, -1.000000000000000000, -0.000000000000000000 ) ) ;
#2881 = AXIS2_PLACEMENT_3D ( 'NONE', #4470, #294, #4434 ) ;
#2882 = VECTOR ( 'NONE', #1917, 1000.000000000000000 ) ;
#2883 = CONICAL_SURFACE ( 'NONE', #2379, 1.899999999999999023, 0.7853981633974574939 ) ;
#2884 = VECTOR ( 'NONE', #7241, 1000.000000000000000 ) ;
#2885 = LINE ( 'NONE', #1038, #691 ) ;
#2886 = DIRECTION ( 'NONE',  ( -1.000000000000000000, -0.000000000000000000, -0.000000000000000000 ) ) ;
#2887 = AXIS2_PLACEMENT_3D ( 'NONE', #4317, #6120, #3053 ) ;
#2888 = VERTEX_POINT ( 'NONE', #1322 ) ;
#2889 = CYLINDRICAL_SURFACE ( 'NONE', #4710, 1.399999999999998579 ) ;
#2890 = FACE_OUTER_BOUND ( 'NONE', #5789, .T. ) ;
#2891 = VERTEX_POINT ( 'NONE', #6037 ) ;
#2892 = AXIS2_PLACEMENT_3D ( 'NONE', #2937, #6495, #7539 ) ;
#2893 = VECTOR ( 'NONE', #6486, 1000.000000000000114 ) ;
#2894 = CYLINDRICAL_SURFACE ( 'NONE', #2405, 0.6000000000000033085 ) ;
#2895 = EDGE_CURVE ( 'NONE', #2036, #3211, #6497, .T. ) ;
#2896 = ADVANCED_FACE ( 'NONE', ( #3672 ), #5999, .F. ) ;
#2897 = DIRECTION ( 'NONE',  ( 0.000000000000000000, 0.000000000000000000, 1.000000000000000000 ) ) ;
#2898 = EDGE_LOOP ( 'NONE', ( #4660, #2054, #5593, #1951 ) ) ;
#2899 = CARTESIAN_POINT ( 'NONE',  ( 37.56696972201766016, 0.5999999999999998668, -49.00000000000000000 ) ) ;
#2900 = AXIS2_PLACEMENT_3D ( 'NONE', #3899, #6226, #3317 ) ;
#2901 = ADVANCED_FACE ( 'NONE', ( #3175 ), #3750, .F. ) ;
#2902 = CARTESIAN_POINT ( 'NONE',  ( -49.00000000000000000, 0.4258201658799764533, 38.30133442569439239 ) ) ;
#2903 = DIRECTION ( 'NONE',  ( -0.000000000000000000, 0.000000000000000000, 1.000000000000000000 ) ) ;
#2904 = VECTOR ( 'NONE', #3399, 1000.000000000000000 ) ;
#2905 = CARTESIAN_POINT ( 'NONE',  ( 39.36380269884205774, -0.1782255388830260578, -37.86829052895890158 ) ) ;
#2906 = EDGE_LOOP ( 'NONE', ( #959, #1336, #2113, #1535 ) ) ;
#2907 = CARTESIAN_POINT ( 'NONE',  ( -39.59766279253700816, -0.001997110768838322292, -37.45114222751231381 ) ) ;
#2908 = EDGE_CURVE ( 'NONE', #1783, #4772, #996, .T. ) ;
#2909 = ORIENTED_EDGE ( 'NONE', *, *, #2627, .F. ) ;
#2910 = FACE_OUTER_BOUND ( 'NONE', #6045, .T. ) ;
#2911 = ORIENTED_EDGE ( 'NONE', *, *, #3045, .F. ) ;
#2912 = CARTESIAN_POINT ( 'NONE',  ( -38.38677388732296691, -0.3502844240493956374, -38.71163986691856707 ) ) ;
#2913 = EDGE_CURVE ( 'NONE', #4573, #824, #2577, .T. ) ;
#2914 = ORIENTED_EDGE ( 'NONE', *, *, #4629, .F. ) ;
#2915 = ORIENTED_EDGE ( 'NONE', *, *, #5099, .T. ) ;
#2916 = FACE_OUTER_BOUND ( 'NONE', #6616, .T. ) ;
#2917 = CARTESIAN_POINT ( 'NONE',  ( -38.67748767007838495, -0.4638554687304597413, 38.43171250929234617 ) ) ;
#2918 = CARTESIAN_POINT ( 'NONE',  ( -39.59925776918243656, 4.136230265231909392E-17, 37.41844945715713067 ) ) ;
#2919 = ORIENTED_EDGE ( 'NONE', *, *, #6034, .T. ) ;
#2920 = EDGE_CURVE ( 'NONE', #832, #1753, #1845, .T. ) ;
#2921 = AXIS2_PLACEMENT_3D ( 'NONE', #5337, #2489, #2928 ) ;
#2922 = EDGE_LOOP ( 'NONE', ( #4447, #176, #301, #4766 ) ) ;
#2923 = ORIENTED_EDGE ( 'NONE', *, *, #2168, .F. ) ;
#2924 = CARTESIAN_POINT ( 'NONE',  ( 0.000000000000000000, -1.600000000000000089, 0.000000000000000000 ) ) ;
#2925 = CARTESIAN_POINT ( 'NONE',  ( 47.60000000000001563, 0.000000000000000000, 37.40000000000000568 ) ) ;
#2926 = VECTOR ( 'NONE', #7018, 1000.000000000000000 ) ;
#2927 = CARTESIAN_POINT ( 'NONE',  ( 37.50000000000000711, 0.5999999999999998668, 9.499999999999996447 ) ) ;
#2928 = DIRECTION ( 'NONE',  ( 0.3908736291420340514, 0.000000000000000000, 0.9204443524957581779 ) ) ;
#2929 = EDGE_CURVE ( 'NONE', #2365, #674, #4314, .T. ) ;
#2930 = ORIENTED_EDGE ( 'NONE', *, *, #1554, .F. ) ;
#2931 = DIRECTION ( 'NONE',  ( 0.000000000000000000, 0.000000000000000000, 1.000000000000000000 ) ) ;
#2932 = CARTESIAN_POINT ( 'NONE',  ( 48.99999999999999289, 0.5617863553586693870, -37.94572141876577120 ) ) ;
#2933 = ORIENTED_EDGE ( 'NONE', *, *, #2116, .T. ) ;
#2934 = CARTESIAN_POINT ( 'NONE',  ( 37.45114222751231381, -0.001997110768837896851, -39.59766279253699395 ) ) ;
#2935 = CARTESIAN_POINT ( 'NONE',  ( 39.00000000000000000, 0.5999999999999998668, -3.499999999999982236 ) ) ;
#2936 = ORIENTED_EDGE ( 'NONE', *, *, #5974, .T. ) ;
#2937 = CARTESIAN_POINT ( 'NONE',  ( -37.50000000000000711, -7.600000000000000533, -37.50000000000000000 ) ) ;
#2938 = EDGE_CURVE ( 'NONE', #3818, #1806, #6259, .T. ) ;
#2939 = CARTESIAN_POINT ( 'NONE',  ( -37.45114222751232091, -0.001997110768838321424, 39.59766279253700105 ) ) ;
#2940 = CARTESIAN_POINT ( 'NONE',  ( 42.62500000000000711, 1.399999999999999689, 17.66000000000000369 ) ) ;
#2941 = CARTESIAN_POINT ( 'NONE',  ( -38.67749955691058972, -0.4638189116563457559, -38.43169880258469817 ) ) ;
#2942 = DIRECTION ( 'NONE',  ( 0.000000000000000000, 0.000000000000000000, 1.000000000000000000 ) ) ;
#2943 = B_SPLINE_CURVE_WITH_KNOTS ( 'NONE', 3,
 ( #4550, #3986, #2138, #3922 ),
 .UNSPECIFIED., .F., .F.,
 ( 4, 4 ),
 ( 1.788451319460673757E-22, 4.917209685198391456E-05 ),
 .UNSPECIFIED. ) ;
#2944 = CARTESIAN_POINT ( 'NONE',  ( 37.43485731151120177, 0.0008514437558951781695, -39.00000000000045475 ) ) ;
#2945 = ORIENTED_EDGE ( 'NONE', *, *, #2067, .T. ) ;
#2946 = CARTESIAN_POINT ( 'NONE',  ( 38.32282589088511315, -0.1978804517196895152, 48.72385482109521604 ) ) ;
#2947 = ORIENTED_EDGE ( 'NONE', *, *, #7081, .F. ) ;
#2948 = ORIENTED_EDGE ( 'NONE', *, *, #321, .T. ) ;
#2949 = EDGE_CURVE ( 'NONE', #7144, #1188, #260, .T. ) ;
#2950 = CARTESIAN_POINT ( 'NONE',  ( 41.12500000000000711, 2.399999999999999911, 0.000000000000000000 ) ) ;
#2951 = PLANE ( 'NONE',  #4542 ) ;
#2952 = LINE ( 'NONE', #5517, #966 ) ;
#2953 = ORIENTED_EDGE ( 'NONE', *, *, #2063, .T. ) ;
#2954 = ADVANCED_FACE ( 'NONE', ( #4919 ), #873, .F. ) ;
#2955 = DIRECTION ( 'NONE',  ( 0.000000000000000000, 1.000000000000000000, 0.000000000000000000 ) ) ;
#2956 = VECTOR ( 'NONE', #6260, 1000.000000000000000 ) ;
#2957 = ORIENTED_EDGE ( 'NONE', *, *, #3286, .F. ) ;
#2958 = DIRECTION ( 'NONE',  ( 0.000000000000000000, 0.000000000000000000, 1.000000000000000000 ) ) ;
#2959 = ORIENTED_EDGE ( 'NONE', *, *, #7486, .F. ) ;
#2960 = CARTESIAN_POINT ( 'NONE',  ( 45.72500000000000142, 1.399999999999999689, 16.16000000000000014 ) ) ;
#2961 = VECTOR ( 'NONE', #7005, 1000.000000000000000 ) ;
#2962 = CARTESIAN_POINT ( 'NONE',  ( 35.63066652874363882, 1.399999999999999689, 33.96898892252534097 ) ) ;
#2963 = EDGE_CURVE ( 'NONE', #4772, #2637, #4878, .T. ) ;
#2964 = CARTESIAN_POINT ( 'NONE',  ( 41.12500000000000711, 0.9999999999999997780, 14.56000000000000405 ) ) ;
#2965 = DIRECTION ( 'NONE',  ( 0.000000000000000000, -0.000000000000000000, 1.000000000000000000 ) ) ;
#2966 = ORIENTED_EDGE ( 'NONE', *, *, #6053, .F. ) ;
#2967 = DIRECTION ( 'NONE',  ( 0.000000000000000000, 1.000000000000000000, 0.000000000000000000 ) ) ;
#2968 = DIRECTION ( 'NONE',  ( -0.000000000000000000, 0.000000000000000000, 1.000000000000000000 ) ) ;
#2969 = VECTOR ( 'NONE', #2272, 1000.000000000000000 ) ;
#2970 = ORIENTED_EDGE ( 'NONE', *, *, #2938, .F. ) ;
#2971 = EDGE_CURVE ( 'NONE', #7144, #5090, #5400, .T. ) ;
#2972 = DIRECTION ( 'NONE',  ( 0.000000000000000000, 0.000000000000000000, 1.000000000000000000 ) ) ;
#2973 = AXIS2_PLACEMENT_3D ( 'NONE', #3785, #5571, #5535 ) ;
#2974 = DIRECTION ( 'NONE',  ( 0.000000000000000000, 0.000000000000000000, -1.000000000000000000 ) ) ;
#2975 = ORIENTED_EDGE ( 'NONE', *, *, #3597, .T. ) ;
#2976 = CARTESIAN_POINT ( 'NONE',  ( 38.99999999999999289, 0.5960057784623205013, -37.50000000000000000 ) ) ;
#2977 = CARTESIAN_POINT ( 'NONE',  ( 38.74194746026378766, -0.5317580925640121858, -38.35738391742581399 ) ) ;
#2978 = AXIS2_PLACEMENT_3D ( 'NONE', #5372, #730, #3069 ) ;
#2979 = DIRECTION ( 'NONE',  ( 0.000000000000000000, -0.000000000000000000, 1.000000000000000000 ) ) ;
#2980 = CARTESIAN_POINT ( 'NONE',  ( -39.40000000000000568, 2.399999999999999911, 49.00000000000000000 ) ) ;
#2981 = DIRECTION ( 'NONE',  ( 0.000000000000000000, 0.000000000000000000, 1.000000000000000000 ) ) ;
#2982 = EDGE_LOOP ( 'NONE', ( #5870, #6665, #7031, #1689 ) ) ;
#2983 = DIRECTION ( 'NONE',  ( -7.080503983578804316E-17, 0.000000000000000000, -1.000000000000000000 ) ) ;
#2984 = VERTEX_POINT ( 'NONE', #3016 ) ;
#2985 = EDGE_LOOP ( 'NONE', ( #2632, #5123, #7014, #7268 ) ) ;
#2986 = CARTESIAN_POINT ( 'NONE',  ( 38.89120738397256360, 0.2389385865661804165, -38.06671709458905184 ) ) ;
#2987 = CARTESIAN_POINT ( 'NONE',  ( -39.21256654830088451, -0.2693839521428142425, 37.98063956640872618 ) ) ;
#2988 = CARTESIAN_POINT ( 'NONE',  ( -43.99999999999999289, 2.200000000000000178, 44.00000000000000000 ) ) ;
#2989 = ORIENTED_EDGE ( 'NONE', *, *, #6147, .F. ) ;
#2990 = EDGE_CURVE ( 'NONE', #6773, #1347, #7369, .T. ) ;
#2991 = DIRECTION ( 'NONE',  ( 0.000000000000000000, 0.000000000000000000, 1.000000000000000000 ) ) ;
#2992 = VERTEX_POINT ( 'NONE', #253 ) ;
#2993 = CARTESIAN_POINT ( 'NONE',  ( 17.40000000000000213, 0.5999999999999999778, 0.000000000000000000 ) ) ;
#2994 = CARTESIAN_POINT ( 'NONE',  ( -39.00000000000000711, 0.0003232785384981373342, -37.45133180695232511 ) ) ;
#2995 = EDGE_CURVE ( 'NONE', #4694, #352, #7240, .T. ) ;
#2996 = LINE ( 'NONE', #1800, #2893 ) ;
#2997 = CARTESIAN_POINT ( 'NONE',  ( 0.000000000000000000, 0.9999999999999997780, 47.74999999999998579 ) ) ;
#2998 = ADVANCED_FACE ( 'NONE', ( #1470 ), #6736, .T. ) ;
#2999 = ORIENTED_EDGE ( 'NONE', *, *, #1464, .T. ) ;
#3000 = DIRECTION ( 'NONE',  ( 0.000000000000000000, 0.000000000000000000, -1.000000000000000000 ) ) ;
#3001 = VERTEX_POINT ( 'NONE', #1513 ) ;
#3002 = EDGE_CURVE ( 'NONE', #1193, #1347, #2121, .T. ) ;
#3003 = AXIS2_PLACEMENT_3D ( 'NONE', #2502, #4160, #6582 ) ;
#3004 = ORIENTED_EDGE ( 'NONE', *, *, #3513, .F. ) ;
#3005 = AXIS2_PLACEMENT_3D ( 'NONE', #6872, #2737, #3896 ) ;
#3006 = CARTESIAN_POINT ( 'NONE',  ( 38.48275862068965125, -0.5999999999999998668, -38.63321908449344022 ) ) ;
#3007 = CIRCLE ( 'NONE', #185, 2.100000000000004530 ) ;
#3008 = CIRCLE ( 'NONE', #7305, 0.6000000000000033085 ) ;
#3009 = FACE_OUTER_BOUND ( 'NONE', #7444, .T. ) ;
#3010 = ORIENTED_EDGE ( 'NONE', *, *, #5758, .T. ) ;
#3011 = CARTESIAN_POINT ( 'NONE',  ( 0.2599999999999927924, 0.5999999999999999778, -44.09999999999999432 ) ) ;
#3012 = ADVANCED_FACE ( 'NONE', ( #5624 ), #1, .T. ) ;
#3013 = CIRCLE ( 'NONE', #1538, 0.5999999999999998668 ) ;
#3014 = CARTESIAN_POINT ( 'NONE',  ( 39.59766279253702947, -0.001997110768838981053, -37.45114222751233513 ) ) ;
#3015 = VECTOR ( 'NONE', #1945, 1000.000000000000000 ) ;
#3016 = CARTESIAN_POINT ( 'NONE',  ( -37.50000000000001421, 0.5999999999999998668, -9.499999999999991118 ) ) ;
#3017 = CARTESIAN_POINT ( 'NONE',  ( 38.71256797131049865, -0.5501971457222172290, -38.39126140969465695 ) ) ;
#3018 = ORIENTED_EDGE ( 'NONE', *, *, #6499, .T. ) ;
#3019 = AXIS2_PLACEMENT_3D ( 'NONE', #6988, #1722, #2224 ) ;
#3020 = DIRECTION ( 'NONE',  ( -0.000000000000000000, -1.000000000000000000, -0.000000000000000000 ) ) ;
#3021 = VERTEX_POINT ( 'NONE', #4505 ) ;
#3022 = FACE_OUTER_BOUND ( 'NONE', #2011, .T. ) ;
#3023 = EDGE_CURVE ( 'NONE', #6359, #6482, #6996, .T. ) ;
#3024 = AXIS2_PLACEMENT_3D ( 'NONE', #79, #2415, #4181 ) ;
#3025 = ORIENTED_EDGE ( 'NONE', *, *, #4730, .T. ) ;
#3026 = DIRECTION ( 'NONE',  ( 0.000000000000000000, 0.000000000000000000, 1.000000000000000000 ) ) ;
#3027 = CARTESIAN_POINT ( 'NONE',  ( -38.89443722292111261, -0.2142871015302350857, 38.09381630893417992 ) ) ;
#3028 = CIRCLE ( 'NONE', #4376, 0.6000000000000033085 ) ;
#3029 = CARTESIAN_POINT ( 'NONE',  ( 47.59999999999999432, 0.000000000000000000, -37.39999999999999858 ) ) ;
#3030 = VERTEX_POINT ( 'NONE', #5000 ) ;
#3031 = CARTESIAN_POINT ( 'NONE',  ( -37.88435472389592462, -0.03993653860249308379, 48.51566765287324046 ) ) ;
#3032 = AXIS2_PLACEMENT_3D ( 'NONE', #2070, #5097, #4412 ) ;
#3033 = ORIENTED_EDGE ( 'NONE', *, *, #6212, .T. ) ;
#3034 = CARTESIAN_POINT ( 'NONE',  ( 43.99999999999999289, 2.200000000000000178, -43.99999999999999289 ) ) ;
#3035 = DIRECTION ( 'NONE',  ( 0.000000000000000000, 0.000000000000000000, 1.000000000000000000 ) ) ;
#3036 = LINE ( 'NONE', #3609, #2412 ) ;
#3037 = EDGE_CURVE ( 'NONE', #7222, #4865, #2855, .T. ) ;
#3038 = DIRECTION ( 'NONE',  ( 0.000000000000000000, 0.000000000000000000, 1.000000000000000000 ) ) ;
#3039 = DIRECTION ( 'NONE',  ( 0.000000000000000000, 0.000000000000000000, 1.000000000000000000 ) ) ;
#3040 = ORIENTED_EDGE ( 'NONE', *, *, #3934, .T. ) ;
#3041 = CARTESIAN_POINT ( 'NONE',  ( 0.000000000000000000, -1.600000000000000089, -38.00000000000000000 ) ) ;
#3042 = ORIENTED_EDGE ( 'NONE', *, *, #2949, .T. ) ;
#3043 = ORIENTED_EDGE ( 'NONE', *, *, #5321, .T. ) ;
#3044 = CIRCLE ( 'NONE', #7085, 1.500000000000000000 ) ;
#3045 = EDGE_CURVE ( 'NONE', #6743, #344, #622, .T. ) ;
#3046 = CARTESIAN_POINT ( 'NONE',  ( 37.98589530613944021, -0.1391561432827492228, -38.94021105863986776 ) ) ;
#3047 = CYLINDRICAL_SURFACE ( 'NONE', #4794, 1.500000000000001332 ) ;
#3048 = ORIENTED_EDGE ( 'NONE', *, *, #934, .T. ) ;
#3049 = CARTESIAN_POINT ( 'NONE',  ( -39.40000000000000568, -0.5999999999999998668, 39.69089023002065630 ) ) ;
#3050 = CARTESIAN_POINT ( 'NONE',  ( 39.39578765683143047, -0.1573070882970749595, -37.83557259690787333 ) ) ;
#3051 = DIRECTION ( 'NONE',  ( 0.000000000000000000, 0.000000000000000000, -1.000000000000000000 ) ) ;
#3052 = ADVANCED_FACE ( 'NONE', ( #3217 ), #5154, .F. ) ;
#3053 = DIRECTION ( 'NONE',  ( -1.000000000000000000, 0.000000000000000000, 0.000000000000000000 ) ) ;
#3054 = CARTESIAN_POINT ( 'NONE',  ( 49.00000000000001421, 0.03772782690480511875, 38.09147254238588687 ) ) ;
#3055 = DIRECTION ( 'NONE',  ( -1.541976423090493661E-15, 0.000000000000000000, -1.000000000000000000 ) ) ;
#3056 = VERTEX_POINT ( 'NONE', #6265 ) ;
#3057 = CARTESIAN_POINT ( 'NONE',  ( -37.64021971695634505, 0.5799671398306421866, -38.99999999999999289 ) ) ;
#3058 = VERTEX_POINT ( 'NONE', #444 ) ;
#3059 = ORIENTED_EDGE ( 'NONE', *, *, #287, .F. ) ;
#3060 = VERTEX_POINT ( 'NONE', #5693 ) ;
#3061 = CARTESIAN_POINT ( 'NONE',  ( 32.66982741304136084, 0.9999999999999997780, 28.02003900794375468 ) ) ;
#3062 = LINE ( 'NONE', #183, #2215 ) ;
#3063 = EDGE_CURVE ( 'NONE', #1124, #3102, #6140, .T. ) ;
#3064 = CARTESIAN_POINT ( 'NONE',  ( 32.50000000000001421, 0.5999999999999998668, 18.50000000000000355 ) ) ;
#3065 = ORIENTED_EDGE ( 'NONE', *, *, #7553, .T. ) ;
#3066 = DIRECTION ( 'NONE',  ( 0.000000000000000000, 1.000000000000000000, -0.000000000000000000 ) ) ;
#3067 = EDGE_LOOP ( 'NONE', ( #4311, #3606, #7205, #5437 ) ) ;
#3068 = CARTESIAN_POINT ( 'NONE',  ( 48.99999999999999289, 0.5617871102788506432, -37.94571786504341304 ) ) ;
#3069 = DIRECTION ( 'NONE',  ( 0.000000000000000000, 0.000000000000000000, 1.000000000000000000 ) ) ;
#3070 = DIRECTION ( 'NONE',  ( 8.659560562354802203E-17, -0.7071067811865583419, 0.7071067811865368036 ) ) ;
#3071 = DIRECTION ( 'NONE',  ( 0.000000000000000000, 0.000000000000000000, 1.000000000000000000 ) ) ;
#3072 = DIRECTION ( 'NONE',  ( 1.000000000000000000, 0.000000000000000000, 0.000000000000000000 ) ) ;
#3073 = TOROIDAL_SURFACE ( 'NONE', #5398, 2.000000000000000000, 0.5999999999999999778 ) ;
#3074 = ORIENTED_EDGE ( 'NONE', *, *, #948, .T. ) ;
#3075 = ADVANCED_FACE ( 'NONE', ( #7315 ), #2456, .F. ) ;
#3076 = LINE ( 'NONE', #4187, #6803 ) ;
#3077 = AXIS2_PLACEMENT_3D ( 'NONE', #216, #4279, #3710 ) ;
#3078 = ORIENTED_EDGE ( 'NONE', *, *, #119, .T. ) ;
#3079 = CYLINDRICAL_SURFACE ( 'NONE', #6067, 1.399999999999998579 ) ;
#3080 = CARTESIAN_POINT ( 'NONE',  ( -2.740000000000006875, 2.399999999999999911, -39.00000000000000000 ) ) ;
#3081 = VECTOR ( 'NONE', #3189, 1000.000000000000000 ) ;
#3082 = VECTOR ( 'NONE', #7024, 1000.000000000000000 ) ;
#3083 = CARTESIAN_POINT ( 'NONE',  ( 38.48275862068965125, -0.5999999999999998668, -38.63321908449344733 ) ) ;
#3084 = AXIS2_PLACEMENT_3D ( 'NONE', #7328, #5012, #414 ) ;
#3085 = DIRECTION ( 'NONE',  ( 0.000000000000000000, 0.000000000000000000, 1.000000000000000000 ) ) ;
#3086 = AXIS2_PLACEMENT_3D ( 'NONE', #1771, #1239, #18 ) ;
#3087 = ORIENTED_EDGE ( 'NONE', *, *, #1413, .T. ) ;
#3088 = ADVANCED_FACE ( 'NONE', ( #1621 ), #1050, .F. ) ;
#3089 = DIRECTION ( 'NONE',  ( -0.000000000000000000, -1.000000000000000000, -0.000000000000000000 ) ) ;
#3090 =( GEOMETRIC_REPRESENTATION_CONTEXT ( 3 ) GLOBAL_UNCERTAINTY_ASSIGNED_CONTEXT ( ( #3726 ) ) GLOBAL_UNIT_ASSIGNED_CONTEXT ( ( #6864, #6790, #3379 ) ) REPRESENTATION_CONTEXT ( 'NONE', 'WORKASPACE' ) );
#3091 = CARTESIAN_POINT ( 'NONE',  ( 39.01340293977061435, -0.009253629890934282273, -37.68210881791553390 ) ) ;
#3092 = DIRECTION ( 'NONE',  ( -0.000000000000000000, -1.000000000000000000, -0.000000000000000000 ) ) ;
#3093 = AXIS2_PLACEMENT_3D ( 'NONE', #4305, #1314, #322 ) ;
#3094 = EDGE_CURVE ( 'NONE', #6922, #709, #6629, .T. ) ;
#3095 = PLANE ( 'NONE',  #2887 ) ;
#3096 = EDGE_CURVE ( 'NONE', #5139, #219, #1965, .T. ) ;
#3097 = CARTESIAN_POINT ( 'NONE',  ( 37.65000000000000568, 0.9999999999999997780, 29.34999999999999432 ) ) ;
#3098 = ORIENTED_EDGE ( 'NONE', *, *, #5216, .F. ) ;
#3099 = ADVANCED_FACE ( 'NONE', ( #1694 ), #5304, .T. ) ;
#3100 = DIRECTION ( 'NONE',  ( 0.000000000000000000, 0.000000000000000000, 1.000000000000000000 ) ) ;
#3101 = VERTEX_POINT ( 'NONE', #4016 ) ;
#3102 = VERTEX_POINT ( 'NONE', #4082 ) ;
#3103 = ORIENTED_EDGE ( 'NONE', *, *, #5909, .T. ) ;
#3104 = VERTEX_POINT ( 'NONE', #1659 ) ;
#3105 = EDGE_CURVE ( 'NONE', #3398, #6608, #4047, .T. ) ;
#3106 = ORIENTED_EDGE ( 'NONE', *, *, #3655, .F. ) ;
#3107 = CARTESIAN_POINT ( 'NONE',  ( 48.99999999999999289, 2.399999999999999911, -44.00000000000000711 ) ) ;
#3108 = CARTESIAN_POINT ( 'NONE',  ( -37.56696972201766727, 0.5999999999999998668, 49.00000000000000000 ) ) ;
#3109 = FACE_OUTER_BOUND ( 'NONE', #6715, .T. ) ;
#3110 = ORIENTED_EDGE ( 'NONE', *, *, #6667, .F. ) ;
#3111 = LINE ( 'NONE', #6632, #1846 ) ;
#3112 = ORIENTED_EDGE ( 'NONE', *, *, #6930, .F. ) ;
#3113 = ADVANCED_FACE ( 'NONE', ( #3472 ), #2348, .T. ) ;
#3114 = CARTESIAN_POINT ( 'NONE',  ( 47.59999999999999432, -0.6000000000000000888, -39.39999999999999858 ) ) ;
#3115 = CARTESIAN_POINT ( 'NONE',  ( -48.64644470798825182, -0.1347061827639337017, 38.16298605891394402 ) ) ;
#3116 = CARTESIAN_POINT ( 'NONE',  ( -37.94572141876578542, 0.5617863553588836600, -49.00000000000000000 ) ) ;
#3117 = DIRECTION ( 'NONE',  ( 0.000000000000000000, 0.000000000000000000, -1.000000000000000000 ) ) ;
#3118 = DIRECTION ( 'NONE',  ( 0.000000000000000000, 0.000000000000000000, 1.000000000000000000 ) ) ;
#3119 = EDGE_LOOP ( 'NONE', ( #3048, #3696, #1422, #5055 ) ) ;
#3120 = LINE ( 'NONE', #5989, #2504 ) ;
#3121 = ORIENTED_EDGE ( 'NONE', *, *, #6657, .T. ) ;
#3122 = CARTESIAN_POINT ( 'NONE',  ( 37.50000000000000000, 0.000000000000000000, -8.899999999999991473 ) ) ;
#3123 = CARTESIAN_POINT ( 'NONE',  ( 48.99999999999999289, 0.3305876115169837925, -38.46417554520409254 ) ) ;
#3124 = CARTESIAN_POINT ( 'NONE',  ( -37.53279871949080615, 0.008183688583467534430, 39.01427741920618075 ) ) ;
#3125 = VECTOR ( 'NONE', #1663, 1000.000000000000000 ) ;
#3126 = CARTESIAN_POINT ( 'NONE',  ( -37.40000000000000568, -0.5999999999999998668, 39.69089023002065630 ) ) ;
#3127 = VECTOR ( 'NONE', #6161, 1000.000000000000000 ) ;
#3128 = ORIENTED_EDGE ( 'NONE', *, *, #2895, .T. ) ;
#3129 = DIRECTION ( 'NONE',  ( 0.000000000000000000, 0.000000000000000000, 1.000000000000000000 ) ) ;
#3130 = DIRECTION ( 'NONE',  ( -0.000000000000000000, 0.000000000000000000, -1.000000000000000000 ) ) ;
#3131 = AXIS2_PLACEMENT_3D ( 'NONE', #4132, #2865, #2942 ) ;
#3132 = AXIS2_PLACEMENT_3D ( 'NONE', #500, #7564, #2840 ) ;
#3133 = CARTESIAN_POINT ( 'NONE',  ( 37.49999999999999289, 0.5960057784623239430, -39.60000000000000142 ) ) ;
#3134 = EDGE_CURVE ( 'NONE', #290, #5747, #2196, .T. ) ;
#3135 = CIRCLE ( 'NONE', #2041, 0.4000000000000010214 ) ;
#3136 = CIRCLE ( 'NONE', #1411, 1.899999999999999023 ) ;
#3137 = CARTESIAN_POINT ( 'NONE',  ( -37.56696972201766727, 0.000000000000000000, -48.39999999999999858 ) ) ;
#3138 = FACE_OUTER_BOUND ( 'NONE', #4483, .T. ) ;
#3139 = VERTEX_POINT ( 'NONE', #2270 ) ;
#3140 = CARTESIAN_POINT ( 'NONE',  ( -37.58042732001693054, -0.02390473444829848207, -39.57698431084325108 ) ) ;
#3141 = TOROIDAL_SURFACE ( 'NONE', #5827, 1.100000000000000089, 0.4000000000000000222 ) ;
#3142 = AXIS2_PLACEMENT_3D ( 'NONE', #5472, #870, #4924 ) ;
#3143 = ORIENTED_EDGE ( 'NONE', *, *, #4645, .T. ) ;
#3144 = VERTEX_POINT ( 'NONE', #6373 ) ;
#3145 = DIRECTION ( 'NONE',  ( -1.000000000000000000, 0.000000000000000000, 0.000000000000000000 ) ) ;
#3146 = CARTESIAN_POINT ( 'NONE',  ( 37.80182875086328664, 0.05269805997440182854, 48.99999999999999289 ) ) ;
#3147 = EDGE_CURVE ( 'NONE', #4383, #1607, #2161, .T. ) ;
#3148 = VECTOR ( 'NONE', #3357, 1000.000000000000000 ) ;
#3149 = EDGE_CURVE ( 'NONE', #1806, #5676, #4613, .T. ) ;
#3150 = DIRECTION ( 'NONE',  ( -0.000000000000000000, 1.000000000000000000, -0.000000000000000000 ) ) ;
#3151 = VERTEX_POINT ( 'NONE', #1088 ) ;
#3152 = DIRECTION ( 'NONE',  ( -0.000000000000000000, -0.000000000000000000, -1.000000000000000000 ) ) ;
#3153 = ORIENTED_EDGE ( 'NONE', *, *, #3235, .T. ) ;
#3154 = AXIS2_PLACEMENT_3D ( 'NONE', #5573, #284, #6111 ) ;
#3155 = LINE ( 'NONE', #5485, #1051 ) ;
#3156 = CARTESIAN_POINT ( 'NONE',  ( -49.00000000000000000, -0.6000000000000000888, 39.39999999999999858 ) ) ;
#3157 = CARTESIAN_POINT ( 'NONE',  ( -38.61518125616986907, -0.3149998928751826521, -48.85371705621214744 ) ) ;
#3158 = CARTESIAN_POINT ( 'NONE',  ( -39.48594013880271092, -0.09464570719689163747, 37.73864299955791779 ) ) ;
#3159 = VECTOR ( 'NONE', #1873, 1000.000000000000000 ) ;
#3160 = ADVANCED_FACE ( 'NONE', ( #590 ), #2894, .T. ) ;
#3161 = DIRECTION ( 'NONE',  ( 0.000000000000000000, 0.000000000000000000, -1.000000000000000000 ) ) ;
#3162 = ORIENTED_EDGE ( 'NONE', *, *, #525, .F. ) ;
#3163 = DIRECTION ( 'NONE',  ( -1.000000000000000000, 0.000000000000000000, 0.000000000000000000 ) ) ;
#3164 = EDGE_LOOP ( 'NONE', ( #5133, #3456, #1110, #4927, #2174, #7084, #4093, #3248, #5313, #2008, #6439, #4096 ) ) ;
#3165 = CARTESIAN_POINT ( 'NONE',  ( 32.66982741304135374, 1.399999999999999689, 28.02003900794375113 ) ) ;
#3166 = DIRECTION ( 'NONE',  ( 0.000000000000000000, 0.000000000000000000, -1.000000000000000000 ) ) ;
#3167 = CARTESIAN_POINT ( 'NONE',  ( 38.25583514461591506, -0.06517539886544929106, -38.79768605357086386 ) ) ;
#3168 = ADVANCED_FACE ( 'NONE', ( #2817 ), #83, .T. ) ;
#3169 = LINE ( 'NONE', #6534, #3462 ) ;
#3170 = ORIENTED_EDGE ( 'NONE', *, *, #6858, .F. ) ;
#3171 = CARTESIAN_POINT ( 'NONE',  ( 35.35000000000000853, 1.399999999999999689, 0.000000000000000000 ) ) ;
#3172 = CIRCLE ( 'NONE', #6960, 2.000000000000001776 ) ;
#3173 = PRODUCT_DEFINITION_SHAPE ( 'NONE', 'NONE',  #1999 ) ;
#3174 = LINE ( 'NONE', #3250, #431 ) ;
#3175 = FACE_OUTER_BOUND ( 'NONE', #6981, .T. ) ;
#3176 = CARTESIAN_POINT ( 'NONE',  ( -49.00000000000000000, 0.5999999999999998668, 49.00000000000000000 ) ) ;
#3177 = AXIS2_PLACEMENT_3D ( 'NONE', #109, #5254, #4068 ) ;
#3178 = CARTESIAN_POINT ( 'NONE',  ( -39.40000000000000568, -1.600000000000000089, 49.00000000000000000 ) ) ;
#3179 = ORIENTED_EDGE ( 'NONE', *, *, #6330, .T. ) ;
#3180 = CARTESIAN_POINT ( 'NONE',  ( -38.48275862068965836, -0.5999999999999998668, -38.63321908449344022 ) ) ;
#3181 = ORIENTED_EDGE ( 'NONE', *, *, #5397, .F. ) ;
#3182 = ADVANCED_FACE ( 'NONE', ( #4685 ), #4460, .T. ) ;
#3183 = ORIENTED_EDGE ( 'NONE', *, *, #2168, .T. ) ;
#3184 = ORIENTED_EDGE ( 'NONE', *, *, #3438, .T. ) ;
#3185 = ORIENTED_EDGE ( 'NONE', *, *, #6421, .F. ) ;
#3186 = AXIS2_PLACEMENT_3D ( 'NONE', #5497, #2037, #5958 ) ;
#3187 = PLANE ( 'NONE',  #2600 ) ;
#3188 = CARTESIAN_POINT ( 'NONE',  ( 38.73762170596454268, -0.1875914490198506979, 48.99999999999933920 ) ) ;
#3189 = DIRECTION ( 'NONE',  ( 0.000000000000000000, 1.000000000000000000, 0.000000000000000000 ) ) ;
#3190 = EDGE_LOOP ( 'NONE', ( #2953, #5663, #2933, #1916 ) ) ;
#3191 = DIRECTION ( 'NONE',  ( -1.000000000000000000, 0.000000000000000000, 0.000000000000000000 ) ) ;
#3192 = ADVANCED_FACE ( 'NONE', ( #4308 ), #3432, .T. ) ;
#3193 = ORIENTED_EDGE ( 'NONE', *, *, #4490, .F. ) ;
#3194 = CARTESIAN_POINT ( 'NONE',  ( -39.69089023002066341, -1.600000000000000089, 38.00000000000000000 ) ) ;
#3195 = DIRECTION ( 'NONE',  ( 0.000000000000000000, -1.000000000000000000, 0.000000000000000000 ) ) ;
#3196 = CARTESIAN_POINT ( 'NONE',  ( -39.40000000000000568, -0.6000000000000000888, -49.00000000000000000 ) ) ;
#3197 = DIRECTION ( 'NONE',  ( 0.000000000000000000, 1.000000000000000000, 0.000000000000000000 ) ) ;
#3198 = EDGE_CURVE ( 'NONE', #6302, #6281, #7192, .T. ) ;
#3199 = DIRECTION ( 'NONE',  ( -0.000000000000000000, -1.000000000000000000, -0.000000000000000000 ) ) ;
#3200 = ORIENTED_EDGE ( 'NONE', *, *, #1259, .T. ) ;
#3201 = EDGE_CURVE ( 'NONE', #1177, #2080, #4273, .T. ) ;
#3202 = CARTESIAN_POINT ( 'NONE',  ( 38.30134071039225319, 0.4258171591472116324, -49.00000000000000000 ) ) ;
#3203 = ORIENTED_EDGE ( 'NONE', *, *, #1995, .F. ) ;
#3204 = FACE_OUTER_BOUND ( 'NONE', #2419, .T. ) ;
#3205 = CARTESIAN_POINT ( 'NONE',  ( 48.99999999999999289, -0.02999980082825701513, -38.90482994622652058 ) ) ;
#3206 = EDGE_CURVE ( 'NONE', #5015, #1786, #2542, .T. ) ;
#3207 = CARTESIAN_POINT ( 'NONE',  ( 44.00000000000000711, -1.600000000000000089, 46.10000000000000142 ) ) ;
#3208 = CARTESIAN_POINT ( 'NONE',  ( 37.50000000000000000, 0.000000000000000000, -9.499999999999991118 ) ) ;
#3209 = AXIS2_PLACEMENT_3D ( 'NONE', #2432, #5927, #7232 ) ;
#3210 = CARTESIAN_POINT ( 'NONE',  ( -39.60000000000000142, 0.5960057784623197241, 37.50000000000004263 ) ) ;
#3211 = VERTEX_POINT ( 'NONE', #3740 ) ;
#3212 = CYLINDRICAL_SURFACE ( 'NONE', #2776, 0.3999999999999975797 ) ;
#3213 = VECTOR ( 'NONE', #2366, 1000.000000000000000 ) ;
#3214 = EDGE_CURVE ( 'NONE', #5471, #1895, #6070, .T. ) ;
#3215 = FACE_OUTER_BOUND ( 'NONE', #465, .T. ) ;
#3216 = VECTOR ( 'NONE', #3805, 1000.000000000000000 ) ;
#3217 = FACE_OUTER_BOUND ( 'NONE', #7358, .T. ) ;
#3218 = DIRECTION ( 'NONE',  ( 0.000000000000000000, 0.000000000000000000, -1.000000000000000000 ) ) ;
#3219 = FACE_OUTER_BOUND ( 'NONE', #2621, .T. ) ;
#3220 = ORIENTED_EDGE ( 'NONE', *, *, #7410, .F. ) ;
#3221 = CARTESIAN_POINT ( 'NONE',  ( -37.45114222751234223, -0.001997110768840057015, -39.59766279253700105 ) ) ;
#3222 = VERTEX_POINT ( 'NONE', #896 ) ;
#3223 = VERTEX_POINT ( 'NONE', #4421 ) ;
#3224 = ORIENTED_EDGE ( 'NONE', *, *, #4584, .T. ) ;
#3225 = CIRCLE ( 'NONE', #4189, 0.6000000000000033085 ) ;
#3226 = DIRECTION ( 'NONE',  ( 0.000000000000000000, -1.000000000000000000, 0.000000000000000000 ) ) ;
#3227 = CARTESIAN_POINT ( 'NONE',  ( 33.03800515403966642, 1.399999999999999689, 27.86368955628693200 ) ) ;
#3228 = CYLINDRICAL_SURFACE ( 'NONE', #4272, 1.899999999999999023 ) ;
#3229 = ORIENTED_EDGE ( 'NONE', *, *, #1312, .T. ) ;
#3230 = CARTESIAN_POINT ( 'NONE',  ( 34.59999999999999432, 0.000000000000000000, -5.335238423893108186E-14 ) ) ;
#3231 = VERTEX_POINT ( 'NONE', #2153 ) ;
#3232 = CARTESIAN_POINT ( 'NONE',  ( 0.000000000000000000, 1.399999999999999689, 27.84999999999999432 ) ) ;
#3233 = CARTESIAN_POINT ( 'NONE',  ( 34.00000000000001421, 2.399999999999999911, 18.50000000000000000 ) ) ;
#3234 = CIRCLE ( 'NONE', #899, 2.000000000000001776 ) ;
#3235 = EDGE_CURVE ( 'NONE', #5938, #7579, #4054, .T. ) ;
#3236 = CARTESIAN_POINT ( 'NONE',  ( -44.00000000000000711, -1.600000000000000089, 44.00000000000000711 ) ) ;
#3237 = ORIENTED_EDGE ( 'NONE', *, *, #3310, .T. ) ;
#3238 = CARTESIAN_POINT ( 'NONE',  ( 10.50000000000000178, 0.9999999999999997780, 37.50000000000000000 ) ) ;
#3239 = ORIENTED_EDGE ( 'NONE', *, *, #5308, .T. ) ;
#3240 = CARTESIAN_POINT ( 'NONE',  ( 42.62500000000000711, 1.399999999999999689, 16.16000000000000014 ) ) ;
#3241 = PRODUCT_RELATED_PRODUCT_CATEGORY ( 'part', '', ( #5127 ) ) ;
#3242 = CARTESIAN_POINT ( 'NONE',  ( 48.96394088244806397, -0.4535281282063321484, -38.98326645877483543 ) ) ;
#3243 = CARTESIAN_POINT ( 'NONE',  ( 0.000000000000000000, 2.399999999999999911, 0.000000000000000000 ) ) ;
#3244 = ADVANCED_FACE ( 'NONE', ( #6256 ), #364, .T. ) ;
#3245 = CARTESIAN_POINT ( 'NONE',  ( 0.000000000000000000, 0.000000000000000000, 11.59999999999999609 ) ) ;
#3246 = EDGE_CURVE ( 'NONE', #1731, #6252, #6823, .T. ) ;
#3247 = CARTESIAN_POINT ( 'NONE',  ( 48.40000000000001279, 0.5999999999999999778, 37.56696972201766727 ) ) ;
#3248 = ORIENTED_EDGE ( 'NONE', *, *, #4638, .T. ) ;
#3249 = DIRECTION ( 'NONE',  ( 0.000000000000000000, 1.000000000000000000, -0.000000000000000000 ) ) ;
#3250 = CARTESIAN_POINT ( 'NONE',  ( 39.00000000000000000, 2.399999999999999911, -3.499999999999982236 ) ) ;
#3251 = CARTESIAN_POINT ( 'NONE',  ( 37.69104773560678012, -0.06779769031957566527, -39.52240237165355552 ) ) ;
#3252 = CARTESIAN_POINT ( 'NONE',  ( -38.98159443824523862, -0.3983592565144619124, -38.14976739825421959 ) ) ;
#3253 = EDGE_CURVE ( 'NONE', #5938, #5840, #3515, .T. ) ;
#3254 = FACE_OUTER_BOUND ( 'NONE', #2742, .T. ) ;
#3255 = ORIENTED_EDGE ( 'NONE', *, *, #6369, .T. ) ;
#3256 = CARTESIAN_POINT ( 'NONE',  ( 34.25000000000000000, 0.9999999999999997780, 47.34999999999998721 ) ) ;
#3257 = ORIENTED_EDGE ( 'NONE', *, *, #6134, .T. ) ;
#3258 = ORIENTED_EDGE ( 'NONE', *, *, #5049, .F. ) ;
#3259 = ORIENTED_EDGE ( 'NONE', *, *, #2810, .T. ) ;
#3260 = AXIS2_PLACEMENT_3D ( 'NONE', #5727, #2811, #5144 ) ;
#3261 = CIRCLE ( 'NONE', #6428, 2.100000000000004530 ) ;
#3262 = ORIENTED_EDGE ( 'NONE', *, *, #3667, .F. ) ;
#3263 = VECTOR ( 'NONE', #4393, 1000.000000000000000 ) ;
#3264 = DIRECTION ( 'NONE',  ( 0.000000000000000000, 1.000000000000000000, 0.000000000000000000 ) ) ;
#3265 = CARTESIAN_POINT ( 'NONE',  ( 39.40000000000000568, -0.6000000000000000888, 49.00000000000000000 ) ) ;
#3266 = CIRCLE ( 'NONE', #7297, 1.500000000000001332 ) ;
#3267 = ORIENTED_EDGE ( 'NONE', *, *, #5451, .F. ) ;
#3268 = CIRCLE ( 'NONE', #1897, 0.5999999999999998668 ) ;
#3269 = CIRCLE ( 'NONE', #4237, 1.500000000000001332 ) ;
#3270 = ADVANCED_FACE ( 'NONE', ( #3861, #2702, #4387, #5501, #6769, #6187, #4499, #7382, #7264, #3824, #6155 ), #1506, .T. ) ;
#3271 = LINE ( 'NONE', #2645, #5863 ) ;
#3272 = EDGE_LOOP ( 'NONE', ( #4032, #2612, #2236, #359 ) ) ;
#3273 = CARTESIAN_POINT ( 'NONE',  ( -39.40000000000000568, -0.5999999999999998668, 39.69089023002065630 ) ) ;
#3274 = ORIENTED_EDGE ( 'NONE', *, *, #238, .T. ) ;
#3275 = DIRECTION ( 'NONE',  ( 0.000000000000000000, 0.000000000000000000, 1.000000000000000000 ) ) ;
#3276 = AXIS2_PLACEMENT_3D ( 'NONE', #5542, #743, #6159 ) ;
#3277 = DIRECTION ( 'NONE',  ( -0.000000000000000000, -1.000000000000000000, -0.000000000000000000 ) ) ;
#3278 = AXIS2_PLACEMENT_3D ( 'NONE', #1123, #6335, #2378 ) ;
#3279 = DIRECTION ( 'NONE',  ( 1.000000000000000000, 0.000000000000000000, 0.000000000000000000 ) ) ;
#3280 = ORIENTED_EDGE ( 'NONE', *, *, #6053, .T. ) ;
#3281 = AXIS2_PLACEMENT_3D ( 'NONE', #582, #7525, #4602 ) ;
#3282 = EDGE_LOOP ( 'NONE', ( #374, #6764, #459, #7070 ) ) ;
#3283 = CARTESIAN_POINT ( 'NONE',  ( -38.24587456745702951, -0.4636211968860552979, -38.86463631209910119 ) ) ;
#3284 = VERTEX_POINT ( 'NONE', #935 ) ;
#3285 = DIRECTION ( 'NONE',  ( -2.124151195073641295E-16, 0.000000000000000000, -1.000000000000000000 ) ) ;
#3286 = EDGE_CURVE ( 'NONE', #1102, #6359, #1194, .T. ) ;
#3287 = AXIS2_PLACEMENT_3D ( 'NONE', #1799, #5260, #6447 ) ;
#3288 = CARTESIAN_POINT ( 'NONE',  ( 0.000000000000000000, 0.000000000000000000, -4.099999999999981881 ) ) ;
#3289 = CARTESIAN_POINT ( 'NONE',  ( -39.60000000000000142, 0.000000000000000000, 37.40206632590398073 ) ) ;
#3290 = CARTESIAN_POINT ( 'NONE',  ( 37.50000000000000000, 0.5999999999999998668, -3.499999999999982236 ) ) ;
#3291 = DIRECTION ( 'NONE',  ( 1.000000000000000000, 0.000000000000000000, 0.000000000000000000 ) ) ;
#3292 = ORIENTED_EDGE ( 'NONE', *, *, #3945, .F. ) ;
#3293 = CARTESIAN_POINT ( 'NONE',  ( -39.40000000000000568, -0.5999999999999998668, 49.00000000000000000 ) ) ;
#3294 = EDGE_CURVE ( 'NONE', #3030, #6105, #6700, .T. ) ;
#3295 = CYLINDRICAL_SURFACE ( 'NONE', #6194, 1.500000000000001332 ) ;
#3296 = CARTESIAN_POINT ( 'NONE',  ( 37.93673239963852950, -0.2360183771158654575, -39.26850353349849598 ) ) ;
#3297 = CARTESIAN_POINT ( 'NONE',  ( 0.000000000000000000, 0.9999999999999997780, 0.000000000000000000 ) ) ;
#3298 = FACE_OUTER_BOUND ( 'NONE', #6742, .T. ) ;
#3299 = AXIS2_PLACEMENT_3D ( 'NONE', #7069, #5987, #3072 ) ;
#3300 = ORIENTED_EDGE ( 'NONE', *, *, #2856, .F. ) ;
#3301 = DIRECTION ( 'NONE',  ( 1.000000000000000000, 0.000000000000000000, 0.000000000000000000 ) ) ;
#3302 = DIRECTION ( 'NONE',  ( 0.000000000000000000, 0.000000000000000000, -1.000000000000000000 ) ) ;
#3303 = EDGE_CURVE ( 'NONE', #5090, #5419, #1997, .T. ) ;
#3304 = CARTESIAN_POINT ( 'NONE',  ( 37.39999999999999858, 0.000000000000000000, -47.60000000000000142 ) ) ;
#3305 = CARTESIAN_POINT ( 'NONE',  ( 38.00000000000000711, -0.6000000000000000888, 47.60000000000000142 ) ) ;
#3306 = ORIENTED_EDGE ( 'NONE', *, *, #2774, .F. ) ;
#3307 = CARTESIAN_POINT ( 'NONE',  ( 26.34266137470398306, 0.9999999999999997780, 27.34999999999998721 ) ) ;
#3308 = ORIENTED_EDGE ( 'NONE', *, *, #5718, .T. ) ;
#3309 = DIRECTION ( 'NONE',  ( 0.000000000000000000, 0.000000000000000000, 1.000000000000000000 ) ) ;
#3310 = EDGE_CURVE ( 'NONE', #7112, #3211, #2738, .T. ) ;
#3311 = CARTESIAN_POINT ( 'NONE',  ( 39.07864531267727415, -0.4874371018200601147, -48.97971033318737710 ) ) ;
#3312 = CARTESIAN_POINT ( 'NONE',  ( -49.00000000000000711, -0.5999999999999998668, -39.39999999999999858 ) ) ;
#3313 = ORIENTED_EDGE ( 'NONE', *, *, #3766, .T. ) ;
#3314 = CARTESIAN_POINT ( 'NONE',  ( -38.39480228325568589, -0.4979511179820054201, -38.70959187177551541 ) ) ;
#3315 = ORIENTED_EDGE ( 'NONE', *, *, #6350, .F. ) ;
#3316 = DIRECTION ( 'NONE',  ( 0.000000000000000000, 0.000000000000000000, 1.000000000000000000 ) ) ;
#3317 = DIRECTION ( 'NONE',  ( 0.000000000000000000, 0.000000000000000000, -1.000000000000000000 ) ) ;
#3318 = B_SPLINE_CURVE_WITH_KNOTS ( 'NONE', 3,
 ( #2976, #1736, #556, #710 ),
 .UNSPECIFIED., .F., .F.,
 ( 4, 4 ),
 ( 2.777674336753170406E-17, 9.801509234624169943E-05 ),
 .UNSPECIFIED. ) ;
#3319 = DIRECTION ( 'NONE',  ( 1.000000000000000000, 0.000000000000000000, 0.000000000000000000 ) ) ;
#3320 = EDGE_CURVE ( 'NONE', #2538, #3990, #5100, .T. ) ;
#3321 = DIRECTION ( 'NONE',  ( 0.000000000000000000, -1.000000000000000000, 0.000000000000000000 ) ) ;
#3322 = VERTEX_POINT ( 'NONE', #1541 ) ;
#3323 = CARTESIAN_POINT ( 'NONE',  ( -38.98326645877476437, -0.4535281282063315933, 48.96394088244803555 ) ) ;
#3324 = CARTESIAN_POINT ( 'NONE',  ( -44.00000000000000711, 2.399999999999999911, 49.00000000000000000 ) ) ;
#3325 = DIRECTION ( 'NONE',  ( -0.000000000000000000, 0.000000000000000000, 1.000000000000000000 ) ) ;
#3326 = DIRECTION ( 'NONE',  ( 1.000000000000000000, 0.000000000000000000, 0.000000000000000000 ) ) ;
#3327 = EDGE_CURVE ( 'NONE', #7338, #3933, #3772, .T. ) ;
#3328 = CARTESIAN_POINT ( 'NONE',  ( 37.40206632590398783, 0.5999999999999999778, -39.60000000000000142 ) ) ;
#3329 = VECTOR ( 'NONE', #7020, 1000.000000000000000 ) ;
#3330 = ORIENTED_EDGE ( 'NONE', *, *, #1014, .T. ) ;
#3331 = DIRECTION ( 'NONE',  ( 1.000000000000000000, 0.000000000000000000, 0.000000000000000000 ) ) ;
#3332 = AXIS2_PLACEMENT_3D ( 'NONE', #3434, #550, #3402 ) ;
#3333 = ADVANCED_FACE ( 'NONE', ( #399 ), #1549, .F. ) ;
#3334 = CARTESIAN_POINT ( 'NONE',  ( 35.50000000000000711, 2.399999999999999467, 12.49999999999999467 ) ) ;
#3335 = VECTOR ( 'NONE', #1782, 1000.000000000000000 ) ;
#3336 = CARTESIAN_POINT ( 'NONE',  ( 44.35000000000000142, 0.9999999999999997780, 32.94999999999999574 ) ) ;
#3337 = ORIENTED_EDGE ( 'NONE', *, *, #2929, .T. ) ;
#3338 = EDGE_CURVE ( 'NONE', #6922, #1861, #2783, .T. ) ;
#3339 = DIRECTION ( 'NONE',  ( 1.000000000000000000, 0.000000000000000000, 0.000000000000000000 ) ) ;
#3340 = ORIENTED_EDGE ( 'NONE', *, *, #4537, .T. ) ;
#3341 = DIRECTION ( 'NONE',  ( 0.08143023861494766424, -0.9966790437443303619, 0.000000000000000000 ) ) ;
#3342 = EDGE_CURVE ( 'NONE', #4854, #4287, #5143, .T. ) ;
#3343 = VECTOR ( 'NONE', #1884, 1000.000000000000000 ) ;
#3344 = VERTEX_POINT ( 'NONE', #1613 ) ;
#3345 = CARTESIAN_POINT ( 'NONE',  ( 0.2599999999999931810, 0.5999999999999999778, -41.99999999999998579 ) ) ;
#3346 = VECTOR ( 'NONE', #5282, 1000.000000000000000 ) ;
#3347 = CARTESIAN_POINT ( 'NONE',  ( -38.63321908449344733, -1.600000000000000089, -38.48275862068965125 ) ) ;
#3348 = AXIS2_PLACEMENT_3D ( 'NONE', #820, #5498, #4386 ) ;
#3349 = DIRECTION ( 'NONE',  ( 0.000000000000000000, -1.000000000000000000, 0.000000000000000000 ) ) ;
#3350 = EDGE_CURVE ( 'NONE', #5034, #5521, #7026, .T. ) ;
#3351 = VERTEX_POINT ( 'NONE', #6953 ) ;
#3352 = CARTESIAN_POINT ( 'NONE',  ( 38.00000000000000711, -0.6000000000000000888, -39.69089023002065630 ) ) ;
#3353 = ORIENTED_EDGE ( 'NONE', *, *, #3975, .T. ) ;
#3354 = B_SPLINE_CURVE_WITH_KNOTS ( 'NONE', 3,
 ( #7053, #1103, #4588, #2404, #644, #2986, #2834, #6977, #3486, #5786 ),
 .UNSPECIFIED., .F., .F.,
 ( 4, 2, 2, 2, 4 ),
 ( -6.929152249214165905E-06, 0.0004110520715494501423, 0.0008290332953481145250, 0.001247014519146778799, 0.001664995742945443074 ),
 .UNSPECIFIED. ) ;
#3355 = CARTESIAN_POINT ( 'NONE',  ( 48.99999999999999289, 0.5999999999999998668, -49.00000000000000000 ) ) ;
#3356 = LINE ( 'NONE', #5723, #2641 ) ;
#3357 = DIRECTION ( 'NONE',  ( -0.000000000000000000, -0.000000000000000000, -1.000000000000000000 ) ) ;
#3358 = DIRECTION ( 'NONE',  ( 0.000000000000000000, 0.000000000000000000, 1.000000000000000000 ) ) ;
#3359 = DIRECTION ( 'NONE',  ( -0.000000000000000000, 1.000000000000000000, 0.000000000000000000 ) ) ;
#3360 = ORIENTED_EDGE ( 'NONE', *, *, #2913, .F. ) ;
#3361 = CARTESIAN_POINT ( 'NONE',  ( -39.06699813600927484, -0.3782020611244048536, 48.99999999999936762 ) ) ;
#3362 = LINE ( 'NONE', #2268, #3159 ) ;
#3363 = DIRECTION ( 'NONE',  ( 0.000000000000000000, 0.000000000000000000, 1.000000000000000000 ) ) ;
#3364 = CARTESIAN_POINT ( 'NONE',  ( -37.46743680382930819, 0.5986662425815270083, -39.00000000000000000 ) ) ;
#3365 = ORIENTED_EDGE ( 'NONE', *, *, #277, .T. ) ;
#3366 = LINE ( 'NONE', #5664, #6071 ) ;
#3367 = EDGE_LOOP ( 'NONE', ( #3483, #64, #4606, #3614 ) ) ;
#3368 = EDGE_CURVE ( 'NONE', #2891, #20, #3969, .T. ) ;
#3369 = CARTESIAN_POINT ( 'NONE',  ( 39.69089023002065630, -7.600000000000000533, -39.39999999999999858 ) ) ;
#3370 = CARTESIAN_POINT ( 'NONE',  ( 39.18997587142047223, -0.5265073566082328904, 49.00000000000000000 ) ) ;
#3371 = DIRECTION ( 'NONE',  ( 0.000000000000000000, 1.000000000000000000, 0.000000000000000000 ) ) ;
#3372 = EDGE_LOOP ( 'NONE', ( #766, #5513, #1518, #4338, #4884, #6739, #4977, #4206 ) ) ;
#3373 = LINE ( 'NONE', #455, #6376 ) ;
#3374 = EDGE_LOOP ( 'NONE', ( #4254, #2930, #7281, #5867 ) ) ;
#3375 = DIRECTION ( 'NONE',  ( 0.000000000000000000, 0.000000000000000000, 1.000000000000000000 ) ) ;
#3376 = AXIS2_PLACEMENT_3D ( 'NONE', #4839, #6656, #2394 ) ;
#3377 = ORIENTED_EDGE ( 'NONE', *, *, #1586, .F. ) ;
#3378 = ADVANCED_FACE ( 'NONE', ( #5221 ), #3424, .F. ) ;
#3379 =( NAMED_UNIT ( * ) SI_UNIT ( $, .STERADIAN. ) SOLID_ANGLE_UNIT ( ) );
#3380 = FACE_OUTER_BOUND ( 'NONE', #4986, .T. ) ;
#3381 = AXIS2_PLACEMENT_3D ( 'NONE', #6955, #3425, #2261 ) ;
#3382 = AXIS2_PLACEMENT_3D ( 'NONE', #2265, #2848, #1152 ) ;
#3383 = CIRCLE ( 'NONE', #2143, 0.4000000000000010214 ) ;
#3384 = DIRECTION ( 'NONE',  ( -1.541976423090494056E-15, 0.000000000000000000, -1.000000000000000000 ) ) ;
#3385 = ORIENTED_EDGE ( 'NONE', *, *, #4045, .T. ) ;
#3386 = CARTESIAN_POINT ( 'NONE',  ( 38.45363220528460602, -0.2495152422276967763, -48.78220304726079348 ) ) ;
#3387 = ORIENTED_EDGE ( 'NONE', *, *, #3942, .T. ) ;
#3388 = AXIS2_PLACEMENT_3D ( 'NONE', #7160, #5896, #2319 ) ;
#3389 = DIRECTION ( 'NONE',  ( 0.000000000000000000, 0.000000000000000000, 1.000000000000000000 ) ) ;
#3390 = CARTESIAN_POINT ( 'NONE',  ( 44.00000000000000711, -1.399999999999990585, 42.10000000000000142 ) ) ;
#3391 = CIRCLE ( 'NONE', #1660, 1.099999999999996758 ) ;
#3392 = EDGE_CURVE ( 'NONE', #2614, #2080, #1055, .T. ) ;
#3393 = DIRECTION ( 'NONE',  ( -0.000000000000000000, -1.000000000000000000, 0.000000000000000000 ) ) ;
#3394 = CARTESIAN_POINT ( 'NONE',  ( 35.26248878774533324, 0.9999999999999997780, 34.12533837418214944 ) ) ;
#3395 = DIRECTION ( 'NONE',  ( -1.000000000000000000, 0.000000000000000000, 0.000000000000000000 ) ) ;
#3396 = VERTEX_POINT ( 'NONE', #1687 ) ;
#3397 = CARTESIAN_POINT ( 'NONE',  ( -38.24525592695678711, 0.007587539610479827196, 49.00000000000000000 ) ) ;
#3398 = VERTEX_POINT ( 'NONE', #6909 ) ;
#3399 = DIRECTION ( 'NONE',  ( 1.000000000000000000, -0.000000000000000000, -0.000000000000000000 ) ) ;
#3400 = VECTOR ( 'NONE', #970, 1000.000000000000000 ) ;
#3401 = EDGE_CURVE ( 'NONE', #6664, #4516, #5834, .T. ) ;
#3402 = DIRECTION ( 'NONE',  ( -1.000000000000000000, 0.000000000000000000, 0.000000000000000000 ) ) ;
#3403 = CIRCLE ( 'NONE', #4379, 1.399999999999998579 ) ;
#3404 = FACE_OUTER_BOUND ( 'NONE', #2898, .T. ) ;
#3405 = VERTEX_POINT ( 'NONE', #8 ) ;
#3406 = CARTESIAN_POINT ( 'NONE',  ( -39.40000000000000568, -0.5999999999999998668, 47.60000000000000142 ) ) ;
#3407 = DIRECTION ( 'NONE',  ( 0.000000000000000000, 0.000000000000000000, 1.000000000000000000 ) ) ;
#3408 = CARTESIAN_POINT ( 'NONE',  ( 17.40000000000000213, 0.000000000000000000, 0.000000000000000000 ) ) ;
#3409 = CARTESIAN_POINT ( 'NONE',  ( -37.40000000000000568, 0.000000000000000000, -47.60000000000000142 ) ) ;
#3410 = DIRECTION ( 'NONE',  ( -0.000000000000000000, -1.000000000000000000, -0.000000000000000000 ) ) ;
#3411 = VERTEX_POINT ( 'NONE', #5796 ) ;
#3412 = EDGE_CURVE ( 'NONE', #6980, #315, #6331, .T. ) ;
#3413 = CARTESIAN_POINT ( 'NONE',  ( 12.00000000000000178, 0.5999999999999999778, 25.00000000000000000 ) ) ;
#3414 = EDGE_LOOP ( 'NONE', ( #4933, #592 ) ) ;
#3415 = FACE_OUTER_BOUND ( 'NONE', #2243, .T. ) ;
#3416 = CARTESIAN_POINT ( 'NONE',  ( -49.00000000000000711, -0.1071053493268291357, -38.57099627924792173 ) ) ;
#3417 = ADVANCED_FACE ( 'NONE', ( #5109 ), #1421, .T. ) ;
#3418 = VERTEX_POINT ( 'NONE', #4677 ) ;
#3419 =( LENGTH_UNIT ( ) NAMED_UNIT ( * ) SI_UNIT ( .MILLI., .METRE. ) );
#3420 = ORIENTED_EDGE ( 'NONE', *, *, #6757, .T. ) ;
#3421 = DIRECTION ( 'NONE',  ( 0.000000000000000000, 0.000000000000000000, 1.000000000000000000 ) ) ;
#3422 = DIRECTION ( 'NONE',  ( -0.000000000000000000, 1.000000000000000000, -0.000000000000000000 ) ) ;
#3423 = EDGE_CURVE ( 'NONE', #3635, #2829, #5837, .T. ) ;
#3424 = PLANE ( 'NONE',  #7557 ) ;
#3425 = DIRECTION ( 'NONE',  ( -0.000000000000000000, 1.000000000000000000, -0.000000000000000000 ) ) ;
#3426 = EDGE_CURVE ( 'NONE', #7365, #5681, #7436, .T. ) ;
#3427 = EDGE_LOOP ( 'NONE', ( #5595, #3521, #2735, #6268, #189, #3598, #4782, #3921 ) ) ;
#3428 = DIRECTION ( 'NONE',  ( -1.000000000000000000, 0.000000000000000000, 0.000000000000000000 ) ) ;
#3429 = LINE ( 'NONE', #4643, #4601 ) ;
#3430 = EDGE_CURVE ( 'NONE', #4768, #6377, #6076, .T. ) ;
#3431 = ORIENTED_EDGE ( 'NONE', *, *, #1106, .F. ) ;
#3432 =( BOUNDED_SURFACE ( )  B_SPLINE_SURFACE ( 3, 2, ( 
 ( #123, #7109, #662 ),
 ( #1847, #2496, #6532 ),
 ( #1808, #3124, #5381 ),
 ( #6575, #5422, #740 ),
 ( #1350, #4155, #822 ),
 ( #1274, #3621, #4235 ),
 ( #5960, #1237, #1957 ),
 ( #7150, #3585, #705 ),
 ( #3701, #2382, #1315 ),
 ( #3665, #5994, #164 ) ),
 .UNSPECIFIED., .F., .F., .F. ) 
 B_SPLINE_SURFACE_WITH_KNOTS ( ( 4, 2, 2, 2, 4 ),
 ( 3, 3 ),
 ( 0.000000000000000000, 0.0004945494385602636775, 0.0009890988771205273550, 0.001483648315680791141, 0.001978197754241054710 ),
 ( 0.000000000000000000, 1.000000000000000000 ),
 .UNSPECIFIED. ) 
 GEOMETRIC_REPRESENTATION_ITEM ( )  RATIONAL_B_SPLINE_SURFACE ( (
 ( 1.000000000000000000, 0.7084826553175709307, 1.000000000000000000),
 ( 1.000000000000000000, 0.7127754838206321608, 1.000000000000000000),
 ( 1.000000000000000000, 0.7310457542176272971, 1.000000000000000000),
 ( 1.000000000000000000, 0.7861143912382503318, 1.000000000000000000),
 ( 1.000000000000000000, 0.8230211105260004656, 1.000000000000000000),
 ( 1.000000000000000000, 0.8956825757416800871, 1.000000000000000000),
 ( 1.000000000000000000, 0.9318271559610500354, 1.000000000000000000),
 ( 1.000000000000000000, 0.9843526207460719935, 1.000000000000000000),
 ( 1.000000000000000000, 1.000283261034598192, 1.000000000000000000),
 ( 1.000000000000000000, 1.000000000000000000, 1.000000000000000000) ) ) 
 REPRESENTATION_ITEM ( '' )  SURFACE ( )  );
#3433 = CARTESIAN_POINT ( 'NONE',  ( 0.2599999999999927924, 0.000000000000000000, -44.09999999999999432 ) ) ;
#3434 = CARTESIAN_POINT ( 'NONE',  ( -39.60000000000000853, 0.5999999999999999778, -1.999999999999981792 ) ) ;
#3435 = CARTESIAN_POINT ( 'NONE',  ( 39.00000000000000000, -7.600000000000000533, -9.499999999999991118 ) ) ;
#3436 = ORIENTED_EDGE ( 'NONE', *, *, #251, .T. ) ;
#3437 = DIRECTION ( 'NONE',  ( -1.541976423090494056E-15, 0.000000000000000000, -1.000000000000000000 ) ) ;
#3438 = EDGE_CURVE ( 'NONE', #6869, #2250, #2337, .T. ) ;
#3439 = DIRECTION ( 'NONE',  ( -1.000000000000000000, 0.000000000000000000, 0.000000000000000000 ) ) ;
#3440 = DIRECTION ( 'NONE',  ( -0.000000000000000000, 1.000000000000000000, -0.000000000000000000 ) ) ;
#3441 = CARTESIAN_POINT ( 'NONE',  ( -43.99999999999999289, -1.399999999999990585, 44.00000000000000000 ) ) ;
#3442 = AXIS2_PLACEMENT_3D ( 'NONE', #1220, #38, #4256 ) ;
#3443 = CARTESIAN_POINT ( 'NONE',  ( -37.40206632590398783, 0.000000000000000000, -39.60000000000000142 ) ) ;
#3444 = LINE ( 'NONE', #2207, #4063 ) ;
#3445 = ORIENTED_EDGE ( 'NONE', *, *, #2431, .F. ) ;
#3446 = VECTOR ( 'NONE', #1700, 1000.000000000000114 ) ;
#3447 = DIRECTION ( 'NONE',  ( 0.000000000000000000, 0.000000000000000000, 1.000000000000000000 ) ) ;
#3448 = ORIENTED_EDGE ( 'NONE', *, *, #6202, .T. ) ;
#3449 = AXIS2_PLACEMENT_3D ( 'NONE', #6174, #4290, #988 ) ;
#3450 = AXIS2_PLACEMENT_3D ( 'NONE', #3165, #4673, #2298 ) ;
#3451 = DIRECTION ( 'NONE',  ( 0.000000000000000000, 0.7071067811865410224, 0.7071067811865540120 ) ) ;
#3452 = DIRECTION ( 'NONE',  ( 0.000000000000000000, 1.000000000000000000, 0.000000000000000000 ) ) ;
#3453 = AXIS2_PLACEMENT_3D ( 'NONE', #4088, #2903, #4620 ) ;
#3454 = CARTESIAN_POINT ( 'NONE',  ( -49.00000000000000711, 0.3305876115166008766, -38.46417554520409965 ) ) ;
#3455 = AXIS2_PLACEMENT_3D ( 'NONE', #4048, #862, #3743 ) ;
#3456 = ORIENTED_EDGE ( 'NONE', *, *, #2908, .T. ) ;
#3457 = ORIENTED_EDGE ( 'NONE', *, *, #1156, .T. ) ;
#3458 = ORIENTED_EDGE ( 'NONE', *, *, #1168, .T. ) ;
#3459 = VECTOR ( 'NONE', #1139, 1000.000000000000000 ) ;
#3460 = CARTESIAN_POINT ( 'NONE',  ( -38.63321908449344022, -0.5999999999999998668, 38.48275862068965125 ) ) ;
#3461 = CARTESIAN_POINT ( 'NONE',  ( -44.00000000000001421, 2.399999999999999911, -49.00000000000000000 ) ) ;
#3462 = VECTOR ( 'NONE', #7193, 1000.000000000000000 ) ;
#3463 = EDGE_CURVE ( 'NONE', #5612, #4509, #937, .T. ) ;
#3464 = DIRECTION ( 'NONE',  ( 0.000000000000000000, 0.000000000000000000, 1.000000000000000000 ) ) ;
#3465 = DIRECTION ( 'NONE',  ( 0.000000000000000000, 1.000000000000000000, 0.000000000000000000 ) ) ;
#3466 = ADVANCED_FACE ( 'NONE', ( #473 ), #5726, .T. ) ;
#3467 = VERTEX_POINT ( 'NONE', #6291 ) ;
#3468 = DIRECTION ( 'NONE',  ( 0.000000000000000000, 0.000000000000000000, 1.000000000000000000 ) ) ;
#3469 = DIRECTION ( 'NONE',  ( 0.000000000000000000, 0.000000000000000000, 1.000000000000000000 ) ) ;
#3470 = ORIENTED_EDGE ( 'NONE', *, *, #2938, .T. ) ;
#3471 = ORIENTED_EDGE ( 'NONE', *, *, #471, .F. ) ;
#3472 = FACE_OUTER_BOUND ( 'NONE', #2680, .T. ) ;
#3473 = EDGE_CURVE ( 'NONE', #1184, #3396, #2885, .T. ) ;
#3474 = DIRECTION ( 'NONE',  ( -0.000000000000000000, -1.000000000000000000, -0.000000000000000000 ) ) ;
#3475 = ORIENTED_EDGE ( 'NONE', *, *, #1341, .F. ) ;
#3476 = DIRECTION ( 'NONE',  ( 0.000000000000000000, 1.000000000000000000, -0.000000000000000000 ) ) ;
#3477 = CARTESIAN_POINT ( 'NONE',  ( -37.40000000000000568, 0.000000000000000000, -47.60000000000000142 ) ) ;
#3478 = DIRECTION ( 'NONE',  ( -1.000000000000000000, 0.000000000000000000, -1.508455196501573796E-15 ) ) ;
#3479 = EDGE_CURVE ( 'NONE', #6905, #3990, #3887, .T. ) ;
#3480 = CARTESIAN_POINT ( 'NONE',  ( -38.98547552541835870, 0.5338697544402770667, -37.73350761145103149 ) ) ;
#3481 = CARTESIAN_POINT ( 'NONE',  ( -39.36449337032102846, -0.1777787716520605188, -37.86769062789123552 ) ) ;
#3482 = DIRECTION ( 'NONE',  ( 2.124151195073641295E-16, 0.000000000000000000, 1.000000000000000000 ) ) ;
#3483 = ORIENTED_EDGE ( 'NONE', *, *, #2463, .F. ) ;
#3484 = CARTESIAN_POINT ( 'NONE',  ( 39.00000000000000711, -7.600000000000000533, 10.99999999999999645 ) ) ;
#3485 = ORIENTED_EDGE ( 'NONE', *, *, #2399, .T. ) ;
#3486 = CARTESIAN_POINT ( 'NONE',  ( 39.00000000000000000, 0.5799671398306420755, -37.64021971695633795 ) ) ;
#3487 = DIRECTION ( 'NONE',  ( -0.000000000000000000, 0.000000000000000000, -1.000000000000000000 ) ) ;
#3488 = EDGE_CURVE ( 'NONE', #1442, #998, #6445, .T. ) ;
#3489 = DIRECTION ( 'NONE',  ( 0.000000000000000000, -1.000000000000000000, 0.000000000000000000 ) ) ;
#3490 = EDGE_LOOP ( 'NONE', ( #6016, #6097, #5706, #1009 ) ) ;
#3491 = ORIENTED_EDGE ( 'NONE', *, *, #6508, .F. ) ;
#3492 = DIRECTION ( 'NONE',  ( 0.000000000000000000, 0.000000000000000000, -1.000000000000000000 ) ) ;
#3493 = EDGE_LOOP ( 'NONE', ( #6761, #1792, #6150 ) ) ;
#3494 = CARTESIAN_POINT ( 'NONE',  ( 0.000000000000000000, 0.000000000000000000, -39.60000000000000142 ) ) ;
#3495 = CARTESIAN_POINT ( 'NONE',  ( 29.83999999999999275, 0.000000000000000000, -40.50000000000000000 ) ) ;
#3496 = AXIS2_PLACEMENT_3D ( 'NONE', #25, #2357, #6467 ) ;
#3497 = CIRCLE ( 'NONE', #6065, 1.500000000000001332 ) ;
#3498 = AXIS2_PLACEMENT_3D ( 'NONE', #1057, #1667, #6382 ) ;
#3499 = CARTESIAN_POINT ( 'NONE',  ( 45.72500000000000142, 0.9999999999999997780, 14.56000000000000583 ) ) ;
#3500 = DIRECTION ( 'NONE',  ( 0.000000000000000000, 0.000000000000000000, -1.000000000000000000 ) ) ;
#3501 = AXIS2_PLACEMENT_3D ( 'NONE', #6584, #4879, #4244 ) ;
#3502 = AXIS2_PLACEMENT_3D ( 'NONE', #6426, #4204, #6390 ) ;
#3503 = ORIENTED_EDGE ( 'NONE', *, *, #6580, .F. ) ;
#3504 = EDGE_CURVE ( 'NONE', #7473, #3222, #4119, .T. ) ;
#3505 = CARTESIAN_POINT ( 'NONE',  ( 26.34266137470398306, 1.399999999999999689, 28.44999999999998863 ) ) ;
#3506 = CARTESIAN_POINT ( 'NONE',  ( 48.99999999999999289, 0.5999999724323954453, -37.75740017596878317 ) ) ;
#3507 = ORIENTED_EDGE ( 'NONE', *, *, #6556, .T. ) ;
#3508 = AXIS2_PLACEMENT_3D ( 'NONE', #3049, #1389, #5464 ) ;
#3509 = AXIS2_PLACEMENT_3D ( 'NONE', #2927, #5757, #3464 ) ;
#3510 = CARTESIAN_POINT ( 'NONE',  ( 37.48599178455491909, 0.001384921775262113516, -39.00361118674828731 ) ) ;
#3511 = CARTESIAN_POINT ( 'NONE',  ( 35.75000000000000711, 1.399999999999999689, 34.55529936623838694 ) ) ;
#3512 = ORIENTED_EDGE ( 'NONE', *, *, #1959, .F. ) ;
#3513 = EDGE_CURVE ( 'NONE', #5170, #2218, #2996, .T. ) ;
#3514 = DIRECTION ( 'NONE',  ( -4.785444071660164846E-16, 0.000000000000000000, -1.000000000000000000 ) ) ;
#3515 = CIRCLE ( 'NONE', #7439, 0.6000000000000033085 ) ;
#3516 = CYLINDRICAL_SURFACE ( 'NONE', #797, 1.399999999999998579 ) ;
#3517 = CARTESIAN_POINT ( 'NONE',  ( 44.22500000000000142, 2.399999999999999911, 14.56000000000000583 ) ) ;
#3518 = VECTOR ( 'NONE', #4748, 1000.000000000000000 ) ;
#3519 = CARTESIAN_POINT ( 'NONE',  ( 39.07757742990598615, -0.3458305645563628516, -38.07814428180676458 ) ) ;
#3520 = CARTESIAN_POINT ( 'NONE',  ( -39.59435767404262663, -0.007378153719194740362, -37.51716251077053244 ) ) ;
#3521 = ORIENTED_EDGE ( 'NONE', *, *, #6614, .T. ) ;
#3522 = CARTESIAN_POINT ( 'NONE',  ( -38.43596510674767330, -0.4751976828393510988, -38.67379970111747411 ) ) ;
#3523 = ORIENTED_EDGE ( 'NONE', *, *, #1349, .T. ) ;
#3524 = EDGE_CURVE ( 'NONE', #4321, #6105, #4862, .T. ) ;
#3525 = DIRECTION ( 'NONE',  ( -0.000000000000000000, -1.000000000000000000, -0.000000000000000000 ) ) ;
#3526 = CARTESIAN_POINT ( 'NONE',  ( -38.70959187177663097, -0.4979511179804855248, 38.39480228325840017 ) ) ;
#3527 = DIRECTION ( 'NONE',  ( 0.000000000000000000, 0.000000000000000000, 1.000000000000000000 ) ) ;
#3528 = ORIENTED_EDGE ( 'NONE', *, *, #5066, .T. ) ;
#3529 = CYLINDRICAL_SURFACE ( 'NONE', #14, 1.500000000000001332 ) ;
#3530 = VECTOR ( 'NONE', #1990, 1000.000000000000000 ) ;
#3531 = VERTEX_POINT ( 'NONE', #5334 ) ;
#3532 = FILL_AREA_STYLE ('',( #7022 ) ) ;
#3533 = ORIENTED_EDGE ( 'NONE', *, *, #7498, .F. ) ;
#3534 = ADVANCED_FACE ( 'NONE', ( #3576 ), #5913, .F. ) ;
#3535 = CARTESIAN_POINT ( 'NONE',  ( -43.99999999999999289, 2.200000000000000178, 44.00000000000000000 ) ) ;
#3536 = DIRECTION ( 'NONE',  ( 0.000000000000000000, 1.000000000000000000, 0.000000000000000000 ) ) ;
#3537 = AXIS2_PLACEMENT_3D ( 'NONE', #3064, #1256, #3527 ) ;
#3538 = CARTESIAN_POINT ( 'NONE',  ( 0.000000000000000000, -0.5999999999999999778, 37.39999999999999858 ) ) ;
#3539 = PLANE ( 'NONE',  #2921 ) ;
#3540 = ORIENTED_EDGE ( 'NONE', *, *, #4269, .F. ) ;
#3541 = LINE ( 'NONE', #11, #551 ) ;
#3542 = CARTESIAN_POINT ( 'NONE',  ( -44.00000000000000711, 2.399999999999999911, 44.00000000000000711 ) ) ;
#3543 = ORIENTED_EDGE ( 'NONE', *, *, #142, .F. ) ;
#3544 = B_SPLINE_CURVE_WITH_KNOTS ( 'NONE', 3,
 ( #541, #5873, #5219, #2842 ),
 .UNSPECIFIED., .F., .F.,
 ( 4, 4 ),
 ( 0.000000000000000000, 4.917209685196307077E-05 ),
 .UNSPECIFIED. ) ;
#3545 = DIRECTION ( 'NONE',  ( 1.000000000000000000, -0.000000000000000000, -0.000000000000000000 ) ) ;
#3546 = ORIENTED_EDGE ( 'NONE', *, *, #5013, .F. ) ;
#3547 = DIRECTION ( 'NONE',  ( 1.807003620809164032E-16, 0.000000000000000000, 1.000000000000000000 ) ) ;
#3548 = CARTESIAN_POINT ( 'NONE',  ( 19.50000000000000355, 0.5999999999999998668, -1.999999999999982236 ) ) ;
#3549 = DIRECTION ( 'NONE',  ( -1.000000000000000000, -0.000000000000000000, -0.000000000000000000 ) ) ;
#3550 = EDGE_CURVE ( 'NONE', #5167, #1065, #4789, .T. ) ;
#3551 = DIRECTION ( 'NONE',  ( -0.000000000000000000, -1.000000000000000000, -0.000000000000000000 ) ) ;
#3552 = DIRECTION ( 'NONE',  ( 0.000000000000000000, 1.000000000000000000, 0.000000000000000000 ) ) ;
#3553 = DIRECTION ( 'NONE',  ( -0.000000000000000000, -1.000000000000000000, -0.000000000000000000 ) ) ;
#3554 = EDGE_LOOP ( 'NONE', ( #4755, #929 ) ) ;
#3555 = CARTESIAN_POINT ( 'NONE',  ( 38.06750643515540844, 0.2378752477099044249, -38.89087332001724207 ) ) ;
#3556 = ORIENTED_EDGE ( 'NONE', *, *, #852, .F. ) ;
#3557 = EDGE_CURVE ( 'NONE', #5367, #4383, #696, .T. ) ;
#3558 = ORIENTED_EDGE ( 'NONE', *, *, #3488, .T. ) ;
#3559 = DIRECTION ( 'NONE',  ( 0.000000000000000000, 0.000000000000000000, 1.000000000000000000 ) ) ;
#3560 = LINE ( 'NONE', #7518, #1120 ) ;
#3561 = EDGE_CURVE ( 'NONE', #6005, #1065, #4183, .T. ) ;
#3562 = CIRCLE ( 'NONE', #1842, 0.4000000000000010214 ) ;
#3563 = EDGE_CURVE ( 'NONE', #7144, #1124, #6602, .T. ) ;
#3564 = CARTESIAN_POINT ( 'NONE',  ( -39.00000000000000000, 0.5960057784623228327, 37.50000000000000000 ) ) ;
#3565 = VERTEX_POINT ( 'NONE', #4297 ) ;
#3566 = CARTESIAN_POINT ( 'NONE',  ( 12.00000000000000178, 2.399999999999999911, -1.999999999999974021 ) ) ;
#3567 = CIRCLE ( 'NONE', #264, 2.100000000000004530 ) ;
#3568 = DIRECTION ( 'NONE',  ( -1.000000000000000000, 0.000000000000000000, 0.000000000000000000 ) ) ;
#3569 = ORIENTED_EDGE ( 'NONE', *, *, #661, .F. ) ;
#3570 = ORIENTED_EDGE ( 'NONE', *, *, #1329, .T. ) ;
#3571 = DIRECTION ( 'NONE',  ( -0.000000000000000000, 1.000000000000000000, -0.000000000000000000 ) ) ;
#3572 = AXIS2_PLACEMENT_3D ( 'NONE', #3981, #2203, #5085 ) ;
#3573 = CYLINDRICAL_SURFACE ( 'NONE', #6576, 1.500000000000001332 ) ;
#3574 = CARTESIAN_POINT ( 'NONE',  ( 36.14999999999999858, 2.399999999999999911, 0.000000000000000000 ) ) ;
#3575 = AXIS2_PLACEMENT_3D ( 'NONE', #4966, #4843, #5391 ) ;
#3576 = FACE_OUTER_BOUND ( 'NONE', #420, .T. ) ;
#3577 = ADVANCED_FACE ( 'NONE', ( #1948 ), #4713, .T. ) ;
#3578 = CYLINDRICAL_SURFACE ( 'NONE', #962, 1.399999999999998579 ) ;
#3579 = ORIENTED_EDGE ( 'NONE', *, *, #3918, .F. ) ;
#3580 = FACE_OUTER_BOUND ( 'NONE', #6002, .T. ) ;
#3581 = DIRECTION ( 'NONE',  ( 0.000000000000000000, -1.000000000000000000, 0.000000000000000000 ) ) ;
#3582 = AXIS2_PLACEMENT_3D ( 'NONE', #2350, #3474, #2974 ) ;
#3583 = ORIENTED_EDGE ( 'NONE', *, *, #4284, .F. ) ;
#3584 = VECTOR ( 'NONE', #387, 1000.000000000000000 ) ;
#3585 = CARTESIAN_POINT ( 'NONE',  ( -38.29628397939630702, -0.3932066688562061985, 38.77939280762007712 ) ) ;
#3586 = DIRECTION ( 'NONE',  ( 0.000000000000000000, -1.000000000000000000, 0.000000000000000000 ) ) ;
#3587 = VERTEX_POINT ( 'NONE', #3610 ) ;
#3588 = CARTESIAN_POINT ( 'NONE',  ( 38.30133882614826746, 0.4258180508531292929, -49.00000000000000000 ) ) ;
#3589 = DIRECTION ( 'NONE',  ( -1.000000000000000000, 0.000000000000000000, 2.276539994720219349E-16 ) ) ;
#3590 = CIRCLE ( 'NONE', #1867, 2.000000000000001776 ) ;
#3591 = CARTESIAN_POINT ( 'NONE',  ( 38.00000000000000711, -1.600000000000000089, 47.60000000000000142 ) ) ;
#3592 = CARTESIAN_POINT ( 'NONE',  ( 39.52252589521876303, -0.06768603967269501420, -37.69065785340158214 ) ) ;
#3593 = PLANE ( 'NONE',  #1279 ) ;
#3594 = DIRECTION ( 'NONE',  ( 0.000000000000000000, 0.000000000000000000, 1.000000000000000000 ) ) ;
#3595 = ORIENTED_EDGE ( 'NONE', *, *, #287, .T. ) ;
#3596 = CARTESIAN_POINT ( 'NONE',  ( -37.50000000000000000, 2.399999999999999467, 37.50000000000000000 ) ) ;
#3597 = EDGE_CURVE ( 'NONE', #6286, #7452, #6574, .T. ) ;
#3598 = ORIENTED_EDGE ( 'NONE', *, *, #859, .T. ) ;
#3599 = ORIENTED_EDGE ( 'NONE', *, *, #7498, .T. ) ;
#3600 = FACE_OUTER_BOUND ( 'NONE', #1619, .T. ) ;
#3601 = CARTESIAN_POINT ( 'NONE',  ( -38.93824309428659092, 0.3852831758874206702, 37.93884995794604720 ) ) ;
#3602 = DIRECTION ( 'NONE',  ( -0.000000000000000000, 0.000000000000000000, 1.000000000000000000 ) ) ;
#3603 = ORIENTED_EDGE ( 'NONE', *, *, #5349, .T. ) ;
#3604 = CARTESIAN_POINT ( 'NONE',  ( 44.22500000000000142, 1.399999999999999689, 14.56000000000000583 ) ) ;
#3605 = EDGE_CURVE ( 'NONE', #2592, #3990, #2372, .T. ) ;
#3606 = ORIENTED_EDGE ( 'NONE', *, *, #5687, .F. ) ;
#3607 = DIRECTION ( 'NONE',  ( 0.000000000000000000, 1.000000000000000000, -0.000000000000000000 ) ) ;
#3608 = CARTESIAN_POINT ( 'NONE',  ( 0.000000000000000000, -1.600000000000000089, 49.00000000000000000 ) ) ;
#3609 = CARTESIAN_POINT ( 'NONE',  ( 38.00000000000000711, -0.6000000000000000888, 39.39999999999999858 ) ) ;
#3610 = CARTESIAN_POINT ( 'NONE',  ( -38.48275862068965836, -0.5999999999999998668, -38.63321908449344022 ) ) ;
#3611 = DIRECTION ( 'NONE',  ( 1.156482317317871478E-16, 0.000000000000000000, -1.000000000000000000 ) ) ;
#3612 = VERTEX_POINT ( 'NONE', #5950 ) ;
#3613 = DIRECTION ( 'NONE',  ( 0.000000000000000000, 0.000000000000000000, 1.000000000000000000 ) ) ;
#3614 = ORIENTED_EDGE ( 'NONE', *, *, #2908, .F. ) ;
#3615 = AXIS2_PLACEMENT_3D ( 'NONE', #5223, #7569, #3500 ) ;
#3616 = AXIS2_PLACEMENT_3D ( 'NONE', #2192, #6880, #1618 ) ;
#3617 = TOROIDAL_SURFACE ( 'NONE', #1890, 2.100000000000000089, 0.5999999999999999778 ) ;
#3618 = CYLINDRICAL_SURFACE ( 'NONE', #6116, 0.3999999999999985234 ) ;
#3619 = EDGE_CURVE ( 'NONE', #1121, #2992, #2777, .T. ) ;
#3620 = VECTOR ( 'NONE', #4419, 1000.000000000000000 ) ;
#3621 = CARTESIAN_POINT ( 'NONE',  ( -37.98589530613946152, -0.1391561432829209188, 38.94021105863987486 ) ) ;
#3622 = AXIS2_PLACEMENT_3D ( 'NONE', #3441, #3551, #7041 ) ;
#3623 = CIRCLE ( 'NONE', #1416, 1.399999999999998579 ) ;
#3624 = CIRCLE ( 'NONE', #5333, 0.3999999999999981903 ) ;
#3625 = CYLINDRICAL_SURFACE ( 'NONE', #2109, 1.399999999999998579 ) ;
#3626 = ORIENTED_EDGE ( 'NONE', *, *, #4948, .T. ) ;
#3627 = CARTESIAN_POINT ( 'NONE',  ( -39.00000000000000000, 0.5960057784623205013, 37.50000000000000000 ) ) ;
#3628 = CIRCLE ( 'NONE', #7435, 1.899999999999999023 ) ;
#3629 = EDGE_CURVE ( 'NONE', #3817, #4737, #2417, .T. ) ;
#3630 = CARTESIAN_POINT ( 'NONE',  ( 38.83595476409990965, 0.06123212045765512312, -38.18749636654320767 ) ) ;
#3631 = VECTOR ( 'NONE', #2306, 1000.000000000000000 ) ;
#3632 = DIRECTION ( 'NONE',  ( 0.000000000000000000, 0.000000000000000000, 1.000000000000000000 ) ) ;
#3633 = DIRECTION ( 'NONE',  ( -1.000000000000000000, -0.000000000000000000, -0.000000000000000000 ) ) ;
#3634 = CARTESIAN_POINT ( 'NONE',  ( -48.65218991964589890, -0.1387220022517516305, -38.17983873497345115 ) ) ;
#3635 = VERTEX_POINT ( 'NONE', #1342 ) ;
#3636 = CIRCLE ( 'NONE', #333, 0.3999999999999975797 ) ;
#3637 = FACE_OUTER_BOUND ( 'NONE', #2922, .T. ) ;
#3638 = ORIENTED_EDGE ( 'NONE', *, *, #2608, .T. ) ;
#3639 = CARTESIAN_POINT ( 'NONE',  ( -39.40000000000000568, -0.6000000000000000888, -47.60000000000000142 ) ) ;
#3640 = ORIENTED_EDGE ( 'NONE', *, *, #7457, .T. ) ;
#3641 = CIRCLE ( 'NONE', #2038, 1.399999999999998579 ) ;
#3642 = ORIENTED_EDGE ( 'NONE', *, *, #6548, .F. ) ;
#3643 = DIRECTION ( 'NONE',  ( -0.000000000000000000, -1.000000000000000000, -0.000000000000000000 ) ) ;
#3644 = DIRECTION ( 'NONE',  ( -2.124151195073641295E-16, 0.000000000000000000, -1.000000000000000000 ) ) ;
#3645 = AXIS2_PLACEMENT_3D ( 'NONE', #154, #770, #7138 ) ;
#3646 = ADVANCED_FACE ( 'NONE', ( #7141 ), #5449, .T. ) ;
#3647 = DIRECTION ( 'NONE',  ( 0.000000000000000000, 0.000000000000000000, 1.000000000000000000 ) ) ;
#3648 = ORIENTED_EDGE ( 'NONE', *, *, #1489, .T. ) ;
#3649 = DIRECTION ( 'NONE',  ( -0.000000000000000000, -1.000000000000000000, -0.000000000000000000 ) ) ;
#3650 = ORIENTED_EDGE ( 'NONE', *, *, #5718, .F. ) ;
#3651 = DIRECTION ( 'NONE',  ( 0.000000000000000000, 0.000000000000000000, -1.000000000000000000 ) ) ;
#3652 = CARTESIAN_POINT ( 'NONE',  ( -48.47793950087201864, -0.01910681387065921860, 37.79223433386831488 ) ) ;
#3653 = CARTESIAN_POINT ( 'NONE',  ( -38.76832202241181591, 0.1009695384999934747, -49.00000000000000000 ) ) ;
#3654 = CARTESIAN_POINT ( 'NONE',  ( 12.00000000000000178, 2.399999999999999911, 25.00000000000000000 ) ) ;
#3655 = EDGE_CURVE ( 'NONE', #3857, #5840, #3765, .T. ) ;
#3656 = CARTESIAN_POINT ( 'NONE',  ( 49.00000000000000000, -1.600000000000000089, -1.040834085586084257E-14 ) ) ;
#3657 = VECTOR ( 'NONE', #3691, 1000.000000000000000 ) ;
#3658 = EDGE_LOOP ( 'NONE', ( #4981, #5675, #5817, #2593 ) ) ;
#3659 = DIRECTION ( 'NONE',  ( 0.000000000000000000, -0.000000000000000000, -1.000000000000000000 ) ) ;
#3660 = ORIENTED_EDGE ( 'NONE', *, *, #4454, .F. ) ;
#3661 = CARTESIAN_POINT ( 'NONE',  ( 38.00000000000000711, -1.600000000000000089, 47.60000000000000142 ) ) ;
#3662 = EDGE_CURVE ( 'NONE', #2770, #1143, #5959, .T. ) ;
#3663 = CARTESIAN_POINT ( 'NONE',  ( 32.66982741304136084, 0.9999999999999997780, 28.02003900794374758 ) ) ;
#3664 = VECTOR ( 'NONE', #267, 999.9999999999998863 ) ;
#3665 = CARTESIAN_POINT ( 'NONE',  ( -38.48275862068965125, -0.5999999999999998668, 38.63321908449343312 ) ) ;
#3666 = EDGE_CURVE ( 'NONE', #1143, #4361, #5412, .T. ) ;
#3667 = EDGE_CURVE ( 'NONE', #6443, #219, #774, .T. ) ;
#3668 = CARTESIAN_POINT ( 'NONE',  ( -1.840000000000006741, 0.5999999999999999778, -41.99999999999998579 ) ) ;
#3669 = ORIENTED_EDGE ( 'NONE', *, *, #7, .T. ) ;
#3670 = CARTESIAN_POINT ( 'NONE',  ( 41.12500000000000711, 1.399999999999999689, 14.56000000000000405 ) ) ;
#3671 = CARTESIAN_POINT ( 'NONE',  ( 39.59353424191880322, -0.008718796929866743511, -37.53361092837523216 ) ) ;
#3672 = FACE_OUTER_BOUND ( 'NONE', #7561, .T. ) ;
#3673 = CARTESIAN_POINT ( 'NONE',  ( -37.88435057801503092, -0.03993550143790640383, -48.51566589472924562 ) ) ;
#3674 = EDGE_CURVE ( 'NONE', #256, #1102, #5234, .T. ) ;
#3675 = DIRECTION ( 'NONE',  ( 0.000000000000000000, 1.000000000000000000, 0.000000000000000000 ) ) ;
#3676 = ORIENTED_EDGE ( 'NONE', *, *, #4405, .T. ) ;
#3677 = CARTESIAN_POINT ( 'NONE',  ( 44.35000000000000142, 0.9999999999999997780, 28.24999999999999289 ) ) ;
#3678 = EDGE_LOOP ( 'NONE', ( #6370, #3595, #1441 ) ) ;
#3679 = EDGE_LOOP ( 'NONE', ( #4029, #7527, #3650, #7581 ) ) ;
#3680 = EDGE_LOOP ( 'NONE', ( #7100, #2267, #1509, #2659 ) ) ;
#3681 = DIRECTION ( 'NONE',  ( 0.000000000000000000, 1.000000000000000000, 0.000000000000000000 ) ) ;
#3682 = CARTESIAN_POINT ( 'NONE',  ( 37.67407111144578380, 0.03384830009392111178, 49.00000000000000000 ) ) ;
#3683 = CARTESIAN_POINT ( 'NONE',  ( 18.00000000000000355, 2.399999999999999911, 20.00000000000000355 ) ) ;
#3684 = VERTEX_POINT ( 'NONE', #6859 ) ;
#3685 = FACE_OUTER_BOUND ( 'NONE', #7011, .T. ) ;
#3686 = ORIENTED_EDGE ( 'NONE', *, *, #4783, .F. ) ;
#3687 = CARTESIAN_POINT ( 'NONE',  ( 10.50000000000000178, 0.5999999999999999778, 39.60000000000000142 ) ) ;
#3688 = DIRECTION ( 'NONE',  ( -0.000000000000000000, -1.000000000000000000, -0.000000000000000000 ) ) ;
#3689 = CARTESIAN_POINT ( 'NONE',  ( -37.67407111144578380, 0.03384830009392111178, -49.00000000000000000 ) ) ;
#3690 = CARTESIAN_POINT ( 'NONE',  ( 0.000000000000000000, 0.000000000000000000, 20.60000000000000497 ) ) ;
#3691 = DIRECTION ( 'NONE',  ( -0.000000000000000000, -0.000000000000000000, -1.000000000000000000 ) ) ;
#3692 = EDGE_LOOP ( 'NONE', ( #5383, #6145, #3583, #2959 ) ) ;
#3693 = LINE ( 'NONE', #4336, #5331 ) ;
#3694 = AXIS2_PLACEMENT_3D ( 'NONE', #1013, #4963, #3363 ) ;
#3695 = VERTEX_POINT ( 'NONE', #2752 ) ;
#3696 = ORIENTED_EDGE ( 'NONE', *, *, #6464, .F. ) ;
#3697 = ADVANCED_FACE ( 'NONE', ( #3777 ), #888, .F. ) ;
#3698 = DIRECTION ( 'NONE',  ( 0.000000000000000000, 0.000000000000000000, 1.000000000000000000 ) ) ;
#3699 = AXIS2_PLACEMENT_3D ( 'NONE', #5781, #5014, #4515 ) ;
#3700 = CIRCLE ( 'NONE', #3450, 0.3999999999999981903 ) ;
#3701 = CARTESIAN_POINT ( 'NONE',  ( -38.35735447616582405, -0.5317420675486123072, 38.74197299253064131 ) ) ;
#3702 = CARTESIAN_POINT ( 'NONE',  ( 36.55000000000000426, 1.399999999999999689, 29.34999999999999432 ) ) ;
#3703 = AXIS2_PLACEMENT_3D ( 'NONE', #3126, #2464, #2578 ) ;
#3704 = ORIENTED_EDGE ( 'NONE', *, *, #6247, .T. ) ;
#3705 = CARTESIAN_POINT ( 'NONE',  ( 19.50000000000000355, 2.399999999999999911, 20.00000000000000355 ) ) ;
#3706 = EDGE_CURVE ( 'NONE', #5830, #4969, #1022, .T. ) ;
#3707 = CIRCLE ( 'NONE', #4672, 0.6000000000000033085 ) ;
#3708 = CARTESIAN_POINT ( 'NONE',  ( 39.46900745031746993, -0.1073584193813771764, -37.76555849884606175 ) ) ;
#3709 = EDGE_CURVE ( 'NONE', #7596, #7387, #6695, .T. ) ;
#3710 = DIRECTION ( 'NONE',  ( 0.000000000000000000, 0.000000000000000000, 1.000000000000000000 ) ) ;
#3711 = CIRCLE ( 'NONE', #4675, 2.000000000000001776 ) ;
#3712 = CARTESIAN_POINT ( 'NONE',  ( 37.40000000000000568, -0.5999999999999999778, 39.39999999999999858 ) ) ;
#3713 = ORIENTED_EDGE ( 'NONE', *, *, #5091, .T. ) ;
#3714 = CARTESIAN_POINT ( 'NONE',  ( 45.45000000000000284, 0.9999999999999997780, 31.84999999999999076 ) ) ;
#3715 = ORIENTED_EDGE ( 'NONE', *, *, #2059, .T. ) ;
#3716 = CARTESIAN_POINT ( 'NONE',  ( 39.40000000000000568, -0.6000000000000003109, 49.00000000000000000 ) ) ;
#3717 = ORIENTED_EDGE ( 'NONE', *, *, #4752, .T. ) ;
#3718 = VERTEX_POINT ( 'NONE', #3233 ) ;
#3719 = VERTEX_POINT ( 'NONE', #5670 ) ;
#3720 = CARTESIAN_POINT ( 'NONE',  ( 49.00000000000000711, -1.600000000000000089, 39.40000000000000568 ) ) ;
#3721 = EDGE_CURVE ( 'NONE', #2166, #1331, #2030, .T. ) ;
#3722 = CARTESIAN_POINT ( 'NONE',  ( 37.75740017596879028, 0.5999999724323954453, 49.00000000000000000 ) ) ;
#3723 = CARTESIAN_POINT ( 'NONE',  ( -39.40000000000000568, -1.599999999999999867, 39.69089023002065630 ) ) ;
#3724 = ORIENTED_EDGE ( 'NONE', *, *, #7136, .F. ) ;
#3725 = CARTESIAN_POINT ( 'NONE',  ( 44.00000000000000711, 2.200000000000000178, 42.10000000000000142 ) ) ;
#3726 = UNCERTAINTY_MEASURE_WITH_UNIT (LENGTH_MEASURE( 1.000000000000000082E-05 ), #6864, 'distance_accuracy_value', 'NONE');
#3727 = DIRECTION ( 'NONE',  ( 1.000000000000000000, 0.000000000000000000, 0.000000000000000000 ) ) ;
#3728 = ORIENTED_EDGE ( 'NONE', *, *, #5247, .T. ) ;
#3729 = CARTESIAN_POINT ( 'NONE',  ( 49.00000000000000000, 0.3305921819928089311, -38.46416813566882809 ) ) ;
#3730 = CARTESIAN_POINT ( 'NONE',  ( -49.00000000000000000, 0.1009695384996559253, 38.76832202241246961 ) ) ;
#3731 = EDGE_CURVE ( 'NONE', #4929, #4791, #77, .T. ) ;
#3732 = CARTESIAN_POINT ( 'NONE',  ( -39.16074114780544591, -0.3070562413347298070, -49.00000000000000000 ) ) ;
#3733 = CARTESIAN_POINT ( 'NONE',  ( 37.50000000000000711, 2.399999999999999911, 10.99999999999999645 ) ) ;
#3734 = LINE ( 'NONE', #997, #4392 ) ;
#3735 = ORIENTED_EDGE ( 'NONE', *, *, #3338, .T. ) ;
#3736 = DIRECTION ( 'NONE',  ( -0.000000000000000000, -1.000000000000000000, -0.000000000000000000 ) ) ;
#3737 = EDGE_LOOP ( 'NONE', ( #4698, #3892, #3512, #1063 ) ) ;
#3738 = ORIENTED_EDGE ( 'NONE', *, *, #7562, .T. ) ;
#3739 = DIRECTION ( 'NONE',  ( 0.000000000000000000, 0.000000000000000000, 1.000000000000000000 ) ) ;
#3740 = CARTESIAN_POINT ( 'NONE',  ( 43.99999999999999289, -1.600000000000000089, -46.09999999999999432 ) ) ;
#3741 = EDGE_CURVE ( 'NONE', #4648, #6005, #3636, .T. ) ;
#3742 = CIRCLE ( 'NONE', #1761, 2.100000000000000089 ) ;
#3743 = DIRECTION ( 'NONE',  ( 1.000000000000000000, 0.000000000000000000, 0.000000000000000000 ) ) ;
#3744 = CONICAL_SURFACE ( 'NONE', #6920, 2.100000000000004530, 0.7853981633974331800 ) ;
#3745 = ORIENTED_EDGE ( 'NONE', *, *, #4912, .F. ) ;
#3746 = CARTESIAN_POINT ( 'NONE',  ( 39.40000000000000568, 0.000000000000000000, 37.39999999999999858 ) ) ;
#3747 = DIRECTION ( 'NONE',  ( -1.000000000000000000, 0.000000000000000000, 0.000000000000000000 ) ) ;
#3748 = AXIS2_PLACEMENT_3D ( 'NONE', #1648, #5110, #5068 ) ;
#3749 = AXIS2_PLACEMENT_3D ( 'NONE', #4301, #7299, #6606 ) ;
#3750 = CYLINDRICAL_SURFACE ( 'NONE', #17, 1.500000000000001332 ) ;
#3751 = AXIS2_PLACEMENT_3D ( 'NONE', #1502, #5613, #5570 ) ;
#3752 = CIRCLE ( 'NONE', #4712, 0.6000000000000033085 ) ;
#3753 = ADVANCED_FACE ( 'NONE', ( #5705 ), #4603, .T. ) ;
#3754 = DIRECTION ( 'NONE',  ( 0.000000000000000000, 0.000000000000000000, 1.000000000000000000 ) ) ;
#3755 = ORIENTED_EDGE ( 'NONE', *, *, #4422, .F. ) ;
#3756 = CARTESIAN_POINT ( 'NONE',  ( -37.93680567947072291, -0.2360767491796806616, -39.26840500729198880 ) ) ;
#3757 = AXIS2_PLACEMENT_3D ( 'NONE', #6303, #1091, #3437 ) ;
#3758 = EDGE_LOOP ( 'NONE', ( #1352, #1919, #6167, #7493 ) ) ;
#3759 = EDGE_LOOP ( 'NONE', ( #1652, #6135, #756, #3799, #4798, #1850, #2514, #4885 ) ) ;
#3760 = ORIENTED_EDGE ( 'NONE', *, *, #3761, .T. ) ;
#3761 = EDGE_CURVE ( 'NONE', #6478, #7357, #5128, .T. ) ;
#3762 = DIRECTION ( 'NONE',  ( 0.000000000000000000, 0.000000000000000000, -1.000000000000000000 ) ) ;
#3763 = CARTESIAN_POINT ( 'NONE',  ( -38.00000000000000711, -1.600000000000000089, 39.69089023002065630 ) ) ;
#3764 = VECTOR ( 'NONE', #4726, 1000.000000000000000 ) ;
#3765 = CIRCLE ( 'NONE', #449, 2.000000000000001776 ) ;
#3766 = EDGE_CURVE ( 'NONE', #1047, #3344, #7254, .T. ) ;
#3767 = CARTESIAN_POINT ( 'NONE',  ( 43.99999999999999289, 0.000000000000000000, -43.99999999999999289 ) ) ;
#3768 = EDGE_LOOP ( 'NONE', ( #1467, #6115, #7300, #5255, #2287 ) ) ;
#3769 = CARTESIAN_POINT ( 'NONE',  ( -1.840000000000006741, 0.000000000000000000, -41.99999999999998579 ) ) ;
#3770 = EDGE_CURVE ( 'NONE', #4956, #3817, #6893, .T. ) ;
#3771 = VERTEX_POINT ( 'NONE', #3733 ) ;
#3772 = CIRCLE ( 'NONE', #2900, 2.100000000000004530 ) ;
#3773 = CARTESIAN_POINT ( 'NONE',  ( 48.99999999999999289, 0.5999999999999998668, -37.56696972201766016 ) ) ;
#3774 = CYLINDRICAL_SURFACE ( 'NONE', #4197, 1.399999999999998579 ) ;
#3775 = AXIS2_PLACEMENT_3D ( 'NONE', #3784, #5534, #282 ) ;
#3776 = CARTESIAN_POINT ( 'NONE',  ( -38.98326645877476437, -0.4535281282063184372, -48.96394088244804266 ) ) ;
#3777 = FACE_OUTER_BOUND ( 'NONE', #6956, .T. ) ;
#3778 = VECTOR ( 'NONE', #2107, 1000.000000000000000 ) ;
#3779 = LINE ( 'NONE', #278, #4998 ) ;
#3780 = EDGE_CURVE ( 'NONE', #7108, #5747, #2643, .T. ) ;
#3781 = VERTEX_POINT ( 'NONE', #3409 ) ;
#3782 = DIRECTION ( 'NONE',  ( 0.000000000000000000, -1.000000000000000000, 0.000000000000000000 ) ) ;
#3783 = ORIENTED_EDGE ( 'NONE', *, *, #3002, .T. ) ;
#3784 = CARTESIAN_POINT ( 'NONE',  ( 44.00000000000000711, 2.200000000000000178, 44.00000000000000000 ) ) ;
#3785 = CARTESIAN_POINT ( 'NONE',  ( 43.99999999999999289, 0.000000000000000000, -43.99999999999999289 ) ) ;
#3786 = DIRECTION ( 'NONE',  ( 0.000000000000000000, 0.000000000000000000, 1.000000000000000000 ) ) ;
#3787 = FACE_OUTER_BOUND ( 'NONE', #1976, .T. ) ;
#3788 = DIRECTION ( 'NONE',  ( -1.000000000000000000, 0.000000000000000000, 0.000000000000000000 ) ) ;
#3789 = ORIENTED_EDGE ( 'NONE', *, *, #4898, .F. ) ;
#3790 = CYLINDRICAL_SURFACE ( 'NONE', #2377, 1.399999999999998579 ) ;
#3791 = TOROIDAL_SURFACE ( 'NONE', #2425, 2.000000000000000000, 0.5999999999999999778 ) ;
#3792 = CARTESIAN_POINT ( 'NONE',  ( 38.63321908449343312, -0.5999999999999998668, -38.48275862068964415 ) ) ;
#3793 = CARTESIAN_POINT ( 'NONE',  ( 37.51716251077053244, -0.007378153719193513912, -39.59435767404263373 ) ) ;
#3794 = DIRECTION ( 'NONE',  ( 0.000000000000000000, 0.000000000000000000, -1.000000000000000000 ) ) ;
#3795 = DIRECTION ( 'NONE',  ( -0.000000000000000000, 0.000000000000000000, -1.000000000000000000 ) ) ;
#3796 = ORIENTED_EDGE ( 'NONE', *, *, #5572, .F. ) ;
#3797 = LINE ( 'NONE', #6003, #2150 ) ;
#3798 = ORIENTED_EDGE ( 'NONE', *, *, #2373, .T. ) ;
#3799 = ORIENTED_EDGE ( 'NONE', *, *, #6592, .F. ) ;
#3800 = ORIENTED_EDGE ( 'NONE', *, *, #131, .F. ) ;
#3801 = ORIENTED_EDGE ( 'NONE', *, *, #5002, .T. ) ;
#3802 = CIRCLE ( 'NONE', #3186, 1.100000000000000311 ) ;
#3803 = EDGE_CURVE ( 'NONE', #647, #152, #5742, .T. ) ;
#3804 = CARTESIAN_POINT ( 'NONE',  ( -38.48275862068965836, -7.600000000000000533, 38.63321908449344022 ) ) ;
#3805 = DIRECTION ( 'NONE',  ( -1.000000000000000000, 0.000000000000000000, 0.000000000000000000 ) ) ;
#3806 = DIRECTION ( 'NONE',  ( 1.000000000000000000, 0.000000000000000000, 0.000000000000000000 ) ) ;
#3807 = VERTEX_POINT ( 'NONE', #5165 ) ;
#3808 = DIRECTION ( 'NONE',  ( 0.000000000000000000, 0.000000000000000000, 1.000000000000000000 ) ) ;
#3809 = EDGE_LOOP ( 'NONE', ( #4644, #5754, #794, #2556 ) ) ;
#3810 = DIRECTION ( 'NONE',  ( 0.000000000000000000, -1.000000000000000000, 0.000000000000000000 ) ) ;
#3811 = EDGE_CURVE ( 'NONE', #1607, #2250, #786, .T. ) ;
#3812 = CARTESIAN_POINT ( 'NONE',  ( -49.00000000000000000, 0.5999999724323336059, 37.75740017596878317 ) ) ;
#3813 = CARTESIAN_POINT ( 'NONE',  ( -39.40000000000000568, -0.6000000000000000888, -49.00000000000000000 ) ) ;
#3814 = EDGE_CURVE ( 'NONE', #344, #3964, #1701, .T. ) ;
#3815 = CARTESIAN_POINT ( 'NONE',  ( 37.65000000000000568, 1.399999999999999689, 32.94999999999998863 ) ) ;
#3816 = CARTESIAN_POINT ( 'NONE',  ( 37.65000000000000568, 0.9999999999999997780, 32.94999999999998863 ) ) ;
#3817 = VERTEX_POINT ( 'NONE', #561 ) ;
#3818 = VERTEX_POINT ( 'NONE', #4055 ) ;
#3819 = CARTESIAN_POINT ( 'NONE',  ( -38.09381630893418702, -0.2142871015302394710, -38.89443722292111261 ) ) ;
#3820 = ORIENTED_EDGE ( 'NONE', *, *, #4449, .T. ) ;
#3821 = DIRECTION ( 'NONE',  ( 0.000000000000000000, 0.000000000000000000, 1.000000000000000000 ) ) ;
#3822 = CARTESIAN_POINT ( 'NONE',  ( 39.69089023002065630, 0.000000000000000000, -39.39999999999999858 ) ) ;
#3823 = EDGE_CURVE ( 'NONE', #3151, #3973, #557, .T. ) ;
#3824 = FACE_BOUND ( 'NONE', #6216, .T. ) ;
#3825 = CARTESIAN_POINT ( 'NONE',  ( 48.58416450377754359, -0.08709142887622381424, 38.03661827055725553 ) ) ;
#3826 = CIRCLE ( 'NONE', #390, 1.500000000000001332 ) ;
#3827 = CYLINDRICAL_SURFACE ( 'NONE', #7366, 0.6000000000000033085 ) ;
#3828 = EDGE_LOOP ( 'NONE', ( #2454, #4319, #477, #5288 ) ) ;
#3829 = DIRECTION ( 'NONE',  ( 0.000000000000000000, 0.000000000000000000, 1.000000000000000000 ) ) ;
#3830 = TOROIDAL_SURFACE ( 'NONE', #4661, 1.100000000000000089, 0.4000000000000000222 ) ;
#3831 = CARTESIAN_POINT ( 'NONE',  ( 43.99999999999999289, -1.600000000000000089, -41.89999999999998437 ) ) ;
#3832 = AXIS2_PLACEMENT_3D ( 'NONE', #1939, #107, #6009 ) ;
#3833 = EDGE_CURVE ( 'NONE', #2380, #5792, #4023, .T. ) ;
#3834 = CARTESIAN_POINT ( 'NONE',  ( -37.40206632590398783, 0.5999999999999999778, -39.00000000000000000 ) ) ;
#3835 = CARTESIAN_POINT ( 'NONE',  ( -38.63321908449344733, -0.5999999999999998668, -38.48275862068965125 ) ) ;
#3836 = AXIS2_PLACEMENT_3D ( 'NONE', #6203, #6301, #1052 ) ;
#3837 = DIRECTION ( 'NONE',  ( 0.000000000000000000, 0.000000000000000000, -1.000000000000000000 ) ) ;
#3838 = ORIENTED_EDGE ( 'NONE', *, *, #1413, .F. ) ;
#3839 = CARTESIAN_POINT ( 'NONE',  ( 37.49999999999999289, 0.5960057784623238319, -39.00000000000000000 ) ) ;
#3840 = ORIENTED_EDGE ( 'NONE', *, *, #2581, .F. ) ;
#3841 = ORIENTED_EDGE ( 'NONE', *, *, #5099, .F. ) ;
#3842 = ORIENTED_EDGE ( 'NONE', *, *, #706, .T. ) ;
#3843 = ORIENTED_EDGE ( 'NONE', *, *, #3811, .T. ) ;
#3844 = AXIS2_PLACEMENT_3D ( 'NONE', #2786, #906, #2086 ) ;
#3845 = DIRECTION ( 'NONE',  ( 0.000000000000000000, -1.000000000000000000, 0.000000000000000000 ) ) ;
#3846 = PLANE ( 'NONE',  #3084 ) ;
#3847 = DIRECTION ( 'NONE',  ( -1.000000000000000000, 0.000000000000000000, -0.000000000000000000 ) ) ;
#3848 = ORIENTED_EDGE ( 'NONE', *, *, #4595, .F. ) ;
#3849 = EDGE_CURVE ( 'NONE', #1974, #5559, #4692, .T. ) ;
#3850 = CARTESIAN_POINT ( 'NONE',  ( -37.86769062789124263, -0.1777787716520596584, 39.36449337032100715 ) ) ;
#3851 = ORIENTED_EDGE ( 'NONE', *, *, #7093, .T. ) ;
#3852 = ADVANCED_FACE ( 'NONE', ( #5357 ), #830, .T. ) ;
#3853 = CARTESIAN_POINT ( 'NONE',  ( 0.000000000000000000, 1.399999999999999689, 26.94999999999998863 ) ) ;
#3854 = DIRECTION ( 'NONE',  ( 0.000000000000000000, 0.000000000000000000, -1.000000000000000000 ) ) ;
#3855 = DIRECTION ( 'NONE',  ( 0.000000000000000000, 0.000000000000000000, 1.000000000000000000 ) ) ;
#3856 = ADVANCED_FACE ( 'NONE', ( #5777 ), #3141, .F. ) ;
#3857 = VERTEX_POINT ( 'NONE', #2396 ) ;
#3858 = CARTESIAN_POINT ( 'NONE',  ( 38.57099627924790752, -0.1071053493268277756, -49.00000000000000000 ) ) ;
#3859 = VERTEX_POINT ( 'NONE', #5928 ) ;
#3860 = DIRECTION ( 'NONE',  ( 0.000000000000000000, 0.000000000000000000, 1.000000000000000000 ) ) ;
#3861 = FACE_BOUND ( 'NONE', #6571, .T. ) ;
#3862 = CARTESIAN_POINT ( 'NONE',  ( 37.40000000000000568, 0.000000000000000000, -39.69089023002065630 ) ) ;
#3863 = CARTESIAN_POINT ( 'NONE',  ( -44.00000000000000711, 0.000000000000000000, -45.89999999999999858 ) ) ;
#3864 = VERTEX_POINT ( 'NONE', #6931 ) ;
#3865 = LINE ( 'NONE', #6196, #7037 ) ;
#3866 = ADVANCED_FACE ( 'NONE', ( #2280 ), #7233, .F. ) ;
#3867 = B_SPLINE_CURVE_WITH_KNOTS ( 'NONE', 3,
 ( #4836, #4391, #127, #1318, #5426, #864, #6653, #4916 ),
 .UNSPECIFIED., .F., .F.,
 ( 4, 2, 2, 4 ),
 ( 0.000000000000000000, 0.0004160915256251168886, 0.0008321830512502337773, 0.001664366102500467555 ),
 .UNSPECIFIED. ) ;
#3868 = DIRECTION ( 'NONE',  ( 1.000000000000000000, 0.000000000000000000, 0.000000000000000000 ) ) ;
#3869 = CARTESIAN_POINT ( 'NONE',  ( -49.00000000000000711, -0.5437928385384576124, 39.23937530277430596 ) ) ;
#3870 = CARTESIAN_POINT ( 'NONE',  ( -38.63321908449344733, -0.5999999999999998668, -38.48275862068965125 ) ) ;
#3871 = DIRECTION ( 'NONE',  ( 0.000000000000000000, 1.000000000000000000, 0.000000000000000000 ) ) ;
#3872 = ORIENTED_EDGE ( 'NONE', *, *, #555, .F. ) ;
#3873 = DIRECTION ( 'NONE',  ( -1.000000000000000000, 0.000000000000000000, 0.000000000000000000 ) ) ;
#3874 = EDGE_CURVE ( 'NONE', #4169, #3817, #2511, .T. ) ;
#3875 = AXIS2_PLACEMENT_3D ( 'NONE', #6910, #5759, #1081 ) ;
#3876 = AXIS2_PLACEMENT_3D ( 'NONE', #5265, #7029, #4115 ) ;
#3877 = AXIS2_PLACEMENT_3D ( 'NONE', #6775, #4348, #1512 ) ;
#3878 = FACE_OUTER_BOUND ( 'NONE', #5204, .T. ) ;
#3879 = CARTESIAN_POINT ( 'NONE',  ( -38.78549009022768246, -0.1056862081238395673, 38.27585715326387827 ) ) ;
#3880 = VECTOR ( 'NONE', #1628, 1000.000000000000000 ) ;
#3881 = AXIS2_PLACEMENT_3D ( 'NONE', #2631, #7203, #3100 ) ;
#3882 = FACE_OUTER_BOUND ( 'NONE', #6158, .T. ) ;
#3883 = EDGE_LOOP ( 'NONE', ( #2128, #2919, #3203, #4627 ) ) ;
#3884 = LINE ( 'NONE', #3230, #6371 ) ;
#3885 = ORIENTED_EDGE ( 'NONE', *, *, #4138, .T. ) ;
#3886 = CARTESIAN_POINT ( 'NONE',  ( 27.73999999999999133, 0.000000000000000000, -41.99999999999999289 ) ) ;
#3887 = CIRCLE ( 'NONE', #3019, 1.500000000000001332 ) ;
#3888 = CARTESIAN_POINT ( 'NONE',  ( 39.23937530277557784, -0.5437928385348030913, -49.00000000000000711 ) ) ;
#3889 = EDGE_CURVE ( 'NONE', #7579, #1821, #7428, .T. ) ;
#3890 = CARTESIAN_POINT ( 'NONE',  ( -48.96394088244804266, -0.4535281282063403085, -38.98326645877476437 ) ) ;
#3891 = VECTOR ( 'NONE', #2853, 1000.000000000000000 ) ;
#3892 = ORIENTED_EDGE ( 'NONE', *, *, #7325, .F. ) ;
#3893 = CARTESIAN_POINT ( 'NONE',  ( -38.29619243329594269, -0.3931164368102841311, -38.77945231491040090 ) ) ;
#3894 = ORIENTED_EDGE ( 'NONE', *, *, #5451, .T. ) ;
#3895 = FACE_OUTER_BOUND ( 'NONE', #7228, .T. ) ;
#3896 = DIRECTION ( 'NONE',  ( 0.000000000000000000, 0.9966790437443331374, -0.08143023861491298365 ) ) ;
#3897 = ADVANCED_FACE ( 'NONE', ( #2549 ), #7541, .T. ) ;
#3898 = AXIS2_PLACEMENT_3D ( 'NONE', #2141, #3960, #3854 ) ;
#3899 = CARTESIAN_POINT ( 'NONE',  ( -43.99999999999999289, -1.600000000000000089, 44.00000000000000000 ) ) ;
#3900 = CARTESIAN_POINT ( 'NONE',  ( 49.00000000000001421, 0.3305876115169409379, 38.46417554520345305 ) ) ;
#3901 = CARTESIAN_POINT ( 'NONE',  ( 37.56696972201766727, 0.000000000000000000, 48.39999999999999858 ) ) ;
#3902 = ORIENTED_EDGE ( 'NONE', *, *, #1995, .T. ) ;
#3903 = EDGE_CURVE ( 'NONE', #1786, #1533, #318, .T. ) ;
#3904 = DIRECTION ( 'NONE',  ( 0.000000000000000000, 0.000000000000000000, 1.000000000000000000 ) ) ;
#3905 = ADVANCED_FACE ( 'NONE', ( #171 ), #3095, .F. ) ;
#3906 = DIRECTION ( 'NONE',  ( 0.000000000000000000, 0.000000000000000000, -1.000000000000000000 ) ) ;
#3907 = CARTESIAN_POINT ( 'NONE',  ( -37.46740987162264247, 0.5986684421056420735, -39.00000000000000000 ) ) ;
#3908 = EDGE_CURVE ( 'NONE', #2770, #6980, #1165, .T. ) ;
#3909 = DIRECTION ( 'NONE',  ( 0.000000000000000000, 0.000000000000000000, 1.000000000000000000 ) ) ;
#3910 = DIRECTION ( 'NONE',  ( -0.000000000000000000, -1.000000000000000000, -0.000000000000000000 ) ) ;
#3911 = CIRCLE ( 'NONE', #5369, 2.000000000000001776 ) ;
#3912 = ORIENTED_EDGE ( 'NONE', *, *, #5846, .F. ) ;
#3913 = LINE ( 'NONE', #2238, #3125 ) ;
#3914 = ORIENTED_EDGE ( 'NONE', *, *, #6987, .F. ) ;
#3915 = LINE ( 'NONE', #987, #1046 ) ;
#3916 = AXIS2_PLACEMENT_3D ( 'NONE', #5440, #4253, #4853 ) ;
#3917 = FACE_OUTER_BOUND ( 'NONE', #3955, .T. ) ;
#3918 = EDGE_CURVE ( 'NONE', #4401, #5090, #1288, .T. ) ;
#3919 = ORIENTED_EDGE ( 'NONE', *, *, #902, .T. ) ;
#3920 = LINE ( 'NONE', #2099, #5536 ) ;
#3921 = ORIENTED_EDGE ( 'NONE', *, *, #1530, .T. ) ;
#3922 = CARTESIAN_POINT ( 'NONE',  ( 39.59766279253699395, -0.001997110768840059617, -37.45114222751233513 ) ) ;
#3923 = ORIENTED_EDGE ( 'NONE', *, *, #5904, .T. ) ;
#3924 = CARTESIAN_POINT ( 'NONE',  ( 38.00000000000000711, -1.600000000000000089, 0.000000000000000000 ) ) ;
#3925 = CARTESIAN_POINT ( 'NONE',  ( -49.00000000000192557, 0.03384830009334360845, -37.67407111144594722 ) ) ;
#3926 = ORIENTED_EDGE ( 'NONE', *, *, #514, .T. ) ;
#3927 = CARTESIAN_POINT ( 'NONE',  ( 39.16074114780543880, -0.3070562413347449060, -49.00000000000000000 ) ) ;
#3928 = ORIENTED_EDGE ( 'NONE', *, *, #5303, .F. ) ;
#3929 = DIRECTION ( 'NONE',  ( 0.000000000000000000, -1.000000000000000000, 0.000000000000000000 ) ) ;
#3930 = DIRECTION ( 'NONE',  ( 0.000000000000000000, 0.000000000000000000, -1.000000000000000000 ) ) ;
#3931 = CARTESIAN_POINT ( 'NONE',  ( 43.99999999999999289, -1.600000000000000089, -46.09999999999999432 ) ) ;
#3932 = PLANE ( 'NONE',  #5029 ) ;
#3933 = VERTEX_POINT ( 'NONE', #5388 ) ;
#3934 = EDGE_CURVE ( 'NONE', #4844, #5681, #2149, .T. ) ;
#3935 = FACE_OUTER_BOUND ( 'NONE', #2657, .T. ) ;
#3936 = CARTESIAN_POINT ( 'NONE',  ( 44.00000000000000711, -1.600000000000000089, 44.00000000000000000 ) ) ;
#3937 = CARTESIAN_POINT ( 'NONE',  ( -37.50000000000000711, 0.5960057784623228327, -39.00000000000000000 ) ) ;
#3938 = VECTOR ( 'NONE', #1095, 1000.000000000000000 ) ;
#3939 = DIRECTION ( 'NONE',  ( 0.000000000000000000, 0.000000000000000000, 1.000000000000000000 ) ) ;
#3940 = AXIS2_PLACEMENT_3D ( 'NONE', #844, #3152, #1372 ) ;
#3941 = EDGE_LOOP ( 'NONE', ( #5553, #7248, #6894, #7200 ) ) ;
#3942 = EDGE_CURVE ( 'NONE', #5258, #5343, #4430, .T. ) ;
#3943 = DIRECTION ( 'NONE',  ( -0.000000000000000000, -1.000000000000000000, -0.000000000000000000 ) ) ;
#3944 = CIRCLE ( 'NONE', #747, 2.100000000000004530 ) ;
#3945 = EDGE_CURVE ( 'NONE', #1027, #2767, #5945, .T. ) ;
#3946 = ORIENTED_EDGE ( 'NONE', *, *, #3426, .T. ) ;
#3947 = DIRECTION ( 'NONE',  ( 0.3908736291420340514, 0.000000000000000000, 0.9204443524957581779 ) ) ;
#3948 = CIRCLE ( 'NONE', #4908, 2.099999999999997868 ) ;
#3949 = CARTESIAN_POINT ( 'NONE',  ( -37.41844945715712356, 1.438700269962507106E-16, 39.59925776918243656 ) ) ;
#3950 = CARTESIAN_POINT ( 'NONE',  ( 47.59999999999999432, -0.5999999999999999778, -37.39999999999999858 ) ) ;
#3951 = LINE ( 'NONE', #6277, #5281 ) ;
#3952 = ORIENTED_EDGE ( 'NONE', *, *, #1456, .T. ) ;
#3953 = CARTESIAN_POINT ( 'NONE',  ( -37.45114222751232091, -0.001997110768838321424, 39.59766279253700105 ) ) ;
#3954 = AXIS2_PLACEMENT_3D ( 'NONE', #2498, #211, #6032 ) ;
#3955 = EDGE_LOOP ( 'NONE', ( #2869, #1409, #5063, #2975, #4625, #3255, #2100, #910 ) ) ;
#3956 = EDGE_CURVE ( 'NONE', #3056, #90, #829, .T. ) ;
#3957 = CARTESIAN_POINT ( 'NONE',  ( 44.00000000000000711, -1.600000000000000089, 44.00000000000000000 ) ) ;
#3958 = AXIS2_PLACEMENT_3D ( 'NONE', #4850, #2557, #1254 ) ;
#3959 = B_SPLINE_CURVE_WITH_KNOTS ( 'NONE', 3,
 ( #1277, #55, #5271, #7580 ),
 .UNSPECIFIED., .F., .F.,
 ( 4, 4 ),
 ( 0.000000000000000000, 4.917209685195611833E-05 ),
 .UNSPECIFIED. ) ;
#3960 = DIRECTION ( 'NONE',  ( -0.000000000000000000, -1.000000000000000000, -0.000000000000000000 ) ) ;
#3961 = CARTESIAN_POINT ( 'NONE',  ( -48.78220304726080059, -0.2495152422276974424, -38.45363220528460602 ) ) ;
#3962 = ORIENTED_EDGE ( 'NONE', *, *, #1817, .F. ) ;
#3963 = CARTESIAN_POINT ( 'NONE',  ( -38.00000000000000711, -0.6000000000000000888, 39.69089023002065630 ) ) ;
#3964 = VERTEX_POINT ( 'NONE', #1856 ) ;
#3965 = EDGE_CURVE ( 'NONE', #5747, #149, #254, .T. ) ;
#3966 = CARTESIAN_POINT ( 'NONE',  ( 44.00000000000000711, 2.200000000000000178, 45.89999999999999858 ) ) ;
#3967 = LINE ( 'NONE', #3288, #3992 ) ;
#3968 = CIRCLE ( 'NONE', #289, 1.500000000000001332 ) ;
#3969 = LINE ( 'NONE', #3499, #6819 ) ;
#3970 = FACE_OUTER_BOUND ( 'NONE', #4019, .T. ) ;
#3971 = LINE ( 'NONE', #1043, #744 ) ;
#3972 = ORIENTED_EDGE ( 'NONE', *, *, #5847, .F. ) ;
#3973 = VERTEX_POINT ( 'NONE', #4803 ) ;
#3974 = DIRECTION ( 'NONE',  ( -0.000000000000000000, -1.000000000000000000, 0.000000000000000000 ) ) ;
#3975 = EDGE_CURVE ( 'NONE', #6517, #268, #809, .T. ) ;
#3976 = CARTESIAN_POINT ( 'NONE',  ( 47.59999999999999432, -1.600000000000000089, -38.00000000000000000 ) ) ;
#3977 = ORIENTED_EDGE ( 'NONE', *, *, #3096, .F. ) ;
#3978 = CARTESIAN_POINT ( 'NONE',  ( -47.60000000000000142, 0.000000000000000000, 39.39999999999999858 ) ) ;
#3979 = ORIENTED_EDGE ( 'NONE', *, *, #3426, .F. ) ;
#3980 = CARTESIAN_POINT ( 'NONE',  ( -37.76879903265650285, 0.5155060966018730761, 38.97976878631730102 ) ) ;
#3981 = CARTESIAN_POINT ( 'NONE',  ( 37.65000000000000568, 0.9999999999999997780, 31.84999999999999076 ) ) ;
#3982 = EDGE_CURVE ( 'NONE', #1861, #6063, #3268, .T. ) ;
#3983 = CARTESIAN_POINT ( 'NONE',  ( 0.000000000000000000, 0.000000000000000000, -37.39999999999999858 ) ) ;
#3984 = DIRECTION ( 'NONE',  ( -0.000000000000000000, -1.000000000000000000, -0.000000000000000000 ) ) ;
#3985 = ORIENTED_EDGE ( 'NONE', *, *, #4126, .F. ) ;
#3986 = CARTESIAN_POINT ( 'NONE',  ( 39.59925818688577692, 1.910982295054072001E-16, -37.41844022969613803 ) ) ;
#3987 = TOROIDAL_SURFACE ( 'NONE', #5699, 1.100000000000000089, 0.4000000000000000222 ) ;
#3988 = AXIS2_PLACEMENT_3D ( 'NONE', #7231, #3130, #3747 ) ;
#3989 = EDGE_CURVE ( 'NONE', #7452, #5790, #5429, .T. ) ;
#3990 = VERTEX_POINT ( 'NONE', #217 ) ;
#3991 = DIRECTION ( 'NONE',  ( 1.000000000000000000, 0.000000000000000000, 0.000000000000000000 ) ) ;
#3992 = VECTOR ( 'NONE', #5647, 1000.000000000000000 ) ;
#3993 = DIRECTION ( 'NONE',  ( 0.000000000000000000, 0.000000000000000000, 1.000000000000000000 ) ) ;
#3994 = EDGE_CURVE ( 'NONE', #3001, #2130, #7177, .T. ) ;
#3995 = AXIS2_PLACEMENT_3D ( 'NONE', #6875, #2846, #2188 ) ;
#3996 = CIRCLE ( 'NONE', #679, 1.500000000000001332 ) ;
#3997 = TOROIDAL_SURFACE ( 'NONE', #4964, 2.000000000000000000, 0.5999999999999999778 ) ;
#3998 = EDGE_CURVE ( 'NONE', #3344, #495, #1767, .T. ) ;
#3999 = CARTESIAN_POINT ( 'NONE',  ( 33.03800515403966642, 2.399999999999999911, 27.86368955628693911 ) ) ;
#4000 = STYLED_ITEM ( 'NONE', ( #2219 ), #6598 ) ;
#4001 = EDGE_LOOP ( 'NONE', ( #4707, #376, #4044, #3220 ) ) ;
#4002 = EDGE_LOOP ( 'NONE', ( #701, #6399, #2421 ) ) ;
#4003 = AXIS2_PLACEMENT_3D ( 'NONE', #7395, #5080, #3301 ) ;
#4004 = LINE ( 'NONE', #6327, #4612 ) ;
#4005 = DIRECTION ( 'NONE',  ( 0.000000000000000000, 1.000000000000000000, 0.000000000000000000 ) ) ;
#4006 = DIRECTION ( 'NONE',  ( -0.000000000000000000, -1.000000000000000000, -0.000000000000000000 ) ) ;
#4007 = ADVANCED_FACE ( 'NONE', ( #6813 ), #2628, .T. ) ;
#4008 = FACE_OUTER_BOUND ( 'NONE', #690, .T. ) ;
#4009 = VERTEX_POINT ( 'NONE', #1514 ) ;
#4010 = CIRCLE ( 'NONE', #1304, 1.499999999999999556 ) ;
#4011 = CARTESIAN_POINT ( 'NONE',  ( -39.16074114780544591, -0.3070562413347449060, 49.00000000000000000 ) ) ;
#4012 = DIRECTION ( 'NONE',  ( 0.000000000000000000, 0.000000000000000000, 1.000000000000000000 ) ) ;
#4013 = ORIENTED_EDGE ( 'NONE', *, *, #7223, .T. ) ;
#4014 = DIRECTION ( 'NONE',  ( 0.000000000000000000, 1.000000000000000000, 0.000000000000000000 ) ) ;
#4015 = AXIS2_PLACEMENT_3D ( 'NONE', #4179, #4259, #6098 ) ;
#4016 = CARTESIAN_POINT ( 'NONE',  ( 22.65000000000000568, 0.9999999999999997780, 46.24999999999998579 ) ) ;
#4017 = CIRCLE ( 'NONE', #2164, 0.3999999999999995226 ) ;
#4018 = DIRECTION ( 'NONE',  ( -0.000000000000000000, 1.000000000000000000, 0.000000000000000000 ) ) ;
#4019 = EDGE_LOOP ( 'NONE', ( #2870, #6004, #5280, #1630 ) ) ;
#4020 = LINE ( 'NONE', #1517, #6444 ) ;
#4021 = FACE_OUTER_BOUND ( 'NONE', #6214, .T. ) ;
#4022 = CARTESIAN_POINT ( 'NONE',  ( -38.00000000000000711, -0.6000000000000000888, -39.69089023002066341 ) ) ;
#4023 = LINE ( 'NONE', #6465, #930 ) ;
#4024 = CARTESIAN_POINT ( 'NONE',  ( -49.00000000000000711, -0.5999999999999998668, -39.39999999999999858 ) ) ;
#4025 = CARTESIAN_POINT ( 'NONE',  ( 44.22500000000000142, 2.399999999999999911, 13.06000000000000583 ) ) ;
#4026 = ORIENTED_EDGE ( 'NONE', *, *, #579, .T. ) ;
#4027 = DIRECTION ( 'NONE',  ( 0.000000000000000000, 1.000000000000000000, 0.000000000000000000 ) ) ;
#4028 = ADVANCED_FACE ( 'NONE', ( #7392 ), #371, .F. ) ;
#4029 = ORIENTED_EDGE ( 'NONE', *, *, #5811, .T. ) ;
#4030 = CYLINDRICAL_SURFACE ( 'NONE', #5665, 1.500000000000001332 ) ;
#4031 = CARTESIAN_POINT ( 'NONE',  ( 12.60000000000000142, 0.000000000000000000, 0.000000000000000000 ) ) ;
#4032 = ORIENTED_EDGE ( 'NONE', *, *, #707, .T. ) ;
#4033 = ORIENTED_EDGE ( 'NONE', *, *, #6945, .T. ) ;
#4034 = FACE_OUTER_BOUND ( 'NONE', #3367, .T. ) ;
#4035 = VERTEX_POINT ( 'NONE', #3870 ) ;
#4036 = CARTESIAN_POINT ( 'NONE',  ( -37.56696972201766727, 0.5999999999999998668, -48.39999999999999858 ) ) ;
#4037 = FACE_OUTER_BOUND ( 'NONE', #4753, .T. ) ;
#4038 = ADVANCED_FACE ( 'NONE', ( #2746 ), #5041, .T. ) ;
#4039 = CARTESIAN_POINT ( 'NONE',  ( 30.73999999999999133, 0.5999999999999999778, -40.50000000000000000 ) ) ;
#4040 = DIRECTION ( 'NONE',  ( -1.000000000000000000, 0.000000000000000000, 0.000000000000000000 ) ) ;
#4041 = ORIENTED_EDGE ( 'NONE', *, *, #3392, .F. ) ;
#4042 = DIRECTION ( 'NONE',  ( -0.000000000000000000, -1.000000000000000000, -0.000000000000000000 ) ) ;
#4043 = CARTESIAN_POINT ( 'NONE',  ( 48.47793950087202575, -0.01910681387090297847, -37.79223433386895437 ) ) ;
#4044 = ORIENTED_EDGE ( 'NONE', *, *, #7342, .F. ) ;
#4045 = EDGE_CURVE ( 'NONE', #219, #6662, #4965, .T. ) ;
#4046 = DIRECTION ( 'NONE',  ( 0.000000000000000000, 1.000000000000000000, 0.000000000000000000 ) ) ;
#4047 = LINE ( 'NONE', #7532, #3891 ) ;
#4048 = CARTESIAN_POINT ( 'NONE',  ( 0.000000000000000000, -1.600000000000000089, 38.00000000000000000 ) ) ;
#4049 = EDGE_LOOP ( 'NONE', ( #1598, #5473, #6349, #7460 ) ) ;
#4050 = DIRECTION ( 'NONE',  ( -0.000000000000000000, -1.000000000000000000, -0.000000000000000000 ) ) ;
#4051 = ADVANCED_FACE ( 'NONE', ( #6235 ), #5625, .F. ) ;
#4052 = LINE ( 'NONE', #6891, #552 ) ;
#4053 = DIRECTION ( 'NONE',  ( 0.000000000000000000, 0.000000000000000000, 1.000000000000000000 ) ) ;
#4054 = B_SPLINE_CURVE_WITH_KNOTS ( 'NONE', 3,
 ( #2040, #2077, #5030, #2575 ),
 .UNSPECIFIED., .F., .F.,
 ( 4, 4 ),
 ( 0.000000000000000000, 9.801509234620688299E-05 ),
 .UNSPECIFIED. ) ;
#4055 = CARTESIAN_POINT ( 'NONE',  ( 36.54999999999999716, 0.9999999999999997780, 31.84999999999999076 ) ) ;
#4056 = AXIS2_PLACEMENT_3D ( 'NONE', #2795, #7477, #2286 ) ;
#4057 = CARTESIAN_POINT ( 'NONE',  ( -49.00000000000000711, 0.5999999999999998668, -49.00000000000000000 ) ) ;
#4058 = CARTESIAN_POINT ( 'NONE',  ( 37.56696972201766016, 0.5999999999999998668, -49.00000000000000000 ) ) ;
#4059 = ORIENTED_EDGE ( 'NONE', *, *, #5811, .F. ) ;
#4060 = FACE_OUTER_BOUND ( 'NONE', #951, .T. ) ;
#4061 = ORIENTED_EDGE ( 'NONE', *, *, #5056, .T. ) ;
#4062 = VERTEX_POINT ( 'NONE', #980 ) ;
#4063 = VECTOR ( 'NONE', #6895, 1000.000000000000000 ) ;
#4064 = CIRCLE ( 'NONE', #7000, 1.399999999999998579 ) ;
#4065 = DIRECTION ( 'NONE',  ( -0.000000000000000000, -1.000000000000000000, -0.000000000000000000 ) ) ;
#4066 = CARTESIAN_POINT ( 'NONE',  ( -39.00000000000003553, 0.5825855633514486209, 37.61732771390733632 ) ) ;
#4067 = ADVANCED_FACE ( 'NONE', ( #7316 ), #4396, .F. ) ;
#4068 = DIRECTION ( 'NONE',  ( 1.632680918566407286E-16, 0.000000000000000000, 1.000000000000000000 ) ) ;
#4069 = ORIENTED_EDGE ( 'NONE', *, *, #5066, .F. ) ;
#4070 = EDGE_LOOP ( 'NONE', ( #3436, #6229, #4742, #1309, #769 ) ) ;
#4071 = ORIENTED_EDGE ( 'NONE', *, *, #4656, .T. ) ;
#4072 = DIRECTION ( 'NONE',  ( 0.000000000000000000, 1.000000000000000000, -0.000000000000000000 ) ) ;
#4073 = LINE ( 'NONE', #616, #5961 ) ;
#4074 = CIRCLE ( 'NONE', #3093, 1.399999999999998579 ) ;
#4075 = DIRECTION ( 'NONE',  ( -0.000000000000000000, -1.000000000000000000, -0.000000000000000000 ) ) ;
#4076 = EDGE_CURVE ( 'NONE', #4035, #3144, #5421, .T. ) ;
#4077 = FACE_OUTER_BOUND ( 'NONE', #6455, .T. ) ;
#4078 = ORIENTED_EDGE ( 'NONE', *, *, #1092, .T. ) ;
#4079 = CARTESIAN_POINT ( 'NONE',  ( -39.40000000000000568, 2.399999999999999911, 47.60000000000000142 ) ) ;
#4080 = FACE_OUTER_BOUND ( 'NONE', #2148, .T. ) ;
#4081 = ORIENTED_EDGE ( 'NONE', *, *, #6818, .F. ) ;
#4082 = CARTESIAN_POINT ( 'NONE',  ( 42.62500000000000711, 2.399999999999999911, 13.06000000000000405 ) ) ;
#4083 = EDGE_CURVE ( 'NONE', #3344, #2515, #4659, .T. ) ;
#4084 = DIRECTION ( 'NONE',  ( -0.000000000000000000, -1.000000000000000000, 0.000000000000000000 ) ) ;
#4085 = ORIENTED_EDGE ( 'NONE', *, *, #3423, .T. ) ;
#4086 = CARTESIAN_POINT ( 'NONE',  ( 35.75000000000000711, 1.399999999999999689, 46.24999999999998579 ) ) ;
#4087 = CARTESIAN_POINT ( 'NONE',  ( -49.00000000000000711, -0.01382958147090453463, 38.92038483689039907 ) ) ;
#4088 = CARTESIAN_POINT ( 'NONE',  ( 18.00000000000000355, -7.600000000000000533, 20.00000000000000355 ) ) ;
#4089 = DIRECTION ( 'NONE',  ( 4.785444071660164846E-16, -0.000000000000000000, 1.000000000000000000 ) ) ;
#4090 = LINE ( 'NONE', #4578, #5819 ) ;
#4091 = ADVANCED_FACE ( 'NONE', ( #1132 ), #3593, .F. ) ;
#4092 = DIRECTION ( 'NONE',  ( 0.000000000000000000, 0.000000000000000000, 1.000000000000000000 ) ) ;
#4093 = ORIENTED_EDGE ( 'NONE', *, *, #1133, .T. ) ;
#4094 = CARTESIAN_POINT ( 'NONE',  ( 37.98066329814015063, 0.3445815521580287144, -38.92510749585322571 ) ) ;
#4095 = ORIENTED_EDGE ( 'NONE', *, *, #3814, .T. ) ;
#4096 = ORIENTED_EDGE ( 'NONE', *, *, #4759, .T. ) ;
#4097 = DIRECTION ( 'NONE',  ( -2.352167425053297404E-16, 0.000000000000000000, -1.000000000000000000 ) ) ;
#4098 = CARTESIAN_POINT ( 'NONE',  ( -38.98551476633257806, 0.5340004932596177367, 37.73319168694479941 ) ) ;
#4099 = AXIS2_PLACEMENT_3D ( 'NONE', #2749, #4510, #3331 ) ;
#4100 = CARTESIAN_POINT ( 'NONE',  ( -48.39999999999999858, 0.000000000000000000, 37.56696972201766016 ) ) ;
#4101 = AXIS2_PLACEMENT_3D ( 'NONE', #406, #7390, #2123 ) ;
#4102 = VERTEX_POINT ( 'NONE', #4693 ) ;
#4103 = CARTESIAN_POINT ( 'NONE',  ( -39.07866674473627455, -0.4874447705782438689, 48.97971404472723833 ) ) ;
#4104 = EDGE_LOOP ( 'NONE', ( #118, #5832, #4085, #5554, #7235, #5717, #2001, #3796, #4356, #2758 ) ) ;
#4105 = CARTESIAN_POINT ( 'NONE',  ( 42.62500000000000711, 1.399999999999999689, 14.56000000000000405 ) ) ;
#4106 = ORIENTED_EDGE ( 'NONE', *, *, #7325, .T. ) ;
#4107 = DIRECTION ( 'NONE',  ( 0.000000000000000000, -1.000000000000000000, 0.000000000000000000 ) ) ;
#4108 = DIRECTION ( 'NONE',  ( 0.000000000000000000, 0.000000000000000000, 1.000000000000000000 ) ) ;
#4109 = AXIS2_PLACEMENT_3D ( 'NONE', #337, #1552, #2051 ) ;
#4110 = VECTOR ( 'NONE', #243, 1000.000000000000114 ) ;
#4111 = CARTESIAN_POINT ( 'NONE',  ( -39.40000000000000568, 0.000000000000000000, -39.69089023002066341 ) ) ;
#4112 = AXIS2_PLACEMENT_3D ( 'NONE', #1323, #1394, #4353 ) ;
#4113 = AXIS2_PLACEMENT_3D ( 'NONE', #5591, #2510, #1475 ) ;
#4114 = ORIENTED_EDGE ( 'NONE', *, *, #2617, .F. ) ;
#4115 = DIRECTION ( 'NONE',  ( 0.000000000000000000, 0.000000000000000000, 1.000000000000000000 ) ) ;
#4116 = DIRECTION ( 'NONE',  ( 1.000000000000000000, 0.000000000000000000, 0.000000000000000000 ) ) ;
#4117 = ORIENTED_EDGE ( 'NONE', *, *, #3833, .T. ) ;
#4118 = AXIS2_PLACEMENT_3D ( 'NONE', #485, #5159, #984 ) ;
#4119 = CIRCLE ( 'NONE', #6207, 1.500000000000001332 ) ;
#4120 = CARTESIAN_POINT ( 'NONE',  ( 37.53279871949020219, 0.008183688583495218882, -39.01427741920618075 ) ) ;
#4121 = ADVANCED_FACE ( 'NONE', ( #527 ), #5892, .T. ) ;
#4122 = CARTESIAN_POINT ( 'NONE',  ( 44.35000000000000142, 0.9999999999999997780, 29.34999999999999432 ) ) ;
#4123 = ORIENTED_EDGE ( 'NONE', *, *, #3965, .T. ) ;
#4124 = DIRECTION ( 'NONE',  ( -0.000000000000000000, -1.000000000000000000, -0.000000000000000000 ) ) ;
#4125 = AXIS2_PLACEMENT_3D ( 'NONE', #5649, #246, #325 ) ;
#4126 = EDGE_CURVE ( 'NONE', #5471, #836, #7166, .T. ) ;
#4127 = DIRECTION ( 'NONE',  ( 0.000000000000000000, 1.000000000000000000, 0.000000000000000000 ) ) ;
#4128 = ADVANCED_FACE ( 'NONE', ( #562 ), #1649, .F. ) ;
#4129 = DIRECTION ( 'NONE',  ( -0.000000000000000000, -1.000000000000000000, -0.000000000000000000 ) ) ;
#4130 = VECTOR ( 'NONE', #5764, 1000.000000000000000 ) ;
#4131 = CARTESIAN_POINT ( 'NONE',  ( -39.59766279253700105, -0.001997110768838547372, -37.45114222751231381 ) ) ;
#4132 = CARTESIAN_POINT ( 'NONE',  ( 44.00000000000000711, 2.399999999999999911, 44.00000000000000000 ) ) ;
#4133 = DIRECTION ( 'NONE',  ( -1.000000000000000000, 0.000000000000000000, 0.000000000000000000 ) ) ;
#4134 = ORIENTED_EDGE ( 'NONE', *, *, #277, .F. ) ;
#4135 = LINE ( 'NONE', #2437, #7178 ) ;
#4136 = EDGE_LOOP ( 'NONE', ( #1763, #5709, #1844, #4282 ) ) ;
#4137 = CARTESIAN_POINT ( 'NONE',  ( -39.60000000000000853, 0.000000000000000000, 0.000000000000000000 ) ) ;
#4138 = EDGE_CURVE ( 'NONE', #6124, #2176, #4475, .T. ) ;
#4139 = CARTESIAN_POINT ( 'NONE',  ( -39.00000000000003553, 0.5960057784623206123, 37.50000000000002842 ) ) ;
#4140 = FACE_OUTER_BOUND ( 'NONE', #1286, .T. ) ;
#4141 = ORIENTED_EDGE ( 'NONE', *, *, #6134, .F. ) ;
#4142 = DIRECTION ( 'NONE',  ( -1.000000000000000000, -0.000000000000000000, 0.000000000000000000 ) ) ;
#4143 = CIRCLE ( 'NONE', #5119, 4.999999999999997335 ) ;
#4144 = EDGE_LOOP ( 'NONE', ( #5512, #7187, #259, #2091 ) ) ;
#4145 = CARTESIAN_POINT ( 'NONE',  ( 39.40000000000000568, -0.6000000000000003109, 49.00000000000000000 ) ) ;
#4146 = EDGE_LOOP ( 'NONE', ( #4293, #2563, #3185, #6634 ) ) ;
#4147 = CARTESIAN_POINT ( 'NONE',  ( -44.00000000000000711, 2.399999999999999911, -46.10000000000000142 ) ) ;
#4148 = CARTESIAN_POINT ( 'NONE',  ( 43.99999999999999289, 2.399999999999999911, -41.89999999999998437 ) ) ;
#4149 = CARTESIAN_POINT ( 'NONE',  ( 44.22500000000000142, 0.9999999999999997780, 14.56000000000000583 ) ) ;
#4150 = CARTESIAN_POINT ( 'NONE',  ( -38.00000000000000711, -0.6000000000000000888, 47.60000000000000142 ) ) ;
#4151 = EDGE_LOOP ( 'NONE', ( #2, #975, #5533, #7311 ) ) ;
#4152 = DIRECTION ( 'NONE',  ( -0.000000000000000000, -1.000000000000000000, 0.000000000000000000 ) ) ;
#4153 = DIRECTION ( 'NONE',  ( -1.000000000000000000, 0.000000000000000000, 0.000000000000000000 ) ) ;
#4154 = ORIENTED_EDGE ( 'NONE', *, *, #5582, .F. ) ;
#4155 = CARTESIAN_POINT ( 'NONE',  ( -37.77997810518029098, -0.03484235966199718260, 39.00117676071722883 ) ) ;
#4156 = EDGE_CURVE ( 'NONE', #4791, #4509, #4090, .T. ) ;
#4157 = CARTESIAN_POINT ( 'NONE',  ( 35.75000000000000711, 0.9999999999999997780, 0.000000000000000000 ) ) ;
#4158 = ORIENTED_EDGE ( 'NONE', *, *, #3965, .F. ) ;
#4159 = DIRECTION ( 'NONE',  ( -1.000000000000000000, 0.000000000000000000, 0.000000000000000000 ) ) ;
#4160 = DIRECTION ( 'NONE',  ( 0.000000000000000000, -0.000000000000000000, -1.000000000000000000 ) ) ;
#4161 = CARTESIAN_POINT ( 'NONE',  ( -1.970042486631046112E-14, 2.399999999999999911, 13.05999999999994010 ) ) ;
#4162 = CARTESIAN_POINT ( 'NONE',  ( 37.65000000000000568, 1.399999999999999689, 29.34999999999999432 ) ) ;
#4163 = CARTESIAN_POINT ( 'NONE',  ( -49.00000000000000711, 0.5999999999999998668, -37.56696972201766016 ) ) ;
#4164 = EDGE_CURVE ( 'NONE', #7108, #3718, #6423, .T. ) ;
#4165 = LINE ( 'NONE', #6503, #2718 ) ;
#4166 = ORIENTED_EDGE ( 'NONE', *, *, #944, .T. ) ;
#4167 = DIRECTION ( 'NONE',  ( -0.000000000000000000, 1.000000000000000000, -0.000000000000000000 ) ) ;
#4168 = ORIENTED_EDGE ( 'NONE', *, *, #703, .T. ) ;
#4169 = VERTEX_POINT ( 'NONE', #5855 ) ;
#4170 = DIRECTION ( 'NONE',  ( -0.000000000000000000, -1.000000000000000000, -0.000000000000000000 ) ) ;
#4171 = CARTESIAN_POINT ( 'NONE',  ( 31.65733862529602405, 0.9999999999999997780, 26.94999999999998863 ) ) ;
#4172 = AXIS2_PLACEMENT_3D ( 'NONE', #670, #6658, #7198 ) ;
#4173 = CARTESIAN_POINT ( 'NONE',  ( 35.63066652874363882, 0.9999999999999997780, 33.96898892252533386 ) ) ;
#4174 = ORIENTED_EDGE ( 'NONE', *, *, #6338, .F. ) ;
#4175 = CARTESIAN_POINT ( 'NONE',  ( 44.00000000000000711, 2.399999999999999911, 46.10000000000000142 ) ) ;
#4176 = ADVANCED_FACE ( 'NONE', ( #5275 ), #5198, .T. ) ;
#4177 = AXIS2_PLACEMENT_3D ( 'NONE', #5979, #3066, #2327 ) ;
#4178 = ORIENTED_EDGE ( 'NONE', *, *, #4076, .F. ) ;
#4179 = CARTESIAN_POINT ( 'NONE',  ( 43.99999999999999289, 2.200000000000000178, -43.99999999999999289 ) ) ;
#4180 = AXIS2_PLACEMENT_3D ( 'NONE', #7594, #2291, #534 ) ;
#4181 = DIRECTION ( 'NONE',  ( 0.000000000000000000, 0.000000000000000000, 1.000000000000000000 ) ) ;
#4182 = CARTESIAN_POINT ( 'NONE',  ( 0.000000000000000000, 0.5999999999999999778, -8.899999999999991473 ) ) ;
#4183 = LINE ( 'NONE', #1305, #1300 ) ;
#4184 = FACE_OUTER_BOUND ( 'NONE', #5444, .T. ) ;
#4185 = EDGE_CURVE ( 'NONE', #2401, #4758, #6190, .T. ) ;
#4186 = ORIENTED_EDGE ( 'NONE', *, *, #3561, .F. ) ;
#4187 = CARTESIAN_POINT ( 'NONE',  ( -37.50000000000000000, 2.399999999999999467, 39.00000000000000000 ) ) ;
#4188 = ORIENTED_EDGE ( 'NONE', *, *, #421, .T. ) ;
#4189 = AXIS2_PLACEMENT_3D ( 'NONE', #4797, #1351, #6651 ) ;
#4190 = EDGE_LOOP ( 'NONE', ( #51, #1885, #874, #5843 ) ) ;
#4191 = CARTESIAN_POINT ( 'NONE',  ( 38.39477918929306099, -0.4979243232722557755, -38.70961192483366631 ) ) ;
#4192 = CARTESIAN_POINT ( 'NONE',  ( -2.740000000000006875, 0.000000000000000000, -40.50000000000000000 ) ) ;
#4193 = ORIENTED_EDGE ( 'NONE', *, *, #4571, .F. ) ;
#4194 = DIRECTION ( 'NONE',  ( 1.000000000000000000, 0.000000000000000000, 0.000000000000000000 ) ) ;
#4195 = EDGE_CURVE ( 'NONE', #647, #6443, #2503, .T. ) ;
#4196 = CARTESIAN_POINT ( 'NONE',  ( 38.93824309428658381, 0.3852831758874206702, -37.93884995794604720 ) ) ;
#4197 = AXIS2_PLACEMENT_3D ( 'NONE', #6099, #3195, #1911 ) ;
#4198 = CARTESIAN_POINT ( 'NONE',  ( 36.54999999999999716, 1.399999999999999689, 31.84999999999999076 ) ) ;
#4199 = CARTESIAN_POINT ( 'NONE',  ( 18.00000000000000355, 0.5999999999999998668, 20.00000000000000355 ) ) ;
#4200 = CARTESIAN_POINT ( 'NONE',  ( -48.72385009471177852, -0.1978765222138043345, -38.32281613282678023 ) ) ;
#4201 = VERTEX_POINT ( 'NONE', #7547 ) ;
#4202 = DIRECTION ( 'NONE',  ( 0.000000000000000000, -1.000000000000000000, 0.000000000000000000 ) ) ;
#4203 = ORIENTED_EDGE ( 'NONE', *, *, #245, .T. ) ;
#4204 = DIRECTION ( 'NONE',  ( -1.000000000000000000, 0.000000000000000000, 2.276539994720219349E-16 ) ) ;
#4205 = EDGE_LOOP ( 'NONE', ( #5351, #884, #7060, #2403 ) ) ;
#4206 = ORIENTED_EDGE ( 'NONE', *, *, #457, .T. ) ;
#4207 = ORIENTED_EDGE ( 'NONE', *, *, #295, .F. ) ;
#4208 = EDGE_CURVE ( 'NONE', #5417, #5363, #7086, .T. ) ;
#4209 =( BOUNDED_SURFACE ( )  B_SPLINE_SURFACE ( 3, 2, ( 
 ( #973, #5574, #4388 ),
 ( #7265, #2703, #5031 ),
 ( #5650, #1465, #715 ),
 ( #861, #3054, #3825 ),
 ( #3900, #1283, #286 ),
 ( #4341, #2118, #247 ),
 ( #7346, #4911, #2576 ),
 ( #6156, #938, #6689 ),
 ( #1507, #327, #2078 ),
 ( #6770, #2619, #7308 ) ),
 .UNSPECIFIED., .F., .F., .F. ) 
 B_SPLINE_SURFACE_WITH_KNOTS ( ( 4, 2, 2, 2, 4 ),
 ( 3, 3 ),
 ( 0.0005088217293351753826, 0.001073969789392674196, 0.001639117849450172793, 0.002204265909507671390, 0.002769413969565169987 ),
 ( 0.000000000000000000, 1.000000000000000000 ),
 .UNSPECIFIED. ) 
 GEOMETRIC_REPRESENTATION_ITEM ( )  RATIONAL_B_SPLINE_SURFACE ( (
 ( 1.000000000000000000, 0.7071067811865434649, 1.000000000000000000),
 ( 1.000000000000000000, 0.7275918118786526279, 1.000000000000000000),
 ( 1.000000000000000000, 0.7521658665373994745, 1.000000000000000000),
 ( 1.000000000000000000, 0.8088722520716159492, 1.000000000000000000),
 ( 1.000000000000000000, 0.8404882260425612373, 1.000000000000000000),
 ( 1.000000000000000000, 0.9052913301298231019, 1.000000000000000000),
 ( 1.000000000000000000, 0.9373730462295385424, 1.000000000000000000),
 ( 1.000000000000000000, 0.9851504424263627380, 1.000000000000000000),
 ( 1.000000000000000000, 1.000295620687774445, 1.000000000000000000),
 ( 1.000000000000000000, 1.000000000000000000, 1.000000000000000000) ) ) 
 REPRESENTATION_ITEM ( '' )  SURFACE ( )  );
#4210 = DIRECTION ( 'NONE',  ( 0.000000000000000000, 1.000000000000000000, -0.000000000000000000 ) ) ;
#4211 = CARTESIAN_POINT ( 'NONE',  ( 22.36933347125637184, 1.399999999999999689, 33.96898892252534097 ) ) ;
#4212 = CARTESIAN_POINT ( 'NONE',  ( -39.00000000000000000, 0.5999999999999999778, 37.40206632590398073 ) ) ;
#4213 = ORIENTED_EDGE ( 'NONE', *, *, #1329, .F. ) ;
#4214 = EDGE_CURVE ( 'NONE', #4410, #4854, #1491, .T. ) ;
#4215 = DIRECTION ( 'NONE',  ( 0.000000000000000000, -1.000000000000000000, 0.000000000000000000 ) ) ;
#4216 = ORIENTED_EDGE ( 'NONE', *, *, #4752, .F. ) ;
#4217 = B_SPLINE_CURVE_WITH_KNOTS ( 'NONE', 3,
 ( #7126, #4770, #5860, #5973, #2946, #908, #755, #4882, #4320, #3716 ),
 .UNSPECIFIED., .F., .F.,
 ( 4, 2, 2, 2, 4 ),
 ( 0.000000000000000000, 0.0005087071809629124678, 0.001017414361925824936, 0.001526121542888737512, 0.002034828723851649871 ),
 .UNSPECIFIED. ) ;
#4218 = DIRECTION ( 'NONE',  ( 0.000000000000000000, -1.000000000000000000, 0.000000000000000000 ) ) ;
#4219 = EDGE_CURVE ( 'NONE', #5318, #3859, #101, .T. ) ;
#4220 = CARTESIAN_POINT ( 'NONE',  ( -49.00000000000000000, 0.007587539610630762016, 38.24525592695604104 ) ) ;
#4221 = CARTESIAN_POINT ( 'NONE',  ( 39.40000000000000568, -0.5999999999999998668, -39.69089023002065630 ) ) ;
#4222 = EDGE_CURVE ( 'NONE', #4687, #1564, #6550, .T. ) ;
#4223 = DIRECTION ( 'NONE',  ( 0.000000000000000000, 1.000000000000000000, 0.000000000000000000 ) ) ;
#4224 = CARTESIAN_POINT ( 'NONE',  ( -37.43482600071880029, -0.0006672419341295126238, 39.59847961821953533 ) ) ;
#4225 = ORIENTED_EDGE ( 'NONE', *, *, #418, .T. ) ;
#4226 = CYLINDRICAL_SURFACE ( 'NONE', #2762, 1.500000000000000000 ) ;
#4227 = ORIENTED_EDGE ( 'NONE', *, *, #7079, .T. ) ;
#4228 = AXIS2_PLACEMENT_3D ( 'NONE', #5797, #7491, #4040 ) ;
#4229 = CIRCLE ( 'NONE', #2636, 1.499999999999999556 ) ;
#4230 = VECTOR ( 'NONE', #3589, 1000.000000000000000 ) ;
#4231 = DIRECTION ( 'NONE',  ( 0.000000000000000000, 1.000000000000000000, 0.000000000000000000 ) ) ;
#4232 = CYLINDRICAL_SURFACE ( 'NONE', #2349, 4.999999999999997335 ) ;
#4233 = AXIS2_PLACEMENT_3D ( 'NONE', #1684, #6, #2255 ) ;
#4234 = ADVANCED_FACE ( 'NONE', ( #3787 ), #2018, .T. ) ;
#4235 = CARTESIAN_POINT ( 'NONE',  ( -38.18816691715271361, 0.06008825311314152512, 38.83560391452459015 ) ) ;
#4236 = AXIS2_PLACEMENT_3D ( 'NONE', #132, #4280, #6659 ) ;
#4237 = AXIS2_PLACEMENT_3D ( 'NONE', #2244, #960, #3375 ) ;
#4238 = CARTESIAN_POINT ( 'NONE',  ( -37.75867436296079660, 0.5999999999999997558, -49.00000000000000711 ) ) ;
#4239 = ORIENTED_EDGE ( 'NONE', *, *, #7274, .F. ) ;
#4240 = CARTESIAN_POINT ( 'NONE',  ( 43.99999999999999289, -1.399999999999990585, -45.89999999999999147 ) ) ;
#4241 = CIRCLE ( 'NONE', #3276, 1.399999999999998579 ) ;
#4242 = FACE_OUTER_BOUND ( 'NONE', #6012, .T. ) ;
#4243 = CARTESIAN_POINT ( 'NONE',  ( 48.85014514505711958, -0.3145411647885899553, -38.61612394930971703 ) ) ;
#4244 = DIRECTION ( 'NONE',  ( -1.000000000000000000, 0.000000000000000000, 0.000000000000000000 ) ) ;
#4245 = ORIENTED_EDGE ( 'NONE', *, *, #6844, .F. ) ;
#4246 = AXIS2_PLACEMENT_3D ( 'NONE', #4039, #1646, #1757 ) ;
#4247 = DIRECTION ( 'NONE',  ( 0.000000000000000000, -1.000000000000000000, 0.000000000000000000 ) ) ;
#4248 = ORIENTED_EDGE ( 'NONE', *, *, #2228, .F. ) ;
#4249 = CARTESIAN_POINT ( 'NONE',  ( -37.51737463632743186, -0.007395443204735966704, -39.59434705457739767 ) ) ;
#4250 = ORIENTED_EDGE ( 'NONE', *, *, #6272, .F. ) ;
#4251 = CARTESIAN_POINT ( 'NONE',  ( 19.50000000000000355, 0.5999999999999998668, 18.50000000000000355 ) ) ;
#4252 = CARTESIAN_POINT ( 'NONE',  ( 37.56696972201767437, -1.084202172485504434E-16, 48.39999999999999858 ) ) ;
#4253 = DIRECTION ( 'NONE',  ( -0.000000000000000000, -1.000000000000000000, -0.000000000000000000 ) ) ;
#4254 = ORIENTED_EDGE ( 'NONE', *, *, #3721, .F. ) ;
#4255 = ADVANCED_FACE ( 'NONE', ( #1544 ), #4209, .T. ) ;
#4256 = DIRECTION ( 'NONE',  ( 0.000000000000000000, 0.000000000000000000, 1.000000000000000000 ) ) ;
#4257 = DIRECTION ( 'NONE',  ( 0.000000000000000000, 0.000000000000000000, 1.000000000000000000 ) ) ;
#4258 = VERTEX_POINT ( 'NONE', #3290 ) ;
#4259 = DIRECTION ( 'NONE',  ( 0.000000000000000000, 1.000000000000000000, 0.000000000000000000 ) ) ;
#4260 = CARTESIAN_POINT ( 'NONE',  ( 19.50000000000000355, 2.399999999999999911, -3.499999999999982236 ) ) ;
#4261 = CARTESIAN_POINT ( 'NONE',  ( 38.63321908449343312, -0.5999999999999998668, -38.48275862068965125 ) ) ;
#4262 = DIRECTION ( 'NONE',  ( -1.000000000000000000, 0.000000000000000000, 0.000000000000000000 ) ) ;
#4263 = DIRECTION ( 'NONE',  ( 0.000000000000000000, 0.000000000000000000, 1.000000000000000000 ) ) ;
#4264 = AXIS2_PLACEMENT_3D ( 'NONE', #148, #7056, #1791 ) ;
#4265 = EDGE_CURVE ( 'NONE', #6608, #1332, #897, .T. ) ;
#4266 = ORIENTED_EDGE ( 'NONE', *, *, #2764, .T. ) ;
#4267 = CARTESIAN_POINT ( 'NONE',  ( 10.50000000000000178, 0.000000000000000000, -4.099999999999981881 ) ) ;
#4268 = VERTEX_POINT ( 'NONE', #1428 ) ;
#4269 = EDGE_CURVE ( 'NONE', #2513, #5690, #2043, .T. ) ;
#4270 = ORIENTED_EDGE ( 'NONE', *, *, #4910, .T. ) ;
#4271 = DIRECTION ( 'NONE',  ( 0.000000000000000000, 1.000000000000000000, -0.000000000000000000 ) ) ;
#4272 = AXIS2_PLACEMENT_3D ( 'NONE', #3767, #3150, #349 ) ;
#4273 = LINE ( 'NONE', #6612, #4372 ) ;
#4274 = CARTESIAN_POINT ( 'NONE',  ( -47.60000000000000142, -1.600000000000000089, 39.39999999999999858 ) ) ;
#4275 = VERTEX_POINT ( 'NONE', #3862 ) ;
#4276 = DIRECTION ( 'NONE',  ( -0.000000000000000000, -1.000000000000000000, -0.000000000000000000 ) ) ;
#4277 = ADVANCED_FACE ( 'NONE', ( #6113 ), #6189, .T. ) ;
#4278 = CARTESIAN_POINT ( 'NONE',  ( 38.89443722292168815, -0.2142871015302350857, -38.09381630893417992 ) ) ;
#4279 = DIRECTION ( 'NONE',  ( -0.000000000000000000, -1.000000000000000000, -0.000000000000000000 ) ) ;
#4280 = DIRECTION ( 'NONE',  ( 1.000000000000000000, 0.000000000000000000, 0.000000000000000000 ) ) ;
#4281 = CARTESIAN_POINT ( 'NONE',  ( 38.99999999999999289, 0.0008514437558186033553, -37.43485731151121598 ) ) ;
#4282 = ORIENTED_EDGE ( 'NONE', *, *, #6280, .F. ) ;
#4283 = DIRECTION ( 'NONE',  ( 1.000000000000000000, 0.000000000000000000, 0.000000000000000000 ) ) ;
#4284 = EDGE_CURVE ( 'NONE', #4410, #3104, #1390, .T. ) ;
#4285 = ORIENTED_EDGE ( 'NONE', *, *, #1398, .T. ) ;
#4286 = ORIENTED_EDGE ( 'NONE', *, *, #859, .F. ) ;
#4287 = VERTEX_POINT ( 'NONE', #2778 ) ;
#4288 = DIRECTION ( 'NONE',  ( 0.000000000000000000, 1.000000000000000000, 0.000000000000000000 ) ) ;
#4289 = LINE ( 'NONE', #4776, #3216 ) ;
#4290 = DIRECTION ( 'NONE',  ( 0.000000000000000000, 1.000000000000000000, 0.000000000000000000 ) ) ;
#4291 = ORIENTED_EDGE ( 'NONE', *, *, #3934, .F. ) ;
#4292 = CARTESIAN_POINT ( 'NONE',  ( -37.57916055745397443, -0.02344514483183429351, 39.57754050567093884 ) ) ;
#4293 = ORIENTED_EDGE ( 'NONE', *, *, #5295, .F. ) ;
#4294 = CARTESIAN_POINT ( 'NONE',  ( 49.00000000000000000, 0.4258201658799808387, -38.30133442569437818 ) ) ;
#4295 = CARTESIAN_POINT ( 'NONE',  ( -38.24525592695678711, 0.007587539610479292901, -49.00000000000000000 ) ) ;
#4296 = EDGE_CURVE ( 'NONE', #5378, #6652, #5202, .T. ) ;
#4297 = CARTESIAN_POINT ( 'NONE',  ( 39.39999999999999858, -0.5999999999999998668, -49.00000000000000000 ) ) ;
#4298 = DIRECTION ( 'NONE',  ( 0.000000000000000000, 1.000000000000000000, -0.000000000000000000 ) ) ;
#4299 = VECTOR ( 'NONE', #4142, 1000.000000000000000 ) ;
#4300 = ORIENTED_EDGE ( 'NONE', *, *, #3134, .F. ) ;
#4301 = CARTESIAN_POINT ( 'NONE',  ( 23.75000000000000711, 1.399999999999999689, 34.55529936623839404 ) ) ;
#4302 = CIRCLE ( 'NONE', #2090, 1.499999999999999556 ) ;
#4303 = EDGE_LOOP ( 'NONE', ( #5228, #3638, #5509, #7107 ) ) ;
#4304 = ORIENTED_EDGE ( 'NONE', *, *, #1221, .T. ) ;
#4305 = CARTESIAN_POINT ( 'NONE',  ( 47.59999999999999432, -1.600000000000000089, -39.39999999999999858 ) ) ;
#4306 = AXIS2_PLACEMENT_3D ( 'NONE', #675, #3020, #102 ) ;
#4307 = EDGE_CURVE ( 'NONE', #1261, #2592, #799, .T. ) ;
#4308 = FACE_OUTER_BOUND ( 'NONE', #4002, .T. ) ;
#4309 = DIRECTION ( 'NONE',  ( 0.000000000000000000, 1.000000000000000000, 0.000000000000000000 ) ) ;
#4310 = AXIS2_PLACEMENT_3D ( 'NONE', #5269, #4084, #1127 ) ;
#4311 = ORIENTED_EDGE ( 'NONE', *, *, #2827, .F. ) ;
#4312 = DIRECTION ( 'NONE',  ( 0.000000000000000000, 0.000000000000000000, 1.000000000000000000 ) ) ;
#4313 = CARTESIAN_POINT ( 'NONE',  ( 38.67748767007837785, -0.4638554687304606294, -38.43171250929234617 ) ) ;
#4314 = LINE ( 'NONE', #828, #4424 ) ;
#4315 = VECTOR ( 'NONE', #7149, 1000.000000000000000 ) ;
#4316 = ADVANCED_FACE ( 'NONE', ( #4008 ), #1007, .T. ) ;
#4317 = CARTESIAN_POINT ( 'NONE',  ( 0.000000000000000000, 0.9999999999999997780, 27.84999999999999432 ) ) ;
#4318 = CYLINDRICAL_SURFACE ( 'NONE', #5162, 1.899999999999999023 ) ;
#4319 = ORIENTED_EDGE ( 'NONE', *, *, #716, .T. ) ;
#4320 = CARTESIAN_POINT ( 'NONE',  ( 39.23994701249002759, -0.5439928960650948220, 49.00000000000000711 ) ) ;
#4321 = VERTEX_POINT ( 'NONE', #4564 ) ;
#4322 = ORIENTED_EDGE ( 'NONE', *, *, #7252, .T. ) ;
#4323 = CARTESIAN_POINT ( 'NONE',  ( 23.75000000000000711, 2.399999999999999911, 47.74999999999998579 ) ) ;
#4324 = CARTESIAN_POINT ( 'NONE',  ( -38.92039213737841408, -0.01383654136606790250, 49.00000000000001421 ) ) ;
#4325 = ADVANCED_FACE ( 'NONE', ( #2303, #401 ), #6989, .F. ) ;
#4326 = CARTESIAN_POINT ( 'NONE',  ( 38.99999999999999289, 0.5999999999999999778, -37.40206632590398073 ) ) ;
#4327 = ORIENTED_EDGE ( 'NONE', *, *, #2441, .F. ) ;
#4328 = DIRECTION ( 'NONE',  ( 0.000000000000000000, 0.000000000000000000, -1.000000000000000000 ) ) ;
#4329 = ORIENTED_EDGE ( 'NONE', *, *, #4958, .T. ) ;
#4330 = CYLINDRICAL_SURFACE ( 'NONE', #4971, 0.6000000000000033085 ) ;
#4331 = CARTESIAN_POINT ( 'NONE',  ( -48.78220304726140455, -0.2495152422277625015, 38.45363220528530945 ) ) ;
#4332 = CARTESIAN_POINT ( 'NONE',  ( -38.45363220528461312, -0.2495152422276971094, -48.78220304726079348 ) ) ;
#4333 = CARTESIAN_POINT ( 'NONE',  ( 39.57698431084323687, -0.02390473444829854105, -37.58042732001691633 ) ) ;
#4334 = DIRECTION ( 'NONE',  ( -0.000000000000000000, -1.000000000000000000, -0.000000000000000000 ) ) ;
#4335 = VERTEX_POINT ( 'NONE', #7526 ) ;
#4336 = CARTESIAN_POINT ( 'NONE',  ( 45.85000000000000142, 1.399999999999999689, 0.000000000000000000 ) ) ;
#4337 = ORIENTED_EDGE ( 'NONE', *, *, #4994, .F. ) ;
#4338 = ORIENTED_EDGE ( 'NONE', *, *, #4833, .T. ) ;
#4339 = CARTESIAN_POINT ( 'NONE',  ( 49.00000000000000000, -0.4535354219772773643, -39.28041142540585895 ) ) ;
#4340 = DIRECTION ( 'NONE',  ( 0.000000000000000000, 0.000000000000000000, 1.000000000000000000 ) ) ;
#4341 = CARTESIAN_POINT ( 'NONE',  ( 49.00000000000001421, 0.1009695384996436157, 38.76832202241249803 ) ) ;
#4342 = CARTESIAN_POINT ( 'NONE',  ( -49.00000000000000000, 2.399999999999999911, 49.00000000000000000 ) ) ;
#4343 = CIRCLE ( 'NONE', #6300, 0.6000000000000033085 ) ;
#4344 = ORIENTED_EDGE ( 'NONE', *, *, #5579, .F. ) ;
#4345 = EDGE_CURVE ( 'NONE', #3933, #7338, #3007, .T. ) ;
#4346 = LINE ( 'NONE', #5997, #1780 ) ;
#4347 = AXIS2_PLACEMENT_3D ( 'NONE', #2185, #6766, #1540 ) ;
#4348 = DIRECTION ( 'NONE',  ( -0.000000000000000000, -1.000000000000000000, -0.000000000000000000 ) ) ;
#4349 = AXIS2_PLACEMENT_3D ( 'NONE', #2673, #6778, #408 ) ;
#4350 = AXIS2_PLACEMENT_3D ( 'NONE', #5185, #1727, #2376 ) ;
#4351 = CARTESIAN_POINT ( 'NONE',  ( -37.40206632590398783, 0.000000000000000000, -39.00000000000000000 ) ) ;
#4352 = AXIS2_PLACEMENT_3D ( 'NONE', #3369, #7284, #3302 ) ;
#4353 = DIRECTION ( 'NONE',  ( 1.000000000000000000, 0.000000000000000000, 0.000000000000000000 ) ) ;
#4354 = EDGE_LOOP ( 'NONE', ( #2733, #4815, #6086, #991 ) ) ;
#4355 = LINE ( 'NONE', #6738, #1968 ) ;
#4356 = ORIENTED_EDGE ( 'NONE', *, *, #4208, .T. ) ;
#4357 = ADVANCED_FACE ( 'NONE', ( #4528 ), #7458, .F. ) ;
#4358 = DIRECTION ( 'NONE',  ( 0.000000000000000000, 0.000000000000000000, 1.000000000000000000 ) ) ;
#4359 = CIRCLE ( 'NONE', #6306, 1.500000000000001332 ) ;
#4360 = ORIENTED_EDGE ( 'NONE', *, *, #3908, .F. ) ;
#4361 = VERTEX_POINT ( 'NONE', #2740 ) ;
#4362 = ADVANCED_FACE ( 'NONE', ( #4077 ), #2156, .F. ) ;
#4363 = EDGE_LOOP ( 'NONE', ( #4472, #7057, #3962, #4587 ) ) ;
#4364 = DIRECTION ( 'NONE',  ( -0.3908736291420336073, 0.000000000000000000, 0.9204443524957585110 ) ) ;
#4365 = CARTESIAN_POINT ( 'NONE',  ( -39.16149774207325862, -0.3078974084223062846, 49.00000000000000000 ) ) ;
#4366 = AXIS2_PLACEMENT_3D ( 'NONE', #3950, #415, #7440 ) ;
#4367 = DIRECTION ( 'NONE',  ( -0.000000000000000000, -1.000000000000000000, 0.000000000000000000 ) ) ;
#4368 = ORIENTED_EDGE ( 'NONE', *, *, #3342, .F. ) ;
#4369 = CARTESIAN_POINT ( 'NONE',  ( 37.50000000000000711, 0.5999999999999998668, 11.59999999999999609 ) ) ;
#4370 = ORIENTED_EDGE ( 'NONE', *, *, #6483, .T. ) ;
#4371 = EDGE_CURVE ( 'NONE', #5963, #911, #4825, .T. ) ;
#4372 = VECTOR ( 'NONE', #5459, 999.9999999999998863 ) ;
#4373 = CARTESIAN_POINT ( 'NONE',  ( 37.65000000000000568, 0.9999999999999997780, 28.24999999999999289 ) ) ;
#4374 = CARTESIAN_POINT ( 'NONE',  ( 38.48275862068965125, -7.600000000000000533, -38.63321908449344022 ) ) ;
#4375 = AXIS2_PLACEMENT_3D ( 'NONE', #1036, #1461, #4385 ) ;
#4376 = AXIS2_PLACEMENT_3D ( 'NONE', #113, #2564, #1339 ) ;
#4377 = CARTESIAN_POINT ( 'NONE',  ( -39.28041142540045172, -0.4535354219816801757, -49.00000000000000000 ) ) ;
#4378 = CARTESIAN_POINT ( 'NONE',  ( -39.26839881522752052, -0.2360804529259500906, 37.93681029104921265 ) ) ;
#4379 = AXIS2_PLACEMENT_3D ( 'NONE', #1602, #3277, #2760 ) ;
#4380 = DIRECTION ( 'NONE',  ( 0.000000000000000000, 1.000000000000000000, 0.000000000000000000 ) ) ;
#4381 = EDGE_LOOP ( 'NONE', ( #1082, #2705, #2311, #3642 ) ) ;
#4382 = CARTESIAN_POINT ( 'NONE',  ( 39.39999999999999858, -0.5999999999999998668, -49.00000000000000000 ) ) ;
#4383 = VERTEX_POINT ( 'NONE', #6841 ) ;
#4384 = ADVANCED_FACE ( 'NONE', ( #1579 ), #7301, .F. ) ;
#4385 = DIRECTION ( 'NONE',  ( 0.000000000000000000, 0.000000000000000000, -1.000000000000000000 ) ) ;
#4386 = DIRECTION ( 'NONE',  ( -3.700743415417185102E-14, 0.000000000000000000, -1.000000000000000000 ) ) ;
#4387 = FACE_BOUND ( 'NONE', #4915, .T. ) ;
#4388 = CARTESIAN_POINT ( 'NONE',  ( 48.40000000000001279, 0.000000000000000000, 37.56696972201767437 ) ) ;
#4389 = CARTESIAN_POINT ( 'NONE',  ( 37.65000000000000568, 1.399999999999999689, 33.34999999999999432 ) ) ;
#4390 = EDGE_LOOP ( 'NONE', ( #6607, #7188, #2570, #529 ) ) ;
#4391 = CARTESIAN_POINT ( 'NONE',  ( -39.00000000000000000, 0.5799712992721889337, -37.64018335254107228 ) ) ;
#4392 = VECTOR ( 'NONE', #3349, 1000.000000000000000 ) ;
#4393 = DIRECTION ( 'NONE',  ( -0.000000000000000000, -1.000000000000000000, 0.000000000000000000 ) ) ;
#4394 = CARTESIAN_POINT ( 'NONE',  ( -48.45159026022970750, -1.003088512701685283E-33, 37.73020952930641414 ) ) ;
#4395 = EDGE_CURVE ( 'NONE', #1193, #7515, #678, .T. ) ;
#4396 = CYLINDRICAL_SURFACE ( 'NONE', #6427, 0.3999999999999975797 ) ;
#4397 = CARTESIAN_POINT ( 'NONE',  ( 38.99999999999999289, 0.5960057784623228327, -37.50000000000000000 ) ) ;
#4398 = ORIENTED_EDGE ( 'NONE', *, *, #6160, .F. ) ;
#4399 = DIRECTION ( 'NONE',  ( 1.000000000000000000, -0.000000000000000000, -0.000000000000000000 ) ) ;
#4400 = EDGE_LOOP ( 'NONE', ( #3715, #537, #5104, #3676 ) ) ;
#4401 = VERTEX_POINT ( 'NONE', #474 ) ;
#4402 = ORIENTED_EDGE ( 'NONE', *, *, #4345, .F. ) ;
#4403 = DIRECTION ( 'NONE',  ( 0.000000000000000000, 0.000000000000000000, -1.000000000000000000 ) ) ;
#4404 = CYLINDRICAL_SURFACE ( 'NONE', #6505, 0.5999999999999998668 ) ;
#4405 = EDGE_CURVE ( 'NONE', #5434, #3771, #434, .T. ) ;
#4406 = CYLINDRICAL_SURFACE ( 'NONE', #845, 0.6000000000000033085 ) ;
#4407 = ORIENTED_EDGE ( 'NONE', *, *, #377, .F. ) ;
#4408 = DIRECTION ( 'NONE',  ( 0.000000000000000000, 1.000000000000000000, 0.000000000000000000 ) ) ;
#4409 = ORIENTED_EDGE ( 'NONE', *, *, #6437, .T. ) ;
#4410 = VERTEX_POINT ( 'NONE', #1615 ) ;
#4411 = LINE ( 'NONE', #5639, #3584 ) ;
#4412 = DIRECTION ( 'NONE',  ( 1.000000000000000000, 0.000000000000000000, 0.000000000000000000 ) ) ;
#4413 = ADVANCED_FACE ( 'NONE', ( #3970 ), #2256, .F. ) ;
#4414 = CARTESIAN_POINT ( 'NONE',  ( -39.60000000000000853, 0.000000000000000000, -10.99999999999999112 ) ) ;
#4415 = VERTEX_POINT ( 'NONE', #3394 ) ;
#4416 = CARTESIAN_POINT ( 'NONE',  ( 38.73762170596454979, -0.1875914490198462847, -49.00000000000066791 ) ) ;
#4417 = ORIENTED_EDGE ( 'NONE', *, *, #1651, .T. ) ;
#4418 = CARTESIAN_POINT ( 'NONE',  ( 26.34266137470398306, 1.399999999999999689, 27.34999999999998721 ) ) ;
#4419 = DIRECTION ( 'NONE',  ( 1.000000000000000000, -0.000000000000000000, -0.000000000000000000 ) ) ;
#4420 = VECTOR ( 'NONE', #190, 1000.000000000000000 ) ;
#4421 = CARTESIAN_POINT ( 'NONE',  ( -44.00000000000000711, 2.399999999999999911, -41.89999999999999147 ) ) ;
#4422 = EDGE_CURVE ( 'NONE', #4201, #2056, #7533, .T. ) ;
#4423 = CARTESIAN_POINT ( 'NONE',  ( -39.60000000000000853, 0.5999999999999999778, -10.99999999999999112 ) ) ;
#4424 = VECTOR ( 'NONE', #6498, 1000.000000000000000 ) ;
#4425 = DIRECTION ( 'NONE',  ( 0.000000000000000000, 0.000000000000000000, 1.000000000000000000 ) ) ;
#4426 = VERTEX_POINT ( 'NONE', #6364 ) ;
#4427 = CARTESIAN_POINT ( 'NONE',  ( -39.40000000000000568, -0.5999999999999998668, 49.00000000000000000 ) ) ;
#4428 = CIRCLE ( 'NONE', #4780, 0.5999999999999998668 ) ;
#4429 = VECTOR ( 'NONE', #5329, 1000.000000000000000 ) ;
#4430 = B_SPLINE_CURVE_WITH_KNOTS ( 'NONE', 3,
 ( #2471, #2507, #5970, #6539, #4841, #6080, #7119, #3673, #1930, #3137 ),
 .UNSPECIFIED., .F., .F.,
 ( 4, 2, 2, 2, 4 ),
 ( -7.709892134869348161E-06, 0.0005028143922866191778, 0.001013338676708107865, 0.001523862961129596443, 0.002034387245551085022 ),
 .UNSPECIFIED. ) ;
#4431 = CARTESIAN_POINT ( 'NONE',  ( -37.50000000000001421, -7.600000000000000533, -10.99999999999999112 ) ) ;
#4432 = VECTOR ( 'NONE', #5900, 1000.000000000000000 ) ;
#4433 = CARTESIAN_POINT ( 'NONE',  ( -39.69089023002066341, 0.000000000000000000, 39.39999999999999858 ) ) ;
#4434 = DIRECTION ( 'NONE',  ( 4.625929269271481378E-15, 0.000000000000000000, 1.000000000000000000 ) ) ;
#4435 = AXIS2_PLACEMENT_3D ( 'NONE', #3328, #4471, #6164 ) ;
#4436 = ORIENTED_EDGE ( 'NONE', *, *, #412, .F. ) ;
#4437 = FACE_OUTER_BOUND ( 'NONE', #6708, .T. ) ;
#4438 = CIRCLE ( 'NONE', #7008, 1.899999999999999023 ) ;
#4439 = EDGE_CURVE ( 'NONE', #1498, #982, #1888, .T. ) ;
#4440 = VECTOR ( 'NONE', #7227, 1000.000000000000000 ) ;
#4441 = CARTESIAN_POINT ( 'NONE',  ( 42.62500000000000711, 1.399999999999999689, 17.26000000000000156 ) ) ;
#4442 = CARTESIAN_POINT ( 'NONE',  ( -37.45114222751232802, -0.001997110768838764212, 39.59766279253700105 ) ) ;
#4443 = CARTESIAN_POINT ( 'NONE',  ( 34.25000000000000000, 0.9999999999999997780, 46.24999999999998579 ) ) ;
#4444 = ORIENTED_EDGE ( 'NONE', *, *, #6768, .T. ) ;
#4445 = DIRECTION ( 'NONE',  ( 0.000000000000000000, 0.000000000000000000, 1.000000000000000000 ) ) ;
#4446 = EDGE_CURVE ( 'NONE', #1533, #5671, #1801, .T. ) ;
#4447 = ORIENTED_EDGE ( 'NONE', *, *, #2990, .F. ) ;
#4448 = CARTESIAN_POINT ( 'NONE',  ( 22.25000000000000711, 1.399999999999999689, 34.55529936623839404 ) ) ;
#4449 = EDGE_CURVE ( 'NONE', #2813, #3587, #472, .T. ) ;
#4450 = ADVANCED_FACE ( 'NONE', ( #2418 ), #3578, .T. ) ;
#4451 = CARTESIAN_POINT ( 'NONE',  ( 49.00000000000001421, 0.5999999999999998668, 37.56696972201766727 ) ) ;
#4452 = ORIENTED_EDGE ( 'NONE', *, *, #4449, .F. ) ;
#4453 = ORIENTED_EDGE ( 'NONE', *, *, #596, .T. ) ;
#4454 = EDGE_CURVE ( 'NONE', #1821, #5840, #7148, .T. ) ;
#4455 = CARTESIAN_POINT ( 'NONE',  ( 38.09147254238646241, 0.03772782690525797872, -49.00000000000000000 ) ) ;
#4456 = EDGE_LOOP ( 'NONE', ( #643, #2088, #501, #7283 ) ) ;
#4457 = FACE_OUTER_BOUND ( 'NONE', #3490, .T. ) ;
#4458 = DIRECTION ( 'NONE',  ( 0.000000000000000000, 0.000000000000000000, 1.000000000000000000 ) ) ;
#4459 = EDGE_CURVE ( 'NONE', #3344, #1743, #3172, .T. ) ;
#4460 =( BOUNDED_SURFACE ( )  B_SPLINE_SURFACE ( 3, 2, ( 
 ( #2934, #1733, #6412 ),
 ( #1157, #3510, #516 ),
 ( #1766, #4120, #5189 ),
 ( #1882, #5922, #1385 ),
 ( #2461, #6031, #4723 ),
 ( #6492, #3046, #4796 ),
 ( #209, #5346, #3167 ),
 ( #2426, #93, #4756 ),
 ( #781, #4191, #7226 ),
 ( #3083, #4830, #3006 ) ),
 .UNSPECIFIED., .F., .F., .F. ) 
 B_SPLINE_SURFACE_WITH_KNOTS ( ( 4, 2, 2, 2, 4 ),
 ( 3, 3 ),
 ( 0.000000000000000000, 0.0004945494385602646533, 0.0009890988771205293066, 0.001483648315680793960, 0.001978197754241058613 ),
 ( 0.000000000000000000, 1.000000000000000000 ),
 .UNSPECIFIED. ) 
 GEOMETRIC_REPRESENTATION_ITEM ( )  RATIONAL_B_SPLINE_SURFACE ( (
 ( 1.000000000000000000, 0.7084826553175709307, 1.000000000000000000),
 ( 1.000000000000000000, 0.7127754838205909715, 1.000000000000000000),
 ( 1.000000000000000000, 0.7310457542176816981, 1.000000000000000000),
 ( 1.000000000000000000, 0.7861143912381943766, 1.000000000000000000),
 ( 1.000000000000000000, 0.8230211105260180071, 1.000000000000000000),
 ( 1.000000000000000000, 0.8956825757416612133, 1.000000000000000000),
 ( 1.000000000000000000, 0.9318271559610785681, 1.000000000000000000),
 ( 1.000000000000000000, 0.9843526207460454591, 1.000000000000000000),
 ( 1.000000000000000000, 1.000283261034619064, 1.000000000000000000),
 ( 1.000000000000000000, 1.000000000000000000, 1.000000000000000000) ) ) 
 REPRESENTATION_ITEM ( '' )  SURFACE ( )  );
#4461 = DIRECTION ( 'NONE',  ( 0.000000000000000000, 0.000000000000000000, 1.000000000000000000 ) ) ;
#4462 = DIRECTION ( 'NONE',  ( -1.000000000000000000, 0.000000000000000000, 4.785444071660141181E-16 ) ) ;
#4463 = CARTESIAN_POINT ( 'NONE',  ( 44.22500000000000142, 1.399999999999999689, 16.16000000000000014 ) ) ;
#4464 = ORIENTED_EDGE ( 'NONE', *, *, #2063, .F. ) ;
#4465 = CARTESIAN_POINT ( 'NONE',  ( -37.67750398295714831, -2.635142820718499685E-16, 48.43493321106431182 ) ) ;
#4466 = EDGE_CURVE ( 'NONE', #7522, #68, #1838, .T. ) ;
#4467 = LINE ( 'NONE', #1469, #312 ) ;
#4468 = CARTESIAN_POINT ( 'NONE',  ( -37.43485731151125151, 0.0008514437558176336449, -38.99999999999999289 ) ) ;
#4469 = CIRCLE ( 'NONE', #4003, 0.5999999999999998668 ) ;
#4470 = CARTESIAN_POINT ( 'NONE',  ( 34.25000000000000000, 2.399999999999999911, 34.55529936623838694 ) ) ;
#4471 = DIRECTION ( 'NONE',  ( 1.000000000000000000, 0.000000000000000000, -0.000000000000000000 ) ) ;
#4472 = ORIENTED_EDGE ( 'NONE', *, *, #814, .F. ) ;
#4473 = DIRECTION ( 'NONE',  ( 1.000000000000000000, -0.000000000000000000, -0.000000000000000000 ) ) ;
#4474 = ORIENTED_EDGE ( 'NONE', *, *, #7536, .F. ) ;
#4475 = CIRCLE ( 'NONE', #3131, 2.100000000000004530 ) ;
#4476 = AXIS2_PLACEMENT_3D ( 'NONE', #2341, #2420, #5761 ) ;
#4477 = CARTESIAN_POINT ( 'NONE',  ( -37.40000000000000568, 0.000000000000000000, -39.69089023002066341 ) ) ;
#4478 = CIRCLE ( 'NONE', #2506, 1.500000000000001332 ) ;
#4479 = CARTESIAN_POINT ( 'NONE',  ( 0.000000000000000000, 0.9999999999999997780, 0.000000000000000000 ) ) ;
#4480 = EDGE_LOOP ( 'NONE', ( #1519, #4874, #2911, #2802 ) ) ;
#4481 = AXIS2_PLACEMENT_3D ( 'NONE', #4764, #7199, #6619 ) ;
#4482 = DIRECTION ( 'NONE',  ( 0.000000000000000000, 1.000000000000000000, -0.000000000000000000 ) ) ;
#4483 = EDGE_LOOP ( 'NONE', ( #3170, #7377, #5007, #3448 ) ) ;
#4484 = DIRECTION ( 'NONE',  ( 1.000000000000000000, 0.000000000000000000, -0.000000000000000000 ) ) ;
#4485 = ORIENTED_EDGE ( 'NONE', *, *, #1665, .F. ) ;
#4486 = CARTESIAN_POINT ( 'NONE',  ( 43.99999999999999289, 2.399999999999999911, -49.00000000000000000 ) ) ;
#4487 = AXIS2_PLACEMENT_3D ( 'NONE', #6694, #1962, #4312 ) ;
#4488 = AXIS2_PLACEMENT_3D ( 'NONE', #5297, #1913, #6524 ) ;
#4489 = CARTESIAN_POINT ( 'NONE',  ( 48.99999999999999289, -1.600000000000000089, -44.00000000000001421 ) ) ;
#4490 = EDGE_CURVE ( 'NONE', #7515, #4275, #1567, .T. ) ;
#4491 = CARTESIAN_POINT ( 'NONE',  ( -48.43493321106371496, -2.635142820726757086E-16, -37.67750398295733305 ) ) ;
#4492 = VECTOR ( 'NONE', #5616, 999.9999999999998863 ) ;
#4493 = ORIENTED_EDGE ( 'NONE', *, *, #2423, .T. ) ;
#4494 = CARTESIAN_POINT ( 'NONE',  ( 38.16298605891465456, -0.1347061827639998710, -48.64644470798886289 ) ) ;
#4495 = ORIENTED_EDGE ( 'NONE', *, *, #7081, .T. ) ;
#4496 = LINE ( 'NONE', #7413, #3400 ) ;
#4497 = DIRECTION ( 'NONE',  ( 0.000000000000000000, -1.000000000000000000, 0.000000000000000000 ) ) ;
#4498 = VECTOR ( 'NONE', #1620, 1000.000000000000000 ) ;
#4499 = FACE_BOUND ( 'NONE', #258, .T. ) ;
#4500 = CARTESIAN_POINT ( 'NONE',  ( -43.99999999999999289, 2.200000000000000178, 44.00000000000000000 ) ) ;
#4501 = ADVANCED_FACE ( 'NONE', ( #6487 ), #3791, .F. ) ;
#4502 = LINE ( 'NONE', #6842, #2956 ) ;
#4503 = ORIENTED_EDGE ( 'NONE', *, *, #2330, .T. ) ;
#4504 = CARTESIAN_POINT ( 'NONE',  ( 45.45000000000000284, 0.9999999999999997780, 29.34999999999999432 ) ) ;
#4505 = CARTESIAN_POINT ( 'NONE',  ( 24.96199484596034424, 2.399999999999999911, 27.86368955628693556 ) ) ;
#4506 = ADVANCED_FACE ( 'NONE', ( #4184 ), #5241, .F. ) ;
#4507 = CARTESIAN_POINT ( 'NONE',  ( 44.22500000000000142, 1.399999999999999689, 17.66000000000000369 ) ) ;
#4508 = AXIS2_PLACEMENT_3D ( 'NONE', #6060, #4298, #3118 ) ;
#4509 = VERTEX_POINT ( 'NONE', #158 ) ;
#4510 = DIRECTION ( 'NONE',  ( 0.000000000000000000, -0.000000000000000000, 1.000000000000000000 ) ) ;
#4511 = LINE ( 'NONE', #6855, #5702 ) ;
#4512 = VECTOR ( 'NONE', #228, 1000.000000000000000 ) ;
#4513 = CARTESIAN_POINT ( 'NONE',  ( -38.89120738397259203, 0.2389385865661808606, 38.06671709458905184 ) ) ;
#4514 = EDGE_CURVE ( 'NONE', #1859, #5653, #3044, .T. ) ;
#4515 = DIRECTION ( 'NONE',  ( 0.000000000000000000, 0.000000000000000000, 1.000000000000000000 ) ) ;
#4516 = VERTEX_POINT ( 'NONE', #1876 ) ;
#4517 = DIRECTION ( 'NONE',  ( -0.000000000000000000, -0.000000000000000000, 1.000000000000000000 ) ) ;
#4518 = ORIENTED_EDGE ( 'NONE', *, *, #6900, .T. ) ;
#4519 = LINE ( 'NONE', #423, #1432 ) ;
#4520 = DIRECTION ( 'NONE',  ( -0.000000000000000000, -1.000000000000000000, -0.000000000000000000 ) ) ;
#4521 = ORIENTED_EDGE ( 'NONE', *, *, #421, .F. ) ;
#4522 = CARTESIAN_POINT ( 'NONE',  ( 38.98326645877475727, -0.4535281282063315933, -48.96394088244803555 ) ) ;
#4523 = ORIENTED_EDGE ( 'NONE', *, *, #178, .T. ) ;
#4524 = LINE ( 'NONE', #3355, #6704 ) ;
#4525 = ADVANCED_FACE ( 'NONE', ( #5263 ), #3539, .T. ) ;
#4526 = FACE_OUTER_BOUND ( 'NONE', #7510, .T. ) ;
#4527 = CARTESIAN_POINT ( 'NONE',  ( 0.000000000000000000, 0.5999999999999999778, -4.099999999999981881 ) ) ;
#4528 = FACE_OUTER_BOUND ( 'NONE', #7290, .T. ) ;
#4529 = FACE_OUTER_BOUND ( 'NONE', #4813, .T. ) ;
#4530 = ORIENTED_EDGE ( 'NONE', *, *, #6609, .F. ) ;
#4531 = CARTESIAN_POINT ( 'NONE',  ( 26.34266137470398306, 0.9999999999999997780, 28.44999999999998863 ) ) ;
#4532 = ORIENTED_EDGE ( 'NONE', *, *, #443, .F. ) ;
#4533 = ADVANCED_FACE ( 'NONE', ( #6565 ), #5876, .T. ) ;
#4534 = CARTESIAN_POINT ( 'NONE',  ( 44.00000000000000711, 2.399999999999999911, 41.89999999999999147 ) ) ;
#4535 = DIRECTION ( 'NONE',  ( 0.000000000000000000, 0.9966790437443303619, -0.08143023861494766424 ) ) ;
#4536 = AXIS2_PLACEMENT_3D ( 'NONE', #3133, #1392, #5506 ) ;
#4537 = EDGE_CURVE ( 'NONE', #3284, #7050, #7104, .T. ) ;
#4538 = CARTESIAN_POINT ( 'NONE',  ( -44.00000000000001421, -1.600000000000000089, -44.00000000000000711 ) ) ;
#4539 = ORIENTED_EDGE ( 'NONE', *, *, #2237, .F. ) ;
#4540 = CARTESIAN_POINT ( 'NONE',  ( 37.49999999999999289, 2.399999999999999467, -39.00000000000000000 ) ) ;
#4541 = ADVANCED_FACE ( 'NONE', ( #1915 ), #6604, .T. ) ;
#4542 = AXIS2_PLACEMENT_3D ( 'NONE', #1747, #3487, #4631 ) ;
#4543 = CARTESIAN_POINT ( 'NONE',  ( -38.06750643515542265, 0.2378752477099005391, 38.89087332001724207 ) ) ;
#4544 = EDGE_CURVE ( 'NONE', #7478, #2690, #5980, .T. ) ;
#4545 = CIRCLE ( 'NONE', #2459, 2.000000000000001776 ) ;
#4546 = CARTESIAN_POINT ( 'NONE',  ( -37.45133180695232511, 0.0003232785384985710150, 39.00000000000000000 ) ) ;
#4547 = DIRECTION ( 'NONE',  ( -1.000000000000000000, 0.000000000000000000, 0.000000000000000000 ) ) ;
#4548 = DIRECTION ( 'NONE',  ( 0.000000000000000000, 0.000000000000000000, 1.000000000000000000 ) ) ;
#4549 = ORIENTED_EDGE ( 'NONE', *, *, #5808, .T. ) ;
#4550 = CARTESIAN_POINT ( 'NONE',  ( 39.59999999999999432, 0.000000000000000000, -37.40206632590398073 ) ) ;
#4551 = AXIS2_PLACEMENT_3D ( 'NONE', #3435, #5768, #2857 ) ;
#4552 = VERTEX_POINT ( 'NONE', #1306 ) ;
#4553 = DIRECTION ( 'NONE',  ( 0.000000000000000000, -0.000000000000000000, -1.000000000000000000 ) ) ;
#4554 = AXIS2_PLACEMENT_3D ( 'NONE', #182, #1901, #225 ) ;
#4555 = EDGE_CURVE ( 'NONE', #1380, #2103, #6466, .T. ) ;
#4556 = CARTESIAN_POINT ( 'NONE',  ( 37.56696972201766016, 0.000000000000000000, -48.39999999999999858 ) ) ;
#4557 = CYLINDRICAL_SURFACE ( 'NONE', #100, 0.6000000000000033085 ) ;
#4558 = ORIENTED_EDGE ( 'NONE', *, *, #6034, .F. ) ;
#4559 = ORIENTED_EDGE ( 'NONE', *, *, #5380, .T. ) ;
#4560 = DIRECTION ( 'NONE',  ( 0.000000000000000000, 0.000000000000000000, -1.000000000000000000 ) ) ;
#4561 = DIRECTION ( 'NONE',  ( 0.000000000000000000, -1.000000000000000000, 0.000000000000000000 ) ) ;
#4562 = AXIS2_PLACEMENT_3D ( 'NONE', #5094, #4553, #7446 ) ;
#4563 = DIRECTION ( 'NONE',  ( -0.3908736291420338294, 0.000000000000000000, 0.9204443524957584000 ) ) ;
#4564 = CARTESIAN_POINT ( 'NONE',  ( 12.00000000000000178, 2.399999999999999911, 37.49999999999999289 ) ) ;
#4565 = ORIENTED_EDGE ( 'NONE', *, *, #1720, .T. ) ;
#4566 = CARTESIAN_POINT ( 'NONE',  ( -37.79223433386832198, -0.01910681387066068618, 48.47793950087201864 ) ) ;
#4567 = CARTESIAN_POINT ( 'NONE',  ( 31.65733862529602405, 1.399999999999999689, 28.44999999999998863 ) ) ;
#4568 = ORIENTED_EDGE ( 'NONE', *, *, #661, .T. ) ;
#4569 = LINE ( 'NONE', #6337, #3518 ) ;
#4570 = DIRECTION ( 'NONE',  ( 0.000000000000000000, 1.000000000000000000, 0.000000000000000000 ) ) ;
#4571 = EDGE_CURVE ( 'NONE', #4844, #4415, #1926, .T. ) ;
#4572 = PLANE ( 'NONE',  #143 ) ;
#4573 = VERTEX_POINT ( 'NONE', #5492 ) ;
#4574 = FACE_OUTER_BOUND ( 'NONE', #4925, .T. ) ;
#4575 = CARTESIAN_POINT ( 'NONE',  ( -38.38959468890493554, -0.3515238391271391927, 38.71401339721870016 ) ) ;
#4576 = CYLINDRICAL_SURFACE ( 'NONE', #2209, 1.899999999999999023 ) ;
#4577 = CARTESIAN_POINT ( 'NONE',  ( -38.86452359581903693, -0.4636837923426674335, -38.24597080520859294 ) ) ;
#4578 = CARTESIAN_POINT ( 'NONE',  ( 39.69089023002065630, -0.6000000000000000888, -38.00000000000000000 ) ) ;
#4579 = EDGE_CURVE ( 'NONE', #2992, #5419, #4744, .T. ) ;
#4580 = DIRECTION ( 'NONE',  ( 0.000000000000000000, 1.000000000000000000, -0.000000000000000000 ) ) ;
#4581 = ORIENTED_EDGE ( 'NONE', *, *, #6675, .F. ) ;
#4582 = CARTESIAN_POINT ( 'NONE',  ( 39.00000000000000000, 0.5999999999999998668, -9.499999999999991118 ) ) ;
#4583 = AXIS2_PLACEMENT_3D ( 'NONE', #508, #6292, #3358 ) ;
#4584 = EDGE_CURVE ( 'NONE', #3695, #7108, #7218, .T. ) ;
#4585 = VECTOR ( 'NONE', #6367, 1000.000000000000000 ) ;
#4586 = VECTOR ( 'NONE', #7155, 1000.000000000000000 ) ;
#4587 = ORIENTED_EDGE ( 'NONE', *, *, #251, .F. ) ;
#4588 = CARTESIAN_POINT ( 'NONE',  ( 38.71163986691854575, -0.3502844240493967476, -38.38677388732295981 ) ) ;
#4589 = CIRCLE ( 'NONE', #3005, 0.5999999999999996447 ) ;
#4590 =( GEOMETRIC_REPRESENTATION_CONTEXT ( 3 ) GLOBAL_UNCERTAINTY_ASSIGNED_CONTEXT ( ( #7099 ) ) GLOBAL_UNIT_ASSIGNED_CONTEXT ( ( #1639, #1073, #1373 ) ) REPRESENTATION_CONTEXT ( 'NONE', 'WORKASPACE' ) );
#4591 = CARTESIAN_POINT ( 'NONE',  ( 10.50000000000000178, 0.5999999999999998668, -3.499999999999982236 ) ) ;
#4592 = AXIS2_PLACEMENT_3D ( 'NONE', #1967, #7275, #2006 ) ;
#4593 = AXIS2_PLACEMENT_3D ( 'NONE', #5674, #1706, #6215 ) ;
#4594 = AXIS2_PLACEMENT_3D ( 'NONE', #4781, #4257, #3727 ) ;
#4595 = EDGE_CURVE ( 'NONE', #2438, #4102, #3779, .T. ) ;
#4596 = ORIENTED_EDGE ( 'NONE', *, *, #50, .F. ) ;
#4597 = CARTESIAN_POINT ( 'NONE',  ( 31.65733862529602405, 0.9999999999999997780, 28.44999999999998863 ) ) ;
#4598 = ORIENTED_EDGE ( 'NONE', *, *, #5921, .T. ) ;
#4599 = CYLINDRICAL_SURFACE ( 'NONE', #134, 0.6000000000000033085 ) ;
#4600 = CARTESIAN_POINT ( 'NONE',  ( -37.50000000000001421, 0.5999999999999998668, -10.99999999999999112 ) ) ;
#4601 = VECTOR ( 'NONE', #548, 1000.000000000000114 ) ;
#4602 = DIRECTION ( 'NONE',  ( 0.9204443524957552913, 0.000000000000000000, 0.3908736291420409348 ) ) ;
#4603 = TOROIDAL_SURFACE ( 'NONE', #2275, 2.100000000000000089, 0.5999999999999999778 ) ;
#4604 = CARTESIAN_POINT ( 'NONE',  ( -48.40000000000000568, 0.000000000000000000, -37.56696972201766016 ) ) ;
#4605 = EDGE_CURVE ( 'NONE', #5840, #2476, #7255, .T. ) ;
#4606 = ORIENTED_EDGE ( 'NONE', *, *, #2963, .F. ) ;
#4607 = VECTOR ( 'NONE', #5874, 1000.000000000000000 ) ;
#4608 = LINE ( 'NONE', #4681, #7048 ) ;
#4609 = CARTESIAN_POINT ( 'NONE',  ( 48.39999999999999147, -1.084202172485504434E-16, -37.56696972201766727 ) ) ;
#4610 = VERTEX_POINT ( 'NONE', #775 ) ;
#4611 = FACE_OUTER_BOUND ( 'NONE', #3119, .T. ) ;
#4612 = VECTOR ( 'NONE', #5755, 1000.000000000000114 ) ;
#4613 = LINE ( 'NONE', #5229, #7191 ) ;
#4614 = DIRECTION ( 'NONE',  ( 0.000000000000000000, 0.000000000000000000, 1.000000000000000000 ) ) ;
#4615 = ORIENTED_EDGE ( 'NONE', *, *, #1601, .T. ) ;
#4616 = CARTESIAN_POINT ( 'NONE',  ( -44.00000000000000711, -1.600000000000000089, -44.00000000000000000 ) ) ;
#4617 = ORIENTED_EDGE ( 'NONE', *, *, #4802, .T. ) ;
#4618 = EDGE_CURVE ( 'NONE', #709, #6359, #6722, .T. ) ;
#4619 = DIRECTION ( 'NONE',  ( -1.000000000000000000, 0.000000000000000000, 0.000000000000000000 ) ) ;
#4620 = DIRECTION ( 'NONE',  ( 1.000000000000000000, 0.000000000000000000, 0.000000000000000000 ) ) ;
#4621 = CARTESIAN_POINT ( 'NONE',  ( -39.00000000000000000, 0.0003232785384986794353, -37.45133180695232511 ) ) ;
#4622 = CIRCLE ( 'NONE', #6723, 1.500000000000001332 ) ;
#4623 = DIRECTION ( 'NONE',  ( 0.000000000000000000, 0.000000000000000000, -1.000000000000000000 ) ) ;
#4624 = LINE ( 'NONE', #7044, #5769 ) ;
#4625 = ORIENTED_EDGE ( 'NONE', *, *, #3989, .T. ) ;
#4626 = CARTESIAN_POINT ( 'NONE',  ( -44.00000000000001421, -1.600000000000000089, -49.00000000000000000 ) ) ;
#4627 = ORIENTED_EDGE ( 'NONE', *, *, #2044, .F. ) ;
#4628 = CIRCLE ( 'NONE', #6846, 0.3999999999999975797 ) ;
#4629 = EDGE_CURVE ( 'NONE', #5953, #39, #2797, .T. ) ;
#4630 = CARTESIAN_POINT ( 'NONE',  ( 37.50000000000000000, 0.5999999999999999778, -9.499999999999991118 ) ) ;
#4631 = DIRECTION ( 'NONE',  ( -1.000000000000000000, 0.000000000000000000, 0.000000000000000000 ) ) ;
#4632 = CARTESIAN_POINT ( 'NONE',  ( -49.00000000000000711, 0.5617863553589041992, -37.94572141876577831 ) ) ;
#4633 = ORIENTED_EDGE ( 'NONE', *, *, #641, .F. ) ;
#4634 = ORIENTED_EDGE ( 'NONE', *, *, #4219, .T. ) ;
#4635 = ORIENTED_EDGE ( 'NONE', *, *, #3563, .F. ) ;
#4636 = FACE_BOUND ( 'NONE', #5218, .T. ) ;
#4637 = CARTESIAN_POINT ( 'NONE',  ( 43.99999999999999289, -1.600000000000000089, -43.99999999999999289 ) ) ;
#4638 = EDGE_CURVE ( 'NONE', #3864, #1572, #226, .T. ) ;
#4639 = CARTESIAN_POINT ( 'NONE',  ( 31.17297297297297831, 0.9999999999999997780, 13.23783783783781942 ) ) ;
#4640 = DIRECTION ( 'NONE',  ( 0.000000000000000000, 0.000000000000000000, 1.000000000000000000 ) ) ;
#4641 = ORIENTED_EDGE ( 'NONE', *, *, #1725, .F. ) ;
#4642 = CARTESIAN_POINT ( 'NONE',  ( 45.72500000000000142, 1.399999999999999689, 0.000000000000000000 ) ) ;
#4643 = CARTESIAN_POINT ( 'NONE',  ( 43.99999999999999289, 2.200000000000000178, -42.09999999999999432 ) ) ;
#4644 = ORIENTED_EDGE ( 'NONE', *, *, #393, .T. ) ;
#4645 = EDGE_CURVE ( 'NONE', #982, #5015, #6964, .T. ) ;
#4646 = DIRECTION ( 'NONE',  ( 1.000000000000000000, 0.000000000000000000, 0.000000000000000000 ) ) ;
#4647 = LINE ( 'NONE', #4757, #6767 ) ;
#4648 = VERTEX_POINT ( 'NONE', #3816 ) ;
#4649 = FACE_OUTER_BOUND ( 'NONE', #6705, .T. ) ;
#4650 = CARTESIAN_POINT ( 'NONE',  ( 47.60000000000001563, -1.600000000000000089, 38.00000000000000000 ) ) ;
#4651 = CARTESIAN_POINT ( 'NONE',  ( -44.00000000000000711, 2.399999999999999911, 49.00000000000000000 ) ) ;
#4652 = CARTESIAN_POINT ( 'NONE',  ( -38.93807484490488946, 0.3847611793459445040, -37.93943609509720005 ) ) ;
#4653 = CIRCLE ( 'NONE', #1109, 1.500000000000001332 ) ;
#4654 = CARTESIAN_POINT ( 'NONE',  ( -39.48626343282644058, -0.09441134058113997973, -37.73823217556061138 ) ) ;
#4655 = ORIENTED_EDGE ( 'NONE', *, *, #7466, .T. ) ;
#4656 = EDGE_CURVE ( 'NONE', #832, #5906, #2061, .T. ) ;
#4657 = AXIS2_PLACEMENT_3D ( 'NONE', #1929, #1891, #3051 ) ;
#4658 = CYLINDRICAL_SURFACE ( 'NONE', #3502, 0.6000000000000033085 ) ;
#4659 = B_SPLINE_CURVE_WITH_KNOTS ( 'NONE', 3,
 ( #3443, #7586, #7007, #6386 ),
 .UNSPECIFIED., .F., .F.,
 ( 4, 4 ),
 ( 1.788451319460673757E-22, 4.917209685198391456E-05 ),
 .UNSPECIFIED. ) ;
#4660 = ORIENTED_EDGE ( 'NONE', *, *, #1456, .F. ) ;
#4661 = AXIS2_PLACEMENT_3D ( 'NONE', #958, #6934, #5166 ) ;
#4662 = AXIS2_PLACEMENT_3D ( 'NONE', #6289, #1002, #932 ) ;
#4663 = CARTESIAN_POINT ( 'NONE',  ( 35.75000000000000711, 2.399999999999999911, 46.24999999999998579 ) ) ;
#4664 = CARTESIAN_POINT ( 'NONE',  ( -39.01340293977062856, -0.009253629890934282273, 37.68210881791553390 ) ) ;
#4665 = DIRECTION ( 'NONE',  ( 0.000000000000000000, 0.000000000000000000, 1.000000000000000000 ) ) ;
#4666 = AXIS2_PLACEMENT_3D ( 'NONE', #2819, #3910, #409 ) ;
#4667 = ORIENTED_EDGE ( 'NONE', *, *, #7033, .T. ) ;
#4668 = EDGE_CURVE ( 'NONE', #2876, #6852, #6143, .T. ) ;
#4669 = CARTESIAN_POINT ( 'NONE',  ( -38.76685250424269924, -0.3729243180469895558, 48.90471125365242244 ) ) ;
#4670 = ORIENTED_EDGE ( 'NONE', *, *, #4676, .T. ) ;
#4671 = ORIENTED_EDGE ( 'NONE', *, *, #5861, .F. ) ;
#4672 = AXIS2_PLACEMENT_3D ( 'NONE', #5206, #2247, #7556 ) ;
#4673 = DIRECTION ( 'NONE',  ( -0.3908736291420336073, -0.000000000000000000, -0.9204443524957585110 ) ) ;
#4674 = CARTESIAN_POINT ( 'NONE',  ( 38.00000000000000711, -1.600000000000000089, 0.000000000000000000 ) ) ;
#4675 = AXIS2_PLACEMENT_3D ( 'NONE', #3822, #7304, #3698 ) ;
#4676 = EDGE_CURVE ( 'NONE', #6517, #5267, #4985, .T. ) ;
#4677 = CARTESIAN_POINT ( 'NONE',  ( -38.48275862068965836, -1.600000000000000089, 38.63321908449344022 ) ) ;
#4678 = CARTESIAN_POINT ( 'NONE',  ( -44.00000000000000711, 2.399999999999999911, 44.00000000000000711 ) ) ;
#4679 = EDGE_CURVE ( 'NONE', #6911, #2794, #4143, .T. ) ;
#4680 = ORIENTED_EDGE ( 'NONE', *, *, #6010, .T. ) ;
#4681 = CARTESIAN_POINT ( 'NONE',  ( 42.62500000000000711, 2.399999999999999911, 17.66000000000000369 ) ) ;
#4682 = DIRECTION ( 'NONE',  ( -0.000000000000000000, -1.000000000000000000, -0.000000000000000000 ) ) ;
#4683 = EDGE_CURVE ( 'NONE', #1564, #796, #854, .T. ) ;
#4684 = EDGE_LOOP ( 'NONE', ( #3353, #4248, #7280, #6744 ) ) ;
#4685 = FACE_OUTER_BOUND ( 'NONE', #660, .T. ) ;
#4686 = PLANE ( 'NONE',  #512 ) ;
#4687 = VERTEX_POINT ( 'NONE', #4414 ) ;
#4688 = CARTESIAN_POINT ( 'NONE',  ( 39.16149774207323730, -0.3078974084223062846, -49.00000000000000711 ) ) ;
#4689 = EDGE_CURVE ( 'NONE', #2888, #1895, #2546, .T. ) ;
#4690 = DIRECTION ( 'NONE',  ( 0.000000000000000000, 1.000000000000000000, 0.000000000000000000 ) ) ;
#4691 = DIRECTION ( 'NONE',  ( 0.000000000000000000, 0.000000000000000000, 1.000000000000000000 ) ) ;
#4692 = LINE ( 'NONE', #1778, #6435 ) ;
#4693 = CARTESIAN_POINT ( 'NONE',  ( -47.60000000000000142, -0.6000000000000000888, 38.00000000000000000 ) ) ;
#4694 = VERTEX_POINT ( 'NONE', #6758 ) ;
#4695 = LINE ( 'NONE', #7550, #7496 ) ;
#4696 = ORIENTED_EDGE ( 'NONE', *, *, #1210, .T. ) ;
#4697 = PLANE ( 'NONE',  #4962 ) ;
#4698 = ORIENTED_EDGE ( 'NONE', *, *, #1729, .F. ) ;
#4699 = DIRECTION ( 'NONE',  ( -0.000000000000000000, -1.000000000000000000, 0.000000000000000000 ) ) ;
#4700 = CARTESIAN_POINT ( 'NONE',  ( -38.79771364544099299, -0.06508375661145213154, 38.25578729802423084 ) ) ;
#4701 = AXIS2_PLACEMENT_3D ( 'NONE', #5148, #7389, #2122 ) ;
#4702 = CARTESIAN_POINT ( 'NONE',  ( -39.00000000000000000, 0.000000000000000000, 37.40206632590398073 ) ) ;
#4703 = ORIENTED_EDGE ( 'NONE', *, *, #2441, .T. ) ;
#4704 = CARTESIAN_POINT ( 'NONE',  ( -37.40000000000000568, -0.6000000000000000888, 0.000000000000000000 ) ) ;
#4705 = ORIENTED_EDGE ( 'NONE', *, *, #131, .T. ) ;
#4706 = SURFACE_STYLE_USAGE ( .BOTH. , #2368 ) ;
#4707 = ORIENTED_EDGE ( 'NONE', *, *, #4422, .T. ) ;
#4708 = FACE_OUTER_BOUND ( 'NONE', #91, .T. ) ;
#4709 = CARTESIAN_POINT ( 'NONE',  ( -39.40000000000000568, -1.600000000000000089, -49.00000000000000000 ) ) ;
#4710 = AXIS2_PLACEMENT_3D ( 'NONE', #4079, #658, #586 ) ;
#4711 = EDGE_CURVE ( 'NONE', #2509, #5302, #1505, .T. ) ;
#4712 = AXIS2_PLACEMENT_3D ( 'NONE', #798, #3762, #3145 ) ;
#4713 = CYLINDRICAL_SURFACE ( 'NONE', #4488, 0.5999999999999998668 ) ;
#4714 = CARTESIAN_POINT ( 'NONE',  ( -37.41844022969613803, 2.278824258717955033E-16, 39.59925818688578403 ) ) ;
#4715 = VECTOR ( 'NONE', #5168, 1000.000000000000000 ) ;
#4716 = VERTEX_POINT ( 'NONE', #6023 ) ;
#4717 = LINE ( 'NONE', #7106, #5455 ) ;
#4718 = CARTESIAN_POINT ( 'NONE',  ( 48.58416450377819018, -0.08709142887605372807, -38.03661827055722711 ) ) ;
#4719 = EDGE_LOOP ( 'NONE', ( #32, #6878, #3848, #847 ) ) ;
#4720 = EDGE_CURVE ( 'NONE', #1261, #2130, #2535, .T. ) ;
#4721 = CONICAL_SURFACE ( 'NONE', #1294, 2.100000000000004530, 0.7853981633974331800 ) ;
#4722 = AXIS2_PLACEMENT_3D ( 'NONE', #6275, #237, #5086 ) ;
#4723 = CARTESIAN_POINT ( 'NONE',  ( 38.03084161529107377, 0.2843391933685684436, -38.90556703925214777 ) ) ;
#4724 = DIRECTION ( 'NONE',  ( 0.000000000000000000, -1.000000000000000000, 0.000000000000000000 ) ) ;
#4725 = ORIENTED_EDGE ( 'NONE', *, *, #1958, .T. ) ;
#4726 = DIRECTION ( 'NONE',  ( -0.000000000000000000, -1.000000000000000000, -0.000000000000000000 ) ) ;
#4727 = VECTOR ( 'NONE', #4006, 1000.000000000000000 ) ;
#4728 = LINE ( 'NONE', #129, #4586 ) ;
#4729 = CARTESIAN_POINT ( 'NONE',  ( -39.00000000000000000, 0.5999999999999999778, 37.40206632590398073 ) ) ;
#4730 = EDGE_CURVE ( 'NONE', #4035, #2401, #3734, .T. ) ;
#4731 = CARTESIAN_POINT ( 'NONE',  ( -38.90556703925205539, 0.2843391933684262796, -38.03084161529128693 ) ) ;
#4732 = EDGE_LOOP ( 'NONE', ( #1993, #2683, #3546, #1933 ) ) ;
#4733 = CARTESIAN_POINT ( 'NONE',  ( -49.00000000000001421, 0.5617865889128803580, -37.94572035995641812 ) ) ;
#4734 = CARTESIAN_POINT ( 'NONE',  ( 44.35000000000000142, 0.9999999999999997780, 29.34999999999999432 ) ) ;
#4735 = VERTEX_POINT ( 'NONE', #2144 ) ;
#4736 = LINE ( 'NONE', #602, #6688 ) ;
#4737 = VERTEX_POINT ( 'NONE', #6249 ) ;
#4738 = CARTESIAN_POINT ( 'NONE',  ( 19.50000000000000355, 2.399999999999999467, -1.999999999999982236 ) ) ;
#4739 = DIRECTION ( 'NONE',  ( 1.000000000000000000, 0.000000000000000000, -0.000000000000000000 ) ) ;
#4740 = EDGE_CURVE ( 'NONE', #7112, #5170, #5136, .T. ) ;
#4741 = LINE ( 'NONE', #4173, #7578 ) ;
#4742 = ORIENTED_EDGE ( 'NONE', *, *, #1545, .F. ) ;
#4743 = FACE_OUTER_BOUND ( 'NONE', #1908, .T. ) ;
#4744 = CIRCLE ( 'NONE', #1686, 0.3999999999999993006 ) ;
#4745 = EDGE_LOOP ( 'NONE', ( #7422, #2013, #6867, #2351 ) ) ;
#4746 = DIRECTION ( 'NONE',  ( 0.000000000000000000, -1.000000000000000000, 0.000000000000000000 ) ) ;
#4747 = CARTESIAN_POINT ( 'NONE',  ( 37.65000000000000568, 2.399999999999999911, 33.34999999999999432 ) ) ;
#4748 = DIRECTION ( 'NONE',  ( 0.000000000000000000, 0.000000000000000000, -1.000000000000000000 ) ) ;
#4749 = DIRECTION ( 'NONE',  ( -0.000000000000000000, 1.000000000000000000, 0.000000000000000000 ) ) ;
#4750 = CARTESIAN_POINT ( 'NONE',  ( -37.45114222751232091, -0.001997110768838321424, 39.59766279253700105 ) ) ;
#4751 = ORIENTED_EDGE ( 'NONE', *, *, #6464, .T. ) ;
#4752 = EDGE_CURVE ( 'NONE', #3684, #39, #7519, .T. ) ;
#4753 = EDGE_LOOP ( 'NONE', ( #6578, #4581, #3237, #6682 ) ) ;
#4754 = EDGE_LOOP ( 'NONE', ( #7062, #3745, #834, #5562 ) ) ;
#4755 = ORIENTED_EDGE ( 'NONE', *, *, #5565, .T. ) ;
#4756 = CARTESIAN_POINT ( 'NONE',  ( 38.37768159353527153, -0.3273675707284058878, -38.71858560628223955 ) ) ;
#4757 = CARTESIAN_POINT ( 'NONE',  ( -39.00000000000000711, 2.399999999999999911, -39.00000000000000000 ) ) ;
#4758 = VERTEX_POINT ( 'NONE', #7481 ) ;
#4759 = EDGE_CURVE ( 'NONE', #3021, #3139, #4622, .T. ) ;
#4760 = DIRECTION ( 'NONE',  ( -1.000000000000000000, 0.000000000000000000, 1.807003620809164032E-16 ) ) ;
#4761 = CARTESIAN_POINT ( 'NONE',  ( 39.00000000000002132, 0.0003232785384995468512, -37.45133180695232511 ) ) ;
#4762 = CARTESIAN_POINT ( 'NONE',  ( -39.00000000000000000, 2.399999999999999911, 37.50000000000000000 ) ) ;
#4763 = ADVANCED_FACE ( 'NONE', ( #1679 ), #4557, .T. ) ;
#4764 = CARTESIAN_POINT ( 'NONE',  ( -37.50000000000001421, 0.5999999999999998668, -10.99999999999999112 ) ) ;
#4765 = CARTESIAN_POINT ( 'NONE',  ( -48.97971033318738421, -0.4874371018200672201, -39.07864531267727415 ) ) ;
#4766 = ORIENTED_EDGE ( 'NONE', *, *, #6879, .F. ) ;
#4767 = FACE_OUTER_BOUND ( 'NONE', #754, .T. ) ;
#4768 = VERTEX_POINT ( 'NONE', #536 ) ;
#4769 = ADVANCED_FACE ( 'NONE', ( #498 ), #5491, .T. ) ;
#4770 = CARTESIAN_POINT ( 'NONE',  ( 37.73021173913414117, -1.143494478793305150E-17, 48.45159095862299381 ) ) ;
#4771 = ORIENTED_EDGE ( 'NONE', *, *, #393, .F. ) ;
#4772 = VERTEX_POINT ( 'NONE', #3999 ) ;
#4773 = EDGE_CURVE ( 'NONE', #3104, #6478, #3911, .T. ) ;
#4774 = DIRECTION ( 'NONE',  ( -1.000000000000000000, 0.000000000000000000, 0.000000000000000000 ) ) ;
#4775 = AXIS2_PLACEMENT_3D ( 'NONE', #269, #307, #768 ) ;
#4776 = CARTESIAN_POINT ( 'NONE',  ( 42.62500000000000711, 1.399999999999999689, 17.66000000000000369 ) ) ;
#4777 = AXIS2_PLACEMENT_3D ( 'NONE', #5803, #5268, #6339 ) ;
#4778 = LINE ( 'NONE', #5323, #5499 ) ;
#4779 = EDGE_LOOP ( 'NONE', ( #5436, #6407, #5988, #2307, #4858 ) ) ;
#4780 = AXIS2_PLACEMENT_3D ( 'NONE', #5744, #6860, #1594 ) ;
#4781 = CARTESIAN_POINT ( 'NONE',  ( 0.000000000000000000, 0.000000000000000000, 0.000000000000000000 ) ) ;
#4782 = ORIENTED_EDGE ( 'NONE', *, *, #1576, .T. ) ;
#4783 = EDGE_CURVE ( 'NONE', #4426, #7596, #6219, .T. ) ;
#4784 = LINE ( 'NONE', #692, #6581 ) ;
#4785 = CIRCLE ( 'NONE', #4180, 0.6000000000000033085 ) ;
#4786 = CARTESIAN_POINT ( 'NONE',  ( -49.00000000000000000, 0.3305876115169502638, 38.46417554520343884 ) ) ;
#4787 = CARTESIAN_POINT ( 'NONE',  ( -39.00000000000000711, 0.6000000000000001998, -37.43473802335271472 ) ) ;
#4788 = VECTOR ( 'NONE', #3545, 1000.000000000000000 ) ;
#4789 = LINE ( 'NONE', #5374, #5222 ) ;
#4790 = AXIS2_PLACEMENT_3D ( 'NONE', #5477, #1333, #6007 ) ;
#4791 = VERTEX_POINT ( 'NONE', #5641 ) ;
#4792 = CARTESIAN_POINT ( 'NONE',  ( -47.60000000000000853, -0.5999999999999998668, -39.39999999999999858 ) ) ;
#4793 = EDGE_LOOP ( 'NONE', ( #5821, #2375, #2594, #4402 ) ) ;
#4794 = AXIS2_PLACEMENT_3D ( 'NONE', #5382, #741, #3085 ) ;
#4795 = LINE ( 'NONE', #2573, #5082 ) ;
#4796 = CARTESIAN_POINT ( 'NONE',  ( 38.18816691715270650, 0.06008825311341324527, -38.83560391452459015 ) ) ;
#4797 = CARTESIAN_POINT ( 'NONE',  ( -37.40000000000000568, -0.6000000000000000888, -39.69089023002066341 ) ) ;
#4798 = ORIENTED_EDGE ( 'NONE', *, *, #7407, .F. ) ;
#4799 = CYLINDRICAL_SURFACE ( 'NONE', #4487, 0.5999999999999998668 ) ;
#4800 = CYLINDRICAL_SURFACE ( 'NONE', #3003, 0.3999999999999975797 ) ;
#4801 = DIRECTION ( 'NONE',  ( 0.000000000000000000, 0.000000000000000000, 1.000000000000000000 ) ) ;
#4802 = EDGE_CURVE ( 'NONE', #2130, #5681, #391, .T. ) ;
#4803 = CARTESIAN_POINT ( 'NONE',  ( -43.99999999999999289, -1.399999999999990585, 45.89999999999999858 ) ) ;
#4804 = CARTESIAN_POINT ( 'NONE',  ( 35.50000000000000711, 2.399999999999999911, 10.99999999999999645 ) ) ;
#4805 = ORIENTED_EDGE ( 'NONE', *, *, #1504, .T. ) ;
#4806 = CARTESIAN_POINT ( 'NONE',  ( 38.48275862068965125, -0.5999999999999998668, -38.63321908449344022 ) ) ;
#4807 = ORIENTED_EDGE ( 'NONE', *, *, #2364, .T. ) ;
#4808 = ORIENTED_EDGE ( 'NONE', *, *, #5321, .F. ) ;
#4809 = LINE ( 'NONE', #1291, #5907 ) ;
#4810 = CARTESIAN_POINT ( 'NONE',  ( 39.40000000000000568, -0.6000000000000000888, 39.39999999999999858 ) ) ;
#4811 = ADVANCED_FACE ( 'NONE', ( #7408 ), #7399, .T. ) ;
#4812 = CARTESIAN_POINT ( 'NONE',  ( 12.60000000000000142, 0.5999999999999999778, 37.50000000000000000 ) ) ;
#4813 = EDGE_LOOP ( 'NONE', ( #5211, #6288, #4337, #6959 ) ) ;
#4814 = CARTESIAN_POINT ( 'NONE',  ( -38.32282589088511315, -0.1978804517196892931, 48.72385482109521604 ) ) ;
#4815 = ORIENTED_EDGE ( 'NONE', *, *, #2805, .T. ) ;
#4816 = DIRECTION ( 'NONE',  ( -1.000000000000000000, 0.000000000000000000, -1.508455196501573796E-15 ) ) ;
#4817 = CARTESIAN_POINT ( 'NONE',  ( 41.12500000000000711, 2.399999999999999911, 14.56000000000000405 ) ) ;
#4818 = DIRECTION ( 'NONE',  ( 0.000000000000000000, 0.000000000000000000, 1.000000000000000000 ) ) ;
#4819 = DIRECTION ( 'NONE',  ( -1.000000000000000000, 0.000000000000000000, 0.000000000000000000 ) ) ;
#4820 = ADVANCED_FACE ( 'NONE', ( #5401 ), #1183, .F. ) ;
#4821 = DIRECTION ( 'NONE',  ( 0.000000000000000000, 0.000000000000000000, 1.000000000000000000 ) ) ;
#4822 = ORIENTED_EDGE ( 'NONE', *, *, #6982, .F. ) ;
#4823 = CARTESIAN_POINT ( 'NONE',  ( 38.00000000000000711, -0.5999999999999998668, -47.60000000000000142 ) ) ;
#4824 = ORIENTED_EDGE ( 'NONE', *, *, #2860, .F. ) ;
#4825 = CIRCLE ( 'NONE', #1406, 1.899999999999999023 ) ;
#4826 = AXIS2_PLACEMENT_3D ( 'NONE', #6568, #1310, #6027 ) ;
#4827 = FACE_OUTER_BOUND ( 'NONE', #6965, .T. ) ;
#4828 = CARTESIAN_POINT ( 'NONE',  ( 49.00000000000000000, -0.1071053493270772428, -38.57099627924726803 ) ) ;
#4829 = CIRCLE ( 'NONE', #191, 1.499999999999999556 ) ;
#4830 = CARTESIAN_POINT ( 'NONE',  ( 38.48275862068965125, -0.5999999999999998668, -38.63321908449344733 ) ) ;
#4831 = AXIS2_PLACEMENT_3D ( 'NONE', #6698, #2586, #3218 ) ;
#4832 = VECTOR ( 'NONE', #4517, 1000.000000000000000 ) ;
#4833 = EDGE_CURVE ( 'NONE', #2602, #2021, #6590, .T. ) ;
#4834 = CARTESIAN_POINT ( 'NONE',  ( -38.92038483689042039, -0.01382958147091078657, -49.00000000000001421 ) ) ;
#4835 = ORIENTED_EDGE ( 'NONE', *, *, #1685, .F. ) ;
#4836 = CARTESIAN_POINT ( 'NONE',  ( -39.00000000000000711, 0.5960057784623229438, -37.50000000000000000 ) ) ;
#4837 = TOROIDAL_SURFACE ( 'NONE', #7414, 1.100000000000000089, 0.4000000000000000222 ) ;
#4838 = AXIS2_PLACEMENT_3D ( 'NONE', #1837, #7103, #45 ) ;
#4839 = CARTESIAN_POINT ( 'NONE',  ( 34.60000000000002274, 0.5999999999999999778, 18.50000000000000000 ) ) ;
#4840 = LINE ( 'NONE', #749, #4896 ) ;
#4841 = CARTESIAN_POINT ( 'NONE',  ( -38.61610988490544827, -0.3145356187915022139, -48.85013961375581459 ) ) ;
#4842 = AXIS2_PLACEMENT_3D ( 'NONE', #6962, #5765, #4535 ) ;
#4843 = DIRECTION ( 'NONE',  ( -0.000000000000000000, -1.000000000000000000, -0.000000000000000000 ) ) ;
#4844 = VERTEX_POINT ( 'NONE', #646 ) ;
#4845 = CARTESIAN_POINT ( 'NONE',  ( 37.50000000000000000, 2.399999999999999911, -9.499999999999991118 ) ) ;
#4846 = ORIENTED_EDGE ( 'NONE', *, *, #4656, .F. ) ;
#4847 = ADVANCED_FACE ( 'NONE', ( #4140 ), #6110, .F. ) ;
#4848 = ORIENTED_EDGE ( 'NONE', *, *, #3488, .F. ) ;
#4849 = ORIENTED_EDGE ( 'NONE', *, *, #5620, .F. ) ;
#4850 = CARTESIAN_POINT ( 'NONE',  ( -37.40000000000000568, -0.6000000000000000888, 47.60000000000000142 ) ) ;
#4851 = CIRCLE ( 'NONE', #6456, 1.899999999999999023 ) ;
#4852 = DIRECTION ( 'NONE',  ( -0.000000000000000000, -1.000000000000000000, -0.000000000000000000 ) ) ;
#4853 = DIRECTION ( 'NONE',  ( 0.000000000000000000, 0.000000000000000000, 1.000000000000000000 ) ) ;
#4854 = VERTEX_POINT ( 'NONE', #35 ) ;
#4855 = CARTESIAN_POINT ( 'NONE',  ( -38.14976739825421248, -0.3983592565144589703, 38.98159443824523152 ) ) ;
#4856 = ADVANCED_FACE ( 'NONE', ( #1218 ), #5901, .F. ) ;
#4857 = APPLICATION_PROTOCOL_DEFINITION ( 'draft international standard', 'automotive_design', 1998, #7378 ) ;
#4858 = ORIENTED_EDGE ( 'NONE', *, *, #3803, .T. ) ;
#4859 = CARTESIAN_POINT ( 'NONE',  ( 44.00000000000002132, -1.600000000000000089, 44.00000000000000000 ) ) ;
#4860 = CYLINDRICAL_SURFACE ( 'NONE', #1257, 1.500000000000001332 ) ;
#4861 = FACE_OUTER_BOUND ( 'NONE', #36, .T. ) ;
#4862 = LINE ( 'NONE', #3654, #815 ) ;
#4863 = CARTESIAN_POINT ( 'NONE',  ( 49.00000000000000711, 0.5617865889128803580, 37.94572035995641812 ) ) ;
#4864 = VECTOR ( 'NONE', #5839, 1000.000000000000000 ) ;
#4865 = VERTEX_POINT ( 'NONE', #4100 ) ;
#4866 = FACE_OUTER_BOUND ( 'NONE', #5881, .T. ) ;
#4867 = ORIENTED_EDGE ( 'NONE', *, *, #5262, .T. ) ;
#4868 = CARTESIAN_POINT ( 'NONE',  ( 0.000000000000000000, -0.5999999999999999778, -37.39999999999999858 ) ) ;
#4869 = CARTESIAN_POINT ( 'NONE',  ( -39.40000000000000568, 2.399999999999999911, -49.00000000000000000 ) ) ;
#4870 = ADVANCED_FACE ( 'NONE', ( #2443 ), #5622, .F. ) ;
#4871 = VECTOR ( 'NONE', #5829, 1000.000000000000000 ) ;
#4872 = CARTESIAN_POINT ( 'NONE',  ( 47.60000000000001563, -1.600000000000000311, 38.00000000000000000 ) ) ;
#4873 = CARTESIAN_POINT ( 'NONE',  ( 41.52500000000000568, 0.9999999999999997780, 16.16000000000000014 ) ) ;
#4874 = ORIENTED_EDGE ( 'NONE', *, *, #6038, .F. ) ;
#4875 = DIRECTION ( 'NONE',  ( 0.000000000000000000, 0.000000000000000000, 1.000000000000000000 ) ) ;
#4876 = ADVANCED_FACE ( 'NONE', ( #724 ), #1810, .T. ) ;
#4877 = CARTESIAN_POINT ( 'NONE',  ( 38.86463631209910119, -0.4636211968860593502, -38.24587456745702241 ) ) ;
#4878 = LINE ( 'NONE', #1245, #5651 ) ;
#4879 = DIRECTION ( 'NONE',  ( 0.000000000000000000, -0.000000000000000000, -1.000000000000000000 ) ) ;
#4880 = CARTESIAN_POINT ( 'NONE',  ( 38.99999999999999289, 2.399999999999999911, -37.49999999999999289 ) ) ;
#4881 = ORIENTED_EDGE ( 'NONE', *, *, #2271, .F. ) ;
#4882 = CARTESIAN_POINT ( 'NONE',  ( 39.07866674473627455, -0.4874447705782440354, 48.97971404472723833 ) ) ;
#4883 = ORIENTED_EDGE ( 'NONE', *, *, #7333, .T. ) ;
#4884 = ORIENTED_EDGE ( 'NONE', *, *, #6900, .F. ) ;
#4885 = ORIENTED_EDGE ( 'NONE', *, *, #849, .F. ) ;
#4886 = VERTEX_POINT ( 'NONE', #2409 ) ;
#4887 = LINE ( 'NONE', #683, #2884 ) ;
#4888 = CARTESIAN_POINT ( 'NONE',  ( 38.16298605891466167, -0.1347061827640002318, 48.64644470798886289 ) ) ;
#4889 = CARTESIAN_POINT ( 'NONE',  ( 42.62500000000000711, 1.399999999999999689, 13.06000000000000405 ) ) ;
#4890 = EDGE_LOOP ( 'NONE', ( #1526, #3280, #4213, #4824 ) ) ;
#4891 = LINE ( 'NONE', #5560, #4420 ) ;
#4892 = EDGE_LOOP ( 'NONE', ( #3470, #5187, #5146, #4141 ) ) ;
#4893 = DIRECTION ( 'NONE',  ( 1.156482317317871478E-16, 0.000000000000000000, -1.000000000000000000 ) ) ;
#4894 = DIRECTION ( 'NONE',  ( 0.000000000000000000, 1.000000000000000000, 0.000000000000000000 ) ) ;
#4895 = CARTESIAN_POINT ( 'NONE',  ( -37.56696972201767437, -1.084202172485504434E-16, -48.39999999999999858 ) ) ;
#4896 = VECTOR ( 'NONE', #6078, 1000.000000000000000 ) ;
#4897 = DIRECTION ( 'NONE',  ( -1.000000000000000000, 0.000000000000000000, 2.276539994720219349E-16 ) ) ;
#4898 = EDGE_CURVE ( 'NONE', #2813, #5286, #6396, .T. ) ;
#4899 = CARTESIAN_POINT ( 'NONE',  ( 34.00000000000001421, 0.5999999999999998668, 20.00000000000000355 ) ) ;
#4900 = VECTOR ( 'NONE', #6671, 1000.000000000000000 ) ;
#4901 = VERTEX_POINT ( 'NONE', #1866 ) ;
#4902 = FACE_OUTER_BOUND ( 'NONE', #1430, .T. ) ;
#4903 = CIRCLE ( 'NONE', #1238, 0.4000000000000010214 ) ;
#4904 = EDGE_LOOP ( 'NONE', ( #6168, #4532, #4967, #4368 ) ) ;
#4905 = CARTESIAN_POINT ( 'NONE',  ( 27.73999999999999133, 0.000000000000000000, -44.09999999999999432 ) ) ;
#4906 = EDGE_CURVE ( 'NONE', #7591, #5653, #4778, .T. ) ;
#4907 = CARTESIAN_POINT ( 'NONE',  ( 47.60000000000001563, -0.5999999999999998668, 39.40000000000000568 ) ) ;
#4908 = AXIS2_PLACEMENT_3D ( 'NONE', #6121, #3675, #5971 ) ;
#4909 = DIRECTION ( 'NONE',  ( 0.000000000000000000, 1.000000000000000000, 0.000000000000000000 ) ) ;
#4910 = EDGE_CURVE ( 'NONE', #7365, #3001, #4741, .T. ) ;
#4911 = CARTESIAN_POINT ( 'NONE',  ( 49.00000000000001421, -0.1875914490206392060, 38.73762170596389609 ) ) ;
#4912 = EDGE_CURVE ( 'NONE', #2690, #4275, #6515, .T. ) ;
#4913 = CARTESIAN_POINT ( 'NONE',  ( -37.94571786504343436, 0.5617871102788484228, -49.00000000000000000 ) ) ;
#4914 = CIRCLE ( 'NONE', #1612, 0.5999999999999997558 ) ;
#4915 = EDGE_LOOP ( 'NONE', ( #4568, #3648 ) ) ;
#4916 = CARTESIAN_POINT ( 'NONE',  ( -38.63321908449344733, -0.5999999999999998668, -38.48275862068965125 ) ) ;
#4917 = VECTOR ( 'NONE', #1367, 1000.000000000000000 ) ;
#4918 = FACE_OUTER_BOUND ( 'NONE', #480, .T. ) ;
#4919 = FACE_OUTER_BOUND ( 'NONE', #3692, .T. ) ;
#4920 = DIRECTION ( 'NONE',  ( 0.08143023861490139570, -0.9966790437443340256, 0.000000000000000000 ) ) ;
#4921 = EDGE_CURVE ( 'NONE', #4935, #6905, #4628, .T. ) ;
#4922 = CARTESIAN_POINT ( 'NONE',  ( 39.59999999999999432, 0.000000000000000000, -37.40206632590398073 ) ) ;
#4923 = EDGE_LOOP ( 'NONE', ( #7551, #6165, #7565, #1918 ) ) ;
#4924 = DIRECTION ( 'NONE',  ( 0.000000000000000000, 0.000000000000000000, 1.000000000000000000 ) ) ;
#4925 = EDGE_LOOP ( 'NONE', ( #2359, #6431, #880, #1374 ) ) ;
#4926 = ORIENTED_EDGE ( 'NONE', *, *, #5122, .T. ) ;
#4927 = ORIENTED_EDGE ( 'NONE', *, *, #3994, .T. ) ;
#4928 = ORIENTED_EDGE ( 'NONE', *, *, #285, .F. ) ;
#4929 = VERTEX_POINT ( 'NONE', #3029 ) ;
#4930 = CIRCLE ( 'NONE', #1622, 1.500000000000000000 ) ;
#4931 = DIRECTION ( 'NONE',  ( 1.000000000000000000, 0.000000000000000000, 0.000000000000000000 ) ) ;
#4932 = CARTESIAN_POINT ( 'NONE',  ( 38.90482994622658452, -0.02999980082827116354, 49.00000000000000000 ) ) ;
#4933 = ORIENTED_EDGE ( 'NONE', *, *, #2383, .T. ) ;
#4934 = DIRECTION ( 'NONE',  ( 0.000000000000000000, 0.000000000000000000, -1.000000000000000000 ) ) ;
#4935 = VERTEX_POINT ( 'NONE', #5866 ) ;
#4936 = LINE ( 'NONE', #1524, #4900 ) ;
#4937 = ORIENTED_EDGE ( 'NONE', *, *, #3134, .T. ) ;
#4938 = DIRECTION ( 'NONE',  ( -1.000000000000000000, 0.000000000000000000, 0.000000000000000000 ) ) ;
#4939 = CARTESIAN_POINT ( 'NONE',  ( 37.56696972201766016, 0.000000000000000000, -48.39999999999999858 ) ) ;
#4940 = CARTESIAN_POINT ( 'NONE',  ( -38.57099627924728935, -0.1071053493268282336, -49.00000000000000000 ) ) ;
#4941 = DIRECTION ( 'NONE',  ( 0.000000000000000000, 0.000000000000000000, 1.000000000000000000 ) ) ;
#4942 = CARTESIAN_POINT ( 'NONE',  ( 37.65000000000000568, 2.399999999999999911, 29.34999999999999432 ) ) ;
#4943 = B_SPLINE_CURVE_WITH_KNOTS ( 'NONE', 3,
 ( #2352, #4688, #1813, #5850, #3588, #5925, #593, #2899 ),
 .UNSPECIFIED., .F., .F.,
 ( 4, 2, 2, 4 ),
 ( -6.928203230515170597E-06, 0.001124383097598317515, 0.001690038748012741851, 0.002255694398427166188 ),
 .UNSPECIFIED. ) ;
#4944 = ORIENTED_EDGE ( 'NONE', *, *, #4544, .T. ) ;
#4945 = CARTESIAN_POINT ( 'NONE',  ( 44.35000000000000142, 1.399999999999999689, 33.34999999999999432 ) ) ;
#4946 = EDGE_LOOP ( 'NONE', ( #7238, #2139, #2484, #2713 ) ) ;
#4947 = VERTEX_POINT ( 'NONE', #610 ) ;
#4948 = EDGE_CURVE ( 'NONE', #3964, #2891, #2952, .T. ) ;
#4949 = CARTESIAN_POINT ( 'NONE',  ( 48.99999999999999289, 0.007587539610756841718, -38.24525592695678711 ) ) ;
#4950 = DIRECTION ( 'NONE',  ( 0.000000000000000000, -0.000000000000000000, 1.000000000000000000 ) ) ;
#4951 = DIRECTION ( 'NONE',  ( 1.000000000000000000, 0.000000000000000000, 0.000000000000000000 ) ) ;
#4952 = AXIS2_PLACEMENT_3D ( 'NONE', #6347, #6502, #4623 ) ;
#4953 = TOROIDAL_SURFACE ( 'NONE', #3132, 2.100000000000000089, 0.5999999999999999778 ) ;
#4954 = CARTESIAN_POINT ( 'NONE',  ( 39.00000000000000000, 0.000000000000000000, -1.999999999999983125 ) ) ;
#4955 = AXIS2_PLACEMENT_3D ( 'NONE', #252, #3868, #1550 ) ;
#4956 = VERTEX_POINT ( 'NONE', #4326 ) ;
#4957 = CARTESIAN_POINT ( 'NONE',  ( 32.50000000000001421, 2.399999999999999467, 18.50000000000000355 ) ) ;
#4958 = EDGE_CURVE ( 'NONE', #3284, #2036, #6049, .T. ) ;
#4959 = AXIS2_PLACEMENT_3D ( 'NONE', #1642, #4005, #3860 ) ;
#4960 = DIRECTION ( 'NONE',  ( 0.000000000000000000, 0.000000000000000000, 1.000000000000000000 ) ) ;
#4961 = AXIS2_PLACEMENT_3D ( 'NONE', #949, #2084, #5076 ) ;
#4962 = AXIS2_PLACEMENT_3D ( 'NONE', #7046, #139, #2983 ) ;
#4963 = DIRECTION ( 'NONE',  ( 0.000000000000000000, 1.000000000000000000, 0.000000000000000000 ) ) ;
#4964 = AXIS2_PLACEMENT_3D ( 'NONE', #1698, #6309, #2823 ) ;
#4965 = LINE ( 'NONE', #7353, #6918 ) ;
#4966 = CARTESIAN_POINT ( 'NONE',  ( -43.99999999999999289, -1.600000000000000089, 44.00000000000000000 ) ) ;
#4967 = ORIENTED_EDGE ( 'NONE', *, *, #1388, .F. ) ;
#4968 = CARTESIAN_POINT ( 'NONE',  ( -1.240000000000006875, 0.5999999999999999778, -41.99999999999998579 ) ) ;
#4969 = VERTEX_POINT ( 'NONE', #2064 ) ;
#4970 = ORIENTED_EDGE ( 'NONE', *, *, #5303, .T. ) ;
#4971 = AXIS2_PLACEMENT_3D ( 'NONE', #5522, #4938, #7291 ) ;
#4972 = DIRECTION ( 'NONE',  ( 1.000000000000000000, 0.000000000000000000, -7.228014483236656126E-16 ) ) ;
#4973 = EDGE_CURVE ( 'NONE', #4573, #2876, #3271, .T. ) ;
#4974 = LINE ( 'NONE', #2751, #6763 ) ;
#4975 = AXIS2_PLACEMENT_3D ( 'NONE', #3538, #4262, #7217 ) ;
#4976 = LINE ( 'NONE', #6094, #4512 ) ;
#4977 = ORIENTED_EDGE ( 'NONE', *, *, #4446, .T. ) ;
#4978 = VECTOR ( 'NONE', #1190, 999.9999999999998863 ) ;
#4979 = CARTESIAN_POINT ( 'NONE',  ( -38.48275862068965836, -0.5999999999999998668, 38.63321908449344022 ) ) ;
#4980 = ORIENTED_EDGE ( 'NONE', *, *, #384, .T. ) ;
#4981 = ORIENTED_EDGE ( 'NONE', *, *, #6724, .T. ) ;
#4982 = DIRECTION ( 'NONE',  ( 0.000000000000000000, 1.000000000000000000, 0.000000000000000000 ) ) ;
#4983 = EDGE_CURVE ( 'NONE', #3418, #1486, #1202, .T. ) ;
#4984 = CARTESIAN_POINT ( 'NONE',  ( -37.67750398295714831, -5.887749338175012493E-16, -48.43493321106431182 ) ) ;
#4985 = LINE ( 'NONE', #7296, #7575 ) ;
#4986 = EDGE_LOOP ( 'NONE', ( #5934, #2111, #1480, #395 ) ) ;
#4987 = ORIENTED_EDGE ( 'NONE', *, *, #881, .F. ) ;
#4988 = CARTESIAN_POINT ( 'NONE',  ( 39.18997587142018801, -0.5265073566089355506, -49.00000000000000000 ) ) ;
#4989 = VERTEX_POINT ( 'NONE', #2601 ) ;
#4990 = CARTESIAN_POINT ( 'NONE',  ( 39.00000000000000000, -7.600000000000000533, -3.499999999999982236 ) ) ;
#4991 = CARTESIAN_POINT ( 'NONE',  ( 0.000000000000000000, -1.600000000000000089, 0.000000000000000000 ) ) ;
#4992 = DIRECTION ( 'NONE',  ( 1.000000000000000000, -0.000000000000000000, 1.508455196501573796E-15 ) ) ;
#4993 = DIRECTION ( 'NONE',  ( -1.000000000000000000, 0.000000000000000000, 0.000000000000000000 ) ) ;
#4994 = EDGE_CURVE ( 'NONE', #3396, #2389, #1324, .T. ) ;
#4995 = CARTESIAN_POINT ( 'NONE',  ( 29.83999999999999275, 0.000000000000000000, -41.99999999999999289 ) ) ;
#4996 = ORIENTED_EDGE ( 'NONE', *, *, #6987, .T. ) ;
#4997 = CARTESIAN_POINT ( 'NONE',  ( -37.56696972201767437, 2.168404344971008868E-16, 49.00000000000000000 ) ) ;
#4998 = VECTOR ( 'NONE', #4380, 1000.000000000000000 ) ;
#4999 = CARTESIAN_POINT ( 'NONE',  ( 37.50000000000000000, 0.5999999999999999778, -4.099999999999981881 ) ) ;
#5000 = CARTESIAN_POINT ( 'NONE',  ( 10.50000000000000178, 2.399999999999999911, -3.499999999999982236 ) ) ;
#5001 = CARTESIAN_POINT ( 'NONE',  ( -39.26850353349850309, -0.2360183771158674559, -37.93673239963852239 ) ) ;
#5002 = EDGE_CURVE ( 'NONE', #6707, #4694, #7168, .T. ) ;
#5003 = CARTESIAN_POINT ( 'NONE',  ( -37.40206632590398783, 0.5999999999999999778, -39.00000000000000000 ) ) ;
#5004 = ORIENTED_EDGE ( 'NONE', *, *, #1259, .F. ) ;
#5005 = DIRECTION ( 'NONE',  ( 0.000000000000000000, 0.000000000000000000, 1.000000000000000000 ) ) ;
#5006 = ORIENTED_EDGE ( 'NONE', *, *, #6460, .F. ) ;
#5007 = ORIENTED_EDGE ( 'NONE', *, *, #6437, .F. ) ;
#5008 = ORIENTED_EDGE ( 'NONE', *, *, #909, .F. ) ;
#5009 = EDGE_LOOP ( 'NONE', ( #3789, #3820, #3543, #6342 ) ) ;
#5010 = EDGE_CURVE ( 'NONE', #3817, #1332, #7212, .T. ) ;
#5011 = CARTESIAN_POINT ( 'NONE',  ( 44.35000000000000142, 0.9999999999999997780, 31.84999999999999076 ) ) ;
#5012 = DIRECTION ( 'NONE',  ( -1.000000000000000000, 0.000000000000000000, 0.000000000000000000 ) ) ;
#5013 = EDGE_CURVE ( 'NONE', #3222, #4516, #6714, .T. ) ;
#5014 = DIRECTION ( 'NONE',  ( -1.000000000000000000, 0.000000000000000000, 0.000000000000000000 ) ) ;
#5015 = VERTEX_POINT ( 'NONE', #5601 ) ;
#5016 = CARTESIAN_POINT ( 'NONE',  ( -38.39147383274411141, -0.5503127696154807014, 38.71238375222529271 ) ) ;
#5017 = ADVANCED_FACE ( 'NONE', ( #1448 ), #3228, .F. ) ;
#5018 = ORIENTED_EDGE ( 'NONE', *, *, #6046, .F. ) ;
#5019 = SURFACE_STYLE_FILL_AREA ( #5606 ) ;
#5020 = LINE ( 'NONE', #6831, #627 ) ;
#5021 = CARTESIAN_POINT ( 'NONE',  ( 49.00000000000002132, 0.3305889836208497079, 38.46417333141433659 ) ) ;
#5022 = ORIENTED_EDGE ( 'NONE', *, *, #6452, .F. ) ;
#5023 = EDGE_CURVE ( 'NONE', #4989, #4426, #1931, .T. ) ;
#5024 = ORIENTED_EDGE ( 'NONE', *, *, #5847, .T. ) ;
#5025 = CARTESIAN_POINT ( 'NONE',  ( 39.23559074232334609, -0.4901682510438027385, -48.99994091694892262 ) ) ;
#5026 = ORIENTED_EDGE ( 'NONE', *, *, #4711, .F. ) ;
#5027 = CARTESIAN_POINT ( 'NONE',  ( 39.40000000000000568, -1.599999999999999867, -39.69089023002065630 ) ) ;
#5028 = LINE ( 'NONE', #933, #1039 ) ;
#5029 = AXIS2_PLACEMENT_3D ( 'NONE', #6228, #2079, #2704 ) ;
#5030 = CARTESIAN_POINT ( 'NONE',  ( -37.46743680382928687, 0.5986662425815283406, 39.00000000000000000 ) ) ;
#5031 = CARTESIAN_POINT ( 'NONE',  ( 48.43493321106414129, -4.803547165664327619E-16, 37.67750398295657277 ) ) ;
#5032 = AXIS2_PLACEMENT_3D ( 'NONE', #524, #2240, #2314 ) ;
#5033 = DIRECTION ( 'NONE',  ( -0.000000000000000000, 1.000000000000000000, -0.000000000000000000 ) ) ;
#5034 = VERTEX_POINT ( 'NONE', #1335 ) ;
#5035 = CARTESIAN_POINT ( 'NONE',  ( -49.00000000000000000, -0.6000000000000003109, 39.40000000000000568 ) ) ;
#5036 = AXIS2_PLACEMENT_3D ( 'NONE', #6243, #6785, #6314 ) ;
#5037 = CIRCLE ( 'NONE', #2042, 1.500000000000001332 ) ;
#5038 =( BOUNDED_SURFACE ( )  B_SPLINE_SURFACE ( 3, 2, ( 
 ( #4252, #1334, #2519 ),
 ( #7207, #3682, #3722 ),
 ( #6628, #3146, #6092 ),
 ( #5479, #227, #2558 ),
 ( #4888, #2599, #7243 ),
 ( #1979, #6668, #840 ),
 ( #1405, #3188, #4932 ),
 ( #2062, #6210, #5633 ),
 ( #3370, #914, #6311 ),
 ( #5598, #3265, #348 ) ),
 .UNSPECIFIED., .F., .F., .F. ) 
 B_SPLINE_SURFACE_WITH_KNOTS ( ( 4, 2, 2, 2, 4 ),
 ( 3, 3 ),
 ( 0.0005088217293351753826, 0.001073969789392667257, 0.001639117849450159349, 0.002204265909507651007, 0.002769413969565143099 ),
 ( 0.000000000000000000, 1.000000000000000000 ),
 .UNSPECIFIED. ) 
 GEOMETRIC_REPRESENTATION_ITEM ( )  RATIONAL_B_SPLINE_SURFACE ( (
 ( 1.000000000000000000, 0.7071067811865475727, 1.000000000000000000),
 ( 1.000000000000000000, 0.7275918118789265199, 1.000000000000000000),
 ( 1.000000000000000000, 0.7521658665370439811, 1.000000000000000000),
 ( 1.000000000000000000, 0.8088722520719785480, 1.000000000000000000),
 ( 1.000000000000000000, 0.8404882260426770335, 1.000000000000000000),
 ( 1.000000000000000000, 0.9052913301297055293, 1.000000000000000000),
 ( 1.000000000000000000, 0.9373730462294346255, 1.000000000000000000),
 ( 1.000000000000000000, 0.9851504424264677651, 1.000000000000000000),
 ( 1.000000000000000000, 1.000295620687699616, 1.000000000000000000),
 ( 1.000000000000000000, 1.000000000000000000, 1.000000000000000000) ) ) 
 REPRESENTATION_ITEM ( '' )  SURFACE ( )  );
#5039 = CARTESIAN_POINT ( 'NONE',  ( 41.12500000000000711, 1.399999999999999689, 14.56000000000000405 ) ) ;
#5040 = CARTESIAN_POINT ( 'NONE',  ( 38.07808476618539828, -0.3457858154401347028, -39.07765819640487592 ) ) ;
#5041 = PLANE ( 'NONE',  #6064 ) ;
#5042 = AXIS2_PLACEMENT_3D ( 'NONE', #4538, #2235, #6886 ) ;
#5043 = LINE ( 'NONE', #5078, #7133 ) ;
#5044 = EDGE_LOOP ( 'NONE', ( #6084, #343, #6896, #493 ) ) ;
#5045 = CYLINDRICAL_SURFACE ( 'NONE', #563, 1.500000000000000000 ) ;
#5046 = VECTOR ( 'NONE', #6475, 1000.000000000000000 ) ;
#5047 = B_SPLINE_CURVE_WITH_KNOTS ( 'NONE', 3,
 ( #3221, #4249, #3140, #7236, #2590, #2678, #3756, #833, #6740, #1972, #2009, #3180 ),
 .UNSPECIFIED., .F., .F.,
 ( 4, 2, 2, 2, 2, 4 ),
 ( 2.452160382301199482E-19, 0.0001964271690794299765, 0.0003928543381588597361, 0.0007857086763177320490, 0.001178563014476604470, 0.001571417352635476892 ),
 .UNSPECIFIED. ) ;
#5048 = AXIS2_PLACEMENT_3D ( 'NONE', #7529, #6454, #2266 ) ;
#5049 = EDGE_CURVE ( 'NONE', #39, #74, #6131, .T. ) ;
#5050 = CARTESIAN_POINT ( 'NONE',  ( -44.00000000000000711, -1.600000000000000089, -46.10000000000000142 ) ) ;
#5051 = LINE ( 'NONE', #7400, #1721 ) ;
#5052 = ORIENTED_EDGE ( 'NONE', *, *, #6879, .T. ) ;
#5053 = CARTESIAN_POINT ( 'NONE',  ( 39.40000000000000568, -1.600000000000000089, 47.60000000000000142 ) ) ;
#5054 = ORIENTED_EDGE ( 'NONE', *, *, #6093, .F. ) ;
#5055 = ORIENTED_EDGE ( 'NONE', *, *, #1637, .F. ) ;
#5056 = EDGE_CURVE ( 'NONE', #6882, #5673, #879, .T. ) ;
#5057 = CARTESIAN_POINT ( 'NONE',  ( 19.50000000000000355, 0.000000000000000000, 20.60000000000000497 ) ) ;
#5058 = DIRECTION ( 'NONE',  ( -0.000000000000000000, -1.000000000000000000, -0.000000000000000000 ) ) ;
#5059 = EDGE_CURVE ( 'NONE', #2166, #3531, #4976, .T. ) ;
#5060 = DIRECTION ( 'NONE',  ( -0.000000000000000000, -1.000000000000000000, -0.000000000000000000 ) ) ;
#5061 = ORIENTED_EDGE ( 'NONE', *, *, #2860, .T. ) ;
#5062 = CARTESIAN_POINT ( 'NONE',  ( -38.18749636654321478, 0.06123212045754328203, -38.83595476409991676 ) ) ;
#5063 = ORIENTED_EDGE ( 'NONE', *, *, #5877, .T. ) ;
#5064 = CARTESIAN_POINT ( 'NONE',  ( 48.85014514505712668, -0.3145411647885890671, 38.61612394930973124 ) ) ;
#5065 = PLANE ( 'NONE',  #4347 ) ;
#5066 = EDGE_CURVE ( 'NONE', #7045, #290, #1408, .T. ) ;
#5067 = CARTESIAN_POINT ( 'NONE',  ( -39.69089023002067051, -0.5999999999999998668, -39.39999999999999858 ) ) ;
#5068 = DIRECTION ( 'NONE',  ( 0.000000000000000000, -0.000000000000000000, 1.000000000000000000 ) ) ;
#5069 = CARTESIAN_POINT ( 'NONE',  ( -43.99999999999999289, 2.200000000000000178, 45.89999999999999858 ) ) ;
#5070 = ORIENTED_EDGE ( 'NONE', *, *, #6499, .F. ) ;
#5071 = CARTESIAN_POINT ( 'NONE',  ( -38.76832202241181591, 0.1009695384999937107, 49.00000000000000000 ) ) ;
#5072 = DIRECTION ( 'NONE',  ( -2.276539994720219349E-16, 0.000000000000000000, -1.000000000000000000 ) ) ;
#5073 = ADVANCED_FACE ( 'NONE', ( #6011 ), #4406, .F. ) ;
#5074 = CARTESIAN_POINT ( 'NONE',  ( 38.30659152303422843, -0.5005679606743976828, -38.79901089066942177 ) ) ;
#5075 = AXIS2_PLACEMENT_3D ( 'NONE', #1582, #2781, #3904 ) ;
#5076 = DIRECTION ( 'NONE',  ( 0.000000000000000000, 0.000000000000000000, -1.000000000000000000 ) ) ;
#5077 = VECTOR ( 'NONE', #1243, 1000.000000000000000 ) ;
#5078 = CARTESIAN_POINT ( 'NONE',  ( 48.99999999999999289, 2.399999999999999911, -39.39999999999999858 ) ) ;
#5079 = ORIENTED_EDGE ( 'NONE', *, *, #789, .T. ) ;
#5080 = DIRECTION ( 'NONE',  ( 0.000000000000000000, 0.000000000000000000, 1.000000000000000000 ) ) ;
#5081 = AXIS2_PLACEMENT_3D ( 'NONE', #1804, #7572, #3000 ) ;
#5082 = VECTOR ( 'NONE', #737, 1000.000000000000000 ) ;
#5083 = CARTESIAN_POINT ( 'NONE',  ( 17.96565977742450215, 2.399999999999999911, -7.629252782193961302 ) ) ;
#5084 = CIRCLE ( 'NONE', #1770, 1.500000000000001332 ) ;
#5085 = DIRECTION ( 'NONE',  ( 0.000000000000000000, 0.000000000000000000, -1.000000000000000000 ) ) ;
#5086 = DIRECTION ( 'NONE',  ( 0.000000000000000000, 0.000000000000000000, 1.000000000000000000 ) ) ;
#5087 = ORIENTED_EDGE ( 'NONE', *, *, #1398, .F. ) ;
#5088 = AXIS2_PLACEMENT_3D ( 'NONE', #1934, #6166, #4283 ) ;
#5089 = DIRECTION ( 'NONE',  ( 0.000000000000000000, 0.000000000000000000, 1.000000000000000000 ) ) ;
#5090 = VERTEX_POINT ( 'NONE', #4889 ) ;
#5091 = EDGE_CURVE ( 'NONE', #3684, #2466, #5249, .T. ) ;
#5092 = DIRECTION ( 'NONE',  ( -0.000000000000000000, -1.000000000000000000, -0.000000000000000000 ) ) ;
#5093 = ORIENTED_EDGE ( 'NONE', *, *, #6609, .T. ) ;
#5094 = CARTESIAN_POINT ( 'NONE',  ( 45.45000000000000284, 1.399999999999999689, 0.000000000000000000 ) ) ;
#5095 = AXIS2_PLACEMENT_3D ( 'NONE', #1468, #4276, #3829 ) ;
#5096 = VECTOR ( 'NONE', #1267, 1000.000000000000000 ) ;
#5097 = DIRECTION ( 'NONE',  ( -0.000000000000000000, 0.000000000000000000, 1.000000000000000000 ) ) ;
#5098 = CARTESIAN_POINT ( 'NONE',  ( -49.00000000000000711, -0.02999980082823462679, -38.90482994622657742 ) ) ;
#5099 = EDGE_CURVE ( 'NONE', #2477, #3030, #2522, .T. ) ;
#5100 = CIRCLE ( 'NONE', #6211, 0.3999999999999975797 ) ;
#5101 = ORIENTED_EDGE ( 'NONE', *, *, #7582, .T. ) ;
#5102 = B_SPLINE_CURVE_WITH_KNOTS ( 'NONE', 3,
 ( #6797, #6222, #5646, #5684, #396, #5064, #2151, #429, #2772, #5105 ),
 .UNSPECIFIED., .F., .F.,
 ( 4, 2, 2, 2, 4 ),
 ( 0.000000000000000000, 0.0005087071809629121425, 0.001017414361925824285, 0.001526121542888736428, 0.002034828723851648570 ),
 .UNSPECIFIED. ) ;
#5103 = CARTESIAN_POINT ( 'NONE',  ( -37.45133180695233932, 0.0003232785384995468512, -39.00000000000003553 ) ) ;
#5104 = ORIENTED_EDGE ( 'NONE', *, *, #7170, .T. ) ;
#5105 = CARTESIAN_POINT ( 'NONE',  ( 49.00000000000001421, -0.5999999999999998668, 39.40000000000000568 ) ) ;
#5106 = LINE ( 'NONE', #6186, #2017 ) ;
#5107 = ADVANCED_FACE ( 'NONE', ( #3109 ), #7208, .F. ) ;
#5108 = VECTOR ( 'NONE', #7251, 1000.000000000000000 ) ;
#5109 = FACE_OUTER_BOUND ( 'NONE', #4144, .T. ) ;
#5110 = DIRECTION ( 'NONE',  ( 0.000000000000000000, 1.000000000000000000, 0.000000000000000000 ) ) ;
#5111 = ADVANCED_FACE ( 'NONE', ( #5672 ), #5708, .F. ) ;
#5112 = DIRECTION ( 'NONE',  ( 1.000000000000000000, -0.000000000000000000, 0.000000000000000000 ) ) ;
#5113 = ORIENTED_EDGE ( 'NONE', *, *, #7384, .F. ) ;
#5114 = FACE_OUTER_BOUND ( 'NONE', #4904, .T. ) ;
#5115 = ADVANCED_FACE ( 'NONE', ( #2687 ), #6759, .F. ) ;
#5116 = LINE ( 'NONE', #3574, #4130 ) ;
#5117 = DIRECTION ( 'NONE',  ( 0.000000000000000000, 0.000000000000000000, -1.000000000000000000 ) ) ;
#5118 = FACE_OUTER_BOUND ( 'NONE', #5463, .T. ) ;
#5119 = AXIS2_PLACEMENT_3D ( 'NONE', #3236, #2032, #5566 ) ;
#5120 = ORIENTED_EDGE ( 'NONE', *, *, #985, .F. ) ;
#5121 = DIRECTION ( 'NONE',  ( -1.000000000000000000, 0.000000000000000000, 0.000000000000000000 ) ) ;
#5122 = EDGE_CURVE ( 'NONE', #2538, #4935, #751, .T. ) ;
#5123 = ORIENTED_EDGE ( 'NONE', *, *, #1875, .F. ) ;
#5124 = CARTESIAN_POINT ( 'NONE',  ( 44.00000000000000711, 2.200000000000000178, 44.00000000000000000 ) ) ;
#5125 = VECTOR ( 'NONE', #305, 1000.000000000000000 ) ;
#5126 = CARTESIAN_POINT ( 'NONE',  ( -38.82170880144111180, 0.01460302048399942342, 38.21394124037795592 ) ) ;
#5127 = PRODUCT ( '底部支架', '底部支架', '', ( #192 ) ) ;
#5128 = LINE ( 'NONE', #3983, #5465 ) ;
#5129 = DIRECTION ( 'NONE',  ( 0.000000000000000000, 0.000000000000000000, 1.000000000000000000 ) ) ;
#5130 = ORIENTED_EDGE ( 'NONE', *, *, #1958, .F. ) ;
#5131 = LINE ( 'NONE', #7402, #2027 ) ;
#5132 = CLOSED_SHELL ( 'NONE', ( #232, #5423, #6365, #6975, #6473, #5638, #1812, #2104, #2739, #686, #4362, #3697, #4325, #5107, #3270, #2501, #186, #6514, #5886, #5476, #5529, #5017, #2302, #666, #6042, #2998, #535, #4525, #5739, #4533, #1477, #3378, #6573, #4038, #5659, #3905, #7237, #7271, #3244, #4176, #5252, #6699, #5599, #2699, #5519, #2003, #424, #922, #6079, #4856, #2483, #5750, #5410, #1790, #4091, #1907, #6938, #6533, #6716, #2731, #2691, #170, #7370, #6847, #2015, #6888, #1031, #6142, #6125, #5386, #464, #6308, #5253, #7548, #7416, #5898, #1263, #1883, #4028, #1693, #2896, #2901, #5724, #5359, #2709, #5184, #1447, #1069, #5111, #2028, #7517, #5631, #7403, #2387, #184, #1921, #6838, #6102, #126, #380, #2381, #7570, #3856, #5956, #3088, #4128, #6776, #4051, #1180, #5230, #7396, #604, #4820, #5192, #7319, #4067, #609, #7286, #6613, #7017, #15, #6954, #6787, #3866, #2191, #5965, #5482, #7448, #3113, #782, #890, #7352, #5767, #304, #4450, #505, #2292, #6650, #4316, #5500, #1803, #5679, #1117, #98, #5869, #7263, #1583, #7163, #3646, #6411, #2108, #5289, #3182, #3577, #2253, #5335, #2569, #6545, #1737, #7592, #7501, #4541, #608, #5551, #2279, #479, #4506, #7505, #3012, #1826, #4384, #2204, #3852, #6793, #3333, #3897, #44, #2194, #2954, #4234, #4769, #1369, #7230, #1949, #5430, #1086, #4847, #4501, #4357, #5073, #3075, #3052, #2524, #618, #4811, #2532, #4007, #4255, #3168, #2346, #7122, #3534, #805, #7219, #4121, #222, #1040, #6180, #3160, #2624, #2720, #3192, #6026, #6316, #7175, #6191, #4413, #3753, #3466, #4277, #1855, #3417, #347, #2642, #7507, #772, #3099, #4763, #4876, #5115, #7143, #941, #388, #2052, #1266, #5486, #4870 ) ) ;
#5133 = ORIENTED_EDGE ( 'NONE', *, *, #6276, .F. ) ;
#5134 = LINE ( 'NONE', #2213, #400 ) ;
#5135 = DIRECTION ( 'NONE',  ( 0.000000000000000000, 1.000000000000000000, 0.000000000000000000 ) ) ;
#5136 = LINE ( 'NONE', #2874, #5736 ) ;
#5137 = ORIENTED_EDGE ( 'NONE', *, *, #6112, .T. ) ;
#5138 = CARTESIAN_POINT ( 'NONE',  ( -37.83557259690775254, -0.1573070882970805107, -39.39578765683197048 ) ) ;
#5139 = VERTEX_POINT ( 'NONE', #1629 ) ;
#5140 = CARTESIAN_POINT ( 'NONE',  ( 39.69089023002065630, -1.600000000000000089, -38.00000000000000000 ) ) ;
#5141 = CARTESIAN_POINT ( 'NONE',  ( -39.00000000000000711, 0.5999999999999998668, -37.40206632590398073 ) ) ;
#5142 = EDGE_CURVE ( 'NONE', #1071, #2690, #4545, .T. ) ;
#5143 = LINE ( 'NONE', #2259, #452 ) ;
#5144 = DIRECTION ( 'NONE',  ( 0.000000000000000000, 0.000000000000000000, 1.000000000000000000 ) ) ;
#5145 = LINE ( 'NONE', #111, #4299 ) ;
#5146 = ORIENTED_EDGE ( 'NONE', *, *, #3741, .F. ) ;
#5147 = EDGE_CURVE ( 'NONE', #6237, #3396, #1061, .T. ) ;
#5148 = CARTESIAN_POINT ( 'NONE',  ( 39.40000000000000568, -0.6000000000000000888, 39.39999999999999858 ) ) ;
#5149 = DIRECTION ( 'NONE',  ( 0.000000000000000000, 0.000000000000000000, -1.000000000000000000 ) ) ;
#5150 = ORIENTED_EDGE ( 'NONE', *, *, #1092, .F. ) ;
#5151 = EDGE_CURVE ( 'NONE', #6922, #4573, #3444, .T. ) ;
#5152 = CARTESIAN_POINT ( 'NONE',  ( -39.60000000000000853, 0.000000000000000000, -37.40206632590398073 ) ) ;
#5153 = DIRECTION ( 'NONE',  ( 0.000000000000000000, 1.000000000000000000, 0.000000000000000000 ) ) ;
#5154 = TOROIDAL_SURFACE ( 'NONE', #3694, 2.000000000000000000, 0.5999999999999999778 ) ;
#5155 = EDGE_CURVE ( 'NONE', #6794, #5299, #2217, .T. ) ;
#5156 = DIRECTION ( 'NONE',  ( -0.000000000000000000, 0.000000000000000000, -1.000000000000000000 ) ) ;
#5157 = AXIS2_PLACEMENT_3D ( 'NONE', #7247, #2525, #2689 ) ;
#5158 = ORIENTED_EDGE ( 'NONE', *, *, #5056, .F. ) ;
#5159 = DIRECTION ( 'NONE',  ( 1.000000000000000000, 0.000000000000000000, 0.000000000000000000 ) ) ;
#5160 = AXIS2_PLACEMENT_3D ( 'NONE', #4810, #723, #5399 ) ;
#5161 = CARTESIAN_POINT ( 'NONE',  ( 48.99999999999999289, -0.6000000000000003109, -39.39999999999999858 ) ) ;
#5162 = AXIS2_PLACEMENT_3D ( 'NONE', #2588, #6661, #3754 ) ;
#5163 = CARTESIAN_POINT ( 'NONE',  ( 37.65000000000000568, 1.399999999999999689, 28.24999999999999289 ) ) ;
#5164 = EDGE_CURVE ( 'NONE', #5167, #7497, #3920, .T. ) ;
#5165 = CARTESIAN_POINT ( 'NONE',  ( 29.23999999999999133, 2.399999999999999911, -41.99999999999999289 ) ) ;
#5166 = DIRECTION ( 'NONE',  ( 0.000000000000000000, 0.000000000000000000, 1.000000000000000000 ) ) ;
#5167 = VERTEX_POINT ( 'NONE', #6825 ) ;
#5168 = DIRECTION ( 'NONE',  ( 0.000000000000000000, -0.000000000000000000, 1.000000000000000000 ) ) ;
#5169 = CIRCLE ( 'NONE', #1853, 0.3999999999999975797 ) ;
#5170 = VERTEX_POINT ( 'NONE', #1563 ) ;
#5171 = CARTESIAN_POINT ( 'NONE',  ( 29.23999999999999133, 0.000000000000000000, -41.99999999999999289 ) ) ;
#5172 = CARTESIAN_POINT ( 'NONE',  ( -47.60000000000000142, -1.600000000000000089, 38.00000000000000000 ) ) ;
#5173 = EDGE_CURVE ( 'NONE', #911, #5963, #6154, .T. ) ;
#5174 = CARTESIAN_POINT ( 'NONE',  ( -49.00000000000000711, -0.3070562413347652786, -39.16074114780543880 ) ) ;
#5175 = ORIENTED_EDGE ( 'NONE', *, *, #2622, .F. ) ;
#5176 = CARTESIAN_POINT ( 'NONE',  ( 38.46416813566885651, 0.3305921819928002714, 49.00000000000000000 ) ) ;
#5177 = ORIENTED_EDGE ( 'NONE', *, *, #2423, .F. ) ;
#5178 = LINE ( 'NONE', #5793, #7373 ) ;
#5179 = DIRECTION ( 'NONE',  ( 0.000000000000000000, 0.000000000000000000, 1.000000000000000000 ) ) ;
#5180 = AXIS2_PLACEMENT_3D ( 'NONE', #3345, #2798, #6282 ) ;
#5181 = DIRECTION ( 'NONE',  ( -0.000000000000000000, 1.000000000000000000, -0.000000000000000000 ) ) ;
#5182 = DIRECTION ( 'NONE',  ( 0.000000000000000000, 1.000000000000000000, -0.000000000000000000 ) ) ;
#5183 = ORIENTED_EDGE ( 'NONE', *, *, #4269, .T. ) ;
#5184 = ADVANCED_FACE ( 'NONE', ( #2242 ), #7441, .F. ) ;
#5185 = CARTESIAN_POINT ( 'NONE',  ( 37.40000000000000568, -0.5999999999999999778, 47.60000000000000142 ) ) ;
#5186 = LINE ( 'NONE', #7030, #6937 ) ;
#5187 = ORIENTED_EDGE ( 'NONE', *, *, #6380, .F. ) ;
#5188 = CARTESIAN_POINT ( 'NONE',  ( 30.73999999999999133, 0.5999999999999999778, -40.50000000000000000 ) ) ;
#5189 = CARTESIAN_POINT ( 'NONE',  ( 37.73350761145089649, 0.5338697544405038853, -38.98547552541838002 ) ) ;
#5190 = LINE ( 'NONE', #7537, #2969 ) ;
#5191 = ORIENTED_EDGE ( 'NONE', *, *, #1822, .F. ) ;
#5192 = ADVANCED_FACE ( 'NONE', ( #3882 ), #6998, .F. ) ;
#5193 = CARTESIAN_POINT ( 'NONE',  ( -39.69089023002067051, 0.000000000000000000, -38.00000000000000000 ) ) ;
#5194 = ORIENTED_EDGE ( 'NONE', *, *, #6657, .F. ) ;
#5195 = CARTESIAN_POINT ( 'NONE',  ( -49.00000000000000000, 0.5617871102788487558, 37.94571786504342015 ) ) ;
#5196 = CARTESIAN_POINT ( 'NONE',  ( 31.17297297297297831, 2.399999999999999911, 13.23783783783781942 ) ) ;
#5197 = CARTESIAN_POINT ( 'NONE',  ( -39.46864266750948502, -0.1076194194267902915, -37.76599854304561177 ) ) ;
#5198 = PLANE ( 'NONE',  #3496 ) ;
#5199 = CARTESIAN_POINT ( 'NONE',  ( -39.40000000000000568, -0.6000000000000003109, -49.00000000000000000 ) ) ;
#5200 = EDGE_LOOP ( 'NONE', ( #229, #4188, #361, #7588 ) ) ;
#5201 = CARTESIAN_POINT ( 'NONE',  ( 37.49999999999999289, 0.5960057784623238319, -39.00000000000000000 ) ) ;
#5202 = CIRCLE ( 'NONE', #1643, 0.4000000000000010214 ) ;
#5203 = AXIS2_PLACEMENT_3D ( 'NONE', #5545, #827, #3906 ) ;
#5204 = EDGE_LOOP ( 'NONE', ( #4635, #578, #1317, #6220 ) ) ;
#5205 = EDGE_CURVE ( 'NONE', #1143, #149, #4428, .T. ) ;
#5206 = CARTESIAN_POINT ( 'NONE',  ( -48.39999999999999858, 0.5999999999999998668, 37.56696972201766016 ) ) ;
#5207 = CARTESIAN_POINT ( 'NONE',  ( -39.00137927649488745, -0.03446893822133362956, 37.77896668743690611 ) ) ;
#5208 = AXIS2_PLACEMENT_3D ( 'NONE', #5547, #1436, #1282 ) ;
#5209 = CONICAL_SURFACE ( 'NONE', #4593, 1.899999999999999023, 0.7853981633974574939 ) ;
#5210 = CARTESIAN_POINT ( 'NONE',  ( -48.40000000000000568, 2.168404344971008868E-16, -37.56696972201766727 ) ) ;
#5211 = ORIENTED_EDGE ( 'NONE', *, *, #1530, .F. ) ;
#5212 = ORIENTED_EDGE ( 'NONE', *, *, #372, .F. ) ;
#5213 = CYLINDRICAL_SURFACE ( 'NONE', #6683, 1.500000000000001332 ) ;
#5214 = ORIENTED_EDGE ( 'NONE', *, *, #1586, .T. ) ;
#5215 = CIRCLE ( 'NONE', #7063, 2.000000000000001776 ) ;
#5216 = EDGE_CURVE ( 'NONE', #2794, #718, #3951, .T. ) ;
#5217 = AXIS2_PLACEMENT_3D ( 'NONE', #2809, #4075, #1228 ) ;
#5218 = EDGE_LOOP ( 'NONE', ( #6430, #484 ) ) ;
#5219 = CARTESIAN_POINT ( 'NONE',  ( -39.59925818688579113, 2.358891097098852453E-16, -37.41844022969613093 ) ) ;
#5220 = DIRECTION ( 'NONE',  ( -1.000000000000000000, 0.000000000000000000, 0.000000000000000000 ) ) ;
#5221 = FACE_OUTER_BOUND ( 'NONE', #1214, .T. ) ;
#5222 = VECTOR ( 'NONE', #4819, 1000.000000000000000 ) ;
#5223 = CARTESIAN_POINT ( 'NONE',  ( 0.000000000000000000, -0.6000000000000000888, -37.39999999999999858 ) ) ;
#5224 = ORIENTED_EDGE ( 'NONE', *, *, #1969, .T. ) ;
#5225 = CIRCLE ( 'NONE', #3287, 2.100000000000004530 ) ;
#5226 = FACE_OUTER_BOUND ( 'NONE', #7239, .T. ) ;
#5227 = FACE_OUTER_BOUND ( 'NONE', #7123, .T. ) ;
#5228 = ORIENTED_EDGE ( 'NONE', *, *, #2197, .F. ) ;
#5229 = CARTESIAN_POINT ( 'NONE',  ( 36.14999999999999858, 1.399999999999999689, 29.34999999999999432 ) ) ;
#5230 = ADVANCED_FACE ( 'NONE', ( #6213 ), #3830, .F. ) ;
#5231 = CARTESIAN_POINT ( 'NONE',  ( 36.14999999999999858, 0.9999999999999997780, 0.000000000000000000 ) ) ;
#5232 = VERTEX_POINT ( 'NONE', #3305 ) ;
#5233 = DIRECTION ( 'NONE',  ( 0.000000000000000000, 1.000000000000000000, -0.000000000000000000 ) ) ;
#5234 = B_SPLINE_CURVE_WITH_KNOTS ( 'NONE', 3,
 ( #1593, #5526, #812, #1059, #6678, #4378, #2567, #3158, #6721, #453, #1378, #276 ),
 .UNSPECIFIED., .F., .F.,
 ( 4, 2, 2, 2, 2, 4 ),
 ( -6.973953809471501845E-06, 0.0003847302382146898471, 0.0007764344302388512730, 0.001168138622263012807, 0.001363990718275100242, 0.001559842814287187678 ),
 .UNSPECIFIED. ) ;
#5235 = CARTESIAN_POINT ( 'NONE',  ( -39.60000000000000853, 0.5999999999999999778, -37.40206632590398073 ) ) ;
#5236 = CARTESIAN_POINT ( 'NONE',  ( -37.40206632590398783, 1.084202172485504434E-16, 39.00000000000000000 ) ) ;
#5237 = EDGE_CURVE ( 'NONE', #836, #6252, #3373, .T. ) ;
#5238 =( BOUNDED_SURFACE ( )  B_SPLINE_SURFACE ( 3, 2, ( 
 ( #4609, #6409, #1805 ),
 ( #511, #1690, #3506 ),
 ( #4043, #587, #2932 ),
 ( #4718, #5266, #1196 ),
 ( #5880, #4949, #3123 ),
 ( #2574, #4828, #1881 ),
 ( #1996, #5457, #3205 ),
 ( #3242, #6572, #780 ),
 ( #5992, #6109, #4339 ),
 ( #2540, #2616, #6685 ) ),
 .UNSPECIFIED., .F., .F., .F. ) 
 B_SPLINE_SURFACE_WITH_KNOTS ( ( 4, 2, 2, 2, 4 ),
 ( 3, 3 ),
 ( 0.0005088217293351754910, 0.001073969789392662053, 0.001639117849450148507, 0.002204265909507634961, 0.002769413969565121415 ),
 ( 0.000000000000000000, 1.000000000000000000 ),
 .UNSPECIFIED. ) 
 GEOMETRIC_REPRESENTATION_ITEM ( )  RATIONAL_B_SPLINE_SURFACE ( (
 ( 1.000000000000000000, 0.7071067811865475727, 1.000000000000000000),
 ( 1.000000000000000000, 0.7275918118789017619, 1.000000000000000000),
 ( 1.000000000000000000, 0.7521658665370757335, 1.000000000000000000),
 ( 1.000000000000000000, 0.8088722520719462405, 1.000000000000000000),
 ( 1.000000000000000000, 0.8404882260426639329, 1.000000000000000000),
 ( 1.000000000000000000, 0.9052913301297128568, 1.000000000000000000),
 ( 1.000000000000000000, 0.9373730462294348476, 1.000000000000000000),
 ( 1.000000000000000000, 0.9851504424264673210, 1.000000000000000000),
 ( 1.000000000000000000, 1.000295620687701392, 1.000000000000000000),
 ( 1.000000000000000000, 1.000000000000000000, 1.000000000000000000) ) ) 
 REPRESENTATION_ITEM ( '' )  SURFACE ( )  );
#5239 = CARTESIAN_POINT ( 'NONE',  ( 39.48594260230749597, -0.09464392786569082727, -37.73863990341396857 ) ) ;
#5240 = ORIENTED_EDGE ( 'NONE', *, *, #6525, .T. ) ;
#5241 = TOROIDAL_SURFACE ( 'NONE', #6341, 2.000000000000000000, 0.5999999999999999778 ) ;
#5242 = CARTESIAN_POINT ( 'NONE',  ( -1.240000000000005764, -7.600000000000000533, -39.00000000000000000 ) ) ;
#5243 = CARTESIAN_POINT ( 'NONE',  ( 37.40000000000000568, 0.000000000000000000, 47.60000000000000142 ) ) ;
#5244 = VERTEX_POINT ( 'NONE', #4025 ) ;
#5245 = CARTESIAN_POINT ( 'NONE',  ( -38.27585715326387827, -0.1056862081238391926, -38.78549009022768956 ) ) ;
#5246 = ORIENTED_EDGE ( 'NONE', *, *, #2293, .T. ) ;
#5247 = EDGE_CURVE ( 'NONE', #5681, #6905, #5051, .T. ) ;
#5248 = ORIENTED_EDGE ( 'NONE', *, *, #1542, .T. ) ;
#5249 = CIRCLE ( 'NONE', #1849, 1.500000000000001332 ) ;
#5250 = CARTESIAN_POINT ( 'NONE',  ( 38.99999999999999289, 0.5999999999999998668, -39.00000000000000000 ) ) ;
#5251 = PLANE ( 'NONE',  #6381 ) ;
#5252 = ADVANCED_FACE ( 'NONE', ( #2793 ), #2866, .F. ) ;
#5253 = ADVANCED_FACE ( 'NONE', ( #638 ), #1703, .F. ) ;
#5254 = DIRECTION ( 'NONE',  ( -1.000000000000000000, 0.000000000000000000, 1.632680918566407286E-16 ) ) ;
#5255 = ORIENTED_EDGE ( 'NONE', *, *, #5151, .T. ) ;
#5256 = ORIENTED_EDGE ( 'NONE', *, *, #1210, .F. ) ;
#5257 =( NAMED_UNIT ( * ) SI_UNIT ( $, .STERADIAN. ) SOLID_ANGLE_UNIT ( ) );
#5258 = VERTEX_POINT ( 'NONE', #5199 ) ;
#5259 = DIRECTION ( 'NONE',  ( 0.000000000000000000, -1.000000000000000000, 0.000000000000000000 ) ) ;
#5260 = DIRECTION ( 'NONE',  ( -0.000000000000000000, -1.000000000000000000, -0.000000000000000000 ) ) ;
#5261 = CARTESIAN_POINT ( 'NONE',  ( 39.40000000000000568, 2.399999999999999911, 49.00000000000000000 ) ) ;
#5262 = EDGE_CURVE ( 'NONE', #5370, #2056, #565, .T. ) ;
#5263 = FACE_OUTER_BOUND ( 'NONE', #522, .T. ) ;
#5264 = ORIENTED_EDGE ( 'NONE', *, *, #6212, .F. ) ;
#5265 = CARTESIAN_POINT ( 'NONE',  ( 37.50000000000000000, 2.399999999999999467, -10.99999999999999112 ) ) ;
#5266 = CARTESIAN_POINT ( 'NONE',  ( 48.99999999999999289, 0.03772782690535864125, -38.09147254238583002 ) ) ;
#5267 = VERTEX_POINT ( 'NONE', #5243 ) ;
#5268 = DIRECTION ( 'NONE',  ( -1.000000000000000000, 0.000000000000000000, 0.000000000000000000 ) ) ;
#5269 = CARTESIAN_POINT ( 'NONE',  ( 37.65000000000000568, 1.399999999999999689, 29.34999999999999432 ) ) ;
#5270 = ORIENTED_EDGE ( 'NONE', *, *, #3438, .F. ) ;
#5271 = CARTESIAN_POINT ( 'NONE',  ( 37.41844022969613093, 1.817191431711231726E-16, -39.59925818688578403 ) ) ;
#5272 = FACE_OUTER_BOUND ( 'NONE', #1707, .T. ) ;
#5273 = LINE ( 'NONE', #4161, #7487 ) ;
#5274 = CARTESIAN_POINT ( 'NONE',  ( -39.00000000000000000, 0.5825157043851472149, -37.61793835232627004 ) ) ;
#5275 = FACE_OUTER_BOUND ( 'NONE', #7571, .T. ) ;
#5276 = CARTESIAN_POINT ( 'NONE',  ( 37.43480804891996172, -0.0006657787549076835728, -39.59848051651431433 ) ) ;
#5277 = ORIENTED_EDGE ( 'NONE', *, *, #4284, .T. ) ;
#5278 = DIRECTION ( 'NONE',  ( 0.000000000000000000, 0.000000000000000000, 1.000000000000000000 ) ) ;
#5279 = EDGE_CURVE ( 'NONE', #545, #152, #5655, .T. ) ;
#5280 = ORIENTED_EDGE ( 'NONE', *, *, #1402, .T. ) ;
#5281 = VECTOR ( 'NONE', #492, 1000.000000000000000 ) ;
#5282 = DIRECTION ( 'NONE',  ( 0.000000000000000000, 0.000000000000000000, -1.000000000000000000 ) ) ;
#5283 = DIRECTION ( 'NONE',  ( 2.124151195073641295E-16, 0.000000000000000000, 1.000000000000000000 ) ) ;
#5284 = CARTESIAN_POINT ( 'NONE',  ( -39.00000000000000000, 0.0003232785384986794353, 37.45133180695232511 ) ) ;
#5285 = CONICAL_SURFACE ( 'NONE', #7004, 2.100000000000004530, 0.7853981633974331800 ) ;
#5286 = VERTEX_POINT ( 'NONE', #1858 ) ;
#5287 = CYLINDRICAL_SURFACE ( 'NONE', #6752, 0.6000000000000033085 ) ;
#5288 = ORIENTED_EDGE ( 'NONE', *, *, #3903, .F. ) ;
#5289 = ADVANCED_FACE ( 'NONE', ( #3637 ), #583, .T. ) ;
#5290 = SURFACE_STYLE_FILL_AREA ( #3532 ) ;
#5291 = ORIENTED_EDGE ( 'NONE', *, *, #6808, .F. ) ;
#5292 = CIRCLE ( 'NONE', #279, 2.099999999999997868 ) ;
#5293 = DIRECTION ( 'NONE',  ( -1.000000000000000000, 0.000000000000000000, 0.000000000000000000 ) ) ;
#5294 = PLANE ( 'NONE',  #1284 ) ;
#5295 = EDGE_CURVE ( 'NONE', #6662, #2787, #4695, .T. ) ;
#5296 = CIRCLE ( 'NONE', #1983, 1.100000000000000311 ) ;
#5297 = CARTESIAN_POINT ( 'NONE',  ( 29.83999999999999275, 0.5999999999999999778, 0.000000000000000000 ) ) ;
#5298 = DIRECTION ( 'NONE',  ( 0.000000000000000000, -1.000000000000000000, 0.000000000000000000 ) ) ;
#5299 = VERTEX_POINT ( 'NONE', #2283 ) ;
#5300 = CARTESIAN_POINT ( 'NONE',  ( -39.69089023002067051, 0.000000000000000000, -37.39999999999999858 ) ) ;
#5301 = CARTESIAN_POINT ( 'NONE',  ( -39.69089023002066341, -0.5999999999999998668, 38.00000000000000000 ) ) ;
#5302 = VERTEX_POINT ( 'NONE', #1134 ) ;
#5303 = EDGE_CURVE ( 'NONE', #2389, #5831, #4624, .T. ) ;
#5304 = CYLINDRICAL_SURFACE ( 'NONE', #1788, 0.5999999999999998668 ) ;
#5305 = FACE_OUTER_BOUND ( 'NONE', #4190, .T. ) ;
#5306 = ORIENTED_EDGE ( 'NONE', *, *, #5380, .F. ) ;
#5307 = CARTESIAN_POINT ( 'NONE',  ( 45.85000000000000142, 1.399999999999999689, 31.84999999999999076 ) ) ;
#5308 = EDGE_CURVE ( 'NONE', #4509, #105, #6972, .T. ) ;
#5309 = CARTESIAN_POINT ( 'NONE',  ( 38.63321908449343312, -0.5999999999999998668, -38.48275862068965125 ) ) ;
#5310 = DIRECTION ( 'NONE',  ( -0.000000000000000000, -1.000000000000000000, -0.000000000000000000 ) ) ;
#5311 = CARTESIAN_POINT ( 'NONE',  ( -39.59351278284732700, -0.008753721735868375681, -37.53403942292445095 ) ) ;
#5312 = DIRECTION ( 'NONE',  ( 0.000000000000000000, 1.000000000000000000, 0.000000000000000000 ) ) ;
#5313 = ORIENTED_EDGE ( 'NONE', *, *, #1665, .T. ) ;
#5314 = CARTESIAN_POINT ( 'NONE',  ( 37.45114222751232802, -0.001997110768838764212, -39.59766279253700105 ) ) ;
#5315 = ORIENTED_EDGE ( 'NONE', *, *, #5909, .F. ) ;
#5316 = DIRECTION ( 'NONE',  ( -0.000000000000000000, -1.000000000000000000, -0.000000000000000000 ) ) ;
#5317 = ORIENTED_EDGE ( 'NONE', *, *, #2995, .T. ) ;
#5318 = VERTEX_POINT ( 'NONE', #4058 ) ;
#5319 = DIRECTION ( 'NONE',  ( 0.000000000000000000, 0.000000000000000000, -1.000000000000000000 ) ) ;
#5320 = DIRECTION ( 'NONE',  ( 0.000000000000000000, 0.000000000000000000, -1.000000000000000000 ) ) ;
#5321 = EDGE_CURVE ( 'NONE', #76, #674, #7120, .T. ) ;
#5322 = CIRCLE ( 'NONE', #3876, 1.499999999999999556 ) ;
#5323 = CARTESIAN_POINT ( 'NONE',  ( 39.00000000000000711, 2.399999999999999911, 10.99999999999999645 ) ) ;
#5324 = CIRCLE ( 'NONE', #3376, 0.6000000000000033085 ) ;
#5325 = ORIENTED_EDGE ( 'NONE', *, *, #6188, .T. ) ;
#5326 = DIRECTION ( 'NONE',  ( 1.000000000000000000, 0.000000000000000000, -0.000000000000000000 ) ) ;
#5327 = ORIENTED_EDGE ( 'NONE', *, *, #108, .T. ) ;
#5328 = AXIS2_PLACEMENT_3D ( 'NONE', #397, #7415, #971 ) ;
#5329 = DIRECTION ( 'NONE',  ( -1.000000000000000000, 0.000000000000000000, 0.000000000000000000 ) ) ;
#5330 = CARTESIAN_POINT ( 'NONE',  ( -2.740000000000006875, 0.000000000000000000, -39.60000000000000142 ) ) ;
#5331 = VECTOR ( 'NONE', #120, 1000.000000000000000 ) ;
#5332 = CARTESIAN_POINT ( 'NONE',  ( -39.00000000000000711, 0.5999999990652309378, -37.43476505088619888 ) ) ;
#5333 = AXIS2_PLACEMENT_3D ( 'NONE', #1590, #4364, #346 ) ;
#5334 = CARTESIAN_POINT ( 'NONE',  ( -44.00000000000000711, 2.200000000000000178, -42.10000000000000142 ) ) ;
#5335 = ADVANCED_FACE ( 'NONE', ( #2910 ), #1483, .T. ) ;
#5336 = PRESENTATION_LAYER_ASSIGNMENT (  '', '', ( #4000 ) ) ;
#5337 = CARTESIAN_POINT ( 'NONE',  ( 17.96565977742450215, 0.9999999999999997780, -7.629252782193961302 ) ) ;
#5338 = CIRCLE ( 'NONE', #442, 0.5999999999999997558 ) ;
#5339 = ORIENTED_EDGE ( 'NONE', *, *, #1713, .T. ) ;
#5340 = DIRECTION ( 'NONE',  ( 1.000000000000000000, 0.000000000000000000, 0.000000000000000000 ) ) ;
#5341 = ORIENTED_EDGE ( 'NONE', *, *, #6943, .F. ) ;
#5342 = CIRCLE ( 'NONE', #3278, 2.100000000000000089 ) ;
#5343 = VERTEX_POINT ( 'NONE', #7010 ) ;
#5344 = EDGE_CURVE ( 'NONE', #2056, #6652, #6014, .T. ) ;
#5345 = VECTOR ( 'NONE', #1116, 1000.000000000000000 ) ;
#5346 = CARTESIAN_POINT ( 'NONE',  ( 38.09389229243431885, -0.2143443885798834714, -38.89440196003036476 ) ) ;
#5347 = EDGE_CURVE ( 'NONE', #566, #6922, #4165, .T. ) ;
#5348 = VECTOR ( 'NONE', #6952, 1000.000000000000000 ) ;
#5349 = EDGE_CURVE ( 'NONE', #836, #5471, #19, .T. ) ;
#5350 = FACE_OUTER_BOUND ( 'NONE', #5494, .T. ) ;
#5351 = ORIENTED_EDGE ( 'NONE', *, *, #5794, .T. ) ;
#5352 = CARTESIAN_POINT ( 'NONE',  ( 34.25000000000000000, 1.399999999999999689, 34.55529936623838694 ) ) ;
#5353 = AXIS2_PLACEMENT_3D ( 'NONE', #6151, #3929, #6870 ) ;
#5354 = VECTOR ( 'NONE', #7174, 1000.000000000000000 ) ;
#5355 = DIRECTION ( 'NONE',  ( -1.000000000000000000, 0.000000000000000000, 0.000000000000000000 ) ) ;
#5356 = CARTESIAN_POINT ( 'NONE',  ( -47.60000000000000853, -1.600000000000000311, -39.39999999999999858 ) ) ;
#5357 = FACE_OUTER_BOUND ( 'NONE', #1830, .T. ) ;
#5358 = DIRECTION ( 'NONE',  ( -0.000000000000000000, 1.000000000000000000, 0.000000000000000000 ) ) ;
#5359 = ADVANCED_FACE ( 'NONE', ( #4767 ), #7124, .F. ) ;
#5360 = CARTESIAN_POINT ( 'NONE',  ( 45.45000000000000284, 0.9999999999999997780, 0.000000000000000000 ) ) ;
#5361 = EDGE_LOOP ( 'NONE', ( #5518, #3540, #5264, #2073 ) ) ;
#5362 = DIRECTION ( 'NONE',  ( 0.000000000000000000, 0.000000000000000000, 1.000000000000000000 ) ) ;
#5363 = VERTEX_POINT ( 'NONE', #2473 ) ;
#5364 = CARTESIAN_POINT ( 'NONE',  ( 43.99999999999999289, 2.399999999999999911, -44.00000000000000711 ) ) ;
#5365 = CARTESIAN_POINT ( 'NONE',  ( -37.94572035995641102, 0.5617865889128818013, 48.99999999999998579 ) ) ;
#5366 = CARTESIAN_POINT ( 'NONE',  ( -39.00000000000000000, 0.0007417727527186725742, 37.41843934362980661 ) ) ;
#5367 = VERTEX_POINT ( 'NONE', #4880 ) ;
#5368 = CARTESIAN_POINT ( 'NONE',  ( -38.17984658943015575, -0.1387249770095215773, 48.65219370600931370 ) ) ;
#5369 = AXIS2_PLACEMENT_3D ( 'NONE', #6323, #5751, #6946 ) ;
#5370 = VERTEX_POINT ( 'NONE', #3714 ) ;
#5371 = DIRECTION ( 'NONE',  ( 0.000000000000000000, 1.000000000000000000, 0.000000000000000000 ) ) ;
#5372 = CARTESIAN_POINT ( 'NONE',  ( 37.50000000000000711, 0.000000000000000000, 9.499999999999996447 ) ) ;
#5373 = CARTESIAN_POINT ( 'NONE',  ( -39.00000000000000711, 0.5986684421056476246, -37.46740987162256431 ) ) ;
#5374 = CARTESIAN_POINT ( 'NONE',  ( 0.000000000000000000, 2.399999999999999911, 33.34999999999999432 ) ) ;
#5375 = CARTESIAN_POINT ( 'NONE',  ( 43.99999999999999289, 0.000000000000000000, -42.09999999999999432 ) ) ;
#5376 = ORIENTED_EDGE ( 'NONE', *, *, #948, .F. ) ;
#5377 = CARTESIAN_POINT ( 'NONE',  ( 37.56696972201766727, 0.6000000000000001998, -49.00000000000000000 ) ) ;
#5378 = VERTEX_POINT ( 'NONE', #2508 ) ;
#5379 = CARTESIAN_POINT ( 'NONE',  ( 39.40000000000000568, -1.600000000000000089, 39.39999999999999858 ) ) ;
#5380 = EDGE_CURVE ( 'NONE', #3718, #4335, #4355, .T. ) ;
#5381 = CARTESIAN_POINT ( 'NONE',  ( -37.73350761145090360, 0.5338697544405137663, 38.98547552541838002 ) ) ;
#5382 = CARTESIAN_POINT ( 'NONE',  ( 23.75000000000000711, 0.9999999999999997780, 34.55529936623839404 ) ) ;
#5383 = ORIENTED_EDGE ( 'NONE', *, *, #147, .T. ) ;
#5384 = FACE_OUTER_BOUND ( 'NONE', #5541, .T. ) ;
#5385 = CARTESIAN_POINT ( 'NONE',  ( 27.73999999999999133, 0.9999999999999997780, -41.99999999999999289 ) ) ;
#5386 = ADVANCED_FACE ( 'NONE', ( #3219 ), #6585, .F. ) ;
#5387 = DIRECTION ( 'NONE',  ( 0.000000000000000000, 1.000000000000000000, 0.000000000000000000 ) ) ;
#5388 = CARTESIAN_POINT ( 'NONE',  ( -43.99999999999999289, -1.600000000000000089, 46.10000000000000142 ) ) ;
#5389 = CARTESIAN_POINT ( 'NONE',  ( -48.45159026022972171, -1.003088512701685283E-33, -37.73020952930641414 ) ) ;
#5390 = EDGE_LOOP ( 'NONE', ( #110, #1135, #6061, #3491 ) ) ;
#5391 = DIRECTION ( 'NONE',  ( 0.000000000000000000, 0.000000000000000000, -1.000000000000000000 ) ) ;
#5392 = ORIENTED_EDGE ( 'NONE', *, *, #5295, .T. ) ;
#5393 = CARTESIAN_POINT ( 'NONE',  ( 39.40000000000000568, 0.000000000000000000, 47.60000000000000142 ) ) ;
#5394 = ORIENTED_EDGE ( 'NONE', *, *, #245, .F. ) ;
#5395 = ORIENTED_EDGE ( 'NONE', *, *, #3629, .F. ) ;
#5396 = CYLINDRICAL_SURFACE ( 'NONE', #4790, 1.500000000000001332 ) ;
#5397 = EDGE_CURVE ( 'NONE', #2169, #6302, #3948, .T. ) ;
#5398 = AXIS2_PLACEMENT_3D ( 'NONE', #3273, #4408, #5442 ) ;
#5399 = DIRECTION ( 'NONE',  ( 0.000000000000000000, 0.000000000000000000, 1.000000000000000000 ) ) ;
#5400 = CIRCLE ( 'NONE', #6871, 1.500000000000001332 ) ;
#5401 = FACE_OUTER_BOUND ( 'NONE', #6749, .T. ) ;
#5402 = VERTEX_POINT ( 'NONE', #1326 ) ;
#5403 = CARTESIAN_POINT ( 'NONE',  ( -49.00000000000000000, 2.399999999999999911, 39.40000000000000568 ) ) ;
#5404 = AXIS2_PLACEMENT_3D ( 'NONE', #7362, #3410, #416 ) ;
#5405 = AXIS2_PLACEMENT_3D ( 'NONE', #6360, #1798, #5293 ) ;
#5406 = ORIENTED_EDGE ( 'NONE', *, *, #4371, .F. ) ;
#5407 = LINE ( 'NONE', #1375, #6706 ) ;
#5408 = AXIS2_PLACEMENT_3D ( 'NONE', #1902, #5439, #7285 ) ;
#5409 = LINE ( 'NONE', #155, #5918 ) ;
#5410 = ADVANCED_FACE ( 'NONE', ( #6040 ), #7277, .F. ) ;
#5411 = CARTESIAN_POINT ( 'NONE',  ( -44.00000000000000711, 0.000000000000000000, -44.00000000000000000 ) ) ;
#5412 = LINE ( 'NONE', #3690, #5600 ) ;
#5413 = CARTESIAN_POINT ( 'NONE',  ( -37.40206632590398783, 0.000000000000000000, 39.60000000000000142 ) ) ;
#5414 = STYLED_ITEM ( 'NONE', ( #5563 ), #1231 ) ;
#5415 = EDGE_LOOP ( 'NONE', ( #1311, #1749, #2970, #1985 ) ) ;
#5416 = DIRECTION ( 'NONE',  ( 0.000000000000000000, 1.000000000000000000, 0.000000000000000000 ) ) ;
#5417 = VERTEX_POINT ( 'NONE', #3178 ) ;
#5418 = CIRCLE ( 'NONE', #1495, 1.399999999999998579 ) ;
#5419 = VERTEX_POINT ( 'NONE', #6701 ) ;
#5420 = DIRECTION ( 'NONE',  ( 1.000000000000000000, 0.000000000000000000, 0.000000000000000000 ) ) ;
#5421 = B_SPLINE_CURVE_WITH_KNOTS ( 'NONE', 3,
 ( #3835, #5660, #6163, #3252, #5588, #5001, #3481, #4654, #5778, #1097, #3520, #2907 ),
 .UNSPECIFIED., .F., .F.,
 ( 4, 2, 2, 2, 2, 4 ),
 ( -6.973953793607952866E-06, 0.0003849683204487126136, 0.0007769105946910331937, 0.001168852868933354045, 0.001364824006054507748, 0.001560795143175661669 ),
 .UNSPECIFIED. ) ;
#5422 = CARTESIAN_POINT ( 'NONE',  ( -37.68261253144363820, -0.009349921059910441812, 39.01336919689657634 ) ) ;
#5423 = ADVANCED_FACE ( 'NONE', ( #1894 ), #6881, .F. ) ;
#5424 = DIRECTION ( 'NONE',  ( 0.000000000000000000, 0.000000000000000000, -1.000000000000000000 ) ) ;
#5425 = EDGE_LOOP ( 'NONE', ( #6733, #6296, #2410, #2796, #1365, #6835, #5256, #6336 ) ) ;
#5426 = CARTESIAN_POINT ( 'NONE',  ( -38.89087332001724917, 0.2378752477098992901, -38.06750643515542265 ) ) ;
#5427 = CARTESIAN_POINT ( 'NONE',  ( 39.21256654830087740, -0.2693839521428142425, -37.98063956640872618 ) ) ;
#5428 = DIRECTION ( 'NONE',  ( 0.000000000000000000, 0.000000000000000000, 1.000000000000000000 ) ) ;
#5429 = LINE ( 'NONE', #788, #6198 ) ;
#5430 = ADVANCED_FACE ( 'NONE', ( #3138 ), #2390, .T. ) ;
#5431 = CARTESIAN_POINT ( 'NONE',  ( 39.59848051651439249, -0.0006657787549100870322, -37.43480804891996883 ) ) ;
#5432 = ORIENTED_EDGE ( 'NONE', *, *, #432, .T. ) ;
#5433 = PLANE ( 'NONE',  #1774 ) ;
#5434 = VERTEX_POINT ( 'NONE', #4804 ) ;
#5435 = ORIENTED_EDGE ( 'NONE', *, *, #1927, .F. ) ;
#5436 = ORIENTED_EDGE ( 'NONE', *, *, #1106, .T. ) ;
#5437 = ORIENTED_EDGE ( 'NONE', *, *, #745, .F. ) ;
#5438 = DIRECTION ( 'NONE',  ( 0.000000000000000000, 0.000000000000000000, -1.000000000000000000 ) ) ;
#5439 = DIRECTION ( 'NONE',  ( -0.000000000000000000, 0.000000000000000000, 1.000000000000000000 ) ) ;
#5440 = CARTESIAN_POINT ( 'NONE',  ( 37.50000000000000000, 0.5999999999999998668, -10.99999999999999112 ) ) ;
#5441 = ORIENTED_EDGE ( 'NONE', *, *, #2145, .F. ) ;
#5442 = DIRECTION ( 'NONE',  ( 0.000000000000000000, 0.000000000000000000, 1.000000000000000000 ) ) ;
#5443 = EDGE_CURVE ( 'NONE', #832, #1498, #7158, .T. ) ;
#5444 = EDGE_LOOP ( 'NONE', ( #3387, #5150, #1035, #2208 ) ) ;
#5445 = DIRECTION ( 'NONE',  ( 0.000000000000000000, -1.000000000000000000, 0.000000000000000000 ) ) ;
#5446 = CARTESIAN_POINT ( 'NONE',  ( -49.00000000000000000, -0.3782020611244041874, 39.06699813600926774 ) ) ;
#5447 = DIRECTION ( 'NONE',  ( -0.9204443524957552913, 0.000000000000000000, 0.3908736291420409348 ) ) ;
#5448 = AXIS2_PLACEMENT_3D ( 'NONE', #213, #4875, #2002 ) ;
#5449 = CYLINDRICAL_SURFACE ( 'NONE', #7064, 1.399999999999998579 ) ;
#5450 = DIRECTION ( 'NONE',  ( 1.000000000000000000, 0.000000000000000000, 0.000000000000000000 ) ) ;
#5451 = EDGE_CURVE ( 'NONE', #3531, #3223, #2551, .T. ) ;
#5452 = ORIENTED_EDGE ( 'NONE', *, *, #6350, .T. ) ;
#5453 = DIRECTION ( 'NONE',  ( 0.000000000000000000, -1.000000000000000000, 0.000000000000000000 ) ) ;
#5454 = EDGE_LOOP ( 'NONE', ( #7023, #5619, #1843, #2516, #54, #1971, #2572, #7073, #6993, #2010, #2820, #7278, #509, #6833, #6717, #2804, #3760, #2544, #2304, #3078, #1093, #7590, #5924, #3842, #7246, #3087, #2676, #6494, #6588, #1832, #4670, #778 ) ) ;
#5455 = VECTOR ( 'NONE', #4152, 1000.000000000000000 ) ;
#5456 = DIRECTION ( 'NONE',  ( -0.3908736291420340514, 0.000000000000000000, -0.9204443524957582889 ) ) ;
#5457 = CARTESIAN_POINT ( 'NONE',  ( 49.00000000000000000, -0.1875914490198225815, -38.73762170596447163 ) ) ;
#5458 = AXIS2_PLACEMENT_3D ( 'NONE', #6710, #1444, #2684 ) ;
#5459 = DIRECTION ( 'NONE',  ( -0.3908736291420338294, 0.000000000000000000, 0.9204443524957584000 ) ) ;
#5460 = VECTOR ( 'NONE', #2433, 1000.000000000000000 ) ;
#5461 = AXIS2_PLACEMENT_3D ( 'NONE', #220, #5550, #1328 ) ;
#5462 = CARTESIAN_POINT ( 'NONE',  ( 39.40000000000000568, 0.000000000000000000, 38.00000000000000000 ) ) ;
#5463 = EDGE_LOOP ( 'NONE', ( #7137, #1175, #6976, #3315 ) ) ;
#5464 = DIRECTION ( 'NONE',  ( 0.000000000000000000, 0.000000000000000000, 1.000000000000000000 ) ) ;
#5465 = VECTOR ( 'NONE', #1418, 1000.000000000000000 ) ;
#5466 = CARTESIAN_POINT ( 'NONE',  ( 38.94059652522705051, -0.1385210874801979242, -37.98489125441184910 ) ) ;
#5467 = DIRECTION ( 'NONE',  ( -0.000000000000000000, 1.000000000000000000, 0.000000000000000000 ) ) ;
#5468 = DIRECTION ( 'NONE',  ( 1.000000000000000000, -0.000000000000000000, -0.000000000000000000 ) ) ;
#5469 = AXIS2_PLACEMENT_3D ( 'NONE', #482, #4570, #16 ) ;
#5470 = CARTESIAN_POINT ( 'NONE',  ( 38.99999999999999289, 0.5986684421056437388, -37.46740987162261405 ) ) ;
#5471 = VERTEX_POINT ( 'NONE', #218 ) ;
#5472 = CARTESIAN_POINT ( 'NONE',  ( 31.65733862529602405, 1.399999999999999689, 28.44999999999998863 ) ) ;
#5473 = ORIENTED_EDGE ( 'NONE', *, *, #2228, .T. ) ;
#5474 = ORIENTED_EDGE ( 'NONE', *, *, #4185, .T. ) ;
#5475 = VERTEX_POINT ( 'NONE', #831 ) ;
#5476 = ADVANCED_FACE ( 'NONE', ( #7234 ), #4318, .F. ) ;
#5477 = CARTESIAN_POINT ( 'NONE',  ( 23.75000000000000711, 0.9999999999999997780, 46.24999999999998579 ) ) ;
#5478 = AXIS2_PLACEMENT_3D ( 'NONE', #4221, #236, #6563 ) ;
#5479 = CARTESIAN_POINT ( 'NONE',  ( 38.03661827055788081, -0.08709142887629885144, 48.58416450377821150 ) ) ;
#5480 = CARTESIAN_POINT ( 'NONE',  ( 37.65000000000000568, 0.9999999999999997780, 27.84999999999999432 ) ) ;
#5481 = ORIENTED_EDGE ( 'NONE', *, *, #2757, .F. ) ;
#5482 = ADVANCED_FACE ( 'NONE', ( #6083 ), #2007, .F. ) ;
#5483 = DIRECTION ( 'NONE',  ( -1.000000000000000000, 0.000000000000000000, 0.000000000000000000 ) ) ;
#5484 = ORIENTED_EDGE ( 'NONE', *, *, #2186, .T. ) ;
#5485 = CARTESIAN_POINT ( 'NONE',  ( -1.240000000000011759, 2.399999999999999911, -1.434038073474174172E-16 ) ) ;
#5486 = ADVANCED_FACE ( 'NONE', ( #2629 ), #5285, .F. ) ;
#5487 = CARTESIAN_POINT ( 'NONE',  ( -39.40000000000000568, 0.000000000000000000, -47.60000000000000142 ) ) ;
#5488 = LINE ( 'NONE', #773, #5108 ) ;
#5489 = EDGE_CURVE ( 'NONE', #2787, #4969, #6885, .T. ) ;
#5490 = CARTESIAN_POINT ( 'NONE',  ( 39.00000000000000000, 0.5999999999999998668, -9.499999999999991118 ) ) ;
#5491 =( BOUNDED_SURFACE ( )  B_SPLINE_SURFACE ( 3, 2, ( 
 ( #6866, #1070, #5210 ),
 ( #1604, #3925, #4491 ),
 ( #4632, #1636, #425 ),
 ( #6832, #5715, #2249 ),
 ( #3454, #2837, #6903 ),
 ( #1570, #3416, #3961 ),
 ( #5098, #2766, #1532 ),
 ( #5174, #965, #3890 ),
 ( #2179, #6284, #2801 ),
 ( #1032, #3312, #5788 ) ),
 .UNSPECIFIED., .F., .F., .F. ) 
 B_SPLINE_SURFACE_WITH_KNOTS ( ( 4, 2, 2, 2, 4 ),
 ( 3, 3 ),
 ( 0.0005088217293351753826, 0.001073969789392668125, 0.001639117849450161084, 0.002204265909507653609, 0.002769413969565146568 ),
 ( 0.000000000000000000, 1.000000000000000000 ),
 .UNSPECIFIED. ) 
 GEOMETRIC_REPRESENTATION_ITEM ( )  RATIONAL_B_SPLINE_SURFACE ( (
 ( 1.000000000000000000, 0.7071067811865475727, 1.000000000000000000),
 ( 1.000000000000000000, 0.7275918118789265199, 1.000000000000000000),
 ( 1.000000000000000000, 0.7521658665370439811, 1.000000000000000000),
 ( 1.000000000000000000, 0.8088722520719785480, 1.000000000000000000),
 ( 1.000000000000000000, 0.8404882260426875806, 1.000000000000000000),
 ( 1.000000000000000000, 0.9052913301296949822, 1.000000000000000000),
 ( 1.000000000000000000, 0.9373730462294450616, 1.000000000000000000),
 ( 1.000000000000000000, 0.9851504424264573290, 1.000000000000000000),
 ( 1.000000000000000000, 1.000295620687706943, 1.000000000000000000),
 ( 1.000000000000000000, 1.000000000000000000, 1.000000000000000000) ) ) 
 REPRESENTATION_ITEM ( '' )  SURFACE ( )  );
#5492 = CARTESIAN_POINT ( 'NONE',  ( -39.00000000000000711, 2.399999999999999911, -1.999999999999981792 ) ) ;
#5493 = AXIS2_PLACEMENT_3D ( 'NONE', #2997, #1758, #2339 ) ;
#5494 = EDGE_LOOP ( 'NONE', ( #1691, #4329, #620, #912 ) ) ;
#5495 = CARTESIAN_POINT ( 'NONE',  ( 37.56696972201766727, 2.168404344971008868E-16, -48.39999999999999858 ) ) ;
#5496 = ORIENTED_EDGE ( 'NONE', *, *, #6247, .F. ) ;
#5497 = CARTESIAN_POINT ( 'NONE',  ( 42.62500000000000711, 0.9999999999999997780, 14.56000000000000405 ) ) ;
#5498 = DIRECTION ( 'NONE',  ( -0.000000000000000000, 1.000000000000000000, -0.000000000000000000 ) ) ;
#5499 = VECTOR ( 'NONE', #73, 1000.000000000000000 ) ;
#5500 = ADVANCED_FACE ( 'NONE', ( #3254 ), #7393, .T. ) ;
#5501 = FACE_BOUND ( 'NONE', #162, .T. ) ;
#5502 = FACE_OUTER_BOUND ( 'NONE', #4104, .T. ) ;
#5503 = ORIENTED_EDGE ( 'NONE', *, *, #1632, .F. ) ;
#5504 = DIRECTION ( 'NONE',  ( 1.000000000000000000, -0.000000000000000000, -0.000000000000000000 ) ) ;
#5505 = DIRECTION ( 'NONE',  ( -1.000000000000000000, 0.000000000000000000, 2.276539994720219349E-16 ) ) ;
#5506 = DIRECTION ( 'NONE',  ( 0.08143023861490140958, 0.9966790437443340256, 0.000000000000000000 ) ) ;
#5507 = CARTESIAN_POINT ( 'NONE',  ( -39.40000000000000568, -1.600000000000000089, -47.60000000000000142 ) ) ;
#5508 = CARTESIAN_POINT ( 'NONE',  ( 38.99999999999999289, 0.5999999990652309378, -37.43476505088623441 ) ) ;
#5509 = ORIENTED_EDGE ( 'NONE', *, *, #5802, .F. ) ;
#5510 = CARTESIAN_POINT ( 'NONE',  ( 37.46743680382927977, 0.5986662425815281185, -39.00000000000000000 ) ) ;
#5511 = B_SPLINE_CURVE_WITH_KNOTS ( 'NONE', 3,
 ( #1896, #6043, #5510, #3839 ),
 .UNSPECIFIED., .F., .F.,
 ( 4, 4 ),
 ( 0.000000000000000000, 9.801509234619995765E-05 ),
 .UNSPECIFIED. ) ;
#5512 = ORIENTED_EDGE ( 'NONE', *, *, #2490, .T. ) ;
#5513 = ORIENTED_EDGE ( 'NONE', *, *, #6413, .T. ) ;
#5514 = EDGE_LOOP ( 'NONE', ( #4444, #3686, #1230, #5022 ) ) ;
#5515 = CARTESIAN_POINT ( 'NONE',  ( 19.50000000000000355, 2.399999999999999467, 20.00000000000000355 ) ) ;
#5516 = CARTESIAN_POINT ( 'NONE',  ( 34.25000000000000000, 2.399999999999999911, 47.74999999999998579 ) ) ;
#5517 = CARTESIAN_POINT ( 'NONE',  ( 45.72500000000000142, 2.399999999999999911, 0.000000000000000000 ) ) ;
#5518 = ORIENTED_EDGE ( 'NONE', *, *, #6266, .T. ) ;
#5519 = ADVANCED_FACE ( 'NONE', ( #3298 ), #2674, .T. ) ;
#5520 = CARTESIAN_POINT ( 'NONE',  ( 39.39999999999999858, -1.600000000000000089, -49.00000000000000000 ) ) ;
#5521 = VERTEX_POINT ( 'NONE', #4507 ) ;
#5522 = CARTESIAN_POINT ( 'NONE',  ( 0.000000000000000000, 0.5999999999999999778, -39.60000000000000142 ) ) ;
#5523 = LINE ( 'NONE', #4374, #2854 ) ;
#5524 = CARTESIAN_POINT ( 'NONE',  ( -37.56696972201767437, 0.5999999999999998668, -49.00000000000000000 ) ) ;
#5525 = AXIS2_PLACEMENT_3D ( 'NONE', #7430, #3325, #2745 ) ;
#5526 = CARTESIAN_POINT ( 'NONE',  ( -38.71233566430354500, -0.5503429518258566855, 38.39152928293248124 ) ) ;
#5527 = DIRECTION ( 'NONE',  ( 0.000000000000000000, 0.000000000000000000, 1.000000000000000000 ) ) ;
#5528 = AXIS2_PLACEMENT_3D ( 'NONE', #7331, #2101, #4445 ) ;
#5529 = ADVANCED_FACE ( 'NONE', ( #2127 ), #6921, .F. ) ;
#5530 = ORIENTED_EDGE ( 'NONE', *, *, #5142, .F. ) ;
#5531 = PLANE ( 'NONE',  #436 ) ;
#5532 = VECTOR ( 'NONE', #145, 1000.000000000000000 ) ;
#5533 = ORIENTED_EDGE ( 'NONE', *, *, #377, .T. ) ;
#5534 = DIRECTION ( 'NONE',  ( 0.000000000000000000, 1.000000000000000000, 0.000000000000000000 ) ) ;
#5535 = DIRECTION ( 'NONE',  ( 0.000000000000000000, 0.000000000000000000, 1.000000000000000000 ) ) ;
#5536 = VECTOR ( 'NONE', #3984, 1000.000000000000000 ) ;
#5537 = CARTESIAN_POINT ( 'NONE',  ( -37.40206632590398783, 0.5999999999999999778, 39.60000000000000142 ) ) ;
#5538 = DIRECTION ( 'NONE',  ( -0.000000000000000000, 0.000000000000000000, 1.000000000000000000 ) ) ;
#5539 = DIRECTION ( 'NONE',  ( -2.315583511784632896E-14, 0.08143023861495178595, -0.9966790437443300288 ) ) ;
#5540 = CIRCLE ( 'NONE', #3954, 1.500000000000001332 ) ;
#5541 = EDGE_LOOP ( 'NONE', ( #1879, #6680, #4291, #1296 ) ) ;
#5542 = CARTESIAN_POINT ( 'NONE',  ( 39.39999999999999858, -0.5999999999999998668, -47.60000000000000142 ) ) ;
#5543 = EDGE_CURVE ( 'NONE', #7332, #4268, #5661, .T. ) ;
#5544 = AXIS2_PLACEMENT_3D ( 'NONE', #570, #2290, #5899 ) ;
#5545 = CARTESIAN_POINT ( 'NONE',  ( -44.00000000000000711, -1.600000000000000089, -44.00000000000000000 ) ) ;
#5546 = DIRECTION ( 'NONE',  ( -0.000000000000000000, -1.000000000000000000, -0.000000000000000000 ) ) ;
#5547 = CARTESIAN_POINT ( 'NONE',  ( 17.40000000000000213, 0.5999999999999999778, 18.50000000000000355 ) ) ;
#5548 = CARTESIAN_POINT ( 'NONE',  ( 38.99999999999999289, 0.000000000000000000, -37.40206632590398073 ) ) ;
#5549 = ORIENTED_EDGE ( 'NONE', *, *, #4910, .F. ) ;
#5550 = DIRECTION ( 'NONE',  ( 0.000000000000000000, -1.000000000000000000, 0.000000000000000000 ) ) ;
#5551 = ADVANCED_FACE ( 'NONE', ( #5662 ), #6383, .T. ) ;
#5552 = ORIENTED_EDGE ( 'NONE', *, *, #2072, .T. ) ;
#5553 = ORIENTED_EDGE ( 'NONE', *, *, #7002, .T. ) ;
#5554 = ORIENTED_EDGE ( 'NONE', *, *, #957, .F. ) ;
#5555 = VECTOR ( 'NONE', #2692, 999.9999999999998863 ) ;
#5556 = CARTESIAN_POINT ( 'NONE',  ( 39.60000000000000142, 0.5999999999999998668, -1.999999999999983569 ) ) ;
#5557 = CARTESIAN_POINT ( 'NONE',  ( -37.43480804891996883, -0.0006657787549085036633, 39.59848051651433565 ) ) ;
#5558 = CARTESIAN_POINT ( 'NONE',  ( 45.85000000000000142, 0.9999999999999997780, 31.84999999999999076 ) ) ;
#5559 = VERTEX_POINT ( 'NONE', #5695 ) ;
#5560 = CARTESIAN_POINT ( 'NONE',  ( -49.00000000000000711, 2.399999999999999911, -49.00000000000000000 ) ) ;
#5561 = EDGE_LOOP ( 'NONE', ( #5642, #7169, #1490, #6990 ) ) ;
#5562 = ORIENTED_EDGE ( 'NONE', *, *, #2136, .F. ) ;
#5563 = PRESENTATION_STYLE_ASSIGNMENT (( #1028 ) ) ;
#5564 = FACE_OUTER_BOUND ( 'NONE', #3680, .T. ) ;
#5565 = EDGE_CURVE ( 'NONE', #986, #2218, #6638, .T. ) ;
#5566 = DIRECTION ( 'NONE',  ( 0.000000000000000000, 0.000000000000000000, -1.000000000000000000 ) ) ;
#5567 = ORIENTED_EDGE ( 'NONE', *, *, #6241, .F. ) ;
#5568 = DIRECTION ( 'NONE',  ( 0.000000000000000000, 0.000000000000000000, -1.000000000000000000 ) ) ;
#5569 = ORIENTED_EDGE ( 'NONE', *, *, #6745, .F. ) ;
#5570 = DIRECTION ( 'NONE',  ( 0.000000000000000000, 0.000000000000000000, 1.000000000000000000 ) ) ;
#5571 = DIRECTION ( 'NONE',  ( -0.000000000000000000, 1.000000000000000000, -0.000000000000000000 ) ) ;
#5572 = EDGE_CURVE ( 'NONE', #5417, #6911, #7502, .T. ) ;
#5573 = CARTESIAN_POINT ( 'NONE',  ( 0.000000000000000000, 0.9999999999999997780, 0.000000000000000000 ) ) ;
#5574 = CARTESIAN_POINT ( 'NONE',  ( 49.00000000000002132, -6.938893903907228378E-15, 37.56696972201767437 ) ) ;
#5575 = VECTOR ( 'NONE', #1688, 1000.000000000000000 ) ;
#5576 = AXIS2_PLACEMENT_3D ( 'NONE', #3505, #2305, #3468 ) ;
#5577 = LINE ( 'NONE', #6193, #2712 ) ;
#5578 = ORIENTED_EDGE ( 'NONE', *, *, #5628, .T. ) ;
#5579 = EDGE_CURVE ( 'NONE', #1753, #5831, #5043, .T. ) ;
#5580 = CARTESIAN_POINT ( 'NONE',  ( -37.94572141876578542, 0.5617863553588838821, 49.00000000000000000 ) ) ;
#5581 = TOROIDAL_SURFACE ( 'NONE', #5328, 2.100000000000000089, 0.5999999999999999778 ) ;
#5582 = EDGE_CURVE ( 'NONE', #4735, #2380, #2343, .T. ) ;
#5583 = CARTESIAN_POINT ( 'NONE',  ( 22.73751121225466676, 0.9999999999999997780, 34.12533837418215654 ) ) ;
#5584 = VECTOR ( 'NONE', #3633, 1000.000000000000000 ) ;
#5585 = AXIS2_PLACEMENT_3D ( 'NONE', #6587, #7279, #5005 ) ;
#5586 = CARTESIAN_POINT ( 'NONE',  ( -37.41844945715714488, 4.136230265234099713E-17, -39.59925776918243656 ) ) ;
#5587 = EDGE_CURVE ( 'NONE', #3351, #495, #487, .T. ) ;
#5588 = CARTESIAN_POINT ( 'NONE',  ( -39.07765819640489013, -0.3457858154401373674, -38.07808476618537696 ) ) ;
#5589 = DIRECTION ( 'NONE',  ( -0.000000000000000000, -1.000000000000000000, -0.000000000000000000 ) ) ;
#5590 = EDGE_LOOP ( 'NONE', ( #1870, #1868, #1387, #603 ) ) ;
#5591 = CARTESIAN_POINT ( 'NONE',  ( 43.99999999999999289, -1.399999999999990585, -43.99999999999999289 ) ) ;
#5592 = VECTOR ( 'NONE', #6617, 1000.000000000000000 ) ;
#5593 = ORIENTED_EDGE ( 'NONE', *, *, #1078, .F. ) ;
#5594 = VERTEX_POINT ( 'NONE', #1515 ) ;
#5595 = ORIENTED_EDGE ( 'NONE', *, *, #6272, .T. ) ;
#5596 = AXIS2_PLACEMENT_3D ( 'NONE', #3542, #3581, #6958 ) ;
#5597 = DIRECTION ( 'NONE',  ( 1.000000000000000000, 0.000000000000000000, -0.000000000000000000 ) ) ;
#5598 = CARTESIAN_POINT ( 'NONE',  ( 39.40000000000000568, -0.6000000000000000888, 49.00000000000000000 ) ) ;
#5599 = ADVANCED_FACE ( 'NONE', ( #5118 ), #4572, .T. ) ;
#5600 = VECTOR ( 'NONE', #6021, 1000.000000000000000 ) ;
#5601 = CARTESIAN_POINT ( 'NONE',  ( 47.60000000000001563, -0.5999999999999998668, 38.00000000000000000 ) ) ;
#5602 = ORIENTED_EDGE ( 'NONE', *, *, #6647, .T. ) ;
#5603 = VECTOR ( 'NONE', #3536, 1000.000000000000000 ) ;
#5604 = CARTESIAN_POINT ( 'NONE',  ( -1.840000000000006963, 0.000000000000000000, -40.50000000000000000 ) ) ;
#5605 = ORIENTED_EDGE ( 'NONE', *, *, #1833, .T. ) ;
#5606 = FILL_AREA_STYLE ('',( #1568 ) ) ;
#5607 = AXIS2_PLACEMENT_3D ( 'NONE', #3114, #5943, #2447 ) ;
#5608 = CARTESIAN_POINT ( 'NONE',  ( -39.69089023002066341, -1.600000000000000089, 38.00000000000000000 ) ) ;
#5609 = DIRECTION ( 'NONE',  ( 0.000000000000000000, 0.000000000000000000, -1.000000000000000000 ) ) ;
#5610 = EDGE_LOOP ( 'NONE', ( #961, #6984, #1716, #5481 ) ) ;
#5611 = CARTESIAN_POINT ( 'NONE',  ( -37.68210881791555522, -0.009253629891230123750, -39.01340293977062146 ) ) ;
#5612 = VERTEX_POINT ( 'NONE', #1623 ) ;
#5613 = DIRECTION ( 'NONE',  ( 0.000000000000000000, 1.000000000000000000, 0.000000000000000000 ) ) ;
#5614 = DIRECTION ( 'NONE',  ( -0.000000000000000000, -1.000000000000000000, -0.000000000000000000 ) ) ;
#5615 = VECTOR ( 'NONE', #5060, 1000.000000000000000 ) ;
#5616 = DIRECTION ( 'NONE',  ( 0.000000000000000000, -0.7071067811865583419, -0.7071067811865368036 ) ) ;
#5617 = CARTESIAN_POINT ( 'NONE',  ( 39.60000000000000142, 0.5999999999999999778, -1.895035852377425689E-14 ) ) ;
#5618 = FACE_OUTER_BOUND ( 'NONE', #2057, .T. ) ;
#5619 = ORIENTED_EDGE ( 'NONE', *, *, #1159, .T. ) ;
#5620 = EDGE_CURVE ( 'NONE', #2264, #6358, #1977, .T. ) ;
#5621 = CARTESIAN_POINT ( 'NONE',  ( -38.73762170596455690, -0.1875914490198462847, 49.00000000000066791 ) ) ;
#5622 = CONICAL_SURFACE ( 'NONE', #358, 1.899999999999999023, 0.7853981633974574939 ) ;
#5623 = FACE_OUTER_BOUND ( 'NONE', #3374, .T. ) ;
#5624 = FACE_OUTER_BOUND ( 'NONE', #6509, .T. ) ;
#5625 = CYLINDRICAL_SURFACE ( 'NONE', #4961, 0.3999999999999975797 ) ;
#5626 = CARTESIAN_POINT ( 'NONE',  ( 22.65000000000000568, 1.399999999999999689, 34.55529936623839404 ) ) ;
#5627 = VERTEX_POINT ( 'NONE', #3976 ) ;
#5628 = EDGE_CURVE ( 'NONE', #2650, #3056, #6516, .T. ) ;
#5629 = CARTESIAN_POINT ( 'NONE',  ( -37.50000000000000711, -7.600000000000000533, -1.999999999999982236 ) ) ;
#5630 = ORIENTED_EDGE ( 'NONE', *, *, #6614, .F. ) ;
#5631 = ADVANCED_FACE ( 'NONE', ( #3404 ), #5735, .F. ) ;
#5632 = LINE ( 'NONE', #3804, #7425 ) ;
#5633 = CARTESIAN_POINT ( 'NONE',  ( 39.16074114780544591, -0.3070562413347298070, 49.00000000000000000 ) ) ;
#5634 = DIRECTION ( 'NONE',  ( 0.000000000000000000, 1.000000000000000000, 0.000000000000000000 ) ) ;
#5635 = EDGE_LOOP ( 'NONE', ( #2344, #173, #1327, #6244 ) ) ;
#5636 = DIRECTION ( 'NONE',  ( 0.000000000000000000, 0.000000000000000000, 1.000000000000000000 ) ) ;
#5637 = VERTEX_POINT ( 'NONE', #1201 ) ;
#5638 = ADVANCED_FACE ( 'NONE', ( #5350 ), #7253, .F. ) ;
#5639 = CARTESIAN_POINT ( 'NONE',  ( 12.00000000000000355, 2.399999999999999911, -3.499999999999982236 ) ) ;
#5640 = CARTESIAN_POINT ( 'NONE',  ( 31.65733862529602405, 0.9999999999999997780, 28.44999999999998863 ) ) ;
#5641 = CARTESIAN_POINT ( 'NONE',  ( 47.59999999999999432, -0.6000000000000000888, -38.00000000000000000 ) ) ;
#5642 = ORIENTED_EDGE ( 'NONE', *, *, #6357, .T. ) ;
#5643 = CARTESIAN_POINT ( 'NONE',  ( -38.48275862068965836, -0.5999999999999998668, -38.63321908449344022 ) ) ;
#5644 = ORIENTED_EDGE ( 'NONE', *, *, #47, .F. ) ;
#5645 = EDGE_CURVE ( 'NONE', #2794, #1380, #7577, .T. ) ;
#5646 = CARTESIAN_POINT ( 'NONE',  ( 48.51566765287326177, -0.03993653860249276460, 37.88435472389592462 ) ) ;
#5647 = DIRECTION ( 'NONE',  ( -1.000000000000000000, 0.000000000000000000, 0.000000000000000000 ) ) ;
#5648 = CIRCLE ( 'NONE', #3442, 1.500000000000001332 ) ;
#5649 = CARTESIAN_POINT ( 'NONE',  ( 10.50000000000000178, 2.399999999999999467, -1.999999999999982236 ) ) ;
#5650 = CARTESIAN_POINT ( 'NONE',  ( 49.00000000000001421, 0.5617863553588627878, 37.94572141876577831 ) ) ;
#5651 = VECTOR ( 'NONE', #97, 1000.000000000000000 ) ;
#5652 = LINE ( 'NONE', #1508, #2469 ) ;
#5653 = VERTEX_POINT ( 'NONE', #1809 ) ;
#5654 = CARTESIAN_POINT ( 'NONE',  ( -37.67407111144578380, 0.03384830009383972549, 49.00000000000000000 ) ) ;
#5655 = CIRCLE ( 'NONE', #6633, 1.500000000000001332 ) ;
#5656 = AXIS2_PLACEMENT_3D ( 'NONE', #1610, #7343, #3389 ) ;
#5657 = LINE ( 'NONE', #6735, #2638 ) ;
#5658 = CARTESIAN_POINT ( 'NONE',  ( 37.57916055745398154, -0.02344514483183196205, -39.57754050567094595 ) ) ;
#5659 = ADVANCED_FACE ( 'NONE', ( #2427 ), #4686, .T. ) ;
#5660 = CARTESIAN_POINT ( 'NONE',  ( -38.71238375222603878, -0.5503127696181767670, -38.39147383274328007 ) ) ;
#5661 = CIRCLE ( 'NONE', #4435, 0.6000000000000033085 ) ;
#5662 = FACE_OUTER_BOUND ( 'NONE', #2135, .T. ) ;
#5663 = ORIENTED_EDGE ( 'NONE', *, *, #6000, .T. ) ;
#5664 = CARTESIAN_POINT ( 'NONE',  ( 0.000000000000000000, 0.000000000000000000, -48.39999999999999858 ) ) ;
#5665 = AXIS2_PLACEMENT_3D ( 'NONE', #1709, #7516, #496 ) ;
#5666 = AXIS2_PLACEMENT_3D ( 'NONE', #1920, #163, #3739 ) ;
#5667 = DIRECTION ( 'NONE',  ( 0.000000000000000000, 0.000000000000000000, 1.000000000000000000 ) ) ;
#5668 = CARTESIAN_POINT ( 'NONE',  ( -37.56696972201766727, 0.000000000000000000, 48.39999999999999858 ) ) ;
#5669 = EDGE_CURVE ( 'NONE', #5299, #4258, #6375, .T. ) ;
#5670 = CARTESIAN_POINT ( 'NONE',  ( -43.99999999999999289, 2.399999999999999911, 46.10000000000000142 ) ) ;
#5671 = VERTEX_POINT ( 'NONE', #2388 ) ;
#5672 = FACE_OUTER_BOUND ( 'NONE', #4146, .T. ) ;
#5673 = VERTEX_POINT ( 'NONE', #5805 ) ;
#5674 = CARTESIAN_POINT ( 'NONE',  ( -44.00000000000000711, 2.200000000000000178, -44.00000000000000000 ) ) ;
#5675 = ORIENTED_EDGE ( 'NONE', *, *, #6994, .F. ) ;
#5676 = VERTEX_POINT ( 'NONE', #553 ) ;
#5677 = CARTESIAN_POINT ( 'NONE',  ( 25.33017258695864982, 0.9999999999999997780, 28.02003900794375113 ) ) ;
#5678 = CARTESIAN_POINT ( 'NONE',  ( 47.60000000000001563, -0.5999999999999998668, 39.40000000000000568 ) ) ;
#5679 = ADVANCED_FACE ( 'NONE', ( #5305 ), #1734, .T. ) ;
#5680 = DIRECTION ( 'NONE',  ( 0.000000000000000000, 0.000000000000000000, 1.000000000000000000 ) ) ;
#5681 = VERTEX_POINT ( 'NONE', #3511 ) ;
#5682 = CARTESIAN_POINT ( 'NONE',  ( -37.73319168694480652, 0.5340004932596086329, -38.98551476633257806 ) ) ;
#5683 = ORIENTED_EDGE ( 'NONE', *, *, #1562, .F. ) ;
#5684 = CARTESIAN_POINT ( 'NONE',  ( 48.65219370600933502, -0.1387249770095212165, 38.17984658943015575 ) ) ;
#5685 = DIRECTION ( 'NONE',  ( -0.000000000000000000, -1.000000000000000000, -0.000000000000000000 ) ) ;
#5686 = DIRECTION ( 'NONE',  ( -0.9204443524957584000, 0.000000000000000000, -0.3908736291420338294 ) ) ;
#5687 = EDGE_CURVE ( 'NONE', #5676, #74, #2465, .T. ) ;
#5688 = CARTESIAN_POINT ( 'NONE',  ( 39.00000000000000711, 2.399999999999999911, 10.99999999999999645 ) ) ;
#5689 = CARTESIAN_POINT ( 'NONE',  ( -49.00000000000000711, 0.000000000000000000, -39.39999999999999858 ) ) ;
#5690 = VERTEX_POINT ( 'NONE', #2310 ) ;
#5691 = DIRECTION ( 'NONE',  ( 0.000000000000000000, 0.000000000000000000, 1.000000000000000000 ) ) ;
#5692 = DIRECTION ( 'NONE',  ( 1.000000000000000000, 0.000000000000000000, 0.000000000000000000 ) ) ;
#5693 = CARTESIAN_POINT ( 'NONE',  ( -38.48275862068965836, -1.600000000000000089, -38.63321908449344022 ) ) ;
#5694 = TOROIDAL_SURFACE ( 'NONE', #4701, 2.000000000000000000, 0.5999999999999999778 ) ;
#5695 = CARTESIAN_POINT ( 'NONE',  ( 39.00000000000000711, 0.5999999999999998668, 9.499999999999996447 ) ) ;
#5696 = ORIENTED_EDGE ( 'NONE', *, *, #4265, .F. ) ;
#5697 = CARTESIAN_POINT ( 'NONE',  ( 37.49999999999999289, 0.5960057784623238319, -39.00000000000000000 ) ) ;
#5698 = AXIS2_PLACEMENT_3D ( 'NONE', #1209, #3552, #636 ) ;
#5699 = AXIS2_PLACEMENT_3D ( 'NONE', #4105, #1144, #6948 ) ;
#5700 = ORIENTED_EDGE ( 'NONE', *, *, #3811, .F. ) ;
#5701 = LINE ( 'NONE', #6129, #6686 ) ;
#5702 = VECTOR ( 'NONE', #3845, 1000.000000000000000 ) ;
#5703 = CYLINDRICAL_SURFACE ( 'NONE', #3572, 1.500000000000001332 ) ;
#5704 = B_SPLINE_CURVE_WITH_KNOTS ( 'NONE', 3,
 ( #5774, #523, #5195, #2902, #1775, #4087, #1167, #7038 ),
 .UNSPECIFIED., .F., .F.,
 ( 4, 2, 2, 4 ),
 ( 0.000000000000000000, 0.0005668484871887356476, 0.001133696974377471078, 0.002267393948754958637 ),
 .UNSPECIFIED. ) ;
#5705 = FACE_OUTER_BOUND ( 'NONE', #3737, .T. ) ;
#5706 = ORIENTED_EDGE ( 'NONE', *, *, #707, .F. ) ;
#5707 = CIRCLE ( 'NONE', #72, 1.399999999999998579 ) ;
#5708 = CYLINDRICAL_SURFACE ( 'NONE', #7372, 1.500000000000001332 ) ;
#5709 = ORIENTED_EDGE ( 'NONE', *, *, #3956, .F. ) ;
#5710 = CARTESIAN_POINT ( 'NONE',  ( 39.40000000000000568, 0.000000000000000000, -39.69089023002065630 ) ) ;
#5711 = EDGE_CURVE ( 'NONE', #545, #1696, #4647, .T. ) ;
#5712 = ORIENTED_EDGE ( 'NONE', *, *, #3557, .T. ) ;
#5713 = VECTOR ( 'NONE', #4897, 1000.000000000000000 ) ;
#5714 = DIRECTION ( 'NONE',  ( -0.000000000000000000, 1.000000000000000000, -0.000000000000000000 ) ) ;
#5715 = CARTESIAN_POINT ( 'NONE',  ( -49.00000000000001421, 0.03772782690523761306, -38.09147254238646241 ) ) ;
#5716 = AXIS2_PLACEMENT_3D ( 'NONE', #5882, #5153, #7576 ) ;
#5717 = ORIENTED_EDGE ( 'NONE', *, *, #81, .F. ) ;
#5718 = EDGE_CURVE ( 'NONE', #566, #6359, #1730, .T. ) ;
#5719 = FACE_OUTER_BOUND ( 'NONE', #1481, .T. ) ;
#5720 = VERTEX_POINT ( 'NONE', #6414 ) ;
#5721 = CIRCLE ( 'NONE', #3751, 2.099999999999999645 ) ;
#5722 = DIRECTION ( 'NONE',  ( -0.000000000000000000, -1.000000000000000000, -0.000000000000000000 ) ) ;
#5723 = CARTESIAN_POINT ( 'NONE',  ( -38.00000000000000711, -1.600000000000000089, 47.60000000000000142 ) ) ;
#5724 = ADVANCED_FACE ( 'NONE', ( #5848 ), #519, .F. ) ;
#5725 = AXIS2_PLACEMENT_3D ( 'NONE', #5678, #7406, #6791 ) ;
#5726 = CYLINDRICAL_SURFACE ( 'NONE', #6321, 0.5999999999999998668 ) ;
#5727 = CARTESIAN_POINT ( 'NONE',  ( -39.40000000000000568, -0.5999999999999998668, 47.60000000000000142 ) ) ;
#5728 = DIRECTION ( 'NONE',  ( 0.000000000000000000, 0.000000000000000000, 1.000000000000000000 ) ) ;
#5729 = EDGE_LOOP ( 'NONE', ( #1224, #1556, #2915, #4696 ) ) ;
#5730 = CARTESIAN_POINT ( 'NONE',  ( -37.50000000000000711, 0.000000000000000000, -1.999999999999982236 ) ) ;
#5731 = ORIENTED_EDGE ( 'NONE', *, *, #6404, .T. ) ;
#5732 = EDGE_CURVE ( 'NONE', #7374, #2513, #1244, .T. ) ;
#5733 = DIRECTION ( 'NONE',  ( -0.000000000000000000, -1.000000000000000000, 0.000000000000000000 ) ) ;
#5734 = CARTESIAN_POINT ( 'NONE',  ( 0.000000000000000000, 0.5999999999999999778, 39.60000000000000142 ) ) ;
#5735 = CYLINDRICAL_SURFACE ( 'NONE', #7500, 1.500000000000001332 ) ;
#5736 = VECTOR ( 'NONE', #7449, 1000.000000000000000 ) ;
#5737 = ORIENTED_EDGE ( 'NONE', *, *, #2541, .F. ) ;
#5738 = DIRECTION ( 'NONE',  ( 0.000000000000000000, 0.000000000000000000, 1.000000000000000000 ) ) ;
#5739 = ADVANCED_FACE ( 'NONE', ( #1661 ), #6340, .F. ) ;
#5740 = CARTESIAN_POINT ( 'NONE',  ( 39.40000000000000568, 0.000000000000000000, 39.39999999999999858 ) ) ;
#5741 = CARTESIAN_POINT ( 'NONE',  ( -44.00000000000000711, 0.000000000000000000, -44.00000000000000000 ) ) ;
#5742 = LINE ( 'NONE', #491, #1536 ) ;
#5743 = ORIENTED_EDGE ( 'NONE', *, *, #1319, .T. ) ;
#5744 = CARTESIAN_POINT ( 'NONE',  ( 19.50000000000000355, 0.5999999999999999778, 20.60000000000000497 ) ) ;
#5745 = EDGE_LOOP ( 'NONE', ( #6081, #5406, #3229, #1704 ) ) ;
#5746 = CARTESIAN_POINT ( 'NONE',  ( -38.00000000000000711, -0.6000000000000000888, -39.69089023002066341 ) ) ;
#5747 = VERTEX_POINT ( 'NONE', #663 ) ;
#5748 = DIRECTION ( 'NONE',  ( 0.000000000000000000, 0.000000000000000000, -1.000000000000000000 ) ) ;
#5749 = CYLINDRICAL_SURFACE ( 'NONE', #3032, 0.3999999999999975797 ) ;
#5750 = ADVANCED_FACE ( 'NONE', ( #3009 ), #1089, .F. ) ;
#5751 = DIRECTION ( 'NONE',  ( 0.000000000000000000, 1.000000000000000000, 0.000000000000000000 ) ) ;
#5752 = EDGE_LOOP ( 'NONE', ( #2633, #2696, #5700 ) ) ;
#5753 = LINE ( 'NONE', #6442, #2142 ) ;
#5754 = ORIENTED_EDGE ( 'NONE', *, *, #4605, .F. ) ;
#5755 = DIRECTION ( 'NONE',  ( 8.659560562355011744E-17, 0.7071067811865410224, -0.7071067811865540120 ) ) ;
#5756 = CARTESIAN_POINT ( 'NONE',  ( -38.63321908449344022, -1.600000000000000089, 38.48275862068965125 ) ) ;
#5757 = DIRECTION ( 'NONE',  ( 0.000000000000000000, 1.000000000000000000, 0.000000000000000000 ) ) ;
#5758 = EDGE_CURVE ( 'NONE', #2281, #2380, #5190, .T. ) ;
#5759 = DIRECTION ( 'NONE',  ( -0.000000000000000000, -1.000000000000000000, -0.000000000000000000 ) ) ;
#5760 = ORIENTED_EDGE ( 'NONE', *, *, #5010, .T. ) ;
#5761 = DIRECTION ( 'NONE',  ( 0.000000000000000000, 0.000000000000000000, 1.000000000000000000 ) ) ;
#5762 = DIRECTION ( 'NONE',  ( -1.000000000000000000, 0.000000000000000000, 0.000000000000000000 ) ) ;
#5763 = ORIENTED_EDGE ( 'NONE', *, *, #4983, .F. ) ;
#5764 = DIRECTION ( 'NONE',  ( 0.000000000000000000, 0.000000000000000000, -1.000000000000000000 ) ) ;
#5765 = DIRECTION ( 'NONE',  ( 2.315583511784632896E-14, 0.08143023861495178595, 0.9966790437443300288 ) ) ;
#5766 = AXIS2_PLACEMENT_3D ( 'NONE', #6420, #7508, #595 ) ;
#5767 = ADVANCED_FACE ( 'NONE', ( #6963 ), #1695, .F. ) ;
#5768 = DIRECTION ( 'NONE',  ( 1.000000000000000000, 0.000000000000000000, -2.352167425053297404E-16 ) ) ;
#5769 = VECTOR ( 'NONE', #3482, 1000.000000000000000 ) ;
#5770 = ORIENTED_EDGE ( 'NONE', *, *, #6858, .T. ) ;
#5771 = CARTESIAN_POINT ( 'NONE',  ( 42.62500000000000711, 2.399999999999999911, 17.66000000000000369 ) ) ;
#5772 = VECTOR ( 'NONE', #2686, 999.9999999999998863 ) ;
#5773 = ORIENTED_EDGE ( 'NONE', *, *, #3662, .F. ) ;
#5774 = CARTESIAN_POINT ( 'NONE',  ( -49.00000000000000000, 0.5999999999999998668, 37.56696972201766016 ) ) ;
#5775 = AXIS2_PLACEMENT_3D ( 'NONE', #53, #4018, #2897 ) ;
#5776 = CARTESIAN_POINT ( 'NONE',  ( -1.240000000000006875, 2.399999999999999911, -41.99999999999998579 ) ) ;
#5777 = FACE_OUTER_BOUND ( 'NONE', #3067, .T. ) ;
#5778 = CARTESIAN_POINT ( 'NONE',  ( -39.52240237165357684, -0.06779769031957626202, -37.69104773560678012 ) ) ;
#5779 = CIRCLE ( 'NONE', #3958, 0.6000000000000033085 ) ;
#5780 = EDGE_CURVE ( 'NONE', #7045, #6854, #5540, .T. ) ;
#5781 = CARTESIAN_POINT ( 'NONE',  ( 19.50000000000000355, 0.5999999999999999778, -4.099999999999981881 ) ) ;
#5782 = ORIENTED_EDGE ( 'NONE', *, *, #5164, .F. ) ;
#5783 = CARTESIAN_POINT ( 'NONE',  ( -47.60000000000000853, 0.000000000000000000, -37.39999999999999858 ) ) ;
#5784 = CIRCLE ( 'NONE', #6772, 0.6000000000000033085 ) ;
#5785 = ORIENTED_EDGE ( 'NONE', *, *, #546, .F. ) ;
#5786 = CARTESIAN_POINT ( 'NONE',  ( 38.99999999999999289, 0.5960057784623205013, -37.50000000000000000 ) ) ;
#5787 = LINE ( 'NONE', #34, #266 ) ;
#5788 = CARTESIAN_POINT ( 'NONE',  ( -49.00000000000000711, -0.5999999999999998668, -39.39999999999999858 ) ) ;
#5789 = EDGE_LOOP ( 'NONE', ( #568, #6441, #5175, #1898 ) ) ;
#5790 = VERTEX_POINT ( 'NONE', #1429 ) ;
#5791 = CARTESIAN_POINT ( 'NONE',  ( 38.30133442569439950, 0.4258201658799760647, 49.00000000000000711 ) ) ;
#5792 = VERTEX_POINT ( 'NONE', #6114 ) ;
#5793 = CARTESIAN_POINT ( 'NONE',  ( -38.00000000000000711, -1.600000000000000089, -47.60000000000000142 ) ) ;
#5794 = EDGE_CURVE ( 'NONE', #6302, #6662, #398, .T. ) ;
#5795 = LINE ( 'NONE', #7524, #5603 ) ;
#5796 = CARTESIAN_POINT ( 'NONE',  ( -39.69089023002067051, -0.5999999999999999778, -38.00000000000000000 ) ) ;
#5797 = CARTESIAN_POINT ( 'NONE',  ( 45.45000000000000284, 1.399999999999999689, 29.34999999999999432 ) ) ;
#5798 = ORIENTED_EDGE ( 'NONE', *, *, #3392, .T. ) ;
#5799 = CARTESIAN_POINT ( 'NONE',  ( 45.45000000000000284, 1.399999999999999689, 31.84999999999999076 ) ) ;
#5800 = CARTESIAN_POINT ( 'NONE',  ( 22.25000000000000711, 0.9999999999999997780, 46.24999999999998579 ) ) ;
#5801 = ORIENTED_EDGE ( 'NONE', *, *, #1601, .F. ) ;
#5802 = EDGE_CURVE ( 'NONE', #2021, #6128, #1960, .T. ) ;
#5803 = CARTESIAN_POINT ( 'NONE',  ( 0.000000000000000000, 1.399999999999999689, 28.24999999999999289 ) ) ;
#5804 = EDGE_CURVE ( 'NONE', #7522, #3857, #2725, .T. ) ;
#5805 = CARTESIAN_POINT ( 'NONE',  ( 45.85000000000000142, 2.399999999999999911, 31.84999999999999076 ) ) ;
#5806 = ORIENTED_EDGE ( 'NONE', *, *, #2856, .T. ) ;
#5807 = CARTESIAN_POINT ( 'NONE',  ( 43.99999999999999289, 2.200000000000000178, -43.99999999999999289 ) ) ;
#5808 = EDGE_CURVE ( 'NONE', #5471, #1731, #124, .T. ) ;
#5810 = DIRECTION ( 'NONE',  ( 0.000000000000000000, 1.000000000000000000, 0.000000000000000000 ) ) ;
#5809 = AXIS2_PLACEMENT_3D ( 'NONE', #6536, #6461, #3514 ) ;
#5811 = EDGE_CURVE ( 'NONE', #6852, #1102, #4914, .T. ) ;
#5812 = DIRECTION ( 'NONE',  ( -0.000000000000000000, -1.000000000000000000, -0.000000000000000000 ) ) ;
#5813 = CARTESIAN_POINT ( 'NONE',  ( -38.94021105864040777, -0.1391561432827258249, -37.98589530613892151 ) ) ;
#5814 = DIRECTION ( 'NONE',  ( 0.000000000000000000, 0.000000000000000000, -1.000000000000000000 ) ) ;
#5815 = EDGE_LOOP ( 'NONE', ( #262, #7503, #6356, #7159 ) ) ;
#5816 = CARTESIAN_POINT ( 'NONE',  ( 39.69089023002065630, -1.600000000000000089, -38.00000000000000000 ) ) ;
#5817 = ORIENTED_EDGE ( 'NONE', *, *, #3998, .F. ) ;
#5818 = CARTESIAN_POINT ( 'NONE',  ( 0.000000000000000000, 0.9999999999999997780, 26.94999999999998863 ) ) ;
#5819 = VECTOR ( 'NONE', #1670, 1000.000000000000000 ) ;
#5820 = AXIS2_PLACEMENT_3D ( 'NONE', #1122, #4042, #2931 ) ;
#5821 = ORIENTED_EDGE ( 'NONE', *, *, #2293, .F. ) ;
#5822 = VECTOR ( 'NONE', #2131, 1000.000000000000000 ) ;
#5823 =( BOUNDED_SURFACE ( )  B_SPLINE_SURFACE ( 3, 2, ( 
 ( #114, #1453, #2530 ),
 ( #273, #771, #3812 ),
 ( #3652, #5983, #6636 ),
 ( #7176, #2448, #7292 ),
 ( #3115, #4220, #4786 ),
 ( #4331, #7139, #3730 ),
 ( #1872, #693, #1376 ),
 ( #2026, #5446, #808 ),
 ( #195, #6674, #6560 ),
 ( #850, #3156, #6719 ) ),
 .UNSPECIFIED., .F., .F., .F. ) 
 B_SPLINE_SURFACE_WITH_KNOTS ( ( 4, 2, 2, 2, 4 ),
 ( 3, 3 ),
 ( 0.0005088217293351753826, 0.001073969789392666390, 0.001639117849450157181, 0.002204265909507648405, 0.002769413969565139196 ),
 ( 0.000000000000000000, 1.000000000000000000 ),
 .UNSPECIFIED. ) 
 GEOMETRIC_REPRESENTATION_ITEM ( )  RATIONAL_B_SPLINE_SURFACE ( (
 ( 1.000000000000000000, 0.7071067811865475727, 1.000000000000000000),
 ( 1.000000000000000000, 0.7275918118789265199, 1.000000000000000000),
 ( 1.000000000000000000, 0.7521658665370440922, 1.000000000000000000),
 ( 1.000000000000000000, 0.8088722520719784370, 1.000000000000000000),
 ( 1.000000000000000000, 0.8404882260424021423, 1.000000000000000000),
 ( 1.000000000000000000, 0.9052913301299805315, 1.000000000000000000),
 ( 1.000000000000000000, 0.9373730462294451726, 1.000000000000000000),
 ( 1.000000000000000000, 0.9851504424264572179, 1.000000000000000000),
 ( 1.000000000000000000, 1.000295620687708054, 1.000000000000000000),
 ( 1.000000000000000000, 1.000000000000000000, 1.000000000000000000) ) ) 
 REPRESENTATION_ITEM ( '' )  SURFACE ( )  );
#5824 = LINE ( 'NONE', #6940, #764 ) ;
#5825 = EDGE_CURVE ( 'NONE', #3859, #5258, #954, .T. ) ;
#5826 = CARTESIAN_POINT ( 'NONE',  ( -38.77945231491040090, -0.3931164368102886275, 38.29619243329593559 ) ) ;
#5827 = AXIS2_PLACEMENT_3D ( 'NONE', #4162, #6500, #1246 ) ;
#5828 = AXIS2_PLACEMENT_3D ( 'NONE', #2756, #6245, #1565 ) ;
#5829 = DIRECTION ( 'NONE',  ( 0.000000000000000000, -1.000000000000000000, 0.000000000000000000 ) ) ;
#5830 = VERTEX_POINT ( 'NONE', #2000 ) ;
#5831 = VERTEX_POINT ( 'NONE', #2543 ) ;
#5832 = ORIENTED_EDGE ( 'NONE', *, *, #7536, .T. ) ;
#5833 = AXIS2_PLACEMENT_3D ( 'NONE', #7434, #2167, #447 ) ;
#5834 = CIRCLE ( 'NONE', #4246, 1.500000000000001332 ) ;
#5835 = FACE_OUTER_BOUND ( 'NONE', #4684, .T. ) ;
#5836 = DIRECTION ( 'NONE',  ( -0.000000000000000000, -1.000000000000000000, -0.000000000000000000 ) ) ;
#5837 = LINE ( 'NONE', #5261, #5345 ) ;
#5838 = AXIS2_PLACEMENT_3D ( 'NONE', #5067, #7418, #4340 ) ;
#5839 = DIRECTION ( 'NONE',  ( 2.124151195073641295E-16, 0.000000000000000000, 1.000000000000000000 ) ) ;
#5840 = VERTEX_POINT ( 'NONE', #1848 ) ;
#5841 = CARTESIAN_POINT ( 'NONE',  ( 45.85000000000000142, 0.9999999999999997780, 0.000000000000000000 ) ) ;
#5842 = FACE_OUTER_BOUND ( 'NONE', #6542, .T. ) ;
#5843 = ORIENTED_EDGE ( 'NONE', *, *, #6413, .F. ) ;
#5844 = AXIS2_PLACEMENT_3D ( 'NONE', #964, #1635, #462 ) ;
#5845 = CARTESIAN_POINT ( 'NONE',  ( 32.50000000000001421, 0.000000000000000000, 20.00000000000000355 ) ) ;
#5846 = EDGE_CURVE ( 'NONE', #6281, #1047, #5902, .T. ) ;
#5847 = EDGE_CURVE ( 'NONE', #2813, #1743, #3225, .T. ) ;
#5848 = FACE_OUTER_BOUND ( 'NONE', #136, .T. ) ;
#5849 = EDGE_LOOP ( 'NONE', ( #417, #6789, #3042, #5644 ) ) ;
#5850 = CARTESIAN_POINT ( 'NONE',  ( 38.46417333141430817, 0.3305889836208574240, -48.99999999999998579 ) ) ;
#5851 = FACE_OUTER_BOUND ( 'NONE', #1905, .T. ) ;
#5852 = CARTESIAN_POINT ( 'NONE',  ( 39.60000000000000142, 0.000000000000000000, 9.499999999999996447 ) ) ;
#5853 = CARTESIAN_POINT ( 'NONE',  ( -39.01336919689714477, -0.009349921059452205932, -37.68261253144416401 ) ) ;
#5854 = AXIS2_PLACEMENT_3D ( 'NONE', #1419, #6103, #3161 ) ;
#5855 = CARTESIAN_POINT ( 'NONE',  ( 39.59999999999999432, 0.000000000000000000, -10.99999999999999112 ) ) ;
#5856 = EDGE_CURVE ( 'NONE', #3231, #5676, #5169, .T. ) ;
#5857 = ORIENTED_EDGE ( 'NONE', *, *, #5861, .T. ) ;
#5858 = DIRECTION ( 'NONE',  ( 1.508455196501573796E-15, 0.000000000000000000, -1.000000000000000000 ) ) ;
#5859 = ORIENTED_EDGE ( 'NONE', *, *, #5912, .T. ) ;
#5860 = CARTESIAN_POINT ( 'NONE',  ( 37.88435472389592462, -0.03993653860249331278, 48.51566765287324046 ) ) ;
#5861 = EDGE_CURVE ( 'NONE', #6237, #3565, #3169, .T. ) ;
#5862 = ORIENTED_EDGE ( 'NONE', *, *, #2561, .F. ) ;
#5863 = VECTOR ( 'NONE', #1370, 1000.000000000000000 ) ;
#5864 = CARTESIAN_POINT ( 'NONE',  ( 39.60000000000000142, 0.5999999999999999778, -9.314583003211058549E-15 ) ) ;
#5865 = CARTESIAN_POINT ( 'NONE',  ( -38.74194746026379477, -0.5317580925640114087, 38.35738391742581399 ) ) ;
#5866 = CARTESIAN_POINT ( 'NONE',  ( 35.35000000000000142, 0.9999999999999997780, 46.24999999999998579 ) ) ;
#5867 = ORIENTED_EDGE ( 'NONE', *, *, #1955, .F. ) ;
#5868 = DIRECTION ( 'NONE',  ( -1.000000000000000000, 0.000000000000000000, 0.000000000000000000 ) ) ;
#5869 = ADVANCED_FACE ( 'NONE', ( #1275 ), #3625, .T. ) ;
#5870 = ORIENTED_EDGE ( 'NONE', *, *, #7312, .F. ) ;
#5871 = CARTESIAN_POINT ( 'NONE',  ( 29.23999999999999133, 2.399999999999999911, 0.000000000000000000 ) ) ;
#5872 = EDGE_LOOP ( 'NONE', ( #1991, #688, #5270, #1399 ) ) ;
#5873 = CARTESIAN_POINT ( 'NONE',  ( -39.59847961821954243, -0.0006672419341295141417, -37.43482600071879318 ) ) ;
#5874 = DIRECTION ( 'NONE',  ( -0.000000000000000000, 1.000000000000000000, -0.000000000000000000 ) ) ;
#5875 = CARTESIAN_POINT ( 'NONE',  ( 38.99999999999999289, 0.000000000000000000, -37.50000000000000000 ) ) ;
#5876 = PLANE ( 'NONE',  #5493 ) ;
#5877 = EDGE_CURVE ( 'NONE', #1188, #6286, #5962, .T. ) ;
#5878 = ORIENTED_EDGE ( 'NONE', *, *, #3803, .F. ) ;
#5879 = PLANE ( 'NONE',  #6299 ) ;
#5880 = CARTESIAN_POINT ( 'NONE',  ( 48.64644470798894815, -0.1347061827638470766, -38.16298605891454798 ) ) ;
#5881 = EDGE_LOOP ( 'NONE', ( #4041, #759, #4154, #6586 ) ) ;
#5882 = CARTESIAN_POINT ( 'NONE',  ( -37.50000000000000711, 0.5999999999999998668, -1.999999999999982236 ) ) ;
#5883 = CARTESIAN_POINT ( 'NONE',  ( 35.50000000000000711, 0.000000000000000000, 12.49999999999999467 ) ) ;
#5884 = ORIENTED_EDGE ( 'NONE', *, *, #6223, .F. ) ;
#5885 = CARTESIAN_POINT ( 'NONE',  ( -37.50000000000000711, 0.000000000000000000, -3.499999999999982236 ) ) ;
#5886 = ADVANCED_FACE ( 'NONE', ( #5502 ), #248, .F. ) ;
#5887 = CARTESIAN_POINT ( 'NONE',  ( -37.64018335254107939, 0.5799712992721905991, 39.00000000000000000 ) ) ;
#5888 = CIRCLE ( 'NONE', #5766, 0.6000000000000033085 ) ;
#5889 = CARTESIAN_POINT ( 'NONE',  ( 39.00000000000000000, 2.399999999999999911, -9.499999999999991118 ) ) ;
#5890 = CARTESIAN_POINT ( 'NONE',  ( 45.72500000000000142, 0.9999999999999997780, 16.16000000000000014 ) ) ;
#5891 = CIRCLE ( 'NONE', #2212, 1.399999999999998579 ) ;
#5892 = CYLINDRICAL_SURFACE ( 'NONE', #2761, 0.5999999999999998668 ) ;
#5893 = CARTESIAN_POINT ( 'NONE',  ( 37.45133180695232511, 0.0003232785384984625948, -39.00000000000000000 ) ) ;
#5894 = ORIENTED_EDGE ( 'NONE', *, *, #3989, .F. ) ;
#5895 = CIRCLE ( 'NONE', #5160, 1.399999999999998579 ) ;
#5896 = DIRECTION ( 'NONE',  ( -1.000000000000000000, 0.000000000000000000, 0.000000000000000000 ) ) ;
#5897 = EDGE_LOOP ( 'NONE', ( #6195, #5277, #7341 ) ) ;
#5898 = ADVANCED_FACE ( 'NONE', ( #6691 ), #3047, .F. ) ;
#5899 = DIRECTION ( 'NONE',  ( 0.000000000000000000, 0.000000000000000000, 1.000000000000000000 ) ) ;
#5900 = DIRECTION ( 'NONE',  ( 0.000000000000000000, 1.000000000000000000, 0.000000000000000000 ) ) ;
#5901 = PLANE ( 'NONE',  #3177 ) ;
#5902 = CIRCLE ( 'NONE', #2597, 0.8999999999999980238 ) ;
#5903 = ORIENTED_EDGE ( 'NONE', *, *, #2160, .T. ) ;
#5904 = EDGE_CURVE ( 'NONE', #605, #256, #5418, .T. ) ;
#5905 = DIRECTION ( 'NONE',  ( 0.000000000000000000, 0.000000000000000000, 1.000000000000000000 ) ) ;
#5906 = VERTEX_POINT ( 'NONE', #402 ) ;
#5907 = VECTOR ( 'NONE', #2478, 1000.000000000000000 ) ;
#5908 = DIRECTION ( 'NONE',  ( 0.000000000000000000, 0.000000000000000000, -1.000000000000000000 ) ) ;
#5909 = EDGE_CURVE ( 'NONE', #1498, #5302, #5784, .T. ) ;
#5910 = FACE_OUTER_BOUND ( 'NONE', #2367, .T. ) ;
#5911 = CARTESIAN_POINT ( 'NONE',  ( -39.00000000000000711, 0.5999999999999998668, -37.40206632590398073 ) ) ;
#5912 = EDGE_CURVE ( 'NONE', #6358, #1027, #5652, .T. ) ;
#5913 = CYLINDRICAL_SURFACE ( 'NONE', #4975, 0.6000000000000033085 ) ;
#5914 = DIRECTION ( 'NONE',  ( 0.000000000000000000, 0.000000000000000000, 1.000000000000000000 ) ) ;
#5915 = ORIENTED_EDGE ( 'NONE', *, *, #762, .F. ) ;
#5916 = DIRECTION ( 'NONE',  ( 0.000000000000000000, 0.000000000000000000, 1.000000000000000000 ) ) ;
#5917 = DIRECTION ( 'NONE',  ( 0.000000000000000000, 0.000000000000000000, 1.000000000000000000 ) ) ;
#5918 = VECTOR ( 'NONE', #2486, 1000.000000000000000 ) ;
#5919 = ORIENTED_EDGE ( 'NONE', *, *, #7043, .F. ) ;
#5920 = VERTEX_POINT ( 'NONE', #4995 ) ;
#5921 = EDGE_CURVE ( 'NONE', #3990, #3322, #5577, .T. ) ;
#5922 = CARTESIAN_POINT ( 'NONE',  ( 37.68261253144419243, -0.009349921059934278647, -39.01336919689656924 ) ) ;
#5923 = DIRECTION ( 'NONE',  ( 0.000000000000000000, 0.000000000000000000, -1.000000000000000000 ) ) ;
#5924 = ORIENTED_EDGE ( 'NONE', *, *, #6508, .T. ) ;
#5925 = CARTESIAN_POINT ( 'NONE',  ( 37.94572035995642523, 0.5617865889128820234, -49.00000000000001421 ) ) ;
#5926 = CARTESIAN_POINT ( 'NONE',  ( 39.01424503275027433, 0.008157924229266665106, -37.53267434198766495 ) ) ;
#5927 = DIRECTION ( 'NONE',  ( -0.000000000000000000, 1.000000000000000000, -0.000000000000000000 ) ) ;
#5928 = CARTESIAN_POINT ( 'NONE',  ( -37.56696972201766727, 0.5999999999999998668, -49.00000000000000000 ) ) ;
#5929 = CARTESIAN_POINT ( 'NONE',  ( 12.60000000000000142, 0.5999999999999999778, 0.000000000000000000 ) ) ;
#5930 = CARTESIAN_POINT ( 'NONE',  ( 37.50000000000000711, -7.600000000000000533, 9.499999999999996447 ) ) ;
#5931 = ORIENTED_EDGE ( 'NONE', *, *, #3666, .T. ) ;
#5932 = DIRECTION ( 'NONE',  ( -0.000000000000000000, -1.000000000000000000, -0.000000000000000000 ) ) ;
#5933 = ORIENTED_EDGE ( 'NONE', *, *, #3721, .T. ) ;
#5934 = ORIENTED_EDGE ( 'NONE', *, *, #200, .T. ) ;
#5935 = DIRECTION ( 'NONE',  ( 0.000000000000000000, 1.000000000000000000, 0.000000000000000000 ) ) ;
#5936 = CARTESIAN_POINT ( 'NONE',  ( -39.00000000000003553, 0.0003232785384995468512, 37.45133180695232511 ) ) ;
#5937 = DIRECTION ( 'NONE',  ( 1.000000000000000000, 0.000000000000000000, 0.000000000000000000 ) ) ;
#5938 = VERTEX_POINT ( 'NONE', #437 ) ;
#5939 = EDGE_CURVE ( 'NONE', #5653, #1974, #7309, .T. ) ;
#5940 = CARTESIAN_POINT ( 'NONE',  ( -37.50000000000000711, 0.000000000000000000, -4.099999999999981881 ) ) ;
#5941 = ORIENTED_EDGE ( 'NONE', *, *, #4994, .T. ) ;
#5942 = AXIS2_PLACEMENT_3D ( 'NONE', #4991, #1037, #6254 ) ;
#5943 = DIRECTION ( 'NONE',  ( -0.000000000000000000, -1.000000000000000000, -0.000000000000000000 ) ) ;
#5944 = DIRECTION ( 'NONE',  ( -0.000000000000000000, -1.000000000000000000, -0.000000000000000000 ) ) ;
#5945 = CIRCLE ( 'NONE', #2262, 1.399999999999998579 ) ;
#5946 = APPLICATION_CONTEXT ( 'automotive_design' ) ;
#5947 = AXIS2_PLACEMENT_3D ( 'NONE', #6085, #792, #4358 ) ;
#5948 = DIRECTION ( 'NONE',  ( 0.000000000000000000, 0.000000000000000000, -1.000000000000000000 ) ) ;
#5949 = AXIS2_PLACEMENT_3D ( 'NONE', #5740, #6968, #2313 ) ;
#5950 = CARTESIAN_POINT ( 'NONE',  ( 23.75000000000000711, 0.9999999999999997780, 47.34999999999998010 ) ) ;
#5951 = DIRECTION ( 'NONE',  ( 0.000000000000000000, 0.000000000000000000, 1.000000000000000000 ) ) ;
#5952 = CIRCLE ( 'NONE', #6206, 1.500000000000001332 ) ;
#5953 = VERTEX_POINT ( 'NONE', #939 ) ;
#5954 = DIRECTION ( 'NONE',  ( 0.000000000000000000, 0.000000000000000000, 1.000000000000000000 ) ) ;
#5955 = ORIENTED_EDGE ( 'NONE', *, *, #6357, .F. ) ;
#5956 = ADVANCED_FACE ( 'NONE', ( #328 ), #2157, .F. ) ;
#5957 = AXIS2_PLACEMENT_3D ( 'NONE', #4567, #6490, #5917 ) ;
#5958 = DIRECTION ( 'NONE',  ( 0.000000000000000000, 0.000000000000000000, 1.000000000000000000 ) ) ;
#5959 = CIRCLE ( 'NONE', #2656, 2.100000000000000977 ) ;
#5960 = CARTESIAN_POINT ( 'NONE',  ( -38.05823108133275667, -0.3325876924542075508, 39.10034844937679566 ) ) ;
#5961 = VECTOR ( 'NONE', #1148, 1000.000000000000000 ) ;
#5962 = LINE ( 'NONE', #4873, #4440 ) ;
#5963 = VERTEX_POINT ( 'NONE', #5069 ) ;
#5964 = FACE_OUTER_BOUND ( 'NONE', #4745, .T. ) ;
#5965 = ADVANCED_FACE ( 'NONE', ( #5618 ), #3932, .F. ) ;
#5966 = CIRCLE ( 'NONE', #6950, 1.899999999999999023 ) ;
#5967 = CYLINDRICAL_SURFACE ( 'NONE', #1403, 1.500000000000001332 ) ;
#5968 = CARTESIAN_POINT ( 'NONE',  ( 42.62500000000000711, 1.399999999999999689, 14.56000000000000405 ) ) ;
#5969 = CONICAL_SURFACE ( 'NONE', #704, 2.100000000000004530, 0.7853981633974331800 ) ;
#5970 = CARTESIAN_POINT ( 'NONE',  ( -39.07864531267727415, -0.4874371018200603367, -48.97971033318737710 ) ) ;
#5971 = DIRECTION ( 'NONE',  ( 0.000000000000000000, 0.000000000000000000, 1.000000000000000000 ) ) ;
#5972 = ORIENTED_EDGE ( 'NONE', *, *, #142, .T. ) ;
#5973 = CARTESIAN_POINT ( 'NONE',  ( 38.17984658943015575, -0.1387249770095217161, 48.65219370600931370 ) ) ;
#5974 = EDGE_CURVE ( 'NONE', #352, #4410, #2666, .T. ) ;
#5975 = ORIENTED_EDGE ( 'NONE', *, *, #5155, .F. ) ;
#5976 = DIRECTION ( 'NONE',  ( 0.000000000000000000, 0.000000000000000000, 1.000000000000000000 ) ) ;
#5977 = CYLINDRICAL_SURFACE ( 'NONE', #6149, 0.6000000000000033085 ) ;
#5978 = ORIENTED_EDGE ( 'NONE', *, *, #3666, .F. ) ;
#5979 = CARTESIAN_POINT ( 'NONE',  ( 37.65000000000000568, 0.9999999999999997780, 31.84999999999999076 ) ) ;
#5980 = CIRCLE ( 'NONE', #589, 0.6000000000000033085 ) ;
#5981 = ORIENTED_EDGE ( 'NONE', *, *, #748, .T. ) ;
#5982 = FACE_OUTER_BOUND ( 'NONE', #6557, .T. ) ;
#5983 = CARTESIAN_POINT ( 'NONE',  ( -49.00000000000001421, 0.05269805997441252138, 37.80182875086327954 ) ) ;
#5984 = DIRECTION ( 'NONE',  ( 0.000000000000000000, 0.000000000000000000, -1.000000000000000000 ) ) ;
#5985 = EDGE_CURVE ( 'NONE', #7591, #3771, #2328, .T. ) ;
#5986 = CARTESIAN_POINT ( 'NONE',  ( 19.50000000000000355, 0.000000000000000000, 18.50000000000000355 ) ) ;
#5987 = DIRECTION ( 'NONE',  ( 0.000000000000000000, 0.000000000000000000, 1.000000000000000000 ) ) ;
#5988 = ORIENTED_EDGE ( 'NONE', *, *, #6994, .T. ) ;
#5989 = CARTESIAN_POINT ( 'NONE',  ( 18.00000000000000355, 2.399999999999999911, -3.499999999999982236 ) ) ;
#5990 = ORIENTED_EDGE ( 'NONE', *, *, #7210, .F. ) ;
#5991 = EDGE_LOOP ( 'NONE', ( #3475, #5246, #403, #5120 ) ) ;
#5992 = CARTESIAN_POINT ( 'NONE',  ( 49.00000000000000000, -0.5265073566031686081, -39.18997587142225569 ) ) ;
#5993 = EDGE_CURVE ( 'NONE', #5612, #4929, #4502, .T. ) ;
#5994 = CARTESIAN_POINT ( 'NONE',  ( -38.48275862068965125, -0.5999999999999998668, 38.63321908449343312 ) ) ;
#5995 = DIRECTION ( 'NONE',  ( -0.000000000000000000, 0.000000000000000000, 1.000000000000000000 ) ) ;
#5996 = ORIENTED_EDGE ( 'NONE', *, *, #1133, .F. ) ;
#5997 = CARTESIAN_POINT ( 'NONE',  ( -49.00000000000000000, -1.600000000000000089, 3.469446951953614189E-15 ) ) ;
#5998 = CARTESIAN_POINT ( 'NONE',  ( 38.98551476633257096, 0.5340004932596177367, -37.73319168694479941 ) ) ;
#5999 = CYLINDRICAL_SURFACE ( 'NONE', #4657, 1.499999999999999556 ) ;
#6000 = EDGE_CURVE ( 'NONE', #554, #4062, #2045, .T. ) ;
#6001 = CARTESIAN_POINT ( 'NONE',  ( -37.50000000000000711, 0.5999999999999998668, -4.099999999999981881 ) ) ;
#6002 = EDGE_LOOP ( 'NONE', ( #6702, #6670, #3919, #5915 ) ) ;
#6003 = CARTESIAN_POINT ( 'NONE',  ( 36.14999999999999858, 0.9999999999999997780, 31.84999999999999076 ) ) ;
#6004 = ORIENTED_EDGE ( 'NONE', *, *, #6713, .F. ) ;
#6005 = VERTEX_POINT ( 'NONE', #4389 ) ;
#6006 = ORIENTED_EDGE ( 'NONE', *, *, #3201, .T. ) ;
#6007 = DIRECTION ( 'NONE',  ( 0.000000000000000000, 0.000000000000000000, -1.000000000000000000 ) ) ;
#6008 = VECTOR ( 'NONE', #3359, 1000.000000000000000 ) ;
#6009 = DIRECTION ( 'NONE',  ( 1.000000000000000000, 0.000000000000000000, 0.000000000000000000 ) ) ;
#6010 = EDGE_CURVE ( 'NONE', #4735, #3101, #6732, .T. ) ;
#6011 = FACE_OUTER_BOUND ( 'NONE', #6527, .T. ) ;
#6012 = EDGE_LOOP ( 'NONE', ( #5743, #5602, #3420, #1975, #916 ) ) ;
#6013 = DIRECTION ( 'NONE',  ( 0.000000000000000000, 0.000000000000000000, -1.000000000000000000 ) ) ;
#6014 = CIRCLE ( 'NONE', #7129, 1.100000000000000311 ) ;
#6015 = AXIS2_PLACEMENT_3D ( 'NONE', #2924, #5259, #2221 ) ;
#6016 = ORIENTED_EDGE ( 'NONE', *, *, #1676, .T. ) ;
#6017 = LINE ( 'NONE', #6559, #1308 ) ;
#6018 = FACE_OUTER_BOUND ( 'NONE', #3493, .T. ) ;
#6019 = CARTESIAN_POINT ( 'NONE',  ( -37.56696972201767437, -1.084202172485504434E-16, -49.00000000000000000 ) ) ;
#6020 = AXIS2_PLACEMENT_3D ( 'NONE', #4157, #6493, #5923 ) ;
#6021 = DIRECTION ( 'NONE',  ( 1.000000000000000000, -0.000000000000000000, 0.000000000000000000 ) ) ;
#6022 =( BOUNDED_SURFACE ( )  B_SPLINE_SURFACE ( 3, 2, ( 
 ( #5377, #7186, #5495 ),
 ( #7258, #6681, #2455 ),
 ( #241, #1992, #1423 ),
 ( #3202, #4455, #1500 ),
 ( #7376, #2112, #4494 ),
 ( #1034, #3858, #3386 ),
 ( #316, #4416, #7451 ),
 ( #3927, #2035, #4522 ),
 ( #2658, #5025, #4988 ),
 ( #6795, #7340, #4382 ) ),
 .UNSPECIFIED., .F., .F., .F. ) 
 B_SPLINE_SURFACE_WITH_KNOTS ( ( 4, 2, 2, 2, 4 ),
 ( 3, 3 ),
 ( 0.0005088217293351753826, 0.001073969789392667257, 0.001639117849450159349, 0.002204265909507651007, 0.002769413969565143099 ),
 ( 0.000000000000000000, 1.000000000000000000 ),
 .UNSPECIFIED. ) 
 GEOMETRIC_REPRESENTATION_ITEM ( )  RATIONAL_B_SPLINE_SURFACE ( (
 ( 1.000000000000000000, 0.7071067811865475727, 1.000000000000000000),
 ( 1.000000000000000000, 0.7275918118789265199, 1.000000000000000000),
 ( 1.000000000000000000, 0.7521658665370439811, 1.000000000000000000),
 ( 1.000000000000000000, 0.8088722520719785480, 1.000000000000000000),
 ( 1.000000000000000000, 0.8404882260426770335, 1.000000000000000000),
 ( 1.000000000000000000, 0.9052913301297055293, 1.000000000000000000),
 ( 1.000000000000000000, 0.9373730462294451726, 1.000000000000000000),
 ( 1.000000000000000000, 0.9851504424264573290, 1.000000000000000000),
 ( 1.000000000000000000, 1.000295620687707610, 1.000000000000000000),
 ( 1.000000000000000000, 1.000000000000000000, 1.000000000000000000) ) ) 
 REPRESENTATION_ITEM ( '' )  SURFACE ( )  );
#6023 = CARTESIAN_POINT ( 'NONE',  ( 34.60000000000002274, 0.000000000000000000, 18.50000000000000000 ) ) ;
#6024 = AXIS2_PLACEMENT_3D ( 'NONE', #7015, #3991, #5748 ) ;
#6025 = ORIENTED_EDGE ( 'NONE', *, *, #2677, .F. ) ;
#6026 = ADVANCED_FACE ( 'NONE', ( #7386 ), #3827, .T. ) ;
#6027 = DIRECTION ( 'NONE',  ( 0.000000000000000000, 0.000000000000000000, 1.000000000000000000 ) ) ;
#6028 = ORIENTED_EDGE ( 'NONE', *, *, #137, .F. ) ;
#6029 = ORIENTED_EDGE ( 'NONE', *, *, #3023, .F. ) ;
#6030 = DIRECTION ( 'NONE',  ( 0.000000000000000000, 0.000000000000000000, 1.000000000000000000 ) ) ;
#6031 = CARTESIAN_POINT ( 'NONE',  ( 37.77997810518027677, -0.03484235966217633790, -39.00117676071721462 ) ) ;
#6032 = DIRECTION ( 'NONE',  ( 0.000000000000000000, 0.000000000000000000, 1.000000000000000000 ) ) ;
#6033 = ORIENTED_EDGE ( 'NONE', *, *, #3430, .F. ) ;
#6034 = EDGE_CURVE ( 'NONE', #4989, #5637, #2826, .T. ) ;
#6035 = LINE ( 'NONE', #2500, #5592 ) ;
#6036 = CARTESIAN_POINT ( 'NONE',  ( 39.10043076053192124, -0.3325418712461461479, -38.05817206349901483 ) ) ;
#6037 = CARTESIAN_POINT ( 'NONE',  ( 45.72500000000000142, 2.399999999999999911, 14.56000000000000583 ) ) ;
#6038 = EDGE_CURVE ( 'NONE', #344, #5521, #4653, .T. ) ;
#6039 = DIRECTION ( 'NONE',  ( 1.000000000000000000, 0.000000000000000000, -0.000000000000000000 ) ) ;
#6040 = FACE_OUTER_BOUND ( 'NONE', #7520, .T. ) ;
#6041 = VERTEX_POINT ( 'NONE', #3901 ) ;
#6042 = ADVANCED_FACE ( 'NONE', ( #4529 ), #6877, .T. ) ;
#6043 = CARTESIAN_POINT ( 'NONE',  ( 37.43473802335272183, 0.6000000000000001998, -39.00000000000000000 ) ) ;
#6044 = ORIENTED_EDGE ( 'NONE', *, *, #6580, .T. ) ;
#6045 = EDGE_LOOP ( 'NONE', ( #261, #2966, #4808, #5004 ) ) ;
#6046 = EDGE_CURVE ( 'NONE', #642, #6794, #3971, .T. ) ;
#6047 = LINE ( 'NONE', #1404, #6432 ) ;
#6048 = CARTESIAN_POINT ( 'NONE',  ( 41.12500000000000711, 2.399999999999999911, 16.16000000000000014 ) ) ;
#6049 = LINE ( 'NONE', #7329, #3664 ) ;
#6050 = ORIENTED_EDGE ( 'NONE', *, *, #7043, .T. ) ;
#6051 = CARTESIAN_POINT ( 'NONE',  ( -37.40000000000000568, 0.000000000000000000, 47.60000000000000142 ) ) ;
#6052 = EDGE_LOOP ( 'NONE', ( #5630, #5376, #4849, #7321 ) ) ;
#6053 = EDGE_CURVE ( 'NONE', #674, #4009, #2087, .T. ) ;
#6054 = CARTESIAN_POINT ( 'NONE',  ( 48.99999999999997868, -0.01382958147089538570, -38.92038483689039197 ) ) ;
#6055 = LINE ( 'NONE', #2565, #7267 ) ;
#6056 = CARTESIAN_POINT ( 'NONE',  ( -37.79223433386832198, -0.01910681387066090475, -48.47793950087201864 ) ) ;
#6057 = CIRCLE ( 'NONE', #2755, 1.100000000000000311 ) ;
#6058 = AXIS2_PLACEMENT_3D ( 'NONE', #4431, #6233, #7314 ) ;
#6059 = CARTESIAN_POINT ( 'NONE',  ( 39.59434705457741188, -0.007395443204735982316, -37.51737463632743186 ) ) ;
#6060 = CARTESIAN_POINT ( 'NONE',  ( 34.25000000000000000, 0.9999999999999997780, 34.55529936623838694 ) ) ;
#6061 = ORIENTED_EDGE ( 'NONE', *, *, #6202, .F. ) ;
#6062 = DIRECTION ( 'NONE',  ( 0.000000000000000000, 0.000000000000000000, 1.000000000000000000 ) ) ;
#6063 = VERTEX_POINT ( 'NONE', #5940 ) ;
#6064 = AXIS2_PLACEMENT_3D ( 'NONE', #3297, #6201, #3909 ) ;
#6065 = AXIS2_PLACEMENT_3D ( 'NONE', #1952, #6643, #1381 ) ;
#6066 = CARTESIAN_POINT ( 'NONE',  ( -44.00000000000000711, 2.200000000000000178, -45.89999999999999858 ) ) ;
#6067 = AXIS2_PLACEMENT_3D ( 'NONE', #5379, #7453, #2806 ) ;
#6068 = DIRECTION ( 'NONE',  ( 0.000000000000000000, 0.000000000000000000, -1.000000000000000000 ) ) ;
#6069 = CIRCLE ( 'NONE', #2648, 4.999999999999997335 ) ;
#6070 = LINE ( 'NONE', #3207, #6449 ) ;
#6071 = VECTOR ( 'NONE', #4473, 1000.000000000000000 ) ;
#6072 = DIRECTION ( 'NONE',  ( -0.000000000000000000, -1.000000000000000000, -0.000000000000000000 ) ) ;
#6073 = ORIENTED_EDGE ( 'NONE', *, *, #5794, .F. ) ;
#6074 = DIRECTION ( 'NONE',  ( 0.000000000000000000, 0.000000000000000000, 1.000000000000000000 ) ) ;
#6075 = AXIS2_PLACEMENT_3D ( 'NONE', #411, #375, #5121 ) ;
#6076 = CIRCLE ( 'NONE', #1543, 0.4000000000000010214 ) ;
#6077 = LINE ( 'NONE', #2468, #5077 ) ;
#6078 = DIRECTION ( 'NONE',  ( -1.000000000000000000, -0.000000000000000000, -0.000000000000000000 ) ) ;
#6079 = ADVANCED_FACE ( 'NONE', ( #6479 ), #1906, .F. ) ;
#6080 = CARTESIAN_POINT ( 'NONE',  ( -38.32281613282677313, -0.1978765222138042512, -48.72385009471177852 ) ) ;
#6081 = ORIENTED_EDGE ( 'NONE', *, *, #366, .F. ) ;
#6082 = AXIS2_PLACEMENT_3D ( 'NONE', #6800, #4909, #1005 ) ;
#6083 = FACE_OUTER_BOUND ( 'NONE', #1638, .T. ) ;
#6084 = ORIENTED_EDGE ( 'NONE', *, *, #738, .T. ) ;
#6085 = CARTESIAN_POINT ( 'NONE',  ( -44.00000000000001421, 2.399999999999999911, -44.00000000000000711 ) ) ;
#6086 = ORIENTED_EDGE ( 'NONE', *, *, #56, .F. ) ;
#6087 = ORIENTED_EDGE ( 'NONE', *, *, #50, .T. ) ;
#6088 = EDGE_LOOP ( 'NONE', ( #4807, #1024, #1438, #681 ) ) ;
#6089 = ORIENTED_EDGE ( 'NONE', *, *, #3063, .T. ) ;
#6090 = CARTESIAN_POINT ( 'NONE',  ( 44.22500000000000142, 2.399999999999999911, 16.16000000000000014 ) ) ;
#6091 = AXIS2_PLACEMENT_3D ( 'NONE', #441, #5733, #6264 ) ;
#6092 = CARTESIAN_POINT ( 'NONE',  ( 37.94572141876578542, 0.5617863553588836600, 49.00000000000000000 ) ) ;
#6093 = EDGE_CURVE ( 'NONE', #6882, #7497, #5648, .T. ) ;
#6094 = CARTESIAN_POINT ( 'NONE',  ( -44.00000000000000711, 0.000000000000000000, -42.10000000000000142 ) ) ;
#6095 = ORIENTED_EDGE ( 'NONE', *, *, #4083, .T. ) ;
#6096 = DIRECTION ( 'NONE',  ( 0.000000000000000000, 0.000000000000000000, 1.000000000000000000 ) ) ;
#6097 = ORIENTED_EDGE ( 'NONE', *, *, #3597, .F. ) ;
#6098 = DIRECTION ( 'NONE',  ( 0.000000000000000000, 0.000000000000000000, 1.000000000000000000 ) ) ;
#6099 = CARTESIAN_POINT ( 'NONE',  ( 47.60000000000001563, 2.399999999999999911, 39.40000000000000568 ) ) ;
#6100 = CARTESIAN_POINT ( 'NONE',  ( -39.06699813600926774, -0.3782020611243991359, -49.00000000000063949 ) ) ;
#6101 = CARTESIAN_POINT ( 'NONE',  ( -9.902948977032952047E-15, 2.399999999999999911, -43.49999999999999289 ) ) ;
#6102 = ADVANCED_FACE ( 'NONE', ( #75 ), #6627, .F. ) ;
#6103 = DIRECTION ( 'NONE',  ( 1.000000000000000000, 0.000000000000000000, 0.000000000000000000 ) ) ;
#6104 = VECTOR ( 'NONE', #1107, 1000.000000000000000 ) ;
#6105 = VERTEX_POINT ( 'NONE', #3566 ) ;
#6106 = DIRECTION ( 'NONE',  ( 0.000000000000000000, 1.000000000000000000, -0.000000000000000000 ) ) ;
#6107 = ORIENTED_EDGE ( 'NONE', *, *, #3206, .T. ) ;
#6108 = DIRECTION ( 'NONE',  ( -0.000000000000000000, 1.000000000000000000, -0.000000000000000000 ) ) ;
#6109 = CARTESIAN_POINT ( 'NONE',  ( 48.99994091701582732, -0.4901682510415366623, -39.23559074232479560 ) ) ;
#6110 = TOROIDAL_SURFACE ( 'NONE', #6231, 2.000000000000000000, 0.5999999999999999778 ) ;
#6111 = DIRECTION ( 'NONE',  ( 0.000000000000000000, 0.000000000000000000, 1.000000000000000000 ) ) ;
#6112 = EDGE_CURVE ( 'NONE', #2438, #2308, #2411, .T. ) ;
#6113 = FACE_OUTER_BOUND ( 'NONE', #2985, .T. ) ;
#6114 = CARTESIAN_POINT ( 'NONE',  ( 22.25000000000000711, 2.399999999999999911, 34.55529936623839404 ) ) ;
#6115 = ORIENTED_EDGE ( 'NONE', *, *, #2800, .T. ) ;
#6116 = AXIS2_PLACEMENT_3D ( 'NONE', #7261, #5456, #7224 ) ;
#6117 = CARTESIAN_POINT ( 'NONE',  ( -39.69089023002066341, -7.600000000000000533, 39.39999999999999858 ) ) ;
#6118 = CARTESIAN_POINT ( 'NONE',  ( 10.50000000000000178, 0.000000000000000000, 39.00000000000000000 ) ) ;
#6119 = CARTESIAN_POINT ( 'NONE',  ( -37.41843934362977109, 0.0007417727527173051784, -39.00000000000000000 ) ) ;
#6120 = DIRECTION ( 'NONE',  ( -0.000000000000000000, 0.000000000000000000, -1.000000000000000000 ) ) ;
#6121 = CARTESIAN_POINT ( 'NONE',  ( 0.2599999999999931810, 0.000000000000000000, -41.99999999999998579 ) ) ;
#6122 = EDGE_LOOP ( 'NONE', ( #3043, #6660, #2413, #6935 ) ) ;
#6123 = DIRECTION ( 'NONE',  ( -0.000000000000000000, -1.000000000000000000, 0.000000000000000000 ) ) ;
#6124 = VERTEX_POINT ( 'NONE', #4175 ) ;
#6125 = ADVANCED_FACE ( 'NONE', ( #4743 ), #2482, .F. ) ;
#6126 = ORIENTED_EDGE ( 'NONE', *, *, #3706, .T. ) ;
#6127 = ORIENTED_EDGE ( 'NONE', *, *, #4514, .F. ) ;
#6128 = VERTEX_POINT ( 'NONE', #7059 ) ;
#6129 = CARTESIAN_POINT ( 'NONE',  ( 0.000000000000000000, 0.000000000000000000, -8.899999999999991473 ) ) ;
#6130 = FACE_OUTER_BOUND ( 'NONE', #1290, .T. ) ;
#6131 = LINE ( 'NONE', #5480, #1571 ) ;
#6132 = ORIENTED_EDGE ( 'NONE', *, *, #569, .F. ) ;
#6133 = CYLINDRICAL_SURFACE ( 'NONE', #4775, 1.499999999999999556 ) ;
#6134 = EDGE_CURVE ( 'NONE', #3818, #4648, #128, .T. ) ;
#6135 = ORIENTED_EDGE ( 'NONE', *, *, #2668, .T. ) ;
#6136 = AXIS2_PLACEMENT_3D ( 'NONE', #7347, #7459, #5728 ) ;
#6137 = FACE_OUTER_BOUND ( 'NONE', #499, .T. ) ;
#6138 = CARTESIAN_POINT ( 'NONE',  ( 44.35000000000000142, 0.9999999999999997780, 32.94999999999999574 ) ) ;
#6139 = CARTESIAN_POINT ( 'NONE',  ( -38.03661827055788081, -0.08709142887629885144, -48.58416450377821150 ) ) ;
#6140 = CIRCLE ( 'NONE', #1233, 1.500000000000001332 ) ;
#6141 = CARTESIAN_POINT ( 'NONE',  ( -1.240000000000006875, 0.000000000000000000, -40.50000000000000000 ) ) ;
#6142 = ADVANCED_FACE ( 'NONE', ( #3685 ), #3529, .F. ) ;
#6143 = LINE ( 'NONE', #239, #2675 ) ;
#6144 = CIRCLE ( 'NONE', #4056, 1.500000000000001332 ) ;
#6145 = ORIENTED_EDGE ( 'NONE', *, *, #4773, .F. ) ;
#6146 = ORIENTED_EDGE ( 'NONE', *, *, #3982, .T. ) ;
#6147 = EDGE_CURVE ( 'NONE', #2650, #5363, #7075, .T. ) ;
#6148 = CARTESIAN_POINT ( 'NONE',  ( -38.05817206349902193, -0.3325418712461499782, -39.10043076053193545 ) ) ;
#6149 = AXIS2_PLACEMENT_3D ( 'NONE', #763, #3644, #877 ) ;
#6150 = ORIENTED_EDGE ( 'NONE', *, *, #3037, .F. ) ;
#6151 = CARTESIAN_POINT ( 'NONE',  ( 39.69089023002065630, -1.599999999999999867, -39.39999999999999858 ) ) ;
#6152 = LINE ( 'NONE', #895, #4315 ) ;
#6153 = EDGE_CURVE ( 'NONE', #95, #4610, #5145, .T. ) ;
#6154 = CIRCLE ( 'NONE', #5036, 1.899999999999999023 ) ;
#6155 = FACE_BOUND ( 'NONE', #7298, .T. ) ;
#6156 = CARTESIAN_POINT ( 'NONE',  ( 49.00000000000001421, -0.3070562413344432029, 39.16074114780544591 ) ) ;
#6157 = DIRECTION ( 'NONE',  ( -0.000000000000000000, -1.000000000000000000, -0.000000000000000000 ) ) ;
#6158 = EDGE_LOOP ( 'NONE', ( #179, #1344, #5291, #6504 ) ) ;
#6159 = DIRECTION ( 'NONE',  ( 0.000000000000000000, 0.000000000000000000, 1.000000000000000000 ) ) ;
#6160 = EDGE_CURVE ( 'NONE', #5419, #5244, #2445, .T. ) ;
#6161 = DIRECTION ( 'NONE',  ( 0.000000000000000000, -0.000000000000000000, -1.000000000000000000 ) ) ;
#6162 = DIRECTION ( 'NONE',  ( 0.000000000000000000, -1.000000000000000000, 0.000000000000000000 ) ) ;
#6163 = CARTESIAN_POINT ( 'NONE',  ( -38.79901089066945019, -0.5005679606744040111, -38.30659152303422132 ) ) ;
#6164 = DIRECTION ( 'NONE',  ( 0.000000000000000000, 0.000000000000000000, -1.000000000000000000 ) ) ;
#6165 = ORIENTED_EDGE ( 'NONE', *, *, #5349, .F. ) ;
#6166 = DIRECTION ( 'NONE',  ( 0.000000000000000000, 0.000000000000000000, 1.000000000000000000 ) ) ;
#6167 = ORIENTED_EDGE ( 'NONE', *, *, #1864, .T. ) ;
#6168 = ORIENTED_EDGE ( 'NONE', *, *, #6690, .T. ) ;
#6169 = ORIENTED_EDGE ( 'NONE', *, *, #6620, .F. ) ;
#6170 = ORIENTED_EDGE ( 'NONE', *, *, #6000, .F. ) ;
#6171 = AXIS2_PLACEMENT_3D ( 'NONE', #3957, #7334, #422 ) ;
#6172 = DIRECTION ( 'NONE',  ( 0.000000000000000000, 1.000000000000000000, -0.000000000000000000 ) ) ;
#6173 = CARTESIAN_POINT ( 'NONE',  ( -37.50000000000002132, 0.5960057784623219446, 39.00000000000000000 ) ) ;
#6174 = CARTESIAN_POINT ( 'NONE',  ( 0.000000000000000000, 0.000000000000000000, 0.000000000000000000 ) ) ;
#6175 = ORIENTED_EDGE ( 'NONE', *, *, #6513, .T. ) ;
#6176 = CARTESIAN_POINT ( 'NONE',  ( -37.51716251077053244, -0.007378153719194772454, 39.59435767404261242 ) ) ;
#6177 = ORIENTED_EDGE ( 'NONE', *, *, #4195, .T. ) ;
#6178 = DIRECTION ( 'NONE',  ( 1.000000000000000000, -0.000000000000000000, -0.000000000000000000 ) ) ;
#6179 = DIRECTION ( 'NONE',  ( 0.000000000000000000, 0.000000000000000000, 1.000000000000000000 ) ) ;
#6180 = ADVANCED_FACE ( 'NONE', ( #1793 ), #993, .F. ) ;
#6181 = DIRECTION ( 'NONE',  ( 1.541976423090494056E-15, -0.000000000000000000, 1.000000000000000000 ) ) ;
#6182 = ORIENTED_EDGE ( 'NONE', *, *, #517, .T. ) ;
#6183 = CARTESIAN_POINT ( 'NONE',  ( -37.48582456795481477, 0.001379798945438674186, -39.00359376306524695 ) ) ;
#6184 = ORIENTED_EDGE ( 'NONE', *, *, #2093, .T. ) ;
#6185 = CARTESIAN_POINT ( 'NONE',  ( 39.59999999999999432, 0.000000000000000000, -37.40206632590398073 ) ) ;
#6186 = CARTESIAN_POINT ( 'NONE',  ( -38.00000000000000711, -1.600000000000000089, 0.000000000000000000 ) ) ;
#6187 = FACE_BOUND ( 'NONE', #5425, .T. ) ;
#6188 = EDGE_CURVE ( 'NONE', #7222, #718, #1298, .T. ) ;
#6189 = CYLINDRICAL_SURFACE ( 'NONE', #2384, 0.6000000000000033085 ) ;
#6190 = CIRCLE ( 'NONE', #1041, 1.399999999999998579 ) ;
#6191 = ADVANCED_FACE ( 'NONE', ( #612 ), #5287, .F. ) ;
#6192 = AXIS2_PLACEMENT_3D ( 'NONE', #5799, #547, #1195 ) ;
#6193 = CARTESIAN_POINT ( 'NONE',  ( 23.75000000000000711, 1.399999999999999689, 47.74999999999998579 ) ) ;
#6194 = AXIS2_PLACEMENT_3D ( 'NONE', #2004, #2049, #2082 ) ;
#6195 = ORIENTED_EDGE ( 'NONE', *, *, #4214, .F. ) ;
#6196 = CARTESIAN_POINT ( 'NONE',  ( 36.54999999999999716, 0.9999999999999997780, 31.84999999999999076 ) ) ;
#6197 = DIRECTION ( 'NONE',  ( -0.000000000000000000, -1.000000000000000000, -0.000000000000000000 ) ) ;
#6198 = VECTOR ( 'NONE', #5468, 1000.000000000000000 ) ;
#6199 = VECTOR ( 'NONE', #494, 1000.000000000000000 ) ;
#6200 = CARTESIAN_POINT ( 'NONE',  ( -48.97971033318737710, -0.4874371018200576167, 39.07864531267728125 ) ) ;
#6201 = DIRECTION ( 'NONE',  ( 0.000000000000000000, 1.000000000000000000, -0.000000000000000000 ) ) ;
#6202 = EDGE_CURVE ( 'NONE', #193, #4956, #7242, .T. ) ;
#6203 = CARTESIAN_POINT ( 'NONE',  ( -37.56696972201766727, 0.5999999999999999778, 48.39999999999999858 ) ) ;
#6204 = VERTEX_POINT ( 'NONE', #1450 ) ;
#6205 = CYLINDRICAL_SURFACE ( 'NONE', #4118, 0.4000000000000010214 ) ;
#6206 = AXIS2_PLACEMENT_3D ( 'NONE', #7036, #4124, #2429 ) ;
#6207 = AXIS2_PLACEMENT_3D ( 'NONE', #199, #157, #2533 ) ;
#6208 = ORIENTED_EDGE ( 'NONE', *, *, #6906, .F. ) ;
#6209 = DIRECTION ( 'NONE',  ( 0.000000000000000000, 0.000000000000000000, -1.000000000000000000 ) ) ;
#6210 = CARTESIAN_POINT ( 'NONE',  ( 39.06699813600926774, -0.3782020611243991359, 49.00000000000063949 ) ) ;
#6211 = AXIS2_PLACEMENT_3D ( 'NONE', #972, #2117, #4461 ) ;
#6212 = EDGE_CURVE ( 'NONE', #4610, #2513, #625, .T. ) ;
#6213 = FACE_OUTER_BOUND ( 'NONE', #2832, .T. ) ;
#6214 = EDGE_LOOP ( 'NONE', ( #2075, #1101, #3972, #5006 ) ) ;
#6215 = DIRECTION ( 'NONE',  ( 0.000000000000000000, 0.000000000000000000, 1.000000000000000000 ) ) ;
#6216 = EDGE_LOOP ( 'NONE', ( #48, #4703, #7288, #7105, #5484, #300, #4216, #3713 ) ) ;
#6217 = VECTOR ( 'NONE', #7480, 1000.000000000000000 ) ;
#6218 = LINE ( 'NONE', #3924, #3778 ) ;
#6219 = LINE ( 'NONE', #4031, #1320 ) ;
#6220 = ORIENTED_EDGE ( 'NONE', *, *, #3063, .F. ) ;
#6221 = ORIENTED_EDGE ( 'NONE', *, *, #1312, .F. ) ;
#6222 = CARTESIAN_POINT ( 'NONE',  ( 48.45159095862300802, -1.143494478793305150E-17, 37.73021173913414117 ) ) ;
#6223 = EDGE_CURVE ( 'NONE', #6041, #90, #7489, .T. ) ;
#6224 = DIRECTION ( 'NONE',  ( 0.000000000000000000, 1.000000000000000000, 0.000000000000000000 ) ) ;
#6225 = AXIS2_PLACEMENT_3D ( 'NONE', #2655, #357, #7336 ) ;
#6226 = DIRECTION ( 'NONE',  ( -0.000000000000000000, 1.000000000000000000, -0.000000000000000000 ) ) ;
#6227 = CARTESIAN_POINT ( 'NONE',  ( -49.00000000000000711, -0.5437928385362600370, -39.23937530277506625 ) ) ;
#6228 = CARTESIAN_POINT ( 'NONE',  ( 38.00000000000000711, -1.600000000000000089, 0.000000000000000000 ) ) ;
#6229 = ORIENTED_EDGE ( 'NONE', *, *, #976, .F. ) ;
#6230 = CARTESIAN_POINT ( 'NONE',  ( -38.61518125616986907, -0.3149998928751690519, 48.85371705621215455 ) ) ;
#6231 = AXIS2_PLACEMENT_3D ( 'NONE', #6438, #2325, #4665 ) ;
#6232 = EDGE_CURVE ( 'NONE', #982, #6999, #4936, .T. ) ;
#6233 = DIRECTION ( 'NONE',  ( 0.000000000000000000, -1.000000000000000000, 0.000000000000000000 ) ) ;
#6234 = CARTESIAN_POINT ( 'NONE',  ( -48.65218991964589890, -0.1387220022517504647, 38.17983873497345115 ) ) ;
#6235 = FACE_OUTER_BOUND ( 'NONE', #2596, .T. ) ;
#6236 = DIRECTION ( 'NONE',  ( 1.000000000000000000, 0.000000000000000000, 1.156482317317871478E-16 ) ) ;
#6237 = VERTEX_POINT ( 'NONE', #5520 ) ;
#6238 = DIRECTION ( 'NONE',  ( 0.000000000000000000, 1.000000000000000000, 0.000000000000000000 ) ) ;
#6239 = ORIENTED_EDGE ( 'NONE', *, *, #6655, .F. ) ;
#6240 = CARTESIAN_POINT ( 'NONE',  ( 48.99999999999999289, 2.399999999999999911, -49.00000000000000000 ) ) ;
#6241 = EDGE_CURVE ( 'NONE', #2308, #871, #5891, .T. ) ;
#6242 = FACE_OUTER_BOUND ( 'NONE', #630, .T. ) ;
#6243 = CARTESIAN_POINT ( 'NONE',  ( -43.99999999999999289, 2.200000000000000178, 44.00000000000000000 ) ) ;
#6244 = ORIENTED_EDGE ( 'NONE', *, *, #119, .F. ) ;
#6245 = DIRECTION ( 'NONE',  ( 0.000000000000000000, 1.000000000000000000, -0.000000000000000000 ) ) ;
#6246 = ORIENTED_EDGE ( 'NONE', *, *, #7079, .F. ) ;
#6247 = EDGE_CURVE ( 'NONE', #4716, #7374, #3884, .T. ) ;
#6248 = CARTESIAN_POINT ( 'NONE',  ( 0.2599999999999929035, 0.5999999999999999778, -43.49999999999999289 ) ) ;
#6249 = CARTESIAN_POINT ( 'NONE',  ( 39.00000000000000000, 2.399999999999999911, -10.99999999999999112 ) ) ;
#6250 = ORIENTED_EDGE ( 'NONE', *, *, #6380, .T. ) ;
#6251 = CARTESIAN_POINT ( 'NONE',  ( 19.50000000000000355, 0.5999999999999998668, 18.50000000000000355 ) ) ;
#6252 = VERTEX_POINT ( 'NONE', #3725 ) ;
#6253 = DIRECTION ( 'NONE',  ( 0.000000000000000000, -1.000000000000000000, 0.000000000000000000 ) ) ;
#6254 = DIRECTION ( 'NONE',  ( 0.000000000000000000, -0.000000000000000000, -1.000000000000000000 ) ) ;
#6255 = AXIS2_PLACEMENT_3D ( 'NONE', #1260, #4215, #1337 ) ;
#6256 = FACE_OUTER_BOUND ( 'NONE', #446, .T. ) ;
#6257 = B_SPLINE_CURVE_WITH_KNOTS ( 'NONE', 3,
 ( #6344, #5887, #3980, #2277, #4543, #632, #4575, #489 ),
 .UNSPECIFIED., .F., .F.,
 ( 4, 2, 2, 4 ),
 ( 0.000000000000000000, 0.0004160915256251185692, 0.0008321830512502371383, 0.001664366102500474277 ),
 .UNSPECIFIED. ) ;
#6258 = DIRECTION ( 'NONE',  ( 0.000000000000000000, 0.000000000000000000, 1.000000000000000000 ) ) ;
#6259 = CIRCLE ( 'NONE', #6374, 0.3999999999999975797 ) ;
#6260 = DIRECTION ( 'NONE',  ( 1.000000000000000000, -0.000000000000000000, -0.000000000000000000 ) ) ;
#6261 = VERTEX_POINT ( 'NONE', #230 ) ;
#6262 = CARTESIAN_POINT ( 'NONE',  ( -38.30134071039226029, 0.4258171591472116324, 49.00000000000000000 ) ) ;
#6263 = AXIS2_PLACEMENT_3D ( 'NONE', #3097, #7317, #2053 ) ;
#6264 = DIRECTION ( 'NONE',  ( 0.000000000000000000, 0.000000000000000000, 1.000000000000000000 ) ) ;
#6265 = CARTESIAN_POINT ( 'NONE',  ( -37.56696972201766727, 0.5999999999999998668, 49.00000000000000000 ) ) ;
#6266 = EDGE_CURVE ( 'NONE', #95, #5690, #1599, .T. ) ;
#6267 = CARTESIAN_POINT ( 'NONE',  ( -2.740000000000006875, 0.5999999999999998668, -40.50000000000000000 ) ) ;
#6268 = ORIENTED_EDGE ( 'NONE', *, *, #4555, .T. ) ;
#6269 = FACE_OUTER_BOUND ( 'NONE', #28, .T. ) ;
#6270 = CIRCLE ( 'NONE', #26, 2.100000000000004530 ) ;
#6271 = CIRCLE ( 'NONE', #6304, 1.399999999999998579 ) ;
#6272 = EDGE_CURVE ( 'NONE', #1184, #125, #4891, .T. ) ;
#6273 = CARTESIAN_POINT ( 'NONE',  ( 22.25000000000000711, 2.399999999999999911, 0.000000000000000000 ) ) ;
#6274 = FACE_OUTER_BOUND ( 'NONE', #5361, .T. ) ;
#6275 = CARTESIAN_POINT ( 'NONE',  ( -43.99999999999999289, 0.000000000000000000, 44.00000000000000000 ) ) ;
#6276 = EDGE_CURVE ( 'NONE', #1783, #3139, #3111, .T. ) ;
#6277 = CARTESIAN_POINT ( 'NONE',  ( -49.00000000000000000, -1.600000000000000089, 3.469446951953614189E-15 ) ) ;
#6278 = ORIENTED_EDGE ( 'NONE', *, *, #3473, .T. ) ;
#6279 = LINE ( 'NONE', #6974, #1049 ) ;
#6280 = EDGE_CURVE ( 'NONE', #6041, #2650, #917, .T. ) ;
#6281 = VERTEX_POINT ( 'NONE', #5604 ) ;
#6282 = DIRECTION ( 'NONE',  ( 0.000000000000000000, 0.000000000000000000, 1.000000000000000000 ) ) ;
#6283 = DIRECTION ( 'NONE',  ( 0.000000000000000000, 0.000000000000000000, 1.000000000000000000 ) ) ;
#6284 = CARTESIAN_POINT ( 'NONE',  ( -48.99994091694696152, -0.4901682510456256137, -39.23559074232208843 ) ) ;
#6285 = EDGE_CURVE ( 'NONE', #2218, #986, #3567, .T. ) ;
#6286 = VERTEX_POINT ( 'NONE', #882 ) ;
#6287 = CARTESIAN_POINT ( 'NONE',  ( -38.48275862068965125, -0.5999999999999998668, -38.63321908449344022 ) ) ;
#6288 = ORIENTED_EDGE ( 'NONE', *, *, #486, .F. ) ;
#6289 = CARTESIAN_POINT ( 'NONE',  ( -49.00000000000000711, 2.399999999999999911, -49.00000000000000000 ) ) ;
#6290 = FACE_BOUND ( 'NONE', #3414, .T. ) ;
#6291 = CARTESIAN_POINT ( 'NONE',  ( 18.00000000000000355, 2.399999999999999911, -1.999999999999982236 ) ) ;
#6292 = DIRECTION ( 'NONE',  ( -0.000000000000000000, -1.000000000000000000, -0.000000000000000000 ) ) ;
#6293 = DIRECTION ( 'NONE',  ( 0.000000000000000000, 0.000000000000000000, 1.000000000000000000 ) ) ;
#6294 = ORIENTED_EDGE ( 'NONE', *, *, #3342, .T. ) ;
#6295 = FACE_OUTER_BOUND ( 'NONE', #7220, .T. ) ;
#6296 = ORIENTED_EDGE ( 'NONE', *, *, #2044, .T. ) ;
#6297 = CARTESIAN_POINT ( 'NONE',  ( -39.59766279253700816, -0.001997110768839197893, -37.45114222751232802 ) ) ;
#6298 = DIRECTION ( 'NONE',  ( 0.000000000000000000, -0.000000000000000000, -1.000000000000000000 ) ) ;
#6299 = AXIS2_PLACEMENT_3D ( 'NONE', #621, #3428, #5916 ) ;
#6300 = AXIS2_PLACEMENT_3D ( 'NONE', #5235, #559, #4619 ) ;
#6301 = DIRECTION ( 'NONE',  ( -1.000000000000000000, 0.000000000000000000, 0.000000000000000000 ) ) ;
#6302 = VERTEX_POINT ( 'NONE', #3769 ) ;
#6303 = CARTESIAN_POINT ( 'NONE',  ( 34.00000000000001421, -7.600000000000000533, 20.00000000000000355 ) ) ;
#6304 = AXIS2_PLACEMENT_3D ( 'NONE', #1348, #4561, #3930 ) ;
#6305 = VECTOR ( 'NONE', #1998, 1000.000000000000000 ) ;
#6306 = AXIS2_PLACEMENT_3D ( 'NONE', #640, #5316, #1784 ) ;
#6307 = VERTEX_POINT ( 'NONE', #6051 ) ;
#6308 = ADVANCED_FACE ( 'NONE', ( #803 ), #6133, .T. ) ;
#6309 = DIRECTION ( 'NONE',  ( 0.000000000000000000, 1.000000000000000000, 0.000000000000000000 ) ) ;
#6310 = VECTOR ( 'NONE', #6783, 1000.000000000000000 ) ;
#6311 = CARTESIAN_POINT ( 'NONE',  ( 39.28041142540045172, -0.4535354219816801757, 49.00000000000000000 ) ) ;
#6312 = DIRECTION ( 'NONE',  ( -0.000000000000000000, -1.000000000000000000, -0.000000000000000000 ) ) ;
#6313 = CIRCLE ( 'NONE', #3388, 0.6000000000000033085 ) ;
#6314 = DIRECTION ( 'NONE',  ( 0.000000000000000000, 0.000000000000000000, 1.000000000000000000 ) ) ;
#6315 = EDGE_LOOP ( 'NONE', ( #2369, #1811, #2220, #4134 ) ) ;
#6316 = ADVANCED_FACE ( 'NONE', ( #2603 ), #3073, .F. ) ;
#6317 = FACE_OUTER_BOUND ( 'NONE', #1018, .T. ) ;
#6318 = CIRCLE ( 'NONE', #6692, 0.6000000000000033085 ) ;
#6319 = EDGE_LOOP ( 'NONE', ( #3523, #3128 ) ) ;
#6320 = CYLINDRICAL_SURFACE ( 'NONE', #146, 0.6000000000000033085 ) ;
#6321 = AXIS2_PLACEMENT_3D ( 'NONE', #4527, #7490, #6874 ) ;
#6322 = DIRECTION ( 'NONE',  ( 0.000000000000000000, 0.000000000000000000, -1.000000000000000000 ) ) ;
#6323 = CARTESIAN_POINT ( 'NONE',  ( -47.60000000000000853, 0.000000000000000000, -39.39999999999999858 ) ) ;
#6324 = ORIENTED_EDGE ( 'NONE', *, *, #3320, .F. ) ;
#6325 = ORIENTED_EDGE ( 'NONE', *, *, #1464, .F. ) ;
#6326 = VECTOR ( 'NONE', #4746, 1000.000000000000000 ) ;
#6327 = CARTESIAN_POINT ( 'NONE',  ( -43.99999999999999289, 2.200000000000000178, 42.10000000000000142 ) ) ;
#6328 = CARTESIAN_POINT ( 'NONE',  ( -37.49999999999999289, 2.399999999999999911, -3.499999999999982236 ) ) ;
#6329 = VECTOR ( 'NONE', #2607, 1000.000000000000000 ) ;
#6330 = EDGE_CURVE ( 'NONE', #4947, #1821, #1104, .T. ) ;
#6331 = LINE ( 'NONE', #1149, #3148 ) ;
#6332 = DIRECTION ( 'NONE',  ( 0.000000000000000000, 1.000000000000000000, 0.000000000000000000 ) ) ;
#6333 = ORIENTED_EDGE ( 'NONE', *, *, #6038, .T. ) ;
#6334 = CARTESIAN_POINT ( 'NONE',  ( 37.40206632590398783, 0.5999999999999998668, -39.00000000000000000 ) ) ;
#6335 = DIRECTION ( 'NONE',  ( 0.000000000000000000, 1.000000000000000000, 0.000000000000000000 ) ) ;
#6336 = ORIENTED_EDGE ( 'NONE', *, *, #3294, .T. ) ;
#6337 = CARTESIAN_POINT ( 'NONE',  ( 38.00000000000000711, -0.6000000000000000888, -47.60000000000000142 ) ) ;
#6338 = EDGE_CURVE ( 'NONE', #1065, #5475, #6144, .T. ) ;
#6339 = DIRECTION ( 'NONE',  ( 0.000000000000000000, 0.000000000000000000, 1.000000000000000000 ) ) ;
#6340 = PLANE ( 'NONE',  #6020 ) ;
#6341 = AXIS2_PLACEMENT_3D ( 'NONE', #6450, #84, #3039 ) ;
#6342 = ORIENTED_EDGE ( 'NONE', *, *, #1713, .F. ) ;
#6343 = PLANE ( 'NONE',  #3757 ) ;
#6344 = CARTESIAN_POINT ( 'NONE',  ( -37.50000000000000000, 0.5960057784623233879, 39.00000000000000000 ) ) ;
#6345 = CARTESIAN_POINT ( 'NONE',  ( -37.40206632590398783, 0.6000000000000000888, 39.00000000000000000 ) ) ;
#6346 = CARTESIAN_POINT ( 'NONE',  ( -38.74197299252988103, -0.5317420675472130931, -38.35735447616670513 ) ) ;
#6347 = CARTESIAN_POINT ( 'NONE',  ( 44.00000000000000711, -1.399999999999990585, 44.00000000000000000 ) ) ;
#6348 = CARTESIAN_POINT ( 'NONE',  ( 0.000000000000000000, -1.600000000000000089, -49.00000000000000000 ) ) ;
#6349 = ORIENTED_EDGE ( 'NONE', *, *, #2197, .T. ) ;
#6350 = EDGE_CURVE ( 'NONE', #5034, #6725, #6279, .T. ) ;
#6351 = CYLINDRICAL_SURFACE ( 'NONE', #931, 0.6000000000000033085 ) ;
#6352 = ORIENTED_EDGE ( 'NONE', *, *, #2335, .T. ) ;
#6353 = DIRECTION ( 'NONE',  ( -1.000000000000000000, 0.000000000000000000, 2.352167425053273738E-16 ) ) ;
#6354 = CARTESIAN_POINT ( 'NONE',  ( -39.56771066151486593, -0.03299974604510354931, 37.61497660827480871 ) ) ;
#6355 = DIRECTION ( 'NONE',  ( 0.000000000000000000, 0.000000000000000000, -1.000000000000000000 ) ) ;
#6356 = ORIENTED_EDGE ( 'NONE', *, *, #5974, .F. ) ;
#6357 = EDGE_CURVE ( 'NONE', #2477, #7387, #3013, .T. ) ;
#6358 = VERTEX_POINT ( 'NONE', #4626 ) ;
#6359 = VERTEX_POINT ( 'NONE', #6827 ) ;
#6360 = CARTESIAN_POINT ( 'NONE',  ( 29.83999999999999275, 0.5999999999999999778, -40.50000000000000000 ) ) ;
#6361 = DIRECTION ( 'NONE',  ( 0.000000000000000000, 0.000000000000000000, -1.000000000000000000 ) ) ;
#6362 = EDGE_CURVE ( 'NONE', #3351, #2515, #5338, .T. ) ;
#6363 = CARTESIAN_POINT ( 'NONE',  ( 44.22500000000000142, 0.9999999999999997780, 17.66000000000000369 ) ) ;
#6364 = CARTESIAN_POINT ( 'NONE',  ( 12.60000000000000142, 0.000000000000000000, 37.50000000000000000 ) ) ;
#6365 = ADVANCED_FACE ( 'NONE', ( #6317 ), #5209, .F. ) ;
#6366 = ORIENTED_EDGE ( 'NONE', *, *, #4156, .T. ) ;
#6367 = DIRECTION ( 'NONE',  ( 7.080503983578804316E-17, 0.000000000000000000, 1.000000000000000000 ) ) ;
#6368 = CARTESIAN_POINT ( 'NONE',  ( 23.75000000000000711, 0.9999999999999997780, 34.55529936623839404 ) ) ;
#6369 = EDGE_CURVE ( 'NONE', #5790, #6743, #7542, .T. ) ;
#6370 = ORIENTED_EDGE ( 'NONE', *, *, #5825, .F. ) ;
#6371 = VECTOR ( 'NONE', #2647, 1000.000000000000000 ) ;
#6372 = CARTESIAN_POINT ( 'NONE',  ( 38.00000000000000711, -1.600000000000000089, 39.39999999999999858 ) ) ;
#6373 = CARTESIAN_POINT ( 'NONE',  ( -39.59766279253700816, -0.001997110768838322292, -37.45114222751231381 ) ) ;
#6374 = AXIS2_PLACEMENT_3D ( 'NONE', #4198, #169, #6538 ) ;
#6375 = LINE ( 'NONE', #2935, #4788 ) ;
#6376 = VECTOR ( 'NONE', #381, 1000.000000000000000 ) ;
#6377 = VERTEX_POINT ( 'NONE', #1025 ) ;
#6378 = AXIS2_PLACEMENT_3D ( 'NONE', #4036, #1112, #2370 ) ;
#6379 = DIRECTION ( 'NONE',  ( 0.000000000000000000, 0.000000000000000000, -1.000000000000000000 ) ) ;
#6380 = EDGE_CURVE ( 'NONE', #6005, #1806, #3269, .T. ) ;
#6381 = AXIS2_PLACEMENT_3D ( 'NONE', #1217, #6942, #5283 ) ;
#6382 = DIRECTION ( 'NONE',  ( 0.000000000000000000, 0.000000000000000000, 1.000000000000000000 ) ) ;
#6383 = TOROIDAL_SURFACE ( 'NONE', #518, 0.9000000000000001332, 0.5999999999999999778 ) ;
#6384 = CARTESIAN_POINT ( 'NONE',  ( 44.00000000000002842, 2.399999999999999911, 49.00000000000000000 ) ) ;
#6385 = DIRECTION ( 'NONE',  ( -0.000000000000000000, 1.000000000000000000, 0.000000000000000000 ) ) ;
#6386 = CARTESIAN_POINT ( 'NONE',  ( -37.45114222751234223, -0.001997110768840057015, -39.59766279253700105 ) ) ;
#6387 = MECHANICAL_DESIGN_GEOMETRIC_PRESENTATION_REPRESENTATION (  '', ( #5414 ), #3090 ) ;
#6388 = CARTESIAN_POINT ( 'NONE',  ( 37.40206632590398783, 0.6000000000000000888, -39.00000000000000000 ) ) ;
#6389 = ORIENTED_EDGE ( 'NONE', *, *, #1899, .T. ) ;
#6390 = DIRECTION ( 'NONE',  ( 2.276539994720202585E-16, 0.000000000000000000, 1.000000000000000000 ) ) ;
#6391 = AXIS2_PLACEMENT_3D ( 'NONE', #4342, #5424, #708 ) ;
#6392 = EDGE_LOOP ( 'NONE', ( #2646, #4655, #721, #7209 ) ) ;
#6393 = ORIENTED_EDGE ( 'NONE', *, *, #1864, .F. ) ;
#6394 = DIRECTION ( 'NONE',  ( 0.000000000000000000, 0.000000000000000000, 1.000000000000000000 ) ) ;
#6395 = CARTESIAN_POINT ( 'NONE',  ( -38.90589964520871291, 0.2853857986625646381, 38.02997412515458109 ) ) ;
#6396 = LINE ( 'NONE', #1141, #4871 ) ;
#6397 = VERTEX_POINT ( 'NONE', #3307 ) ;
#6398 = B_SPLINE_CURVE_WITH_KNOTS ( 'NONE', 3,
 ( #3, #7061, #6400, #5791, #5176, #7521, #6983, #4145 ),
 .UNSPECIFIED., .F., .F.,
 ( 4, 2, 2, 4 ),
 ( 0.000000000000000000, 0.0005668484871887364066, 0.001133696974377472813, 0.002267393948754961672 ),
 .UNSPECIFIED. ) ;
#6399 = ORIENTED_EDGE ( 'NONE', *, *, #3889, .T. ) ;
#6400 = CARTESIAN_POINT ( 'NONE',  ( 37.94571786504343436, 0.5617871102788484228, 49.00000000000000000 ) ) ;
#6401 = ORIENTED_EDGE ( 'NONE', *, *, #7582, .F. ) ;
#6402 = DIRECTION ( 'NONE',  ( 1.000000000000000000, 0.000000000000000000, 0.000000000000000000 ) ) ;
#6403 = CARTESIAN_POINT ( 'NONE',  ( -39.69089023002067051, 0.000000000000000000, -39.39999999999999858 ) ) ;
#6404 = EDGE_CURVE ( 'NONE', #4275, #4268, #1289, .T. ) ;
#6405 = CARTESIAN_POINT ( 'NONE',  ( 39.69089023002065630, -0.5999999999999999778, -37.39999999999999858 ) ) ;
#6406 = DIRECTION ( 'NONE',  ( 0.000000000000000000, 0.000000000000000000, 1.000000000000000000 ) ) ;
#6407 = ORIENTED_EDGE ( 'NONE', *, *, #5587, .T. ) ;
#6408 = PLANE ( 'NONE',  #3382 ) ;
#6409 = CARTESIAN_POINT ( 'NONE',  ( 49.00000000000000000, -1.084202172485504434E-16, -37.56696972201766727 ) ) ;
#6410 = ORIENTED_EDGE ( 'NONE', *, *, #3667, .T. ) ;
#6411 = ADVANCED_FACE ( 'NONE', ( #419 ), #6351, .T. ) ;
#6412 = CARTESIAN_POINT ( 'NONE',  ( 37.49999999999999289, 0.5960057784623241650, -38.99999999999999289 ) ) ;
#6413 = EDGE_CURVE ( 'NONE', #2829, #88, #3623, .T. ) ;
#6414 = CARTESIAN_POINT ( 'NONE',  ( 44.00000000000002842, 2.399999999999999911, 49.00000000000000000 ) ) ;
#6415 = EDGE_LOOP ( 'NONE', ( #7323, #2318, #4059 ) ) ;
#6416 = LINE ( 'NONE', #2274, #2497 ) ;
#6418 = DIRECTION ( 'NONE',  ( 0.000000000000000000, 0.000000000000000000, -1.000000000000000000 ) ) ;
#6417 = CIRCLE ( 'NONE', #5095, 1.500000000000001332 ) ;
#6419 = AXIS2_PLACEMENT_3D ( 'NONE', #903, #6696, #2707 ) ;
#6420 = CARTESIAN_POINT ( 'NONE',  ( 34.60000000000000853, 0.5999999999999998668, 12.49999999999999645 ) ) ;
#6421 = EDGE_CURVE ( 'NONE', #4969, #2365, #5131, .T. ) ;
#6422 = CARTESIAN_POINT ( 'NONE',  ( -38.77939280762178953, -0.3932066688570682311, -38.29628397939574569 ) ) ;
#6423 = LINE ( 'NONE', #1171, #923 ) ;
#6424 = CARTESIAN_POINT ( 'NONE',  ( 27.73999999999999133, 0.5999999999999999778, -44.09999999999999432 ) ) ;
#6425 = VERTEX_POINT ( 'NONE', #1631 ) ;
#6426 = CARTESIAN_POINT ( 'NONE',  ( -1.003954137671616570E-14, 0.5999999999999999778, -44.09999999999999432 ) ) ;
#6427 = AXIS2_PLACEMENT_3D ( 'NONE', #1471, #3326, #6737 ) ;
#6428 = AXIS2_PLACEMENT_3D ( 'NONE', #2251, #1715, #6481 ) ;
#6429 = VECTOR ( 'NONE', #7485, 1000.000000000000114 ) ;
#6430 = ORIENTED_EDGE ( 'NONE', *, *, #3327, .T. ) ;
#6431 = ORIENTED_EDGE ( 'NONE', *, *, #4683, .F. ) ;
#6432 = VECTOR ( 'NONE', #4210, 1000.000000000000000 ) ;
#6433 = DIRECTION ( 'NONE',  ( 0.000000000000000000, 0.000000000000000000, 1.000000000000000000 ) ) ;
#6434 = CARTESIAN_POINT ( 'NONE',  ( -39.39578765683143757, -0.1573070882970749595, 37.83557259690787333 ) ) ;
#6435 = VECTOR ( 'NONE', #4089, 1000.000000000000000 ) ;
#6436 = CIRCLE ( 'NONE', #3881, 0.6000000000000033085 ) ;
#6437 = EDGE_CURVE ( 'NONE', #193, #1607, #2943, .T. ) ;
#6438 = CARTESIAN_POINT ( 'NONE',  ( 39.69089023002065630, -0.5999999999999998668, -39.39999999999999858 ) ) ;
#6439 = ORIENTED_EDGE ( 'NONE', *, *, #2843, .F. ) ;
#6440 = CARTESIAN_POINT ( 'NONE',  ( 44.22500000000000142, 2.399999999999999911, 13.06000000000000583 ) ) ;
#6441 = ORIENTED_EDGE ( 'NONE', *, *, #5758, .F. ) ;
#6442 = CARTESIAN_POINT ( 'NONE',  ( 0.000000000000000000, 0.9999999999999997780, 27.34999999999998721 ) ) ;
#6443 = VERTEX_POINT ( 'NONE', #7443 ) ;
#6444 = VECTOR ( 'NONE', #3873, 1000.000000000000000 ) ;
#6445 = CIRCLE ( 'NONE', #5217, 0.8999999999999980238 ) ;
#6446 = LINE ( 'NONE', #615, #752 ) ;
#6447 = DIRECTION ( 'NONE',  ( 0.000000000000000000, 0.000000000000000000, 1.000000000000000000 ) ) ;
#6448 = CARTESIAN_POINT ( 'NONE',  ( 38.63321908449343312, -7.600000000000000533, -38.48275862068965125 ) ) ;
#6449 = VECTOR ( 'NONE', #6840, 999.9999999999998863 ) ;
#6450 = CARTESIAN_POINT ( 'NONE',  ( -39.40000000000000568, -0.6000000000000000888, -47.60000000000000142 ) ) ;
#6451 = ORIENTED_EDGE ( 'NONE', *, *, #546, .T. ) ;
#6452 = EDGE_CURVE ( 'NONE', #869, #4989, #2175, .T. ) ;
#6453 = FACE_OUTER_BOUND ( 'NONE', #428, .T. ) ;
#6454 = DIRECTION ( 'NONE',  ( -1.000000000000000000, 0.000000000000000000, 0.000000000000000000 ) ) ;
#6455 = EDGE_LOOP ( 'NONE', ( #1595, #1900, #1937, #140 ) ) ;
#6456 = AXIS2_PLACEMENT_3D ( 'NONE', #2784, #4014, #80 ) ;
#6457 = CARTESIAN_POINT ( 'NONE',  ( 47.59999999999999432, -0.6000000000000000888, -39.39999999999999858 ) ) ;
#6458 = DIRECTION ( 'NONE',  ( 0.000000000000000000, 0.000000000000000000, -1.000000000000000000 ) ) ;
#6459 = EDGE_LOOP ( 'NONE', ( #3103, #5026, #1624 ) ) ;
#6460 = EDGE_CURVE ( 'NONE', #6425, #2813, #6862, .T. ) ;
#6461 = DIRECTION ( 'NONE',  ( 1.000000000000000000, 0.000000000000000000, -4.785444071660164846E-16 ) ) ;
#6462 = DIRECTION ( 'NONE',  ( 0.000000000000000000, 0.000000000000000000, 1.000000000000000000 ) ) ;
#6463 = CARTESIAN_POINT ( 'NONE',  ( -38.00000000000000711, -1.600000000000000089, -47.60000000000000142 ) ) ;
#6464 = EDGE_CURVE ( 'NONE', #1332, #2984, #1597, .T. ) ;
#6465 = CARTESIAN_POINT ( 'NONE',  ( 22.25000000000000711, 0.9999999999999997780, 34.55529936623839404 ) ) ;
#6466 = CIRCLE ( 'NONE', #6839, 4.999999999999997335 ) ;
#6467 = DIRECTION ( 'NONE',  ( 0.000000000000000000, 0.000000000000000000, -1.000000000000000000 ) ) ;
#6468 = CARTESIAN_POINT ( 'NONE',  ( 27.73999999999999133, 0.5999999999999999778, -41.99999999999999289 ) ) ;
#6469 = EDGE_LOOP ( 'NONE', ( #5931, #6184, #3704, #676, #5183, #2841, #6741, #3669, #6507, #6182, #2822, #7303 ) ) ;
#6470 = CARTESIAN_POINT ( 'NONE',  ( -37.50000000000000711, 0.5960057784623205013, -39.00000000000000000 ) ) ;
#6471 = VERTEX_POINT ( 'NONE', #7513 ) ;
#6472 = ORIENTED_EDGE ( 'NONE', *, *, #3002, .F. ) ;
#6473 = ADVANCED_FACE ( 'NONE', ( #6936 ), #2392, .F. ) ;
#6474 = AXIS2_PLACEMENT_3D ( 'NONE', #4812, #6748, #3806 ) ;
#6475 = DIRECTION ( 'NONE',  ( -0.000000000000000000, -1.000000000000000000, 0.000000000000000000 ) ) ;
#6476 = CARTESIAN_POINT ( 'NONE',  ( -38.63321908449344022, -0.5999999999999998668, 38.48275862068964415 ) ) ;
#6477 = CARTESIAN_POINT ( 'NONE',  ( -39.00000000000000000, 0.5999999990652309378, 37.43476505088621309 ) ) ;
#6478 = VERTEX_POINT ( 'NONE', #5783 ) ;
#6479 = FACE_OUTER_BOUND ( 'NONE', #2679, .T. ) ;
#6480 = ORIENTED_EDGE ( 'NONE', *, *, #37, .T. ) ;
#6481 = DIRECTION ( 'NONE',  ( 0.000000000000000000, 0.000000000000000000, 1.000000000000000000 ) ) ;
#6482 = VERTEX_POINT ( 'NONE', #530 ) ;
#6483 = EDGE_CURVE ( 'NONE', #6773, #1193, #2393, .T. ) ;
#6484 = DIRECTION ( 'NONE',  ( 1.000000000000000000, 0.000000000000000000, 0.000000000000000000 ) ) ;
#6485 = DIRECTION ( 'NONE',  ( 0.000000000000000000, -1.000000000000000000, 0.000000000000000000 ) ) ;
#6486 = DIRECTION ( 'NONE',  ( 8.659560562355011744E-17, 0.7071067811865410224, -0.7071067811865540120 ) ) ;
#6487 = FACE_OUTER_BOUND ( 'NONE', #2726, .T. ) ;
#6488 = ORIENTED_EDGE ( 'NONE', *, *, #137, .T. ) ;
#6489 = CARTESIAN_POINT ( 'NONE',  ( -49.00000000000000711, 2.399999999999999911, -49.00000000000000000 ) ) ;
#6490 = DIRECTION ( 'NONE',  ( -0.000000000000000000, -1.000000000000000000, 0.000000000000000000 ) ) ;
#6491 = ORIENTED_EDGE ( 'NONE', *, *, #5279, .F. ) ;
#6492 = CARTESIAN_POINT ( 'NONE',  ( 37.98134938246927561, -0.2699558860650871916, -39.21158196771433779 ) ) ;
#6493 = DIRECTION ( 'NONE',  ( 1.000000000000000000, 0.000000000000000000, 0.000000000000000000 ) ) ;
#6494 = ORIENTED_EDGE ( 'NONE', *, *, #4439, .T. ) ;
#6495 = DIRECTION ( 'NONE',  ( 0.000000000000000000, -1.000000000000000000, 0.000000000000000000 ) ) ;
#6496 = CARTESIAN_POINT ( 'NONE',  ( -39.60000000000000853, 0.000000000000000000, -37.40206632590398073 ) ) ;
#6497 = CIRCLE ( 'NONE', #3209, 2.100000000000004530 ) ;
#6498 = DIRECTION ( 'NONE',  ( 1.000000000000000000, -0.000000000000000000, -2.276539994720219349E-16 ) ) ;
#6499 = EDGE_CURVE ( 'NONE', #4102, #161, #6313, .T. ) ;
#6500 = DIRECTION ( 'NONE',  ( 0.000000000000000000, 1.000000000000000000, -0.000000000000000000 ) ) ;
#6501 = AXIS2_PLACEMENT_3D ( 'NONE', #6771, #2779, #3291 ) ;
#6502 = DIRECTION ( 'NONE',  ( -0.000000000000000000, -1.000000000000000000, -0.000000000000000000 ) ) ;
#6503 = CARTESIAN_POINT ( 'NONE',  ( -39.00000000000000711, 0.5999999999999998668, -3.499999999999982236 ) ) ;
#6504 = ORIENTED_EDGE ( 'NONE', *, *, #7426, .F. ) ;
#6505 = AXIS2_PLACEMENT_3D ( 'NONE', #6822, #1521, #6856 ) ;
#6506 = CARTESIAN_POINT ( 'NONE',  ( -38.06671709458905184, 0.2389385865661803610, -38.89120738397257071 ) ) ;
#6507 = ORIENTED_EDGE ( 'NONE', *, *, #6046, .T. ) ;
#6508 = EDGE_CURVE ( 'NONE', #4169, #193, #4736, .T. ) ;
#6509 = EDGE_LOOP ( 'NONE', ( #7173, #6815, #7404, #2481 ) ) ;
#6510 = VECTOR ( 'NONE', #296, 1000.000000000000000 ) ;
#6511 = DIRECTION ( 'NONE',  ( -0.3908736291420340514, -0.000000000000000000, -0.9204443524957581779 ) ) ;
#6512 = CARTESIAN_POINT ( 'NONE',  ( -37.45114222751234223, -0.001997110768840057015, -39.59766279253700105 ) ) ;
#6513 = EDGE_CURVE ( 'NONE', #5258, #6425, #5707, .T. ) ;
#6514 = ADVANCED_FACE ( 'NONE', ( #4060 ), #4697, .F. ) ;
#6515 = LINE ( 'NONE', #7595, #2926 ) ;
#6516 = CIRCLE ( 'NONE', #3836, 0.6000000000000033085 ) ;
#6517 = VERTEX_POINT ( 'NONE', #1287 ) ;
#6518 =( BOUNDED_SURFACE ( )  B_SPLINE_SURFACE ( 3, 2, ( 
 ( #4139, #5936, #1710 ),
 ( #4066, #684, #2324 ),
 ( #4098, #1255, #6354 ),
 ( #3601, #4664, #645 ),
 ( #6395, #5207, #6434 ),
 ( #607, #2248, #2987 ),
 ( #4700, #3027, #7558 ),
 ( #1140, #5826, #572 ),
 ( #2917, #3526, #5865 ),
 ( #71, #7054, #6476 ) ),
 .UNSPECIFIED., .F., .F., .F. ) 
 B_SPLINE_SURFACE_WITH_KNOTS ( ( 4, 2, 2, 2, 4 ),
 ( 3, 3 ),
 ( 9.713454110602701911E-05, 0.0005915436261221452717, 0.001085952711138263565, 0.001580361796154381750, 0.002074770881170499934 ),
 ( 0.000000000000000000, 1.000000000000000000 ),
 .UNSPECIFIED. ) 
 GEOMETRIC_REPRESENTATION_ITEM ( )  RATIONAL_B_SPLINE_SURFACE ( (
 ( 1.000000000000000000, 0.7084826553175715969, 1.000000000000000000),
 ( 1.000000000000000000, 0.7127489060178286984, 1.000000000000000000),
 ( 1.000000000000000000, 0.7309962392169504497, 1.000000000000000000),
 ( 1.000000000000000000, 0.7859228332047705212, 1.000000000000000000),
 ( 1.000000000000000000, 0.8226523382512637150, 1.000000000000000000),
 ( 1.000000000000000000, 0.8953413055909226204, 1.000000000000000000),
 ( 1.000000000000000000, 0.9318027181872752251, 1.000000000000000000),
 ( 1.000000000000000000, 0.9843336148371761851, 1.000000000000000000),
 ( 1.000000000000000000, 1.000295252178845073, 1.000000000000000000),
 ( 1.000000000000000000, 1.000000000000000000, 1.000000000000000000) ) ) 
 REPRESENTATION_ITEM ( '' )  SURFACE ( )  );
#6519 = CARTESIAN_POINT ( 'NONE',  ( -37.73021173913414117, -1.143494478793305150E-17, 48.45159095862299381 ) ) ;
#6520 = ORIENTED_EDGE ( 'NONE', *, *, #1393, .T. ) ;
#6521 = CARTESIAN_POINT ( 'NONE',  ( -2.030380694491109008E-14, 1.399999999999999689, 13.45999999999993868 ) ) ;
#6522 = DIRECTION ( 'NONE',  ( 1.000000000000000000, 0.000000000000000000, 0.000000000000000000 ) ) ;
#6523 = CARTESIAN_POINT ( 'NONE',  ( -39.59925776918244367, 4.136230265229990241E-17, -37.41844945715712356 ) ) ;
#6524 = DIRECTION ( 'NONE',  ( -1.000000000000000000, 0.000000000000000000, 0.000000000000000000 ) ) ;
#6525 = EDGE_CURVE ( 'NONE', #6725, #2587, #4359, .T. ) ;
#6526 = CARTESIAN_POINT ( 'NONE',  ( 37.50000000000000000, 2.399999999999999467, -1.999999999999982236 ) ) ;
#6527 = EDGE_LOOP ( 'NONE', ( #3018, #6949, #5785, #2499 ) ) ;
#6528 = CARTESIAN_POINT ( 'NONE',  ( 26.34266137470398306, 0.9999999999999997780, 28.44999999999998863 ) ) ;
#6529 = EDGE_LOOP ( 'NONE', ( #1074, #3106, #7009, #7574, #3179 ) ) ;
#6530 = VECTOR ( 'NONE', #7479, 1000.000000000000000 ) ;
#6531 = CARTESIAN_POINT ( 'NONE',  ( -49.00000000000000000, 2.399999999999999911, 49.00000000000000000 ) ) ;
#6532 = CARTESIAN_POINT ( 'NONE',  ( -37.61793835232636951, 0.5825157043851446614, 38.99999999999999289 ) ) ;
#6533 = ADVANCED_FACE ( 'NONE', ( #104 ), #2475, .F. ) ;
#6534 = CARTESIAN_POINT ( 'NONE',  ( 39.39999999999999858, 2.399999999999999911, -49.00000000000000000 ) ) ;
#6535 = ORIENTED_EDGE ( 'NONE', *, *, #5049, .T. ) ;
#6536 = CARTESIAN_POINT ( 'NONE',  ( 39.00000000000000711, -7.600000000000000533, 10.99999999999999645 ) ) ;
#6537 = DIRECTION ( 'NONE',  ( 0.000000000000000000, -1.000000000000000000, 0.000000000000000000 ) ) ;
#6538 = DIRECTION ( 'NONE',  ( -1.000000000000000000, 0.000000000000000000, 0.000000000000000000 ) ) ;
#6539 = CARTESIAN_POINT ( 'NONE',  ( -38.76683594672410749, -0.3729180342951783356, -48.90470582712599423 ) ) ;
#6540 = CARTESIAN_POINT ( 'NONE',  ( -48.51566589472925273, -0.03993550143790573076, -37.88435057801502381 ) ) ;
#6541 = CARTESIAN_POINT ( 'NONE',  ( 37.41843934362974267, 0.0007417727527068798156, -39.00000000000000000 ) ) ;
#6542 = EDGE_LOOP ( 'NONE', ( #3121, #736, #3059, #1187 ) ) ;
#6543 = PLANE ( 'NONE',  #7302 ) ;
#6544 = EDGE_LOOP ( 'NONE', ( #7394, #614, #4705, #2231 ) ) ;
#6545 = ADVANCED_FACE ( 'NONE', ( #1860 ), #4658, .T. ) ;
#6546 = ORIENTED_EDGE ( 'NONE', *, *, #6757, .F. ) ;
#6547 = CARTESIAN_POINT ( 'NONE',  ( 44.35000000000000142, 1.399999999999999689, 32.94999999999999574 ) ) ;
#6548 = EDGE_CURVE ( 'NONE', #5267, #6041, #6926, .T. ) ;
#6549 = FACE_OUTER_BOUND ( 'NONE', #4754, .T. ) ;
#6550 = CIRCLE ( 'NONE', #2635, 0.6000000000000033085 ) ;
#6551 = CIRCLE ( 'NONE', #5820, 1.500000000000000000 ) ;
#6552 = CARTESIAN_POINT ( 'NONE',  ( -39.59848051651439960, -0.0006657787549100870322, 37.43480804891996883 ) ) ;
#6553 = CIRCLE ( 'NONE', #6677, 0.5999999999999998668 ) ;
#6554 = EDGE_LOOP ( 'NONE', ( #6488, #728, #6824, #3928, #549, #7202, #2858, #1197, #4503, #7213 ) ) ;
#6555 = CARTESIAN_POINT ( 'NONE',  ( -38.61612394930971703, -0.3145411647885877904, 48.85014514505711958 ) ) ;
#6556 = EDGE_CURVE ( 'NONE', #3973, #5963, #4135, .T. ) ;
#6557 = EDGE_LOOP ( 'NONE', ( #3570, #4667, #4266, #5101 ) ) ;
#6558 = VECTOR ( 'NONE', #6224, 1000.000000000000000 ) ;
#6559 = CARTESIAN_POINT ( 'NONE',  ( 37.65000000000000568, 1.399999999999999689, 33.34999999999999432 ) ) ;
#6560 = CARTESIAN_POINT ( 'NONE',  ( -49.00000000000000000, -0.4535354219806966292, 39.28041142540167385 ) ) ;
#6561 = AXIS2_PLACEMENT_3D ( 'NONE', #3712, #7157, #1892 ) ;
#6562 = AXIS2_PLACEMENT_3D ( 'NONE', #5710, #2868, #5636 ) ;
#6563 = DIRECTION ( 'NONE',  ( 0.000000000000000000, 0.000000000000000000, 1.000000000000000000 ) ) ;
#6564 = DIRECTION ( 'NONE',  ( 0.000000000000000000, 0.000000000000000000, 1.000000000000000000 ) ) ;
#6565 = FACE_OUTER_BOUND ( 'NONE', #2183, .T. ) ;
#6566 = VECTOR ( 'NONE', #1353, 1000.000000000000000 ) ;
#6567 = ORIENTED_EDGE ( 'NONE', *, *, #1078, .T. ) ;
#6568 = CARTESIAN_POINT ( 'NONE',  ( 23.75000000000000711, 0.9999999999999997780, 46.24999999999998579 ) ) ;
#6569 = ORIENTED_EDGE ( 'NONE', *, *, #706, .F. ) ;
#6570 = AXIS2_PLACEMENT_3D ( 'NONE', #12, #4682, #1234 ) ;
#6571 = EDGE_LOOP ( 'NONE', ( #3885, #3738 ) ) ;
#6572 = CARTESIAN_POINT ( 'NONE',  ( 48.99999999999998579, -0.3782020611244213404, -39.06699813600933169 ) ) ;
#6573 = ADVANCED_FACE ( 'NONE', ( #3022 ), #6543, .F. ) ;
#6574 = CIRCLE ( 'NONE', #4838, 1.100000000000000311 ) ;
#6575 = CARTESIAN_POINT ( 'NONE',  ( -37.76599854304522808, -0.1076194194266194282, 39.46864266751007477 ) ) ;
#6576 = AXIS2_PLACEMENT_3D ( 'NONE', #1264, #7102, #1835 ) ;
#6577 = CARTESIAN_POINT ( 'NONE',  ( -39.40000000000000568, -0.6000000000000003109, -49.00000000000000000 ) ) ;
#6578 = ORIENTED_EDGE ( 'NONE', *, *, #4958, .F. ) ;
#6579 = DIRECTION ( 'NONE',  ( 0.000000000000000000, 1.000000000000000000, 0.000000000000000000 ) ) ;
#6580 = EDGE_CURVE ( 'NONE', #3587, #3351, #2201, .T. ) ;
#6581 = VECTOR ( 'NONE', #1871, 1000.000000000000000 ) ;
#6582 = DIRECTION ( 'NONE',  ( -1.000000000000000000, 0.000000000000000000, 0.000000000000000000 ) ) ;
#6583 = CARTESIAN_POINT ( 'NONE',  ( 48.99999999999999289, -0.6000000000000003109, -39.39999999999999858 ) ) ;
#6584 = CARTESIAN_POINT ( 'NONE',  ( 39.59999999999999432, 0.5999999999999999778, -10.99999999999999112 ) ) ;
#6585 = CYLINDRICAL_SURFACE ( 'NONE', #629, 1.500000000000000000 ) ;
#6586 = ORIENTED_EDGE ( 'NONE', *, *, #514, .F. ) ;
#6587 = CARTESIAN_POINT ( 'NONE',  ( 37.50000000000000000, 0.000000000000000000, -10.99999999999999112 ) ) ;
#6588 = ORIENTED_EDGE ( 'NONE', *, *, #6232, .T. ) ;
#6589 = DIRECTION ( 'NONE',  ( 0.000000000000000000, 0.000000000000000000, 1.000000000000000000 ) ) ;
#6590 = CIRCLE ( 'NONE', #2550, 1.399999999999998579 ) ;
#6591 = CARTESIAN_POINT ( 'NONE',  ( -39.40000000000000568, -0.5999999999999998668, 49.00000000000000000 ) ) ;
#6592 = EDGE_CURVE ( 'NONE', #2424, #2876, #3996, .T. ) ;
#6593 = DIRECTION ( 'NONE',  ( -0.000000000000000000, -1.000000000000000000, -0.000000000000000000 ) ) ;
#6594 = ORIENTED_EDGE ( 'NONE', *, *, #6850, .T. ) ;
#6595 = CARTESIAN_POINT ( 'NONE',  ( 0.000000000000000000, -1.600000000000000089, 38.00000000000000000 ) ) ;
#6596 = AXIS2_PLACEMENT_3D ( 'NONE', #7245, #800, #4934 ) ;
#6597 = ORIENTED_EDGE ( 'NONE', *, *, #4683, .T. ) ;
#6598 = ADVANCED_BREP_SHAPE_REPRESENTATION ( '底部支架', ( #1231, #4594 ), #1644 ) ;
#6599 = DIRECTION ( 'NONE',  ( 0.000000000000000000, 0.000000000000000000, 1.000000000000000000 ) ) ;
#6600 = CARTESIAN_POINT ( 'NONE',  ( 34.25000000000000000, 0.9999999999999997780, 46.24999999999998579 ) ) ;
#6601 = CARTESIAN_POINT ( 'NONE',  ( -38.09147254238646241, 0.03772782690525775667, -49.00000000000000000 ) ) ;
#6602 = LINE ( 'NONE', #2964, #7184 ) ;
#6603 = EDGE_CURVE ( 'NONE', #6041, #3635, #4217, .T. ) ;
#6604 = CYLINDRICAL_SURFACE ( 'NONE', #2177, 0.5999999999999998668 ) ;
#6605 = EDGE_LOOP ( 'NONE', ( #6535, #907, #1401, #3717 ) ) ;
#6606 = DIRECTION ( 'NONE',  ( 0.000000000000000000, 0.000000000000000000, 1.000000000000000000 ) ) ;
#6607 = ORIENTED_EDGE ( 'NONE', *, *, #1685, .T. ) ;
#6608 = VERTEX_POINT ( 'NONE', #4845 ) ;
#6609 = EDGE_CURVE ( 'NONE', #2515, #3587, #5047, .T. ) ;
#6610 = DIRECTION ( 'NONE',  ( 0.000000000000000000, 0.000000000000000000, 1.000000000000000000 ) ) ;
#6611 =( BOUNDED_SURFACE ( )  B_SPLINE_SURFACE ( 3, 2, ( 
 ( #1321, #4761, #3014 ),
 ( #1852, #57, #3671 ),
 ( #5998, #5926, #746 ),
 ( #4196, #3091, #3708 ),
 ( #1964, #1278, #3050 ),
 ( #3630, #5466, #5427 ),
 ( #1928, #4278, #6036 ),
 ( #787, #2547, #4877 ),
 ( #4313, #1391, #2977 ),
 ( #5309, #7080, #3792 ) ),
 .UNSPECIFIED., .F., .F., .F. ) 
 B_SPLINE_SURFACE_WITH_KNOTS ( ( 4, 2, 2, 2, 4 ),
 ( 3, 3 ),
 ( 9.713454110602701911E-05, 0.0005915436261221452717, 0.001085952711138263565, 0.001580361796154381750, 0.002074770881170499934 ),
 ( 0.000000000000000000, 1.000000000000000000 ),
 .UNSPECIFIED. ) 
 GEOMETRIC_REPRESENTATION_ITEM ( )  RATIONAL_B_SPLINE_SURFACE ( (
 ( 1.000000000000000000, 0.7084826553175715969, 1.000000000000000000),
 ( 1.000000000000000000, 0.7127489060178286984, 1.000000000000000000),
 ( 1.000000000000000000, 0.7309962392169504497, 1.000000000000000000),
 ( 1.000000000000000000, 0.7859228332047705212, 1.000000000000000000),
 ( 1.000000000000000000, 0.8226523382512637150, 1.000000000000000000),
 ( 1.000000000000000000, 0.8953413055909226204, 1.000000000000000000),
 ( 1.000000000000000000, 0.9318027181872752251, 1.000000000000000000),
 ( 1.000000000000000000, 0.9843336148371761851, 1.000000000000000000),
 ( 1.000000000000000000, 1.000295252178845073, 1.000000000000000000),
 ( 1.000000000000000000, 1.000000000000000000, 1.000000000000000000) ) ) 
 REPRESENTATION_ITEM ( '' )  SURFACE ( )  );
#6612 = CARTESIAN_POINT ( 'NONE',  ( 31.54115071397126968, 0.9999999999999997780, 13.39418728949462967 ) ) ;
#6613 = ADVANCED_FACE ( 'NONE', ( #6663 ), #1166, .F. ) ;
#6614 = EDGE_CURVE ( 'NONE', #125, #3405, #1650, .T. ) ;
#6615 = DIRECTION ( 'NONE',  ( 0.000000000000000000, 1.000000000000000000, 0.000000000000000000 ) ) ;
#6616 = EDGE_LOOP ( 'NONE', ( #5549, #3946, #166, #280 ) ) ;
#6617 = DIRECTION ( 'NONE',  ( -0.000000000000000000, -1.000000000000000000, -0.000000000000000000 ) ) ;
#6618 = CARTESIAN_POINT ( 'NONE',  ( 48.51566765287324046, -0.03993653860249261889, -37.88435472389591752 ) ) ;
#6619 = DIRECTION ( 'NONE',  ( 0.000000000000000000, 0.000000000000000000, 1.000000000000000000 ) ) ;
#6620 = EDGE_CURVE ( 'NONE', #4, #4169, #2644, .T. ) ;
#6621 = DIRECTION ( 'NONE',  ( 0.000000000000000000, 0.7071067811865410224, 0.7071067811865540120 ) ) ;
#6622 = EDGE_LOOP ( 'NONE', ( #3033, #1656, #212, #757 ) ) ;
#6623 = DIRECTION ( 'NONE',  ( 1.000000000000000000, 0.000000000000000000, 0.000000000000000000 ) ) ;
#6624 = ORIENTED_EDGE ( 'NONE', *, *, #1164, .F. ) ;
#6625 = ORIENTED_EDGE ( 'NONE', *, *, #5912, .F. ) ;
#6626 = LINE ( 'NONE', #5515, #4917 ) ;
#6627 = TOROIDAL_SURFACE ( 'NONE', #2582, 1.100000000000000089, 0.4000000000000000222 ) ;
#6628 = CARTESIAN_POINT ( 'NONE',  ( 37.79223433386832198, -0.01910681387066090475, 48.47793950087201864 ) ) ;
#6629 = CIRCLE ( 'NONE', #3332, 0.6000000000000033085 ) ;
#6630 = DIRECTION ( 'NONE',  ( 0.000000000000000000, 0.000000000000000000, -1.000000000000000000 ) ) ;
#6631 = ORIENTED_EDGE ( 'NONE', *, *, #4265, .T. ) ;
#6632 = CARTESIAN_POINT ( 'NONE',  ( 0.000000000000000000, 2.399999999999999911, 26.94999999999998863 ) ) ;
#6633 = AXIS2_PLACEMENT_3D ( 'NONE', #600, #3553, #4092 ) ;
#6634 = ORIENTED_EDGE ( 'NONE', *, *, #5489, .F. ) ;
#6635 = DIRECTION ( 'NONE',  ( 0.000000000000000000, 0.000000000000000000, 1.000000000000000000 ) ) ;
#6636 = CARTESIAN_POINT ( 'NONE',  ( -49.00000000000000000, 0.5617863553588938741, 37.94572141876577831 ) ) ;
#6637 = CYLINDRICAL_SURFACE ( 'NONE', #7196, 1.899999999999999023 ) ;
#6638 = CIRCLE ( 'NONE', #4666, 2.100000000000004530 ) ;
#6639 = CARTESIAN_POINT ( 'NONE',  ( 39.59766279253699395, -0.001997110768840059617, -37.45114222751233513 ) ) ;
#6640 = CARTESIAN_POINT ( 'NONE',  ( -39.60000000000000853, 0.000000000000000000, 6.465416437522974293E-15 ) ) ;
#6641 = AXIS2_PLACEMENT_3D ( 'NONE', #4738, #4065, #6394 ) ;
#6642 = EDGE_LOOP ( 'NONE', ( #1085, #2948, #5137, #7363, #816, #574, #2536, #5981, #2181, #2206 ) ) ;
#6643 = DIRECTION ( 'NONE',  ( -0.000000000000000000, -1.000000000000000000, 0.000000000000000000 ) ) ;
#6644 = ORIENTED_EDGE ( 'NONE', *, *, #1777, .T. ) ;
#6645 = AXIS2_PLACEMENT_3D ( 'NONE', #4907, #2039, #6030 ) ;
#6646 = DIRECTION ( 'NONE',  ( 1.000000000000000000, -0.000000000000000000, 0.000000000000000000 ) ) ;
#6647 = EDGE_CURVE ( 'NONE', #7332, #6773, #5511, .T. ) ;
#6648 = LINE ( 'NONE', #1384, #767 ) ;
#6649 = DIRECTION ( 'NONE',  ( -0.000000000000000000, -1.000000000000000000, -0.000000000000000000 ) ) ;
#6650 = ADVANCED_FACE ( 'NONE', ( #6703 ), #1439, .T. ) ;
#6651 = DIRECTION ( 'NONE',  ( -1.000000000000000000, 0.000000000000000000, 0.000000000000000000 ) ) ;
#6652 = VERTEX_POINT ( 'NONE', #3677 ) ;
#6653 = CARTESIAN_POINT ( 'NONE',  ( -38.71401339720555512, -0.3515238391171858767, -38.38959468892007010 ) ) ;
#6654 = EDGE_CURVE ( 'NONE', #7478, #6261, #298, .T. ) ;
#6655 = EDGE_CURVE ( 'NONE', #5475, #1806, #3797, .T. ) ;
#6656 = DIRECTION ( 'NONE',  ( 0.000000000000000000, 0.000000000000000000, 1.000000000000000000 ) ) ;
#6657 = EDGE_CURVE ( 'NONE', #5318, #1071, #6436, .T. ) ;
#6658 = DIRECTION ( 'NONE',  ( 0.000000000000000000, 0.000000000000000000, 1.000000000000000000 ) ) ;
#6659 = DIRECTION ( 'NONE',  ( 0.000000000000000000, 0.000000000000000000, -1.000000000000000000 ) ) ;
#6660 = ORIENTED_EDGE ( 'NONE', *, *, #2929, .F. ) ;
#6661 = DIRECTION ( 'NONE',  ( -0.000000000000000000, 1.000000000000000000, -0.000000000000000000 ) ) ;
#6662 = VERTEX_POINT ( 'NONE', #4968 ) ;
#6663 = FACE_OUTER_BOUND ( 'NONE', #317, .T. ) ;
#6664 = VERTEX_POINT ( 'NONE', #7320 ) ;
#6665 = ORIENTED_EDGE ( 'NONE', *, *, #1200, .T. ) ;
#6666 = CARTESIAN_POINT ( 'NONE',  ( 47.59999999999999432, 0.000000000000000000, -39.39999999999999858 ) ) ;
#6667 = EDGE_CURVE ( 'NONE', #3612, #2538, #2055, .T. ) ;
#6668 = CARTESIAN_POINT ( 'NONE',  ( 38.57099627924728935, -0.1071053493268282336, 49.00000000000000000 ) ) ;
#6669 = CARTESIAN_POINT ( 'NONE',  ( 10.50000000000000178, 2.399999999999999467, -3.499999999999982236 ) ) ;
#6670 = ORIENTED_EDGE ( 'NONE', *, *, #4466, .T. ) ;
#6671 = DIRECTION ( 'NONE',  ( -1.000000000000000000, 0.000000000000000000, 0.000000000000000000 ) ) ;
#6672 = ORIENTED_EDGE ( 'NONE', *, *, #3253, .T. ) ;
#6673 = CYLINDRICAL_SURFACE ( 'NONE', #7310, 1.500000000000001332 ) ;
#6674 = CARTESIAN_POINT ( 'NONE',  ( -48.99994091702041743, -0.4901682510469146936, 39.23559074232125710 ) ) ;
#6675 = EDGE_CURVE ( 'NONE', #7112, #3284, #7429, .T. ) ;
#6676 = CARTESIAN_POINT ( 'NONE',  ( -37.80182875086328664, 0.05269805997440182854, -48.99999999999999289 ) ) ;
#6677 = AXIS2_PLACEMENT_3D ( 'NONE', #6927, #1738, #7544 ) ;
#6678 = CARTESIAN_POINT ( 'NONE',  ( -39.07756863505672840, -0.3458354804700906615, 38.07815077045336238 ) ) ;
#6679 = DIRECTION ( 'NONE',  ( -0.000000000000000000, -0.000000000000000000, 1.000000000000000000 ) ) ;
#6680 = ORIENTED_EDGE ( 'NONE', *, *, #5247, .F. ) ;
#6681 = CARTESIAN_POINT ( 'NONE',  ( 37.67407111144579090, 0.03384830009384416638, -49.00000000000000000 ) ) ;
#6682 = ORIENTED_EDGE ( 'NONE', *, *, #2895, .F. ) ;
#6683 = AXIS2_PLACEMENT_3D ( 'NONE', #4597, #7483, #2958 ) ;
#6684 = LINE ( 'NONE', #6531, #2763 ) ;
#6685 = CARTESIAN_POINT ( 'NONE',  ( 49.00000000000000000, -0.6000000000000000888, -39.39999999999999858 ) ) ;
#6686 = VECTOR ( 'NONE', #7359, 1000.000000000000000 ) ;
#6687 = DIRECTION ( 'NONE',  ( -0.000000000000000000, -1.000000000000000000, -0.000000000000000000 ) ) ;
#6688 = VECTOR ( 'NONE', #1823, 1000.000000000000000 ) ;
#6689 = CARTESIAN_POINT ( 'NONE',  ( 48.96394088244792187, -0.4535281282063780561, 38.98326645877452989 ) ) ;
#6690 = EDGE_CURVE ( 'NONE', #4854, #3104, #810, .T. ) ;
#6691 = FACE_OUTER_BOUND ( 'NONE', #4354, .T. ) ;
#6692 = AXIS2_PLACEMENT_3D ( 'NONE', #7573, #4153, #3469 ) ;
#6693 = ORIENTED_EDGE ( 'NONE', *, *, #5645, .T. ) ;
#6694 = CARTESIAN_POINT ( 'NONE',  ( 0.000000000000000000, 0.5999999999999999778, -4.099999999999981881 ) ) ;
#6695 = CIRCLE ( 'NONE', #2521, 2.100000000000000089 ) ;
#6696 = DIRECTION ( 'NONE',  ( -0.000000000000000000, -1.000000000000000000, -0.000000000000000000 ) ) ;
#6697 = DIRECTION ( 'NONE',  ( 0.000000000000000000, 0.000000000000000000, 1.000000000000000000 ) ) ;
#6698 = CARTESIAN_POINT ( 'NONE',  ( 38.00000000000000711, -1.600000000000000089, 0.000000000000000000 ) ) ;
#6699 = ADVANCED_FACE ( 'NONE', ( #340 ), #5433, .F. ) ;
#6700 = CIRCLE ( 'NONE', #4125, 1.500000000000000000 ) ;
#6701 = CARTESIAN_POINT ( 'NONE',  ( 44.22500000000000142, 1.399999999999999689, 13.06000000000000583 ) ) ;
#6702 = ORIENTED_EDGE ( 'NONE', *, *, #2617, .T. ) ;
#6703 = FACE_OUTER_BOUND ( 'NONE', #5815, .T. ) ;
#6704 = VECTOR ( 'NONE', #3285, 1000.000000000000000 ) ;
#6705 = EDGE_LOOP ( 'NONE', ( #4464, #5933, #7091, #2909 ) ) ;
#6706 = VECTOR ( 'NONE', #3607, 1000.000000000000000 ) ;
#6707 = VERTEX_POINT ( 'NONE', #7504 ) ;
#6708 = EDGE_LOOP ( 'NONE', ( #927, #5079, #6107, #4518 ) ) ;
#6709 = EDGE_CURVE ( 'NONE', #5343, #1071, #3366, .T. ) ;
#6710 = CARTESIAN_POINT ( 'NONE',  ( 42.62500000000000711, 0.9999999999999997780, 14.56000000000000405 ) ) ;
#6711 = AXIS2_PLACEMENT_3D ( 'NONE', #1029, #6865, #6283 ) ;
#6712 = CARTESIAN_POINT ( 'NONE',  ( -38.46417333141432238, 0.3305889836208574240, 49.00000000000000000 ) ) ;
#6713 = EDGE_CURVE ( 'NONE', #68, #5363, #2771, .T. ) ;
#6714 = LINE ( 'NONE', #915, #2300 ) ;
#6715 = EDGE_LOOP ( 'NONE', ( #3313, #1451, #1795, #4078, #1138, #2847, #2523, #5731, #3365, #3558, #1708, #3200, #6389, #7318, #2446, #7146 ) ) ;
#6716 = ADVANCED_FACE ( 'NONE', ( #6269 ), #6343, .F. ) ;
#6717 = ORIENTED_EDGE ( 'NONE', *, *, #443, .T. ) ;
#6718 = CARTESIAN_POINT ( 'NONE',  ( 48.99999999999999289, 2.399999999999999911, -44.00000000000000711 ) ) ;
#6719 = CARTESIAN_POINT ( 'NONE',  ( -49.00000000000000000, -0.6000000000000000888, 39.39999999999999858 ) ) ;
#6720 = CARTESIAN_POINT ( 'NONE',  ( 35.26248878774533324, 1.399999999999999689, 34.12533837418214944 ) ) ;
#6721 = CARTESIAN_POINT ( 'NONE',  ( -39.52252423170934037, -0.06768731666665644964, 37.69066053745564204 ) ) ;
#6722 = LINE ( 'NONE', #6640, #3530 ) ;
#6723 = AXIS2_PLACEMENT_3D ( 'NONE', #7560, #4520, #5680 ) ;
#6724 = EDGE_CURVE ( 'NONE', #1047, #5139, #7307, .T. ) ;
#6725 = VERTEX_POINT ( 'NONE', #5771 ) ;
#6726 = CARTESIAN_POINT ( 'NONE',  ( -37.50000000000003553, 0.5960057784623206123, -39.00000000000003553 ) ) ;
#6727 = ORIENTED_EDGE ( 'NONE', *, *, #6093, .T. ) ;
#6728 = CARTESIAN_POINT ( 'NONE',  ( -47.60000000000000142, 0.000000000000000000, 37.39999999999999858 ) ) ;
#6729 = LINE ( 'NONE', #4869, #7388 ) ;
#6730 = CARTESIAN_POINT ( 'NONE',  ( -39.59847961821953533, -0.0006672419341301222707, 37.43482600071880739 ) ) ;
#6731 = DIRECTION ( 'NONE',  ( 0.000000000000000000, 0.000000000000000000, 1.000000000000000000 ) ) ;
#6732 = LINE ( 'NONE', #1466, #1473 ) ;
#6733 = ORIENTED_EDGE ( 'NONE', *, *, #3524, .F. ) ;
#6734 = CARTESIAN_POINT ( 'NONE',  ( 29.23999999999999133, 0.5999999999999999778, 0.000000000000000000 ) ) ;
#6735 = CARTESIAN_POINT ( 'NONE',  ( 37.50000000000000711, 0.000000000000000000, 10.99999999999999645 ) ) ;
#6736 = CYLINDRICAL_SURFACE ( 'NONE', #2715, 4.999999999999997335 ) ;
#6737 = DIRECTION ( 'NONE',  ( 0.000000000000000000, 0.000000000000000000, -1.000000000000000000 ) ) ;
#6738 = CARTESIAN_POINT ( 'NONE',  ( 34.00000000000001421, 2.399999999999999911, 20.00000000000000355 ) ) ;
#6739 = ORIENTED_EDGE ( 'NONE', *, *, #3903, .T. ) ;
#6740 = CARTESIAN_POINT ( 'NONE',  ( -38.14982856691279522, -0.3984036325830972447, -38.98151344002233287 ) ) ;
#6741 = ORIENTED_EDGE ( 'NONE', *, *, #1875, .T. ) ;
#6742 = EDGE_LOOP ( 'NONE', ( #6410, #3385, #5392, #6947 ) ) ;
#6743 = VERTEX_POINT ( 'NONE', #1557 ) ;
#6744 = ORIENTED_EDGE ( 'NONE', *, *, #4676, .F. ) ;
#6745 = EDGE_CURVE ( 'NONE', #4694, #4758, #521, .T. ) ;
#6746 = DIRECTION ( 'NONE',  ( 0.000000000000000000, -1.000000000000000000, 0.000000000000000000 ) ) ;
#6747 = CARTESIAN_POINT ( 'NONE',  ( -38.97991788621072828, 0.5159752702927798973, 37.76811844554600839 ) ) ;
#6748 = DIRECTION ( 'NONE',  ( 0.000000000000000000, 0.000000000000000000, 1.000000000000000000 ) ) ;
#6749 = EDGE_LOOP ( 'NONE', ( #5798, #7324, #4835, #6826 ) ) ;
#6750 = CARTESIAN_POINT ( 'NONE',  ( 0.000000000000000000, 0.000000000000000000, 48.39999999999999858 ) ) ;
#6751 = ORIENTED_EDGE ( 'NONE', *, *, #2963, .T. ) ;
#6752 = AXIS2_PLACEMENT_3D ( 'NONE', #4704, #4328, #5483 ) ;
#6753 = EDGE_CURVE ( 'NONE', #2767, #5286, #3913, .T. ) ;
#6754 = CARTESIAN_POINT ( 'NONE',  ( 38.48275862068965125, -1.600000000000000089, -38.63321908449344022 ) ) ;
#6755 = CARTESIAN_POINT ( 'NONE',  ( 37.73020952930641414, 1.003088512701685283E-33, -48.45159026022970750 ) ) ;
#6756 = AXIS2_PLACEMENT_3D ( 'NONE', #2470, #1281, #3632 ) ;
#6757 = EDGE_CURVE ( 'NONE', #6773, #5402, #2859, .T. ) ;
#6758 = CARTESIAN_POINT ( 'NONE',  ( -47.60000000000000853, -1.600000000000000089, -38.00000000000000000 ) ) ;
#6759 = CONICAL_SURFACE ( 'NONE', #5404, 2.100000000000004530, 0.7853981633974331800 ) ;
#6760 = CIRCLE ( 'NONE', #2721, 1.399999999999998579 ) ;
#6761 = ORIENTED_EDGE ( 'NONE', *, *, #1833, .F. ) ;
#6762 = CARTESIAN_POINT ( 'NONE',  ( -38.48275862068965836, -0.5999999999999998668, -38.63321908449344022 ) ) ;
#6763 = VECTOR ( 'NONE', #1484, 1000.000000000000000 ) ;
#6764 = ORIENTED_EDGE ( 'NONE', *, *, #2608, .F. ) ;
#6765 = DIRECTION ( 'NONE',  ( 0.000000000000000000, 0.000000000000000000, 1.000000000000000000 ) ) ;
#6766 = DIRECTION ( 'NONE',  ( -1.000000000000000000, 0.000000000000000000, 0.000000000000000000 ) ) ;
#6767 = VECTOR ( 'NONE', #4614, 1000.000000000000000 ) ;
#6768 = EDGE_CURVE ( 'NONE', #869, #7596, #4469, .T. ) ;
#6769 = FACE_BOUND ( 'NONE', #2068, .T. ) ;
#6770 = CARTESIAN_POINT ( 'NONE',  ( 49.00000000000001421, -0.5999999999999998668, 39.40000000000000568 ) ) ;
#6771 = CARTESIAN_POINT ( 'NONE',  ( 36.54999999999999716, 1.399999999999999689, 0.000000000000000000 ) ) ;
#6772 = AXIS2_PLACEMENT_3D ( 'NONE', #3247, #6293, #1580 ) ;
#6773 = VERTEX_POINT ( 'NONE', #5697 ) ;
#6774 = CARTESIAN_POINT ( 'NONE',  ( -38.57099627924728935, -0.1071053493268277756, 49.00000000000000000 ) ) ;
#6775 = CARTESIAN_POINT ( 'NONE',  ( 10.50000000000000178, 2.399999999999999911, 37.50000000000000000 ) ) ;
#6776 = ADVANCED_FACE ( 'NONE', ( #2714 ), #4837, .F. ) ;
#6777 = CARTESIAN_POINT ( 'NONE',  ( -49.00000000000000000, -0.6000000000000003109, 39.40000000000000568 ) ) ;
#6778 = DIRECTION ( 'NONE',  ( 1.632680918566407286E-16, -0.000000000000000000, 1.000000000000000000 ) ) ;
#6779 = DIRECTION ( 'NONE',  ( 0.000000000000000000, 0.000000000000000000, 1.000000000000000000 ) ) ;
#6780 = ORIENTED_EDGE ( 'NONE', *, *, #6232, .F. ) ;
#6781 = DIRECTION ( 'NONE',  ( 0.000000000000000000, 0.000000000000000000, 1.000000000000000000 ) ) ;
#6782 = ORIENTED_EDGE ( 'NONE', *, *, #3706, .F. ) ;
#6783 = DIRECTION ( 'NONE',  ( -0.000000000000000000, 1.000000000000000000, 0.000000000000000000 ) ) ;
#6784 = CARTESIAN_POINT ( 'NONE',  ( -37.43485731151116624, 0.0008514437558846946934, 39.00000000000000000 ) ) ;
#6785 = DIRECTION ( 'NONE',  ( 0.000000000000000000, 1.000000000000000000, 0.000000000000000000 ) ) ;
#6786 = ORIENTED_EDGE ( 'NONE', *, *, #2768, .T. ) ;
#6787 = ADVANCED_FACE ( 'NONE', ( #4437 ), #2821, .T. ) ;
#6788 = DIRECTION ( 'NONE',  ( 0.000000000000000000, 0.000000000000000000, -1.000000000000000000 ) ) ;
#6789 = ORIENTED_EDGE ( 'NONE', *, *, #2971, .F. ) ;
#6790 =( NAMED_UNIT ( * ) PLANE_ANGLE_UNIT ( ) SI_UNIT ( $, .RADIAN. ) );
#6791 = DIRECTION ( 'NONE',  ( 0.000000000000000000, 0.000000000000000000, 1.000000000000000000 ) ) ;
#6792 = DIRECTION ( 'NONE',  ( 0.000000000000000000, 0.000000000000000000, 1.000000000000000000 ) ) ;
#6793 = ADVANCED_FACE ( 'NONE', ( #4574 ), #1625, .T. ) ;
#6794 = VERTEX_POINT ( 'NONE', #6853 ) ;
#6795 = CARTESIAN_POINT ( 'NONE',  ( 39.39999999999999858, -0.5999999999999998668, -49.00000000000000000 ) ) ;
#6796 = EDGE_LOOP ( 'NONE', ( #7162, #6861, #3755, #2923 ) ) ;
#6797 = CARTESIAN_POINT ( 'NONE',  ( 48.40000000000001279, 0.000000000000000000, 37.56696972201766727 ) ) ;
#6798 = AXIS2_PLACEMENT_3D ( 'NONE', #1886, #6579, #6074 ) ;
#6799 = DIRECTION ( 'NONE',  ( 1.000000000000000000, -0.000000000000000000, -0.000000000000000000 ) ) ;
#6800 = CARTESIAN_POINT ( 'NONE',  ( 44.00000000000000711, 2.200000000000000178, 44.00000000000000000 ) ) ;
#6801 = CARTESIAN_POINT ( 'NONE',  ( -49.00000000000000711, -0.5999999999999998668, -39.39999999999999858 ) ) ;
#6802 = AXIS2_PLACEMENT_3D ( 'NONE', #2226, #5182, #4640 ) ;
#6803 = VECTOR ( 'NONE', #6106, 1000.000000000000000 ) ;
#6804 = DIRECTION ( 'NONE',  ( 0.000000000000000000, 0.000000000000000000, 1.000000000000000000 ) ) ;
#6805 = ORIENTED_EDGE ( 'NONE', *, *, #5780, .T. ) ;
#6806 = CARTESIAN_POINT ( 'NONE',  ( -38.03661827055788081, -0.08709142887629862939, 48.58416450377821150 ) ) ;
#6807 = VECTOR ( 'NONE', #3947, 1000.000000000000114 ) ;
#6808 = EDGE_CURVE ( 'NONE', #3612, #3322, #685, .T. ) ;
#6809 = DIRECTION ( 'NONE',  ( -1.000000000000000000, 0.000000000000000000, 0.000000000000000000 ) ) ;
#6810 = AXIS2_PLACEMENT_3D ( 'NONE', #2241, #6312, #1989 ) ;
#6811 = AXIS2_PLACEMENT_3D ( 'NONE', #3484, #5278, #65 ) ;
#6812 = DIRECTION ( 'NONE',  ( 0.000000000000000000, -1.000000000000000000, 0.000000000000000000 ) ) ;
#6813 = FACE_OUTER_BOUND ( 'NONE', #2634, .T. ) ;
#6814 = CARTESIAN_POINT ( 'NONE',  ( -1.240000000000011759, 0.9999999999999997780, -1.434038073474174172E-16 ) ) ;
#6815 = ORIENTED_EDGE ( 'NONE', *, *, #6362, .T. ) ;
#6816 = DIRECTION ( 'NONE',  ( 0.000000000000000000, -1.000000000000000000, 0.000000000000000000 ) ) ;
#6817 = AXIS2_PLACEMENT_3D ( 'NONE', #5352, #3476, #6966 ) ;
#6818 = EDGE_CURVE ( 'NONE', #161, #4865, #5215, .T. ) ;
#6819 = VECTOR ( 'NONE', #3393, 1000.000000000000000 ) ;
#6820 = ORIENTED_EDGE ( 'NONE', *, *, #1021, .T. ) ;
#6821 = CARTESIAN_POINT ( 'NONE',  ( -39.00000000000000711, 0.5999999999999998668, -10.99999999999999112 ) ) ;
#6822 = CARTESIAN_POINT ( 'NONE',  ( 0.000000000000000000, 0.5999999999999999778, 11.59999999999999609 ) ) ;
#6823 = CIRCLE ( 'NONE', #6082, 1.899999999999999023 ) ;
#6824 = ORIENTED_EDGE ( 'NONE', *, *, #5579, .T. ) ;
#6825 = CARTESIAN_POINT ( 'NONE',  ( 44.35000000000000142, 2.399999999999999911, 33.34999999999999432 ) ) ;
#6826 = ORIENTED_EDGE ( 'NONE', *, *, #1147, .F. ) ;
#6827 = CARTESIAN_POINT ( 'NONE',  ( -39.60000000000000142, 0.000000000000000000, 37.40206632590398073 ) ) ;
#6828 = ORIENTED_EDGE ( 'NONE', *, *, #6285, .F. ) ;
#6829 = CIRCLE ( 'NONE', #2836, 1.100000000000000311 ) ;
#6830 = LINE ( 'NONE', #6138, #2728 ) ;
#6831 = CARTESIAN_POINT ( 'NONE',  ( 41.12500000000000711, 0.9999999999999997780, 16.16000000000000014 ) ) ;
#6832 = CARTESIAN_POINT ( 'NONE',  ( -49.00000000000000711, 0.4258171591471904827, -38.30134071039225319 ) ) ;
#6833 = ORIENTED_EDGE ( 'NONE', *, *, #6818, .T. ) ;
#6834 = CARTESIAN_POINT ( 'NONE',  ( -37.61732771390736474, 0.5825855633514469556, -39.00000000000003553 ) ) ;
#6835 = ORIENTED_EDGE ( 'NONE', *, *, #2913, .T. ) ;
#6836 = CARTESIAN_POINT ( 'NONE',  ( -44.00000000000001421, 2.399999999999999911, -49.00000000000000000 ) ) ;
#6837 = DIRECTION ( 'NONE',  ( 0.000000000000000000, 0.000000000000000000, 1.000000000000000000 ) ) ;
#6838 = ADVANCED_FACE ( 'NONE', ( #1054 ), #6205, .F. ) ;
#6839 = AXIS2_PLACEMENT_3D ( 'NONE', #4678, #7027, #3855 ) ;
#6840 = DIRECTION ( 'NONE',  ( 8.659560562354802203E-17, -0.7071067811865583419, 0.7071067811865368036 ) ) ;
#6841 = CARTESIAN_POINT ( 'NONE',  ( 38.99999999999999289, 0.5960057784623205013, -37.50000000000000000 ) ) ;
#6842 = CARTESIAN_POINT ( 'NONE',  ( 47.59999999999999432, 0.000000000000000000, -37.39999999999999858 ) ) ;
#6843 = EDGE_LOOP ( 'NONE', ( #3841, #3457, #112, #1581 ) ) ;
#6844 = EDGE_CURVE ( 'NONE', #6652, #488, #4020, .T. ) ;
#6845 = CARTESIAN_POINT ( 'NONE',  ( -37.56696972201767437, 0.6000000000000001998, 49.00000000000000000 ) ) ;
#6846 = AXIS2_PLACEMENT_3D ( 'NONE', #1748, #3602, #5937 ) ;
#6847 = ADVANCED_FACE ( 'NONE', ( #952 ), #5045, .F. ) ;
#6848 = DIRECTION ( 'NONE',  ( -1.000000000000000000, 0.000000000000000000, 0.000000000000000000 ) ) ;
#6849 = CARTESIAN_POINT ( 'NONE',  ( -48.90470582712599423, -0.3729180342951779470, 38.76683594672411459 ) ) ;
#6850 = EDGE_CURVE ( 'NONE', #2169, #2365, #6933, .T. ) ;
#6851 = CARTESIAN_POINT ( 'NONE',  ( 0.2599999999999931810, 2.399999999999999911, -41.99999999999998579 ) ) ;
#6852 = VERTEX_POINT ( 'NONE', #3627 ) ;
#6853 = CARTESIAN_POINT ( 'NONE',  ( 19.50000000000000355, 0.000000000000000000, -4.099999999999981881 ) ) ;
#6854 = VERTEX_POINT ( 'NONE', #631 ) ;
#6855 = CARTESIAN_POINT ( 'NONE',  ( -49.00000000000000711, 2.399999999999999911, -44.00000000000000711 ) ) ;
#6856 = DIRECTION ( 'NONE',  ( 0.000000000000000000, 0.000000000000000000, -1.000000000000000000 ) ) ;
#6857 =( BOUNDED_SURFACE ( )  B_SPLINE_SURFACE ( 3, 2, ( 
 ( #4895, #6019, #5524 ),
 ( #4984, #3689, #7179 ),
 ( #6056, #6676, #3116 ),
 ( #6139, #6601, #1947 ),
 ( #731, #4295, #274 ),
 ( #4332, #4940, #3653 ),
 ( #3157, #1417, #1454 ),
 ( #3776, #6100, #3732 ),
 ( #156, #1303, #4377 ),
 ( #3813, #851, #3196 ) ),
 .UNSPECIFIED., .F., .F., .F. ) 
 B_SPLINE_SURFACE_WITH_KNOTS ( ( 4, 2, 2, 2, 4 ),
 ( 3, 3 ),
 ( 0.0005088217293351753826, 0.001073969789392667257, 0.001639117849450159349, 0.002204265909507651007, 0.002769413969565143099 ),
 ( 0.000000000000000000, 1.000000000000000000 ),
 .UNSPECIFIED. ) 
 GEOMETRIC_REPRESENTATION_ITEM ( )  RATIONAL_B_SPLINE_SURFACE ( (
 ( 1.000000000000000000, 0.7071067811865475727, 1.000000000000000000),
 ( 1.000000000000000000, 0.7275918118789265199, 1.000000000000000000),
 ( 1.000000000000000000, 0.7521658665370439811, 1.000000000000000000),
 ( 1.000000000000000000, 0.8088722520719785480, 1.000000000000000000),
 ( 1.000000000000000000, 0.8404882260426770335, 1.000000000000000000),
 ( 1.000000000000000000, 0.9052913301297055293, 1.000000000000000000),
 ( 1.000000000000000000, 0.9373730462294346255, 1.000000000000000000),
 ( 1.000000000000000000, 0.9851504424264677651, 1.000000000000000000),
 ( 1.000000000000000000, 1.000295620687699616, 1.000000000000000000),
 ( 1.000000000000000000, 1.000000000000000000, 1.000000000000000000) ) ) 
 REPRESENTATION_ITEM ( '' )  SURFACE ( )  );
#6858 = EDGE_CURVE ( 'NONE', #4383, #4956, #3318, .T. ) ;
#6859 = CARTESIAN_POINT ( 'NONE',  ( 44.35000000000000142, 2.399999999999999911, 27.84999999999999432 ) ) ;
#6860 = DIRECTION ( 'NONE',  ( 1.000000000000000000, 0.000000000000000000, 0.000000000000000000 ) ) ;
#6861 = ORIENTED_EDGE ( 'NONE', *, *, #5344, .F. ) ;
#6862 = LINE ( 'NONE', #5746, #4715 ) ;
#6863 = EDGE_LOOP ( 'NONE', ( #806, #2329, #4095, #3626 ) ) ;
#6864 =( LENGTH_UNIT ( ) NAMED_UNIT ( * ) SI_UNIT ( .MILLI., .METRE. ) );
#6865 = DIRECTION ( 'NONE',  ( -0.000000000000000000, -1.000000000000000000, 0.000000000000000000 ) ) ;
#6866 = CARTESIAN_POINT ( 'NONE',  ( -49.00000000000000000, 0.6000000000000000888, -37.56696972201766727 ) ) ;
#6867 = ORIENTED_EDGE ( 'NONE', *, *, #7210, .T. ) ;
#6868 = DIRECTION ( 'NONE',  ( 0.000000000000000000, -1.000000000000000000, 0.000000000000000000 ) ) ;
#6869 = VERTEX_POINT ( 'NONE', #7113 ) ;
#6870 = DIRECTION ( 'NONE',  ( 0.000000000000000000, 0.000000000000000000, -1.000000000000000000 ) ) ;
#6871 = AXIS2_PLACEMENT_3D ( 'NONE', #5968, #712, #4801 ) ;
#6872 = CARTESIAN_POINT ( 'NONE',  ( -39.60000000000000853, 0.5960057784623228327, -37.50000000000000000 ) ) ;
#6873 = AXIS2_PLACEMENT_3D ( 'NONE', #4369, #2562, #6096 ) ;
#6874 = DIRECTION ( 'NONE',  ( 0.000000000000000000, 0.000000000000000000, 1.000000000000000000 ) ) ;
#6875 = CARTESIAN_POINT ( 'NONE',  ( -39.40000000000000568, -0.5999999999999998668, -39.69089023002066341 ) ) ;
#6876 = CIRCLE ( 'NONE', #138, 1.500000000000001332 ) ;
#6877 = CYLINDRICAL_SURFACE ( 'NONE', #1839, 4.999999999999997335 ) ;
#6878 = ORIENTED_EDGE ( 'NONE', *, *, #2353, .T. ) ;
#6879 = EDGE_CURVE ( 'NONE', #1347, #4268, #3959, .T. ) ;
#6880 = DIRECTION ( 'NONE',  ( 7.080503983578804316E-17, -0.000000000000000000, 1.000000000000000000 ) ) ;
#6881 = CONICAL_SURFACE ( 'NONE', #3575, 2.100000000000004530, 0.7853981633974331800 ) ;
#6882 = VERTEX_POINT ( 'NONE', #5307 ) ;
#6883 = DIRECTION ( 'NONE',  ( 0.000000000000000000, 0.000000000000000000, -1.000000000000000000 ) ) ;
#6884 = DIRECTION ( 'NONE',  ( 0.000000000000000000, 1.000000000000000000, 0.000000000000000000 ) ) ;
#6885 = CIRCLE ( 'NONE', #1366, 1.500000000000001332 ) ;
#6886 = DIRECTION ( 'NONE',  ( 0.000000000000000000, 0.000000000000000000, -1.000000000000000000 ) ) ;
#6887 = ORIENTED_EDGE ( 'NONE', *, *, #5155, .T. ) ;
#6888 = ADVANCED_FACE ( 'NONE', ( #7001 ), #1697, .F. ) ;
#6889 = CARTESIAN_POINT ( 'NONE',  ( 44.35000000000000142, 1.399999999999999689, 29.34999999999999432 ) ) ;
#6890 = CIRCLE ( 'NONE', #4554, 2.100000000000004530 ) ;
#6891 = CARTESIAN_POINT ( 'NONE',  ( -43.99999999999999289, 0.000000000000000000, 42.10000000000000142 ) ) ;
#6892 = DIRECTION ( 'NONE',  ( 0.000000000000000000, 1.000000000000000000, 0.000000000000000000 ) ) ;
#6893 = LINE ( 'NONE', #5490, #3880 ) ;
#6894 = ORIENTED_EDGE ( 'NONE', *, *, #6160, .T. ) ;
#6895 = DIRECTION ( 'NONE',  ( 0.000000000000000000, 1.000000000000000000, 0.000000000000000000 ) ) ;
#6896 = ORIENTED_EDGE ( 'NONE', *, *, #1499, .T. ) ;
#6897 = DIRECTION ( 'NONE',  ( -1.000000000000000000, 0.000000000000000000, 0.000000000000000000 ) ) ;
#6898 = CIRCLE ( 'NONE', #6171, 2.100000000000004530 ) ;
#6899 = EDGE_LOOP ( 'NONE', ( #7276, #5113, #4539, #6132 ) ) ;
#6900 = EDGE_CURVE ( 'NONE', #1786, #2021, #6416, .T. ) ;
#6901 = CARTESIAN_POINT ( 'NONE',  ( -39.40000000000000568, 0.000000000000000000, 47.60000000000000142 ) ) ;
#6902 = DIRECTION ( 'NONE',  ( 0.000000000000000000, 1.000000000000000000, -0.000000000000000000 ) ) ;
#6903 = CARTESIAN_POINT ( 'NONE',  ( -48.64644470798886999, -0.1347061827640003429, -38.16298605891465456 ) ) ;
#6904 = EDGE_LOOP ( 'NONE', ( #4980, #2512, #4928, #4848 ) ) ;
#6905 = VERTEX_POINT ( 'NONE', #4086 ) ;
#6906 = EDGE_CURVE ( 'NONE', #4361, #5747, #448, .T. ) ;
#6907 = DIRECTION ( 'NONE',  ( 0.000000000000000000, -0.7071067811865583419, -0.7071067811865368036 ) ) ;
#6908 = CARTESIAN_POINT ( 'NONE',  ( 47.59999999999999432, -1.600000000000000089, -38.00000000000000000 ) ) ;
#6909 = CARTESIAN_POINT ( 'NONE',  ( -37.50000000000001421, 2.399999999999999911, -9.499999999999991118 ) ) ;
#6910 = CARTESIAN_POINT ( 'NONE',  ( 34.25000000000000000, 2.399999999999999911, 46.24999999999998579 ) ) ;
#6911 = VERTEX_POINT ( 'NONE', #1204 ) ;
#6912 = CARTESIAN_POINT ( 'NONE',  ( -38.16298605891466167, -0.1347061827639998710, 48.64644470798886289 ) ) ;
#6913 = CYLINDRICAL_SURFACE ( 'NONE', #5048, 0.4000000000000010214 ) ;
#6914 = VERTEX_POINT ( 'NONE', #21 ) ;
#6915 = CARTESIAN_POINT ( 'NONE',  ( -39.00000000000000000, 0.0008514437558903795991, -37.43485731151113782 ) ) ;
#6916 = DIRECTION ( 'NONE',  ( 1.000000000000000000, -0.000000000000000000, 0.000000000000000000 ) ) ;
#6917 = EDGE_CURVE ( 'NONE', #5792, #3058, #5952, .T. ) ;
#6918 = VECTOR ( 'NONE', #2710, 1000.000000000000000 ) ;
#6919 = COLOUR_RGB ( '',1.000000000000000000, 1.000000000000000000, 1.000000000000000000 ) ;
#6920 = AXIS2_PLACEMENT_3D ( 'NONE', #2625, #6197, #370 ) ;
#6921 = CYLINDRICAL_SURFACE ( 'NONE', #1488, 1.899999999999999023 ) ;
#6922 = VERTEX_POINT ( 'NONE', #1773 ) ;
#6923 = DIRECTION ( 'NONE',  ( 0.000000000000000000, 0.000000000000000000, 1.000000000000000000 ) ) ;
#6924 = CIRCLE ( 'NONE', #2260, 1.499999999999999556 ) ;
#6925 = VECTOR ( 'NONE', #60, 1000.000000000000000 ) ;
#6926 = CIRCLE ( 'NONE', #197, 2.000000000000001776 ) ;
#6927 = CARTESIAN_POINT ( 'NONE',  ( 29.83999999999999275, 0.5999999999999999778, -41.99999999999999289 ) ) ;
#6928 = AXIS2_PLACEMENT_3D ( 'NONE', #6547, #4774, #7130 ) ;
#6929 = DIRECTION ( 'NONE',  ( -0.000000000000000000, 1.000000000000000000, 0.000000000000000000 ) ) ;
#6930 = EDGE_CURVE ( 'NONE', #824, #1861, #2391, .T. ) ;
#6931 = CARTESIAN_POINT ( 'NONE',  ( 23.75000000000000711, 2.399999999999999911, 47.74999999999998579 ) ) ;
#6932 = DIRECTION ( 'NONE',  ( -1.000000000000000000, 0.000000000000000000, 0.000000000000000000 ) ) ;
#6933 = CIRCLE ( 'NONE', #1658, 0.6000000000000033085 ) ;
#6934 = DIRECTION ( 'NONE',  ( 0.000000000000000000, 1.000000000000000000, -0.000000000000000000 ) ) ;
#6935 = ORIENTED_EDGE ( 'NONE', *, *, #1899, .F. ) ;
#6936 = FACE_OUTER_BOUND ( 'NONE', #1924, .T. ) ;
#6937 = VECTOR ( 'NONE', #659, 1000.000000000000000 ) ;
#6938 = ADVANCED_FACE ( 'NONE', ( #5964 ), #7078, .F. ) ;
#6939 = ORIENTED_EDGE ( 'NONE', *, *, #2872, .T. ) ;
#6940 = CARTESIAN_POINT ( 'NONE',  ( -43.99999999999999289, 2.200000000000000178, 45.89999999999999858 ) ) ;
#6941 = VECTOR ( 'NONE', #7509, 1000.000000000000000 ) ;
#6942 = DIRECTION ( 'NONE',  ( -1.000000000000000000, 0.000000000000000000, 2.124151195073641295E-16 ) ) ;
#6943 = EDGE_CURVE ( 'NONE', #3565, #5318, #4943, .T. ) ;
#6944 = CIRCLE ( 'NONE', #7559, 1.499999999999999556 ) ;
#6945 = EDGE_CURVE ( 'NONE', #4758, #3411, #665, .T. ) ;
#6946 = DIRECTION ( 'NONE',  ( 0.000000000000000000, 0.000000000000000000, 1.000000000000000000 ) ) ;
#6947 = ORIENTED_EDGE ( 'NONE', *, *, #475, .F. ) ;
#6948 = DIRECTION ( 'NONE',  ( 0.000000000000000000, 0.000000000000000000, 1.000000000000000000 ) ) ;
#6949 = ORIENTED_EDGE ( 'NONE', *, *, #1865, .F. ) ;
#6950 = AXIS2_PLACEMENT_3D ( 'NONE', #3034, #5371, #6599 ) ;
#6951 = FACE_OUTER_BOUND ( 'NONE', #1424, .T. ) ;
#6952 = DIRECTION ( 'NONE',  ( 0.000000000000000000, 0.000000000000000000, -1.000000000000000000 ) ) ;
#6953 = CARTESIAN_POINT ( 'NONE',  ( -37.50000000000000711, 0.5960057784623205013, -39.00000000000000000 ) ) ;
#6954 = ADVANCED_FACE ( 'NONE', ( #2312 ), #2652, .F. ) ;
#6955 = CARTESIAN_POINT ( 'NONE',  ( 44.00000000000000711, 0.000000000000000000, 44.00000000000000000 ) ) ;
#6956 = EDGE_LOOP ( 'NONE', ( #7028, #6644, #1330, #1877 ) ) ;
#6957 = LINE ( 'NONE', #6489, #4585 ) ;
#6958 = DIRECTION ( 'NONE',  ( 0.000000000000000000, 0.000000000000000000, -1.000000000000000000 ) ) ;
#6959 = ORIENTED_EDGE ( 'NONE', *, *, #3473, .F. ) ;
#6960 = AXIS2_PLACEMENT_3D ( 'NONE', #4111, #733, #4263 ) ;
#6961 = DIRECTION ( 'NONE',  ( 0.000000000000000000, 0.000000000000000000, 1.000000000000000000 ) ) ;
#6962 = CARTESIAN_POINT ( 'NONE',  ( 39.59999999999999432, 0.5960057784623197241, -37.50000000000004263 ) ) ;
#6963 = FACE_OUTER_BOUND ( 'NONE', #4151, .T. ) ;
#6964 = CIRCLE ( 'NONE', #5854, 0.6000000000000033085 ) ;
#6965 = EDGE_LOOP ( 'NONE', ( #940, #1053, #1371, #7152 ) ) ;
#6966 = DIRECTION ( 'NONE',  ( 0.000000000000000000, 0.000000000000000000, 1.000000000000000000 ) ) ;
#6967 = ORIENTED_EDGE ( 'NONE', *, *, #3563, .T. ) ;
#6968 = DIRECTION ( 'NONE',  ( 0.000000000000000000, 1.000000000000000000, 0.000000000000000000 ) ) ;
#6969 = LINE ( 'NONE', #6384, #1479 ) ;
#6970 = CARTESIAN_POINT ( 'NONE',  ( -38.63321908449344733, -0.5999999999999998668, -38.48275862068965125 ) ) ;
#6971 = CARTESIAN_POINT ( 'NONE',  ( -49.00000000000000000, -0.01383654136607440077, -38.92039213737842118 ) ) ;
#6972 = LINE ( 'NONE', #5816, #3335 ) ;
#6973 = ORIENTED_EDGE ( 'NONE', *, *, #5921, .F. ) ;
#6974 = CARTESIAN_POINT ( 'NONE',  ( 0.000000000000000000, 2.399999999999999911, 17.66000000000000369 ) ) ;
#6975 = ADVANCED_FACE ( 'NONE', ( #4649 ), #4721, .F. ) ;
#6976 = ORIENTED_EDGE ( 'NONE', *, *, #7312, .T. ) ;
#6977 = CARTESIAN_POINT ( 'NONE',  ( 38.97991788621074249, 0.5159752702927798973, -37.76811844554601549 ) ) ;
#6978 = CARTESIAN_POINT ( 'NONE',  ( 10.50000000000000178, 0.000000000000000000, 39.60000000000000142 ) ) ;
#6979 = DIRECTION ( 'NONE',  ( 0.000000000000000000, 0.000000000000000000, -1.000000000000000000 ) ) ;
#6980 = VERTEX_POINT ( 'NONE', #1129 ) ;
#6981 = EDGE_LOOP ( 'NONE', ( #7433, #6333, #846, #540 ) ) ;
#6982 = EDGE_CURVE ( 'NONE', #5170, #7050, #3628, .T. ) ;
#6983 = CARTESIAN_POINT ( 'NONE',  ( 39.16099479604275047, -0.3072814317006865581, 49.00000000000000711 ) ) ;
#6984 = ORIENTED_EDGE ( 'NONE', *, *, #5645, .F. ) ;
#6985 = FACE_OUTER_BOUND ( 'NONE', #6642, .T. ) ;
#6986 = DIRECTION ( 'NONE',  ( 0.000000000000000000, 0.000000000000000000, 1.000000000000000000 ) ) ;
#6987 = EDGE_CURVE ( 'NONE', #6471, #4035, #3867, .T. ) ;
#6988 = CARTESIAN_POINT ( 'NONE',  ( 34.25000000000000000, 1.399999999999999689, 46.24999999999998579 ) ) ;
#6989 = PLANE ( 'NONE',  #3748 ) ;
#6990 = ORIENTED_EDGE ( 'NONE', *, *, #1156, .F. ) ;
#6991 = DIRECTION ( 'NONE',  ( 0.000000000000000000, 0.000000000000000000, -1.000000000000000000 ) ) ;
#6992 = CYLINDRICAL_SURFACE ( 'NONE', #404, 0.6000000000000033085 ) ;
#6993 = ORIENTED_EDGE ( 'NONE', *, *, #852, .T. ) ;
#6994 = EDGE_CURVE ( 'NONE', #495, #5139, #2580, .T. ) ;
#6995 = VECTOR ( 'NONE', #1546, 1000.000000000000000 ) ;
#6996 = CIRCLE ( 'NONE', #2830, 2.000000000000001776 ) ;
#6997 = CARTESIAN_POINT ( 'NONE',  ( -49.00000000000000000, 2.399999999999999911, 44.00000000000000000 ) ) ;
#6998 = TOROIDAL_SURFACE ( 'NONE', #392, 1.100000000000000089, 0.4000000000000000222 ) ;
#6999 = VERTEX_POINT ( 'NONE', #3746 ) ;
#7000 = AXIS2_PLACEMENT_3D ( 'NONE', #1754, #4107, #4560 ) ;
#7001 = FACE_OUTER_BOUND ( 'NONE', #1609, .T. ) ;
#7002 = EDGE_CURVE ( 'NONE', #3102, #5090, #6035, .T. ) ;
#7003 = PLANE ( 'NONE',  #3498 ) ;
#7004 = AXIS2_PLACEMENT_3D ( 'NONE', #1555, #950, #3837 ) ;
#7005 = DIRECTION ( 'NONE',  ( -2.352167425053297404E-16, 0.000000000000000000, -1.000000000000000000 ) ) ;
#7006 = CARTESIAN_POINT ( 'NONE',  ( -38.89440196002920658, -0.2143443885794005799, -38.09389229243370778 ) ) ;
#7007 = CARTESIAN_POINT ( 'NONE',  ( -37.43482600071881450, -0.0006672419341301184760, -39.59847961821953533 ) ) ;
#7009 = ORIENTED_EDGE ( 'NONE', *, *, #5804, .F. ) ;
#7008 = AXIS2_PLACEMENT_3D ( 'NONE', #7593, #3525, #5319 ) ;
#7010 = CARTESIAN_POINT ( 'NONE',  ( -37.56696972201766727, 0.000000000000000000, -48.39999999999999858 ) ) ;
#7011 = EDGE_LOOP ( 'NONE', ( #6546, #4370, #7127, #2493, #3184, #385, #2630, #5919 ) ) ;
#7012 = CARTESIAN_POINT ( 'NONE',  ( -37.98066595387485478, 0.3446590549005059123, -38.92513321887955868 ) ) ;
#7013 = CIRCLE ( 'NONE', #5666, 2.100000000000004530 ) ;
#7014 = ORIENTED_EDGE ( 'NONE', *, *, #2490, .F. ) ;
#7015 = CARTESIAN_POINT ( 'NONE',  ( 39.40000000000000568, -0.5999999999999999778, 37.39999999999999858 ) ) ;
#7016 = CARTESIAN_POINT ( 'NONE',  ( 35.50000000000000711, 0.000000000000000000, 11.59999999999999609 ) ) ;
#7017 = ADVANCED_FACE ( 'NONE', ( #5384 ), #3212, .F. ) ;
#7018 = DIRECTION ( 'NONE',  ( -0.000000000000000000, -0.000000000000000000, 1.000000000000000000 ) ) ;
#7019 = ORIENTED_EDGE ( 'NONE', *, *, #649, .T. ) ;
#7020 = DIRECTION ( 'NONE',  ( 1.000000000000000000, 0.000000000000000000, 0.000000000000000000 ) ) ;
#7021 = ORIENTED_EDGE ( 'NONE', *, *, #4296, .F. ) ;
#7022 = FILL_AREA_STYLE_COLOUR ( '', #6919 ) ;
#7023 = ORIENTED_EDGE ( 'NONE', *, *, #6280, .T. ) ;
#7024 = DIRECTION ( 'NONE',  ( -0.000000000000000000, 1.000000000000000000, -0.000000000000000000 ) ) ;
#7025 = LINE ( 'NONE', #2962, #336 ) ;
#7026 = LINE ( 'NONE', #6363, #4727 ) ;
#7027 = DIRECTION ( 'NONE',  ( 0.000000000000000000, 1.000000000000000000, 0.000000000000000000 ) ) ;
#7028 = ORIENTED_EDGE ( 'NONE', *, *, #1341, .T. ) ;
#7029 = DIRECTION ( 'NONE',  ( -0.000000000000000000, -1.000000000000000000, -0.000000000000000000 ) ) ;
#7030 = CARTESIAN_POINT ( 'NONE',  ( 45.32500000000000284, 0.9999999999999997780, 0.000000000000000000 ) ) ;
#7031 = ORIENTED_EDGE ( 'NONE', *, *, #2449, .F. ) ;
#7032 = DIRECTION ( 'NONE',  ( -0.000000000000000000, 0.000000000000000000, 1.000000000000000000 ) ) ;
#7033 = EDGE_CURVE ( 'NONE', #4009, #6664, #1431, .T. ) ;
#7034 = DIRECTION ( 'NONE',  ( 1.000000000000000000, 0.000000000000000000, 0.000000000000000000 ) ) ;
#7035 = EDGE_LOOP ( 'NONE', ( #4186, #6250, #6239, #4174 ) ) ;
#7036 = CARTESIAN_POINT ( 'NONE',  ( 23.75000000000000711, 2.399999999999999911, 34.55529936623839404 ) ) ;
#7038 = CARTESIAN_POINT ( 'NONE',  ( -49.00000000000000000, -0.6000000000000003109, 39.40000000000000568 ) ) ;
#7037 = VECTOR ( 'NONE', #369, 1000.000000000000000 ) ;
#7039 = CIRCLE ( 'NONE', #2258, 0.5999999999999998668 ) ;
#7040 = CARTESIAN_POINT ( 'NONE',  ( -37.40206632590398783, 1.084202172485504434E-16, 39.60000000000000142 ) ) ;
#7041 = DIRECTION ( 'NONE',  ( 0.000000000000000000, 0.000000000000000000, -1.000000000000000000 ) ) ;
#7042 = CARTESIAN_POINT ( 'NONE',  ( -39.69089023002067051, -1.599999999999999867, -39.39999999999999858 ) ) ;
#7043 = EDGE_CURVE ( 'NONE', #5402, #5367, #6417, .T. ) ;
#7044 = CARTESIAN_POINT ( 'NONE',  ( 49.00000000000000000, -1.600000000000000089, -1.040834085586084257E-14 ) ) ;
#7045 = VERTEX_POINT ( 'NONE', #3705 ) ;
#7046 = CARTESIAN_POINT ( 'NONE',  ( -49.00000000000000711, 2.399999999999999911, -49.00000000000000000 ) ) ;
#7047 = VECTOR ( 'NONE', #3319, 1000.000000000000000 ) ;
#7048 = VECTOR ( 'NONE', #2967, 1000.000000000000000 ) ;
#7049 = AXIS2_PLACEMENT_3D ( 'NONE', #5027, #6253, #468 ) ;
#7050 = VERTEX_POINT ( 'NONE', #785 ) ;
#7051 = EDGE_LOOP ( 'NONE', ( #2695, #3603, #4549, #467 ) ) ;
#7052 = CIRCLE ( 'NONE', #6928, 0.3999999999999975797 ) ;
#7053 = CARTESIAN_POINT ( 'NONE',  ( 38.63321908449343312, -0.5999999999999998668, -38.48275862068965125 ) ) ;
#7054 = CARTESIAN_POINT ( 'NONE',  ( -38.63321908449344022, -0.5999999999999998668, 38.48275862068964415 ) ) ;
#7055 = AXIS2_PLACEMENT_3D ( 'NONE', #3406, #3943, #1017 ) ;
#7056 = DIRECTION ( 'NONE',  ( -0.3908736291420337738, 0.000000000000000000, 0.9204443524957582889 ) ) ;
#7057 = ORIENTED_EDGE ( 'NONE', *, *, #2160, .F. ) ;
#7058 =( BOUNDED_SURFACE ( )  B_SPLINE_SURFACE ( 3, 2, ( 
 ( #6845, #4997, #1011 ),
 ( #977, #5654, #4465 ),
 ( #5580, #901, #4566 ),
 ( #6262, #2743, #6806 ),
 ( #1045, #3397, #6912 ),
 ( #5071, #6774, #1653 ),
 ( #2159, #5621, #6230 ),
 ( #4011, #3361, #3323 ),
 ( #1510, #7349, #942 ),
 ( #3293, #4427, #2081 ) ),
 .UNSPECIFIED., .F., .F., .F. ) 
 B_SPLINE_SURFACE_WITH_KNOTS ( ( 4, 2, 2, 2, 4 ),
 ( 3, 3 ),
 ( 0.0005088217293351753826, 0.001073969789392667257, 0.001639117849450159349, 0.002204265909507651007, 0.002769413969565143099 ),
 ( 0.000000000000000000, 1.000000000000000000 ),
 .UNSPECIFIED. ) 
 GEOMETRIC_REPRESENTATION_ITEM ( )  RATIONAL_B_SPLINE_SURFACE ( (
 ( 1.000000000000000000, 0.7071067811865475727, 1.000000000000000000),
 ( 1.000000000000000000, 0.7275918118789265199, 1.000000000000000000),
 ( 1.000000000000000000, 0.7521658665370439811, 1.000000000000000000),
 ( 1.000000000000000000, 0.8088722520719785480, 1.000000000000000000),
 ( 1.000000000000000000, 0.8404882260426770335, 1.000000000000000000),
 ( 1.000000000000000000, 0.9052913301297055293, 1.000000000000000000),
 ( 1.000000000000000000, 0.9373730462294451726, 1.000000000000000000),
 ( 1.000000000000000000, 0.9851504424264573290, 1.000000000000000000),
 ( 1.000000000000000000, 1.000295620687707610, 1.000000000000000000),
 ( 1.000000000000000000, 1.000000000000000000, 1.000000000000000000) ) ) 
 REPRESENTATION_ITEM ( '' )  SURFACE ( )  );
#7059 = CARTESIAN_POINT ( 'NONE',  ( 39.40000000000000568, -0.5999999999999999778, 38.00000000000000000 ) ) ;
#7060 = ORIENTED_EDGE ( 'NONE', *, *, #2591, .F. ) ;
#7061 = CARTESIAN_POINT ( 'NONE',  ( 37.75867436296079660, 0.5999999999999997558, 49.00000000000000711 ) ) ;
#7062 = ORIENTED_EDGE ( 'NONE', *, *, #4490, .T. ) ;
#7063 = AXIS2_PLACEMENT_3D ( 'NONE', #3978, #6238, #5738 ) ;
#7064 = AXIS2_PLACEMENT_3D ( 'NONE', #7067, #655, #3117 ) ;
#7065 = DIRECTION ( 'NONE',  ( 0.000000000000000000, -0.000000000000000000, 1.000000000000000000 ) ) ;
#7066 = CARTESIAN_POINT ( 'NONE',  ( 39.39999999999999858, -1.600000000000000311, -47.60000000000000142 ) ) ;
#7067 = CARTESIAN_POINT ( 'NONE',  ( -39.40000000000000568, -7.600000000000000533, 39.69089023002065630 ) ) ;
#7068 = AXIS2_PLACEMENT_3D ( 'NONE', #1578, #6687, #3786 ) ;
#7069 = CARTESIAN_POINT ( 'NONE',  ( 37.40000000000000568, -0.5999999999999998668, -39.69089023002065630 ) ) ;
#7070 = ORIENTED_EDGE ( 'NONE', *, *, #1764, .F. ) ;
#7071 = CARTESIAN_POINT ( 'NONE',  ( 35.63066652874363882, 1.399999999999999689, 33.96898892252533386 ) ) ;
#7072 = CARTESIAN_POINT ( 'NONE',  ( -39.00000000000000711, 2.399999999999999911, -37.50000000000000000 ) ) ;
#7073 = ORIENTED_EDGE ( 'NONE', *, *, #3709, .T. ) ;
#7074 = AXIS2_PLACEMENT_3D ( 'NONE', #309, #2653, #5984 ) ;
#7075 = B_SPLINE_CURVE_WITH_KNOTS ( 'NONE', 3,
 ( #150, #6519, #3031, #5368, #4814, #6555, #4669, #4103, #726, #7171 ),
 .UNSPECIFIED., .F., .F.,
 ( 4, 2, 2, 2, 4 ),
 ( 0.000000000000000000, 0.0005087071809629124678, 0.001017414361925824936, 0.001526121542888737512, 0.002034828723851649871 ),
 .UNSPECIFIED. ) ;
#7076 = DIRECTION ( 'NONE',  ( 0.000000000000000000, 0.000000000000000000, 1.000000000000000000 ) ) ;
#7077 = ORIENTED_EDGE ( 'NONE', *, *, #7269, .F. ) ;
#7078 = PLANE ( 'NONE',  #5809 ) ;
#7079 = EDGE_CURVE ( 'NONE', #7478, #3565, #4241, .T. ) ;
#7080 = CARTESIAN_POINT ( 'NONE',  ( 38.63321908449343312, -0.5999999999999998668, -38.48275862068964415 ) ) ;
#7081 = EDGE_CURVE ( 'NONE', #3718, #290, #7549, .T. ) ;
#7082 = PLANE ( 'NONE',  #3453 ) ;
#7083 = CARTESIAN_POINT ( 'NONE',  ( 38.79886073582505190, -0.5006529833335903179, -38.30672890632896355 ) ) ;
#7084 = ORIENTED_EDGE ( 'NONE', *, *, #4307, .T. ) ;
#7085 = AXIS2_PLACEMENT_3D ( 'NONE', #6526, #7142, #4821 ) ;
#7086 = LINE ( 'NONE', #2980, #7420 ) ;
#7087 = ORIENTED_EDGE ( 'NONE', *, *, #153, .T. ) ;
#7088 = CARTESIAN_POINT ( 'NONE',  ( 37.50000000000001421, 0.5960057784623223887, -39.00000000000000000 ) ) ;
#7089 = ORIENTED_EDGE ( 'NONE', *, *, #4571, .T. ) ;
#7090 = DIRECTION ( 'NONE',  ( 0.000000000000000000, 0.000000000000000000, 1.000000000000000000 ) ) ;
#7091 = ORIENTED_EDGE ( 'NONE', *, *, #2383, .F. ) ;
#7092 = CARTESIAN_POINT ( 'NONE',  ( 43.99999999999999289, -1.600000000000000089, -43.99999999999999289 ) ) ;
#7093 = EDGE_CURVE ( 'NONE', #4947, #7522, #7183, .T. ) ;
#7094 = DIRECTION ( 'NONE',  ( 0.000000000000000000, 0.000000000000000000, -1.000000000000000000 ) ) ;
#7095 = CARTESIAN_POINT ( 'NONE',  ( -39.60000000000000142, 0.000000000000000000, 37.40206632590398073 ) ) ;
#7096 = ORIENTED_EDGE ( 'NONE', *, *, #2517, .F. ) ;
#7097 = AXIS2_PLACEMENT_3D ( 'NONE', #4868, #6646, #1383 ) ;
#7098 = CARTESIAN_POINT ( 'NONE',  ( 37.49999999999999289, -7.600000000000000533, -37.50000000000000000 ) ) ;
#7099 = UNCERTAINTY_MEASURE_WITH_UNIT (LENGTH_MEASURE( 1.000000000000000082E-05 ), #1639, 'distance_accuracy_value', 'NONE');
#7100 = ORIENTED_EDGE ( 'NONE', *, *, #1072, .F. ) ;
#7101 = DIRECTION ( 'NONE',  ( -1.508455196501573007E-15, 0.000000000000000000, 1.000000000000000000 ) ) ;
#7102 = DIRECTION ( 'NONE',  ( 0.000000000000000000, 1.000000000000000000, 0.000000000000000000 ) ) ;
#7103 = DIRECTION ( 'NONE',  ( 0.000000000000000000, 1.000000000000000000, -0.000000000000000000 ) ) ;
#7104 = LINE ( 'NONE', #5375, #7455 ) ;
#7105 = ORIENTED_EDGE ( 'NONE', *, *, #6338, .T. ) ;
#7106 = CARTESIAN_POINT ( 'NONE',  ( 45.85000000000000142, 0.9999999999999997780, 29.34999999999999432 ) ) ;
#7107 = ORIENTED_EDGE ( 'NONE', *, *, #4833, .F. ) ;
#7108 = VERTEX_POINT ( 'NONE', #2467 ) ;
#7109 = CARTESIAN_POINT ( 'NONE',  ( -37.45133180695232511, 0.0003232785384993300108, 38.99999999999999289 ) ) ;
#7110 = EDGE_CURVE ( 'NONE', #6252, #2176, #250, .T. ) ;
#7111 = DIRECTION ( 'NONE',  ( 0.000000000000000000, -0.9966790437443303619, -0.08143023861494766424 ) ) ;
#7112 = VERTEX_POINT ( 'NONE', #4240 ) ;
#7113 = CARTESIAN_POINT ( 'NONE',  ( 38.63321908449343312, -1.600000000000000089, -38.48275862068965125 ) ) ;
#7114 = VECTOR ( 'NONE', #3649, 1000.000000000000000 ) ;
#7115 = B_SPLINE_CURVE_WITH_KNOTS ( 'NONE', 3,
 ( #3773, #1834, #3068, #4294, #3729, #6054, #1986, #807 ),
 .UNSPECIFIED., .F., .F.,
 ( 4, 2, 2, 4 ),
 ( 0.000000000000000000, 0.0005668484871887393339, 0.001133696974377478668, 0.002267393948754940856 ),
 .UNSPECIFIED. ) ;
#7116 = LINE ( 'NONE', #1887, #4230 ) ;
#7117 = AXIS2_PLACEMENT_3D ( 'NONE', #6457, #6884, #2972 ) ;
#7118 = CARTESIAN_POINT ( 'NONE',  ( 48.72385482109520893, -0.1978804517196910695, -38.32282589088510605 ) ) ;
#7119 = CARTESIAN_POINT ( 'NONE',  ( -38.17983873497345826, -0.1387220022517509366, -48.65218991964589890 ) ) ;
#7120 = CIRCLE ( 'NONE', #1115, 0.6000000000000033085 ) ;
#7121 = CARTESIAN_POINT ( 'NONE',  ( -48.85013961375581459, -0.3145356187915033241, -38.61610988490543406 ) ) ;
#7122 = ADVANCED_FACE ( 'NONE', ( #2623 ), #4799, .T. ) ;
#7123 = EDGE_LOOP ( 'NONE', ( #223, #3471, #4846 ) ) ;
#7124 = CYLINDRICAL_SURFACE ( 'NONE', #6263, 1.500000000000001332 ) ;
#7125 = ORIENTED_EDGE ( 'NONE', *, *, #6603, .T. ) ;
#7126 = CARTESIAN_POINT ( 'NONE',  ( 37.56696972201766727, 0.000000000000000000, 48.39999999999999858 ) ) ;
#7127 = ORIENTED_EDGE ( 'NONE', *, *, #1072, .T. ) ;
#7128 = ORIENTED_EDGE ( 'NONE', *, *, #1720, .F. ) ;
#7129 = AXIS2_PLACEMENT_3D ( 'NONE', #4734, #1820, #3594 ) ;
#7130 = DIRECTION ( 'NONE',  ( 0.000000000000000000, 0.000000000000000000, 1.000000000000000000 ) ) ;
#7131 = CARTESIAN_POINT ( 'NONE',  ( 34.25000000000000000, 0.9999999999999997780, 47.34999999999998721 ) ) ;
#7132 = CARTESIAN_POINT ( 'NONE',  ( -39.00000000000000000, 0.5986684421056430727, 37.46740987162262115 ) ) ;
#7133 = VECTOR ( 'NONE', #5589, 1000.000000000000000 ) ;
#7134 = ORIENTED_EDGE ( 'NONE', *, *, #1435, .F. ) ;
#7135 = CARTESIAN_POINT ( 'NONE',  ( 39.40000000000000568, -0.6000000000000000888, 47.60000000000000142 ) ) ;
#7136 = EDGE_CURVE ( 'NONE', #6204, #315, #202, .T. ) ;
#7137 = ORIENTED_EDGE ( 'NONE', *, *, #3350, .T. ) ;
#7138 = DIRECTION ( 'NONE',  ( 0.000000000000000000, 0.000000000000000000, -1.000000000000000000 ) ) ;
#7139 = CARTESIAN_POINT ( 'NONE',  ( -49.00000000000000000, -0.1071053493269327195, 38.57099627924787200 ) ) ;
#7140 = FACE_OUTER_BOUND ( 'NONE', #4363, .T. ) ;
#7141 = FACE_OUTER_BOUND ( 'NONE', #1735, .T. ) ;
#7142 = DIRECTION ( 'NONE',  ( -0.000000000000000000, -1.000000000000000000, -0.000000000000000000 ) ) ;
#7143 = ADVANCED_FACE ( 'NONE', ( #7153 ), #1420, .F. ) ;
#7144 = VERTEX_POINT ( 'NONE', #3670 ) ;
#7145 = CYLINDRICAL_SURFACE ( 'NONE', #2019, 1.500000000000001332 ) ;
#7146 = ORIENTED_EDGE ( 'NONE', *, *, #5846, .T. ) ;
#7147 = CARTESIAN_POINT ( 'NONE',  ( 37.56696972201766727, 0.5999999999999998668, 49.00000000000000000 ) ) ;
#7148 = B_SPLINE_CURVE_WITH_KNOTS ( 'NONE', 3,
 ( #4750, #4224, #4714, #5413 ),
 .UNSPECIFIED., .F., .F.,
 ( 4, 4 ),
 ( 0.000000000000000000, 4.917209685196306400E-05 ),
 .UNSPECIFIED. ) ;
#7149 = DIRECTION ( 'NONE',  ( -0.000000000000000000, -1.000000000000000000, 0.000000000000000000 ) ) ;
#7150 = CARTESIAN_POINT ( 'NONE',  ( -38.24597080520899794, -0.4636837923427274410, 38.86452359581836191 ) ) ;
#7151 = DIRECTION ( 'NONE',  ( 1.000000000000000000, 0.000000000000000000, 0.000000000000000000 ) ) ;
#7152 = ORIENTED_EDGE ( 'NONE', *, *, #2872, .F. ) ;
#7153 = FACE_OUTER_BOUND ( 'NONE', #6544, .T. ) ;
#7154 = EDGE_CURVE ( 'NONE', #352, #2264, #4346, .T. ) ;
#7155 = DIRECTION ( 'NONE',  ( -1.000000000000000000, 0.000000000000000000, -0.000000000000000000 ) ) ;
#7156 = CARTESIAN_POINT ( 'NONE',  ( 48.45159095862299381, 5.488773498207864225E-16, -37.73021173913412696 ) ) ;
#7157 = DIRECTION ( 'NONE',  ( 0.000000000000000000, 0.000000000000000000, -1.000000000000000000 ) ) ;
#7158 = LINE ( 'NONE', #172, #6510 ) ;
#7159 = ORIENTED_EDGE ( 'NONE', *, *, #2995, .F. ) ;
#7160 = CARTESIAN_POINT ( 'NONE',  ( -47.60000000000000142, -0.6000000000000000888, 37.39999999999999858 ) ) ;
#7161 = ORIENTED_EDGE ( 'NONE', *, *, #7154, .F. ) ;
#7162 = ORIENTED_EDGE ( 'NONE', *, *, #4296, .T. ) ;
#7163 = ADVANCED_FACE ( 'NONE', ( #825 ), #3790, .T. ) ;
#7164 = FACE_OUTER_BOUND ( 'NONE', #1219, .T. ) ;
#7165 = FACE_OUTER_BOUND ( 'NONE', #7468, .T. ) ;
#7166 = CIRCLE ( 'NONE', #4952, 1.899999999999999023 ) ;
#7167 = CIRCLE ( 'NONE', #4826, 1.099999999999996758 ) ;
#7168 = LINE ( 'NONE', #1904, #2180 ) ;
#7169 = ORIENTED_EDGE ( 'NONE', *, *, #3709, .F. ) ;
#7170 = EDGE_CURVE ( 'NONE', #4610, #5434, #2814, .T. ) ;
#7171 = CARTESIAN_POINT ( 'NONE',  ( -39.40000000000000568, -0.5999999999999998668, 49.00000000000000000 ) ) ;
#7172 = AXIS2_PLACEMENT_3D ( 'NONE', #838, #1862, #106 ) ;
#7173 = ORIENTED_EDGE ( 'NONE', *, *, #5587, .F. ) ;
#7174 = DIRECTION ( 'NONE',  ( 0.000000000000000000, 1.000000000000000000, 0.000000000000000000 ) ) ;
#7175 = ADVANCED_FACE ( 'NONE', ( #3935 ), #7058, .T. ) ;
#7176 = CARTESIAN_POINT ( 'NONE',  ( -48.58416450377821150, -0.08709142887630051677, 38.03661827055787370 ) ) ;
#7177 = CIRCLE ( 'NONE', #2881, 1.500000000000001332 ) ;
#7178 = VECTOR ( 'NONE', #4167, 1000.000000000000000 ) ;
#7179 = CARTESIAN_POINT ( 'NONE',  ( -37.75740017596879028, 0.5999999724323954453, -49.00000000000000000 ) ) ;
#7180 = EDGE_CURVE ( 'NONE', #6063, #709, #3742, .T. ) ;
#7181 = DIRECTION ( 'NONE',  ( -0.000000000000000000, 1.000000000000000000, 0.000000000000000000 ) ) ;
#7182 = DIRECTION ( 'NONE',  ( -0.000000000000000000, 1.000000000000000000, -0.000000000000000000 ) ) ;
#7183 = CIRCLE ( 'NONE', #3508, 1.399999999999998579 ) ;
#7184 = VECTOR ( 'NONE', #7181, 1000.000000000000000 ) ;
#7185 = ORIENTED_EDGE ( 'NONE', *, *, #6404, .F. ) ;
#7186 = CARTESIAN_POINT ( 'NONE',  ( 37.56696972201766727, 2.168404344971008868E-16, -49.00000000000000000 ) ) ;
#7187 = ORIENTED_EDGE ( 'NONE', *, *, #1126, .F. ) ;
#7188 = ORIENTED_EDGE ( 'NONE', *, *, #7190, .F. ) ;
#7189 = CARTESIAN_POINT ( 'NONE',  ( 37.50000000000000000, 0.000000000000000000, -4.099999999999981881 ) ) ;
#7190 = EDGE_CURVE ( 'NONE', #6397, #1177, #6057, .T. ) ;
#7191 = VECTOR ( 'NONE', #6298, 1000.000000000000000 ) ;
#7192 = LINE ( 'NONE', #52, #1181 ) ;
#7193 = DIRECTION ( 'NONE',  ( 0.000000000000000000, 1.000000000000000000, 0.000000000000000000 ) ) ;
#7194 = ORIENTED_EDGE ( 'NONE', *, *, #3889, .F. ) ;
#7195 = DIRECTION ( 'NONE',  ( 0.000000000000000000, 1.000000000000000000, 0.000000000000000000 ) ) ;
#7196 = AXIS2_PLACEMENT_3D ( 'NONE', #5411, #1377, #4818 ) ;
#7197 = LINE ( 'NONE', #215, #7294 ) ;
#7198 = DIRECTION ( 'NONE',  ( 1.000000000000000000, 0.000000000000000000, 0.000000000000000000 ) ) ;
#7199 = DIRECTION ( 'NONE',  ( 0.000000000000000000, 1.000000000000000000, 0.000000000000000000 ) ) ;
#7200 = ORIENTED_EDGE ( 'NONE', *, *, #2782, .T. ) ;
#7201 = DIRECTION ( 'NONE',  ( 0.000000000000000000, 0.000000000000000000, 1.000000000000000000 ) ) ;
#7202 = ORIENTED_EDGE ( 'NONE', *, *, #1576, .F. ) ;
#7203 = DIRECTION ( 'NONE',  ( -1.000000000000000000, -0.000000000000000000, -0.000000000000000000 ) ) ;
#7204 = ORIENTED_EDGE ( 'NONE', *, *, #3504, .T. ) ;
#7205 = ORIENTED_EDGE ( 'NONE', *, *, #5856, .F. ) ;
#7206 = CARTESIAN_POINT ( 'NONE',  ( -38.00000000000000711, -1.600000000000000089, 39.69089023002065630 ) ) ;
#7207 = CARTESIAN_POINT ( 'NONE',  ( 37.67750398295714831, -5.887749338175012493E-16, 48.43493321106431182 ) ) ;
#7208 = PLANE ( 'NONE',  #3449 ) ;
#7209 = ORIENTED_EDGE ( 'NONE', *, *, #1651, .F. ) ;
#7210 = EDGE_CURVE ( 'NONE', #5559, #7591, #478, .T. ) ;
#7211 = CARTESIAN_POINT ( 'NONE',  ( -37.73823217556060428, -0.09441134058113913319, 39.48626343282645479 ) ) ;
#7212 = CIRCLE ( 'NONE', #3916, 1.499999999999999556 ) ;
#7213 = ORIENTED_EDGE ( 'NONE', *, *, #4711, .T. ) ;
#7214 = LINE ( 'NONE', #1414, #3015 ) ;
#7215 = DIRECTION ( 'NONE',  ( 0.000000000000000000, -1.000000000000000000, 0.000000000000000000 ) ) ;
#7216 = EDGE_CURVE ( 'NONE', #3231, #3818, #3865, .T. ) ;
#7217 = DIRECTION ( 'NONE',  ( 0.000000000000000000, 0.000000000000000000, 1.000000000000000000 ) ) ;
#7218 = LINE ( 'NONE', #4899, #714 ) ;
#7219 = ADVANCED_FACE ( 'NONE', ( #439 ), #5694, .F. ) ;
#7220 = EDGE_LOOP ( 'NONE', ( #4322, #855, #4061, #1961 ) ) ;
#7221 = DIRECTION ( 'NONE',  ( 0.000000000000000000, 0.000000000000000000, -1.000000000000000000 ) ) ;
#7222 = VERTEX_POINT ( 'NONE', #5035 ) ;
#7223 = EDGE_CURVE ( 'NONE', #315, #5299, #430, .T. ) ;
#7224 = DIRECTION ( 'NONE',  ( -0.9204443524957576228, 0.000000000000000000, 0.3908736291420353837 ) ) ;
#7225 = CARTESIAN_POINT ( 'NONE',  ( 41.52500000000000568, 1.399999999999999689, 16.16000000000000014 ) ) ;
#7226 = CARTESIAN_POINT ( 'NONE',  ( 38.43169880259113569, -0.4638189116520440858, -38.67749955690500485 ) ) ;
#7227 = DIRECTION ( 'NONE',  ( -0.000000000000000000, 0.000000000000000000, 1.000000000000000000 ) ) ;
#7228 = EDGE_LOOP ( 'NONE', ( #4805, #2422, #4725, #5552 ) ) ;
#7229 = DIRECTION ( 'NONE',  ( -1.000000000000000000, 0.000000000000000000, 0.000000000000000000 ) ) ;
#7230 = ADVANCED_FACE ( 'NONE', ( #5114 ), #7461, .T. ) ;
#7231 = CARTESIAN_POINT ( 'NONE',  ( 38.99999999999999289, -7.600000000000000533, -39.00000000000000000 ) ) ;
#7232 = DIRECTION ( 'NONE',  ( 0.000000000000000000, 0.000000000000000000, -1.000000000000000000 ) ) ;
#7233 = PLANE ( 'NONE',  #4831 ) ;
#7234 = FACE_OUTER_BOUND ( 'NONE', #31, .T. ) ;
#7235 = ORIENTED_EDGE ( 'NONE', *, *, #2774, .T. ) ;
#7236 = CARTESIAN_POINT ( 'NONE',  ( -37.69065785340160346, -0.06768603967269493094, -39.52252589521877013 ) ) ;
#7237 = ADVANCED_FACE ( 'NONE', ( #6295 ), #7494, .F. ) ;
#7238 = ORIENTED_EDGE ( 'NONE', *, *, #3320, .T. ) ;
#7239 = EDGE_LOOP ( 'NONE', ( #5212, #1364, #3262, #919 ) ) ;
#7240 = CIRCLE ( 'NONE', #2333, 1.399999999999998579 ) ;
#7241 = DIRECTION ( 'NONE',  ( -0.000000000000000000, -1.000000000000000000, -0.000000000000000000 ) ) ;
#7242 = CIRCLE ( 'NONE', #3940, 0.6000000000000033085 ) ;
#7243 = CARTESIAN_POINT ( 'NONE',  ( 38.46417554520410675, 0.3305876115166114793, 49.00000000000000000 ) ) ;
#7244 = VECTOR ( 'NONE', #6929, 1000.000000000000000 ) ;
#7245 = CARTESIAN_POINT ( 'NONE',  ( 43.99999999999999289, -1.600000000000000089, -44.00000000000000711 ) ) ;
#7246 = ORIENTED_EDGE ( 'NONE', *, *, #5993, .T. ) ;
#7247 = CARTESIAN_POINT ( 'NONE',  ( 35.50000000000000711, 0.5999999999999999778, 11.59999999999999609 ) ) ;
#7248 = ORIENTED_EDGE ( 'NONE', *, *, #3303, .T. ) ;
#7249 = FACE_OUTER_BOUND ( 'NONE', #3658, .T. ) ;
#7250 = DIRECTION ( 'NONE',  ( -0.000000000000000000, -1.000000000000000000, -0.000000000000000000 ) ) ;
#7251 = DIRECTION ( 'NONE',  ( 0.000000000000000000, -0.000000000000000000, -1.000000000000000000 ) ) ;
#7252 = EDGE_CURVE ( 'NONE', #2466, #4201, #4717, .T. ) ;
#7253 = CONICAL_SURFACE ( 'NONE', #3582, 2.100000000000004530, 0.7853981633974331800 ) ;
#7254 = LINE ( 'NONE', #7472, #2155 ) ;
#7255 = LINE ( 'NONE', #813, #1079 ) ;
#7256 = CIRCLE ( 'NONE', #1493, 1.499999999999999556 ) ;
#7257 = ORIENTED_EDGE ( 'NONE', *, *, #3368, .F. ) ;
#7258 = CARTESIAN_POINT ( 'NONE',  ( 37.75740017596879738, 0.5999999724323338279, -49.00000000000000000 ) ) ;
#7259 = ORIENTED_EDGE ( 'NONE', *, *, #1959, .T. ) ;
#7260 = AXIS2_PLACEMENT_3D ( 'NONE', #7225, #244, #5420 ) ;
#7261 = CARTESIAN_POINT ( 'NONE',  ( 17.59748203642620012, 1.399999999999999689, -7.472903330537147504 ) ) ;
#7262 = CARTESIAN_POINT ( 'NONE',  ( -49.00000000000000000, -1.600000000000000089, 39.39999999999999147 ) ) ;
#7263 = ADVANCED_FACE ( 'NONE', ( #6453 ), #2889, .T. ) ;
#7264 = FACE_BOUND ( 'NONE', #3164, .T. ) ;
#7265 = CARTESIAN_POINT ( 'NONE',  ( 49.00000000000001421, 0.5999999724324575068, 37.75740017596879028 ) ) ;
#7266 = CARTESIAN_POINT ( 'NONE',  ( 44.00000000000000711, 0.000000000000000000, 45.89999999999999858 ) ) ;
#7267 = VECTOR ( 'NONE', #7250, 1000.000000000000000 ) ;
#7268 = ORIENTED_EDGE ( 'NONE', *, *, #3849, .F. ) ;
#7269 = EDGE_CURVE ( 'NONE', #3405, #1380, #6957, .T. ) ;
#7270 = CARTESIAN_POINT ( 'NONE',  ( 44.00000000000000711, 2.200000000000000178, 42.10000000000000142 ) ) ;
#7271 = ADVANCED_FACE ( 'NONE', ( #1760 ), #6408, .T. ) ;
#7272 = CYLINDRICAL_SURFACE ( 'NONE', #6058, 1.499999999999999556 ) ;
#7273 = CARTESIAN_POINT ( 'NONE',  ( -37.50000000000000711, 2.399999999999999467, -1.999999999999982236 ) ) ;
#7274 = EDGE_CURVE ( 'NONE', #1250, #3021, #3541, .T. ) ;
#7275 = DIRECTION ( 'NONE',  ( 0.000000000000000000, -1.000000000000000000, 0.000000000000000000 ) ) ;
#7276 = ORIENTED_EDGE ( 'NONE', *, *, #3045, .T. ) ;
#7277 = PLANE ( 'NONE',  #1605 ) ;
#7278 = ORIENTED_EDGE ( 'NONE', *, *, #3023, .T. ) ;
#7279 = DIRECTION ( 'NONE',  ( 0.000000000000000000, 1.000000000000000000, 0.000000000000000000 ) ) ;
#7280 = ORIENTED_EDGE ( 'NONE', *, *, #7361, .F. ) ;
#7281 = ORIENTED_EDGE ( 'NONE', *, *, #2627, .T. ) ;
#7282 = ORIENTED_EDGE ( 'NONE', *, *, #2529, .T. ) ;
#7283 = ORIENTED_EDGE ( 'NONE', *, *, #2186, .F. ) ;
#7284 = DIRECTION ( 'NONE',  ( 0.000000000000000000, -1.000000000000000000, 0.000000000000000000 ) ) ;
#7285 = DIRECTION ( 'NONE',  ( 1.000000000000000000, 0.000000000000000000, 0.000000000000000000 ) ) ;
#7286 = ADVANCED_FACE ( 'NONE', ( #49 ), #1529, .F. ) ;
#7287 = DIRECTION ( 'NONE',  ( 0.000000000000000000, -1.000000000000000000, 0.000000000000000000 ) ) ;
#7288 = ORIENTED_EDGE ( 'NONE', *, *, #3550, .T. ) ;
#7289 = CARTESIAN_POINT ( 'NONE',  ( -39.69089023002066341, -1.599999999999999867, 39.39999999999999858 ) ) ;
#7290 = EDGE_LOOP ( 'NONE', ( #1523, #103, #1745, #1338 ) ) ;
#7291 = DIRECTION ( 'NONE',  ( 0.000000000000000000, 0.000000000000000000, 1.000000000000000000 ) ) ;
#7292 = CARTESIAN_POINT ( 'NONE',  ( -49.00000000000000000, 0.4258171591472012518, 38.30134071039225319 ) ) ;
#7293 = FACE_OUTER_BOUND ( 'NONE', #3678, .T. ) ;
#7294 = VECTOR ( 'NONE', #5355, 1000.000000000000000 ) ;
#7295 = CARTESIAN_POINT ( 'NONE',  ( 37.50000000000000000, 0.5999999999999998668, -1.999999999999982236 ) ) ;
#7296 = CARTESIAN_POINT ( 'NONE',  ( 37.40000000000000568, 0.000000000000000000, 47.60000000000000142 ) ) ;
#7297 = AXIS2_PLACEMENT_3D ( 'NONE', #1611, #3422, #2115 ) ;
#7298 = EDGE_LOOP ( 'NONE', ( #1361, #5248, #5452, #5240, #6520, #6089, #520, #6786 ) ) ;
#7299 = DIRECTION ( 'NONE',  ( 0.000000000000000000, 1.000000000000000000, -0.000000000000000000 ) ) ;
#7300 = ORIENTED_EDGE ( 'NONE', *, *, #5347, .T. ) ;
#7301 = TOROIDAL_SURFACE ( 'NONE', #3995, 2.000000000000000000, 0.5999999999999999778 ) ;
#7302 = AXIS2_PLACEMENT_3D ( 'NONE', #5818, #567, #1176 ) ;
#7303 = ORIENTED_EDGE ( 'NONE', *, *, #3662, .T. ) ;
#7304 = DIRECTION ( 'NONE',  ( 0.000000000000000000, 1.000000000000000000, 0.000000000000000000 ) ) ;
#7305 = AXIS2_PLACEMENT_3D ( 'NONE', #5556, #2639, #4972 ) ;
#7306 = CARTESIAN_POINT ( 'NONE',  ( -39.59766279253700105, -0.001997110768840058750, 37.45114222751233513 ) ) ;
#7307 = CIRCLE ( 'NONE', #5833, 0.6000000000000033085 ) ;
#7308 = CARTESIAN_POINT ( 'NONE',  ( 49.00000000000001421, -0.5999999999999998668, 39.40000000000000568 ) ) ;
#7309 = LINE ( 'NONE', #4954, #6995 ) ;
#7310 = AXIS2_PLACEMENT_3D ( 'NONE', #2414, #5445, #194 ) ;
#7311 = ORIENTED_EDGE ( 'NONE', *, *, #6112, .F. ) ;
#7312 = EDGE_CURVE ( 'NONE', #2748, #6725, #4608, .T. ) ;
#7313 = DIRECTION ( 'NONE',  ( 0.000000000000000000, -1.000000000000000000, 0.000000000000000000 ) ) ;
#7314 = DIRECTION ( 'NONE',  ( 0.000000000000000000, 0.000000000000000000, -1.000000000000000000 ) ) ;
#7315 = FACE_OUTER_BOUND ( 'NONE', #330, .T. ) ;
#7316 = FACE_OUTER_BOUND ( 'NONE', #639, .T. ) ;
#7317 = DIRECTION ( 'NONE',  ( 0.000000000000000000, 1.000000000000000000, 0.000000000000000000 ) ) ;
#7318 = ORIENTED_EDGE ( 'NONE', *, *, #5397, .T. ) ;
#7319 = ADVANCED_FACE ( 'NONE', ( #1841 ), #1889, .F. ) ;
#7320 = CARTESIAN_POINT ( 'NONE',  ( 29.23999999999999133, 0.5999999999999999778, -40.50000000000000000 ) ) ;
#7321 = ORIENTED_EDGE ( 'NONE', *, *, #1591, .F. ) ;
#7322 = CONICAL_SURFACE ( 'NONE', #4015, 1.899999999999999023, 0.7853981633974574939 ) ;
#7323 = ORIENTED_EDGE ( 'NONE', *, *, #2668, .F. ) ;
#7324 = ORIENTED_EDGE ( 'NONE', *, *, #3201, .F. ) ;
#7325 = EDGE_CURVE ( 'NONE', #4258, #1974, #6551, .T. ) ;
#7326 = FACE_OUTER_BOUND ( 'NONE', #5872, .T. ) ;
#7327 = AXIS2_PLACEMENT_3D ( 'NONE', #995, #5714, #6322 ) ;
#7328 = CARTESIAN_POINT ( 'NONE',  ( 18.00000000000000355, -7.600000000000000533, -3.499999999999982236 ) ) ;
#7329 = CARTESIAN_POINT ( 'NONE',  ( 43.99999999999999289, -1.600000000000000089, -41.89999999999998437 ) ) ;
#7330 = ORIENTED_EDGE ( 'NONE', *, *, #4138, .F. ) ;
#7331 = CARTESIAN_POINT ( 'NONE',  ( 37.56696972201766727, 0.5999999999999999778, 48.39999999999999858 ) ) ;
#7332 = VERTEX_POINT ( 'NONE', #6334 ) ;
#7333 = EDGE_CURVE ( 'NONE', #4737, #6608, #5322, .T. ) ;
#7334 = DIRECTION ( 'NONE',  ( -0.000000000000000000, 1.000000000000000000, -0.000000000000000000 ) ) ;
#7335 = LINE ( 'NONE', #198, #1794 ) ;
#7336 = DIRECTION ( 'NONE',  ( 0.000000000000000000, 0.000000000000000000, -1.000000000000000000 ) ) ;
#7337 = VECTOR ( 'NONE', #2965, 1000.000000000000000 ) ;
#7338 = VERTEX_POINT ( 'NONE', #1083 ) ;
#7339 = ORIENTED_EDGE ( 'NONE', *, *, #4395, .F. ) ;
#7340 = CARTESIAN_POINT ( 'NONE',  ( 39.39999999999999858, -0.5999999999999998668, -49.00000000000000000 ) ) ;
#7341 = ORIENTED_EDGE ( 'NONE', *, *, #6690, .F. ) ;
#7342 = EDGE_CURVE ( 'NONE', #6882, #5370, #924, .T. ) ;
#7343 = DIRECTION ( 'NONE',  ( 0.000000000000000000, 1.000000000000000000, -0.000000000000000000 ) ) ;
#7344 = CARTESIAN_POINT ( 'NONE',  ( 12.00000000000000355, 0.5999999999999998668, -3.499999999999982236 ) ) ;
#7345 = DIRECTION ( 'NONE',  ( 0.000000000000000000, 0.000000000000000000, 1.000000000000000000 ) ) ;
#7346 = CARTESIAN_POINT ( 'NONE',  ( 49.00000000000001421, -0.02999980082856400915, 38.90482994622658452 ) ) ;
#7347 = CARTESIAN_POINT ( 'NONE',  ( 37.50000000000000711, 2.399999999999999467, 9.499999999999996447 ) ) ;
#7348 = ORIENTED_EDGE ( 'NONE', *, *, #1026, .T. ) ;
#7349 = CARTESIAN_POINT ( 'NONE',  ( -39.23559074232257160, -0.4901682510450312003, 48.99994091694892262 ) ) ;
#7350 = CARTESIAN_POINT ( 'NONE',  ( 39.00000000000000000, 0.5999999999999999778, -1.999999999999983125 ) ) ;
#7351 = CARTESIAN_POINT ( 'NONE',  ( 38.14976739825421248, -0.3983592565144593589, -38.98159443824523152 ) ) ;
#7352 = ADVANCED_FACE ( 'NONE', ( #3580 ), #5879, .F. ) ;
#7353 = CARTESIAN_POINT ( 'NONE',  ( -1.240000000000006652, 0.5999999999999999778, -41.99999999999998579 ) ) ;
#7354 = DIRECTION ( 'NONE',  ( 0.000000000000000000, 0.000000000000000000, 1.000000000000000000 ) ) ;
#7355 = ORIENTED_EDGE ( 'NONE', *, *, #3674, .F. ) ;
#7356 = ORIENTED_EDGE ( 'NONE', *, *, #2288, .T. ) ;
#7357 = VERTEX_POINT ( 'NONE', #5300 ) ;
#7358 = EDGE_LOOP ( 'NONE', ( #7355, #818, #6451, #6029, #2957 ) ) ;
#7359 = DIRECTION ( 'NONE',  ( 1.000000000000000000, 0.000000000000000000, 0.000000000000000000 ) ) ;
#7360 = LINE ( 'NONE', #5050, #5772 ) ;
#7361 = EDGE_CURVE ( 'NONE', #5267, #5232, #67, .T. ) ;
#7362 = CARTESIAN_POINT ( 'NONE',  ( 44.00000000000000711, -1.600000000000000089, 44.00000000000000000 ) ) ;
#7363 = ORIENTED_EDGE ( 'NONE', *, *, #6241, .T. ) ;
#7364 = CARTESIAN_POINT ( 'NONE',  ( -37.93673239963852950, -0.2360183771158670396, 39.26850353349849598 ) ) ;
#7365 = VERTEX_POINT ( 'NONE', #7071 ) ;
#7366 = AXIS2_PLACEMENT_3D ( 'NONE', #367, #5112, #2119 ) ;
#7367 = SURFACE_SIDE_STYLE ('',( #5019 ) ) ;
#7368 = FACE_OUTER_BOUND ( 'NONE', #3272, .T. ) ;
#7369 = CIRCLE ( 'NONE', #4536, 0.5999999999999997558 ) ;
#7370 = ADVANCED_FACE ( 'NONE', ( #5226 ), #510, .T. ) ;
#7371 = CARTESIAN_POINT ( 'NONE',  ( 49.00000000000000000, 0.5999999999999999778, 37.75867560200558870 ) ) ;
#7372 = AXIS2_PLACEMENT_3D ( 'NONE', #7475, #5634, #4548 ) ;
#7373 = VECTOR ( 'NONE', #4072, 1000.000000000000000 ) ;
#7374 = VERTEX_POINT ( 'NONE', #89 ) ;
#7375 = ORIENTED_EDGE ( 'NONE', *, *, #1496, .T. ) ;
#7376 = CARTESIAN_POINT ( 'NONE',  ( 38.46417554520409965, 0.3305876115166117013, -49.00000000000000000 ) ) ;
#7377 = ORIENTED_EDGE ( 'NONE', *, *, #3147, .T. ) ;
#7378 = APPLICATION_CONTEXT ( 'automotive_design' ) ;
#7379 = FACE_OUTER_BOUND ( 'NONE', #1271, .T. ) ;
#7380 = CARTESIAN_POINT ( 'NONE',  ( -37.50000000000001421, 2.399999999999999467, -10.99999999999999112 ) ) ;
#7381 = AXIS2_PLACEMENT_3D ( 'NONE', #4122, #4724, #6458 ) ;
#7382 = FACE_OUTER_BOUND ( 'NONE', #3427, .T. ) ;
#7383 = CIRCLE ( 'NONE', #6641, 1.500000000000000000 ) ;
#7384 = EDGE_CURVE ( 'NONE', #20, #344, #7528, .T. ) ;
#7385 = DIRECTION ( 'NONE',  ( 0.000000000000000000, 1.000000000000000000, 0.000000000000000000 ) ) ;
#7386 = FACE_OUTER_BOUND ( 'NONE', #4136, .T. ) ;
#7387 = VERTEX_POINT ( 'NONE', #4267 ) ;
#7388 = VECTOR ( 'NONE', #283, 1000.000000000000000 ) ;
#7389 = DIRECTION ( 'NONE',  ( 0.000000000000000000, 1.000000000000000000, 0.000000000000000000 ) ) ;
#7390 = DIRECTION ( 'NONE',  ( 0.000000000000000000, 1.000000000000000000, 0.000000000000000000 ) ) ;
#7391 = CARTESIAN_POINT ( 'NONE',  ( 37.73823217556060428, -0.09441134058113592742, -39.48626343282645479 ) ) ;
#7392 = FACE_OUTER_BOUND ( 'NONE', #2982, .T. ) ;
#7393 = CYLINDRICAL_SURFACE ( 'NONE', #3844, 1.399999999999998579 ) ;
#7394 = ORIENTED_EDGE ( 'NONE', *, *, #7110, .F. ) ;
#7395 = CARTESIAN_POINT ( 'NONE',  ( 12.60000000000000142, 0.5999999999999998668, -1.999999999999982236 ) ) ;
#7396 = ADVANCED_FACE ( 'NONE', ( #4866 ), #1042, .F. ) ;
#7397 = CARTESIAN_POINT ( 'NONE',  ( -39.00000000000000711, 2.399999999999999911, -10.99999999999999645 ) ) ;
#7398 = CARTESIAN_POINT ( 'NONE',  ( -38.67379970112105525, -0.4751976828420667043, 38.43596510674353794 ) ) ;
#7399 =( BOUNDED_SURFACE ( )  B_SPLINE_SURFACE ( 3, 2, ( 
 ( #4212, #4702, #7095 ),
 ( #6477, #5366, #2918 ),
 ( #7132, #1829, #6552 ),
 ( #3564, #5284, #1295 ) ),
 .UNSPECIFIED., .F., .F., .F. ) 
 B_SPLINE_SURFACE_WITH_KNOTS ( ( 4, 4 ),
 ( 3, 3 ),
 ( 0.000000000000000000, 9.801509234625550946E-05 ),
 ( 0.000000000000000000, 1.000000000000000000 ),
 .UNSPECIFIED. ) 
 GEOMETRIC_REPRESENTATION_ITEM ( )  RATIONAL_B_SPLINE_SURFACE ( (
 ( 1.000000000000000000, 0.7071067811865475727, 1.000000000000000000),
 ( 1.000000000000000000, 0.7075441568177186502, 1.000000000000000000),
 ( 1.000000000000000000, 0.7080017506625830848, 1.000000000000000000),
 ( 1.000000000000000000, 0.7084826553175709307, 1.000000000000000000) ) ) 
 REPRESENTATION_ITEM ( '' )  SURFACE ( )  );
#7400 = CARTESIAN_POINT ( 'NONE',  ( 35.75000000000000711, 1.399999999999999689, 0.000000000000000000 ) ) ;
#7401 = EDGE_LOOP ( 'NONE', ( #7096, #4013, #1561, #2285 ) ) ;
#7402 = CARTESIAN_POINT ( 'NONE',  ( 0.2599999999999929035, 0.9999999999999997780, -43.49999999999999289 ) ) ;
#7403 = ADVANCED_FACE ( 'NONE', ( #1878 ), #4226, .F. ) ;
#7404 = ORIENTED_EDGE ( 'NONE', *, *, #4083, .F. ) ;
#7405 = CARTESIAN_POINT ( 'NONE',  ( 38.48275862068965125, -0.5999999999999998668, -38.63321908449344022 ) ) ;
#7406 = DIRECTION ( 'NONE',  ( 0.000000000000000000, 1.000000000000000000, 0.000000000000000000 ) ) ;
#7407 = EDGE_CURVE ( 'NONE', #7579, #2424, #3076, .T. ) ;
#7408 = FACE_OUTER_BOUND ( 'NONE', #3679, .T. ) ;
#7409 = ORIENTED_EDGE ( 'NONE', *, *, #1221, .F. ) ;
#7410 = EDGE_CURVE ( 'NONE', #4201, #6882, #3693, .T. ) ;
#7411 = DIRECTION ( 'NONE',  ( 0.000000000000000000, 1.000000000000000000, 0.000000000000000000 ) ) ;
#7412 = ORIENTED_EDGE ( 'NONE', *, *, #2517, .T. ) ;
#7413 = CARTESIAN_POINT ( 'NONE',  ( -38.48275862068965836, -7.600000000000000533, -38.63321908449344022 ) ) ;
#7414 = AXIS2_PLACEMENT_3D ( 'NONE', #6889, #2089, #6781 ) ;
#7415 = DIRECTION ( 'NONE',  ( 0.000000000000000000, 1.000000000000000000, 0.000000000000000000 ) ) ;
#7416 = ADVANCED_FACE ( 'NONE', ( #2613 ), #7145, .F. ) ;
#7417 = CIRCLE ( 'NONE', #4101, 2.100000000000000977 ) ;
#7418 = DIRECTION ( 'NONE',  ( 0.000000000000000000, 1.000000000000000000, 0.000000000000000000 ) ) ;
#7419 = CARTESIAN_POINT ( 'NONE',  ( -43.99999999999999289, -1.600000000000000089, 44.00000000000000000 ) ) ;
#7420 = VECTOR ( 'NONE', #5312, 1000.000000000000000 ) ;
#7421 = DIRECTION ( 'NONE',  ( -0.000000000000000000, -1.000000000000000000, -0.000000000000000000 ) ) ;
#7422 = ORIENTED_EDGE ( 'NONE', *, *, #5939, .T. ) ;
#7423 = TOROIDAL_SURFACE ( 'NONE', #5656, 1.100000000000000089, 0.4000000000000000222 ) ;
#7424 = DIRECTION ( 'NONE',  ( 0.000000000000000000, 0.000000000000000000, 1.000000000000000000 ) ) ;
#7425 = VECTOR ( 'NONE', #6746, 1000.000000000000000 ) ;
#7426 = EDGE_CURVE ( 'NONE', #3101, #3612, #7167, .T. ) ;
#7427 = DIRECTION ( 'NONE',  ( -0.000000000000000000, -1.000000000000000000, -0.000000000000000000 ) ) ;
#7428 = CIRCLE ( 'NONE', #196, 0.5999999999999998668 ) ;
#7429 = CIRCLE ( 'NONE', #4113, 1.899999999999999023 ) ;
#7430 = CARTESIAN_POINT ( 'NONE',  ( 45.32499999999999574, 1.399999999999999689, 16.16000000000000014 ) ) ;
#7431 = DIRECTION ( 'NONE',  ( -1.000000000000000000, 0.000000000000000000, 0.000000000000000000 ) ) ;
#7432 = DIRECTION ( 'NONE',  ( -1.000000000000000000, 0.000000000000000000, 0.000000000000000000 ) ) ;
#7433 = ORIENTED_EDGE ( 'NONE', *, *, #3814, .F. ) ;
#7434 = CARTESIAN_POINT ( 'NONE',  ( -2.740000000000006875, 0.5999999999999999778, -39.60000000000000142 ) ) ;
#7435 = AXIS2_PLACEMENT_3D ( 'NONE', #5807, #7195, #1925 ) ;
#7436 = CIRCLE ( 'NONE', #943, 1.500000000000001332 ) ;
#7437 = DIRECTION ( 'NONE',  ( -2.124151195073641295E-16, -0.000000000000000000, -1.000000000000000000 ) ) ;
#7438 = CARTESIAN_POINT ( 'NONE',  ( -37.46740987162252168, 0.5986684421056306382, 39.00000000000000000 ) ) ;
#7439 = AXIS2_PLACEMENT_3D ( 'NONE', #5537, #860, #7345 ) ;
#7440 = DIRECTION ( 'NONE',  ( 0.000000000000000000, 0.000000000000000000, 1.000000000000000000 ) ) ;
#7441 = CYLINDRICAL_SURFACE ( 'NONE', #2095, 1.500000000000001332 ) ;
#7442 = ORIENTED_EDGE ( 'NONE', *, *, #7033, .F. ) ;
#7443 = CARTESIAN_POINT ( 'NONE',  ( -1.240000000000006875, 2.399999999999999911, -40.50000000000000000 ) ) ;
#7444 = EDGE_LOOP ( 'NONE', ( #5712, #5770, #2839, #1633, #5806 ) ) ;
#7445 = AXIS2_PLACEMENT_3D ( 'NONE', #7463, #515, #1836 ) ;
#7446 = DIRECTION ( 'NONE',  ( -1.000000000000000000, 0.000000000000000000, 0.000000000000000000 ) ) ;
#7447 = DIRECTION ( 'NONE',  ( 0.000000000000000000, -1.000000000000000000, 0.000000000000000000 ) ) ;
#7448 = ADVANCED_FACE ( 'NONE', ( #204, #1270 ), #5531, .T. ) ;
#7449 = DIRECTION ( 'NONE',  ( -0.000000000000000000, 1.000000000000000000, -0.000000000000000000 ) ) ;
#7450 = ORIENTED_EDGE ( 'NONE', *, *, #4638, .F. ) ;
#7451 = CARTESIAN_POINT ( 'NONE',  ( 38.61518125616986197, -0.3149998928751690519, -48.85371705621215455 ) ) ;
#7452 = VERTEX_POINT ( 'NONE', #1345 ) ;
#7453 = DIRECTION ( 'NONE',  ( 0.000000000000000000, -1.000000000000000000, 0.000000000000000000 ) ) ;
#7454 = DIRECTION ( 'NONE',  ( 0.000000000000000000, 1.000000000000000000, 0.000000000000000000 ) ) ;
#7455 = VECTOR ( 'NONE', #7182, 1000.000000000000000 ) ;
#7456 = DIRECTION ( 'NONE',  ( 0.000000000000000000, 0.000000000000000000, 1.000000000000000000 ) ) ;
#7457 = EDGE_CURVE ( 'NONE', #3467, #6854, #3120, .T. ) ;
#7458 = CYLINDRICAL_SURFACE ( 'NONE', #3615, 0.6000000000000033085 ) ;
#7459 = DIRECTION ( 'NONE',  ( -0.000000000000000000, -1.000000000000000000, -0.000000000000000000 ) ) ;
#7460 = ORIENTED_EDGE ( 'NONE', *, *, #2320, .F. ) ;
#7461 = CYLINDRICAL_SURFACE ( 'NONE', #3616, 0.6000000000000033085 ) ;
#7462 = VECTOR ( 'NONE', #2559, 1000.000000000000000 ) ;
#7463 = CARTESIAN_POINT ( 'NONE',  ( 0.000000000000000000, -1.600000000000000089, 0.000000000000000000 ) ) ;
#7464 = CARTESIAN_POINT ( 'NONE',  ( 37.45114222751231381, -0.001997110768837779757, -39.59766279253700105 ) ) ;
#7465 = VECTOR ( 'NONE', #6108, 1000.000000000000000 ) ;
#7466 = EDGE_CURVE ( 'NONE', #4610, #3695, #4229, .T. ) ;
#7467 = CARTESIAN_POINT ( 'NONE',  ( -37.43473802335273604, 0.6000000000000003109, -39.00000000000000000 ) ) ;
#7468 = EDGE_LOOP ( 'NONE', ( #7125, #4474, #5884 ) ) ;
#7469 = DIRECTION ( 'NONE',  ( -1.000000000000000000, 0.000000000000000000, 0.000000000000000000 ) ) ;
#7470 = DIRECTION ( 'NONE',  ( 0.000000000000000000, 0.000000000000000000, 1.000000000000000000 ) ) ;
#7471 = FACE_OUTER_BOUND ( 'NONE', #2245, .T. ) ;
#7472 = CARTESIAN_POINT ( 'NONE',  ( 0.000000000000000000, 0.000000000000000000, -39.60000000000000142 ) ) ;
#7473 = VERTEX_POINT ( 'NONE', #160 ) ;
#7474 = EDGE_CURVE ( 'NONE', #1250, #7476, #3497, .T. ) ;
#7475 = CARTESIAN_POINT ( 'NONE',  ( 0.2599999999999931810, 0.9999999999999997780, -41.99999999999998579 ) ) ;
#7476 = VERTEX_POINT ( 'NONE', #2492 ) ;
#7477 = DIRECTION ( 'NONE',  ( -0.000000000000000000, -1.000000000000000000, -0.000000000000000000 ) ) ;
#7478 = VERTEX_POINT ( 'NONE', #4823 ) ;
#7479 = DIRECTION ( 'NONE',  ( 1.000000000000000000, -0.000000000000000000, -0.000000000000000000 ) ) ;
#7480 = DIRECTION ( 'NONE',  ( -0.000000000000000000, 1.000000000000000000, 0.000000000000000000 ) ) ;
#7481 = CARTESIAN_POINT ( 'NONE',  ( -39.69089023002067051, -1.600000000000000089, -38.00000000000000000 ) ) ;
#7482 = EDGE_LOOP ( 'NONE', ( #5990, #2058, #205, #891 ) ) ;
#7483 = DIRECTION ( 'NONE',  ( 0.000000000000000000, 1.000000000000000000, 0.000000000000000000 ) ) ;
#7484 = ORIENTED_EDGE ( 'NONE', *, *, #86, .F. ) ;
#7485 = DIRECTION ( 'NONE',  ( 0.000000000000000000, 0.7071067811865410224, 0.7071067811865540120 ) ) ;
#7486 = EDGE_CURVE ( 'NONE', #6707, #4410, #2257, .T. ) ;
#7487 = VECTOR ( 'NONE', #3478, 1000.000000000000000 ) ;
#7488 = LINE ( 'NONE', #7344, #3620 ) ;
#7489 = CIRCLE ( 'NONE', #5528, 0.6000000000000033085 ) ;
#7490 = DIRECTION ( 'NONE',  ( -1.000000000000000000, 0.000000000000000000, 0.000000000000000000 ) ) ;
#7491 = DIRECTION ( 'NONE',  ( 0.000000000000000000, -0.000000000000000000, -1.000000000000000000 ) ) ;
#7492 = AXIS2_PLACEMENT_3D ( 'NONE', #956, #6892, #2640 ) ;
#7493 = ORIENTED_EDGE ( 'NONE', *, *, #2093, .F. ) ;
#7494 = PLANE ( 'NONE',  #311 ) ;
#7495 = LINE ( 'NONE', #5800, #3631 ) ;
#7496 = VECTOR ( 'NONE', #2317, 1000.000000000000000 ) ;
#7497 = VERTEX_POINT ( 'NONE', #4945 ) ;
#7498 = EDGE_CURVE ( 'NONE', #5627, #105, #700, .T. ) ;
#7499 = CARTESIAN_POINT ( 'NONE',  ( 35.75000000000000711, 2.399999999999999911, 34.55529936623838694 ) ) ;
#7500 = AXIS2_PLACEMENT_3D ( 'NONE', #483, #3586, #1161 ) ;
#7501 = ADVANCED_FACE ( 'NONE', ( #4902 ), #6022, .T. ) ;
#7502 = LINE ( 'NONE', #2747, #22 ) ;
#7503 = ORIENTED_EDGE ( 'NONE', *, *, #7486, .T. ) ;
#7504 = CARTESIAN_POINT ( 'NONE',  ( -47.60000000000000853, -0.5999999999999998668, -38.00000000000000000 ) ) ;
#7505 = ADVANCED_FACE ( 'NONE', ( #5719 ), #2345, .T. ) ;
#7506 = CARTESIAN_POINT ( 'NONE',  ( 36.14999999999999858, 1.399999999999999689, 31.84999999999999076 ) ) ;
#7507 = ADVANCED_FACE ( 'NONE', ( #2697 ), #2012, .T. ) ;
#7508 = DIRECTION ( 'NONE',  ( 0.000000000000000000, 0.000000000000000000, 1.000000000000000000 ) ) ;
#7509 = DIRECTION ( 'NONE',  ( -0.000000000000000000, -1.000000000000000000, 0.000000000000000000 ) ) ;
#7510 = EDGE_LOOP ( 'NONE', ( #4203, #1840, #1395, #2322 ) ) ;
#7511 = DIRECTION ( 'NONE',  ( 0.000000000000000000, 1.000000000000000000, 0.000000000000000000 ) ) ;
#7512 = ORIENTED_EDGE ( 'NONE', *, *, #837, .T. ) ;
#7513 = CARTESIAN_POINT ( 'NONE',  ( -39.00000000000000711, 0.5960057784623229438, -37.50000000000000000 ) ) ;
#7514 = VECTOR ( 'NONE', #3688, 1000.000000000000000 ) ;
#7515 = VERTEX_POINT ( 'NONE', #3352 ) ;
#7516 = DIRECTION ( 'NONE',  ( 0.000000000000000000, 1.000000000000000000, -0.000000000000000000 ) ) ;
#7517 = ADVANCED_FACE ( 'NONE', ( #2769 ), #2182, .F. ) ;
#7518 = CARTESIAN_POINT ( 'NONE',  ( 18.00000000000000355, 2.399999999999999467, -1.999999999999982236 ) ) ;
#7519 = LINE ( 'NONE', #2216, #6104 ) ;
#7520 = EDGE_LOOP ( 'NONE', ( #6631, #4751, #4225, #1142 ) ) ;
#7521 = CARTESIAN_POINT ( 'NONE',  ( 38.92038483689042039, -0.01382958147091078657, 49.00000000000001421 ) ) ;
#7522 = VERTEX_POINT ( 'NONE', #3963 ) ;
#7523 = DIRECTION ( 'NONE',  ( 0.000000000000000000, 0.000000000000000000, 1.000000000000000000 ) ) ;
#7524 = CARTESIAN_POINT ( 'NONE',  ( 27.73999999999999133, 2.399999999999999911, -43.50000000000000000 ) ) ;
#7525 = DIRECTION ( 'NONE',  ( -0.3908736291420409348, -3.390288303064753829E-15, 0.9204443524957554024 ) ) ;
#7526 = CARTESIAN_POINT ( 'NONE',  ( 34.00000000000000000, 2.399999999999999911, 12.49999999999999645 ) ) ;
#7527 = ORIENTED_EDGE ( 'NONE', *, *, #3286, .T. ) ;
#7528 = LINE ( 'NONE', #4642, #2882 ) ;
#7529 = CARTESIAN_POINT ( 'NONE',  ( 0.000000000000000000, 1.399999999999999689, 27.34999999999998721 ) ) ;
#7530 = ORIENTED_EDGE ( 'NONE', *, *, #457, .F. ) ;
#7531 = CARTESIAN_POINT ( 'NONE',  ( -44.00000000000000711, -1.399999999999990585, -42.10000000000000142 ) ) ;
#7532 = CARTESIAN_POINT ( 'NONE',  ( 39.00000000000000000, 2.399999999999999911, -9.499999999999991118 ) ) ;
#7533 = CIRCLE ( 'NONE', #4228, 0.3999999999999975797 ) ;
#7534 = VECTOR ( 'NONE', #3492, 1000.000000000000000 ) ;
#7535 = CIRCLE ( 'NONE', #3877, 1.500000000000001332 ) ;
#7536 = EDGE_CURVE ( 'NONE', #90, #3635, #6398, .T. ) ;
#7537 = CARTESIAN_POINT ( 'NONE',  ( 22.25000000000000711, 1.399999999999999689, 34.55529936623839404 ) ) ;
#7538 = ORIENTED_EDGE ( 'NONE', *, *, #5091, .F. ) ;
#7539 = DIRECTION ( 'NONE',  ( 0.000000000000000000, 0.000000000000000000, -1.000000000000000000 ) ) ;
#7540 = CIRCLE ( 'NONE', #4233, 0.5999999999999998668 ) ;
#7541 = TOROIDAL_SURFACE ( 'NONE', #4481, 2.100000000000000089, 0.5999999999999999778 ) ;
#7542 = CIRCLE ( 'NONE', #5828, 1.100000000000000311 ) ;
#7543 = ORIENTED_EDGE ( 'NONE', *, *, #5443, .F. ) ;
#7544 = DIRECTION ( 'NONE',  ( -1.000000000000000000, 0.000000000000000000, 0.000000000000000000 ) ) ;
#7545 = LINE ( 'NONE', #3408, #1113 ) ;
#7546 = CARTESIAN_POINT ( 'NONE',  ( -38.63321908449344733, -0.5999999999999998668, -38.48275862068964415 ) ) ;
#7547 = CARTESIAN_POINT ( 'NONE',  ( 45.85000000000000142, 1.399999999999999689, 29.34999999999999432 ) ) ;
#7548 = ADVANCED_FACE ( 'NONE', ( #4034 ), #5213, .F. ) ;
#7549 = CIRCLE ( 'NONE', #1172, 1.500000000000001332 ) ;
#7550 = CARTESIAN_POINT ( 'NONE',  ( -1.240000000000006875, 0.9999999999999997780, -41.99999999999998579 ) ) ;
#7551 = ORIENTED_EDGE ( 'NONE', *, *, #3214, .F. ) ;
#7552 = DIRECTION ( 'NONE',  ( 0.000000000000000000, 0.000000000000000000, -1.000000000000000000 ) ) ;
#7553 = EDGE_CURVE ( 'NONE', #6377, #6397, #5753, .T. ) ;
#7554 = EDGE_LOOP ( 'NONE', ( #599, #3735, #3112, #3360 ) ) ;
#7555 = ORIENTED_EDGE ( 'NONE', *, *, #5344, .T. ) ;
#7556 = DIRECTION ( 'NONE',  ( 1.000000000000000000, 0.000000000000000000, 0.000000000000000000 ) ) ;
#7557 = AXIS2_PLACEMENT_3D ( 'NONE', #4639, #5686, #4563 ) ;
#7558 = CARTESIAN_POINT ( 'NONE',  ( -39.10043076053192834, -0.3325418712461461479, 38.05817206349901483 ) ) ;
#7559 = AXIS2_PLACEMENT_3D ( 'NONE', #4600, #5944, #6986 ) ;
#7560 = CARTESIAN_POINT ( 'NONE',  ( 26.34266137470398306, 2.399999999999999911, 28.44999999999998863 ) ) ;
#7561 = EDGE_LOOP ( 'NONE', ( #4398, #4285, #7257, #242 ) ) ;
#7562 = EDGE_CURVE ( 'NONE', #2176, #6124, #3261, .T. ) ;
#7563 = ORIENTED_EDGE ( 'NONE', *, *, #4584, .F. ) ;
#7564 = DIRECTION ( 'NONE',  ( 0.000000000000000000, 1.000000000000000000, 0.000000000000000000 ) ) ;
#7565 = ORIENTED_EDGE ( 'NONE', *, *, #332, .T. ) ;
#7566 = CARTESIAN_POINT ( 'NONE',  ( 32.50000000000001421, 2.399999999999999911, 20.00000000000000355 ) ) ;
#7567 = DIRECTION ( 'NONE',  ( 0.000000000000000000, 0.000000000000000000, -1.000000000000000000 ) ) ;
#7568 = DIRECTION ( 'NONE',  ( 0.000000000000000000, -1.000000000000000000, 0.000000000000000000 ) ) ;
#7569 = DIRECTION ( 'NONE',  ( 1.000000000000000000, 0.000000000000000000, 0.000000000000000000 ) ) ;
#7570 = ADVANCED_FACE ( 'NONE', ( #1752 ), #3987, .F. ) ;
#7571 = EDGE_LOOP ( 'NONE', ( #835, #2945, #6967, #2193 ) ) ;
#7572 = DIRECTION ( 'NONE',  ( 0.000000000000000000, -1.000000000000000000, 0.000000000000000000 ) ) ;
#7573 = CARTESIAN_POINT ( 'NONE',  ( -39.69089023002066341, -0.6000000000000000888, 37.39999999999999858 ) ) ;
#7574 = ORIENTED_EDGE ( 'NONE', *, *, #7093, .F. ) ;
#7575 = VECTOR ( 'NONE', #6679, 1000.000000000000000 ) ;
#7576 = DIRECTION ( 'NONE',  ( 0.000000000000000000, 0.000000000000000000, 1.000000000000000000 ) ) ;
#7577 = LINE ( 'NONE', #6997, #275 ) ;
#7578 = VECTOR ( 'NONE', #573, 1000.000000000000000 ) ;
#7579 = VERTEX_POINT ( 'NONE', #40 ) ;
#7580 = CARTESIAN_POINT ( 'NONE',  ( 37.40206632590398783, 0.000000000000000000, -39.60000000000000142 ) ) ;
#7581 = ORIENTED_EDGE ( 'NONE', *, *, #2800, .F. ) ;
#7582 = EDGE_CURVE ( 'NONE', #7473, #3807, #2877, .T. ) ;
#7583 = LINE ( 'NONE', #3477, #323 ) ;
#7584 = DIRECTION ( 'NONE',  ( 0.000000000000000000, 0.000000000000000000, 1.000000000000000000 ) ) ;
#7585 = CARTESIAN_POINT ( 'NONE',  ( 38.63321908449343312, -0.5999999999999998668, -38.48275862068965125 ) ) ;
#7586 = CARTESIAN_POINT ( 'NONE',  ( -37.41844022969614514, 1.910982295054070522E-16, -39.59925818688578403 ) ) ;
#7587 = CARTESIAN_POINT ( 'NONE',  ( 37.43476505088620598, 0.5999999990652205017, -39.00000000000000000 ) ) ;
#7588 = ORIENTED_EDGE ( 'NONE', *, *, #3550, .F. ) ;
#7589 = CARTESIAN_POINT ( 'NONE',  ( -38.21394124037795592, 0.01460302048399925688, -38.82170880144111891 ) ) ;
#7590 = ORIENTED_EDGE ( 'NONE', *, *, #6620, .T. ) ;
#7591 = VERTEX_POINT ( 'NONE', #1796 ) ;
#7592 = ADVANCED_FACE ( 'NONE', ( #1681 ), #4953, .T. ) ;
#7593 = CARTESIAN_POINT ( 'NONE',  ( -43.99999999999999289, -1.399999999999990585, 44.00000000000000000 ) ) ;
#7594 = CARTESIAN_POINT ( 'NONE',  ( 39.60000000000000853, 0.5999999999999999778, 9.499999999999996447 ) ) ;
#7595 = CARTESIAN_POINT ( 'NONE',  ( 37.40000000000000568, 0.000000000000000000, -39.69089023002065630 ) ) ;
#7596 = VERTEX_POINT ( 'NONE', #1222 ) ;
ENDSEC;
END-ISO-10303-21;
