ISO-10303-21;
HEADER;
FILE_DESCRIPTION (( 'STEP AP214' ),
    '1' );
FILE_NAME ('零件1.3.STEP',
    '2025-06-11T11:39:05',
    ( '' ),
    ( '' ),
    'SwSTEP 2.0',
    'SolidWorks 2020',
    '' );
FILE_SCHEMA (( 'AUTOMOTIVE_DESIGN' ));
ENDSEC;

DATA;
#1 = ORIENTED_EDGE ( 'NONE', *, *, #2697, .T. ) ;
#2 = CARTESIAN_POINT ( 'NONE',  ( -34.60000000000000853, 4.000000000000000000, -15.90000000000000036 ) ) ;
#3 = FACE_OUTER_BOUND ( 'NONE', #2455, .T. ) ;
#4 = DIRECTION ( 'NONE',  ( 0.000000000000000000, -1.000000000000000000, 0.000000000000000000 ) ) ;
#5 = DIRECTION ( 'NONE',  ( -0.000000000000000000, -1.000000000000000000, -0.000000000000000000 ) ) ;
#6 = EDGE_CURVE ( 'NONE', #3942, #3983, #2972, .T. ) ;
#7 = ORIENTED_EDGE ( 'NONE', *, *, #1969, .T. ) ;
#8 = ORIENTED_EDGE ( 'NONE', *, *, #474, .T. ) ;
#9 = CARTESIAN_POINT ( 'NONE',  ( 12.90000000000002522, 1.000000000000000000, -16.40000000000000213 ) ) ;
#10 = EDGE_CURVE ( 'NONE', #3323, #1158, #811, .T. ) ;
#11 = CARTESIAN_POINT ( 'NONE',  ( 8.000000000000024869, -1.399999999999999911, -19.09999999999999787 ) ) ;
#12 = CARTESIAN_POINT ( 'NONE',  ( 0.000000000000000000, -1.399999999999999911, 19.09999999999999787 ) ) ;
#13 = EDGE_CURVE ( 'NONE', #206, #829, #523, .T. ) ;
#14 = DIRECTION ( 'NONE',  ( 1.000000000000000000, -0.000000000000000000, 1.040834085586101454E-14 ) ) ;
#15 = ORIENTED_EDGE ( 'NONE', *, *, #536, .T. ) ;
#16 = DIRECTION ( 'NONE',  ( -1.000000000000000000, 0.000000000000000000, 0.000000000000000000 ) ) ;
#17 = FACE_OUTER_BOUND ( 'NONE', #2105, .T. ) ;
#18 = EDGE_LOOP ( 'NONE', ( #2402, #209, #106, #8 ) ) ;
#19 = VECTOR ( 'NONE', #3640, 1000.000000000000227 ) ;
#20 = CARTESIAN_POINT ( 'NONE',  ( 8.000000000000007105, -0.9000000000000000222, 20.10000000000000142 ) ) ;
#21 = DIRECTION ( 'NONE',  ( -0.000000000000000000, 1.000000000000000000, -0.000000000000000000 ) ) ;
#22 = CARTESIAN_POINT ( 'NONE',  ( 7.200000000000034817, 4.000000000000000000, 19.10000000000001208 ) ) ;
#23 = CARTESIAN_POINT ( 'NONE',  ( -11.00000000000001776, -0.8999999999999998002, 20.89999999999998082 ) ) ;
#24 = CIRCLE ( 'NONE', #3214, 1.000000000000000888 ) ;
#25 = VERTEX_POINT ( 'NONE', #2976 ) ;
#26 = AXIS2_PLACEMENT_3D ( 'NONE', #1492, #3913, #3952 ) ;
#27 = EDGE_LOOP ( 'NONE', ( #1328, #3848, #2315, #1535 ) ) ;
#28 = CARTESIAN_POINT ( 'NONE',  ( 12.90000000000001634, 0.000000000000000000, 18.09999999999999432 ) ) ;
#29 = PLANE ( 'NONE',  #1252 ) ;
#30 = LINE ( 'NONE', #2485, #2371 ) ;
#31 = DIRECTION ( 'NONE',  ( 0.000000000000000000, 0.000000000000000000, -1.000000000000000000 ) ) ;
#32 = EDGE_CURVE ( 'NONE', #2194, #1849, #2307, .T. ) ;
#33 = DIRECTION ( 'NONE',  ( -1.000000000000000000, 0.000000000000000000, 0.000000000000000000 ) ) ;
#34 = VECTOR ( 'NONE', #782, 1000.000000000000114 ) ;
#35 = ORIENTED_EDGE ( 'NONE', *, *, #307, .T. ) ;
#36 = EDGE_CURVE ( 'NONE', #3512, #2346, #1733, .T. ) ;
#37 = VECTOR ( 'NONE', #783, 1000.000000000000000 ) ;
#38 = DIRECTION ( 'NONE',  ( -1.000000000000000000, 0.000000000000000000, 0.000000000000000000 ) ) ;
#39 = AXIS2_PLACEMENT_3D ( 'NONE', #1929, #2184, #1857 ) ;
#40 = CARTESIAN_POINT ( 'NONE',  ( -8.000000000000012434, -0.9000000000000000222, -20.10000000000000142 ) ) ;
#41 = ADVANCED_FACE ( 'NONE', ( #540 ), #1130, .T. ) ;
#42 = EDGE_LOOP ( 'NONE', ( #1714, #1525, #2177, #3015 ) ) ;
#43 = DIRECTION ( 'NONE',  ( 0.000000000000000000, -1.000000000000000000, 0.000000000000000000 ) ) ;
#44 = CARTESIAN_POINT ( 'NONE',  ( 0.000000000000000000, 4.000000000000000000, 17.89999999999998082 ) ) ;
#45 = CARTESIAN_POINT ( 'NONE',  ( -8.000000000000012434, -1.399999999999999911, -20.10000000000000142 ) ) ;
#46 = LINE ( 'NONE', #660, #3068 ) ;
#47 = ORIENTED_EDGE ( 'NONE', *, *, #1035, .F. ) ;
#48 = VERTEX_POINT ( 'NONE', #1149 ) ;
#49 = ORIENTED_EDGE ( 'NONE', *, *, #3764, .F. ) ;
#50 = DIRECTION ( 'NONE',  ( 0.000000000000000000, -1.000000000000000000, 0.000000000000000000 ) ) ;
#51 = SURFACE_SIDE_STYLE ('',( #1011 ) ) ;
#52 = CARTESIAN_POINT ( 'NONE',  ( -8.000000000000015987, -0.8999999999999998002, -20.39999999999998082 ) ) ;
#53 = DIRECTION ( 'NONE',  ( 0.000000000000000000, 0.000000000000000000, -1.000000000000000000 ) ) ;
#54 = EDGE_LOOP ( 'NONE', ( #2783, #935, #727, #1896 ) ) ;
#55 = LINE ( 'NONE', #1609, #468 ) ;
#56 = DIRECTION ( 'NONE',  ( 0.000000000000000000, -1.000000000000000000, 0.000000000000000000 ) ) ;
#57 = ORIENTED_EDGE ( 'NONE', *, *, #281, .F. ) ;
#58 = EDGE_CURVE ( 'NONE', #3433, #3173, #2582, .T. ) ;
#59 = AXIS2_PLACEMENT_3D ( 'NONE', #3400, #2443, #639 ) ;
#60 = EDGE_CURVE ( 'NONE', #3081, #1191, #1070, .T. ) ;
#61 = CARTESIAN_POINT ( 'NONE',  ( 8.000000000000024869, -0.8999999999999998002, -20.39999999999999503 ) ) ;
#62 = EDGE_CURVE ( 'NONE', #48, #3098, #4011, .T. ) ;
#63 = FACE_OUTER_BOUND ( 'NONE', #1992, .T. ) ;
#64 = VERTEX_POINT ( 'NONE', #1392 ) ;
#65 = AXIS2_PLACEMENT_3D ( 'NONE', #603, #943, #1560 ) ;
#66 = AXIS2_PLACEMENT_3D ( 'NONE', #3145, #2144, #3458 ) ;
#67 = EDGE_CURVE ( 'NONE', #169, #2538, #126, .T. ) ;
#68 = CARTESIAN_POINT ( 'NONE',  ( 0.000000000000000000, 4.000000000000000000, -17.89999999999998792 ) ) ;
#69 = DIRECTION ( 'NONE',  ( 0.000000000000000000, 1.000000000000000000, -0.000000000000000000 ) ) ;
#70 = AXIS2_PLACEMENT_3D ( 'NONE', #3220, #3531, #439 ) ;
#71 = CIRCLE ( 'NONE', #796, 0.5000000000000004441 ) ;
#72 = CARTESIAN_POINT ( 'NONE',  ( 11.00000000000002487, 4.000000000000000000, -20.69999999999998153 ) ) ;
#73 = DIRECTION ( 'NONE',  ( 0.000000000000000000, 0.000000000000000000, -1.000000000000000000 ) ) ;
#74 = ORIENTED_EDGE ( 'NONE', *, *, #1059, .F. ) ;
#75 = EDGE_LOOP ( 'NONE', ( #1879, #1592, #1420, #3368 ) ) ;
#76 = ORIENTED_EDGE ( 'NONE', *, *, #241, .T. ) ;
#77 = LINE ( 'NONE', #1010, #2939 ) ;
#78 = FACE_OUTER_BOUND ( 'NONE', #3836, .T. ) ;
#79 = FILL_AREA_STYLE_COLOUR ( '', #3555 ) ;
#80 = FACE_OUTER_BOUND ( 'NONE', #911, .T. ) ;
#81 = ORIENTED_EDGE ( 'NONE', *, *, #481, .T. ) ;
#82 = CARTESIAN_POINT ( 'NONE',  ( 33.39999999999999147, 1.500000000000000000, -16.90000000000000213 ) ) ;
#83 = DIRECTION ( 'NONE',  ( 0.000000000000000000, 0.000000000000000000, 1.000000000000000000 ) ) ;
#84 = ORIENTED_EDGE ( 'NONE', *, *, #3440, .F. ) ;
#85 = CIRCLE ( 'NONE', #271, 1.000000000000000888 ) ;
#86 = CARTESIAN_POINT ( 'NONE',  ( -35.60000000000000142, 4.000000000000000000, 18.09999999999999432 ) ) ;
#87 = DIRECTION ( 'NONE',  ( -0.000000000000000000, -1.000000000000000000, -0.000000000000000000 ) ) ;
#88 = VERTEX_POINT ( 'NONE', #2458 ) ;
#89 = CARTESIAN_POINT ( 'NONE',  ( 8.000000000000010658, -0.8999999999999998002, 20.89999999999999503 ) ) ;
#90 = FACE_OUTER_BOUND ( 'NONE', #1827, .T. ) ;
#91 = CARTESIAN_POINT ( 'NONE',  ( -7.005012562893394801, -0.8999999999999998002, -19.99999999999997158 ) ) ;
#92 = EDGE_CURVE ( 'NONE', #3313, #2683, #3027, .T. ) ;
#93 = ORIENTED_EDGE ( 'NONE', *, *, #903, .T. ) ;
#94 = ORIENTED_EDGE ( 'NONE', *, *, #3701, .T. ) ;
#95 = CARTESIAN_POINT ( 'NONE',  ( 34.59999999999999432, 4.000000000000000000, -17.10000000000000142 ) ) ;
#96 = PRESENTATION_LAYER_ASSIGNMENT (  '', '', ( #2425 ) ) ;
#97 = CARTESIAN_POINT ( 'NONE',  ( 0.000000000000000000, -0.9000000000000000222, 20.39999999999999503 ) ) ;
#98 = DIRECTION ( 'NONE',  ( -1.000000000000000000, -0.000000000000000000, -0.000000000000000000 ) ) ;
#99 = CARTESIAN_POINT ( 'NONE',  ( 34.60000000000000142, 1.999999999999998668, 17.09999999999999432 ) ) ;
#100 = EDGE_CURVE ( 'NONE', #3347, #580, #2254, .T. ) ;
#101 = EDGE_LOOP ( 'NONE', ( #3752, #2099, #1254, #1232 ) ) ;
#102 = VECTOR ( 'NONE', #319, 1000.000000000000000 ) ;
#103 = AXIS2_PLACEMENT_3D ( 'NONE', #752, #1983, #472 ) ;
#104 = LINE ( 'NONE', #758, #1122 ) ;
#105 = DIRECTION ( 'NONE',  ( 0.000000000000000000, 0.000000000000000000, -1.000000000000000000 ) ) ;
#106 = ORIENTED_EDGE ( 'NONE', *, *, #3696, .T. ) ;
#107 = CARTESIAN_POINT ( 'NONE',  ( 33.89999999999999147, 1.500000000000000000, -15.90000000000000036 ) ) ;
#108 = DIRECTION ( 'NONE',  ( -1.040834085586101454E-14, 0.000000000000000000, 1.000000000000000000 ) ) ;
#109 = CIRCLE ( 'NONE', #1727, 0.3999999999999975797 ) ;
#110 = ORIENTED_EDGE ( 'NONE', *, *, #2127, .T. ) ;
#111 = CARTESIAN_POINT ( 'NONE',  ( -35.39999999999998437, 4.000000000000000000, 6.785548182273917907E-15 ) ) ;
#112 = LINE ( 'NONE', #3153, #3761 ) ;
#113 = DIRECTION ( 'NONE',  ( -0.000000000000000000, 1.000000000000000000, -0.000000000000000000 ) ) ;
#114 = EDGE_CURVE ( 'NONE', #1412, #3840, #3960, .T. ) ;
#115 = ORIENTED_EDGE ( 'NONE', *, *, #3016, .T. ) ;
#116 = EDGE_CURVE ( 'NONE', #2595, #3494, #2771, .T. ) ;
#117 = VERTEX_POINT ( 'NONE', #2762 ) ;
#118 = ADVANCED_FACE ( 'NONE', ( #2705 ), #267, .T. ) ;
#119 = VERTEX_POINT ( 'NONE', #3707 ) ;
#120 = CARTESIAN_POINT ( 'NONE',  ( -34.60000000000000142, 4.000000000000000000, 17.09999999999999432 ) ) ;
#121 = LINE ( 'NONE', #3566, #3408 ) ;
#122 = FACE_OUTER_BOUND ( 'NONE', #617, .T. ) ;
#123 = EDGE_CURVE ( 'NONE', #3323, #322, #1764, .T. ) ;
#124 = DIRECTION ( 'NONE',  ( -0.000000000000000000, 1.000000000000000000, -0.000000000000000000 ) ) ;
#125 = ORIENTED_EDGE ( 'NONE', *, *, #1059, .T. ) ;
#126 = CIRCLE ( 'NONE', #453, 1.000000000000000888 ) ;
#127 = CARTESIAN_POINT ( 'NONE',  ( 6.000000000000025757, 0.000000000000000000, -19.10000000000000142 ) ) ;
#128 = ADVANCED_FACE ( 'NONE', ( #937 ), #3379, .F. ) ;
#129 = FACE_OUTER_BOUND ( 'NONE', #2980, .T. ) ;
#130 = ORIENTED_EDGE ( 'NONE', *, *, #844, .F. ) ;
#131 = DIRECTION ( 'NONE',  ( -0.000000000000000000, 1.000000000000000000, -0.000000000000000000 ) ) ;
#132 = LINE ( 'NONE', #437, #1781 ) ;
#133 = CIRCLE ( 'NONE', #3038, 0.6999999999999853006 ) ;
#134 = ORIENTED_EDGE ( 'NONE', *, *, #2347, .F. ) ;
#135 = CARTESIAN_POINT ( 'NONE',  ( 35.60000000000000142, 1.999999999999998668, 17.09999999999999432 ) ) ;
#136 = CARTESIAN_POINT ( 'NONE',  ( 8.000000000000007105, -0.9000000000000000222, 19.09999999999999787 ) ) ;
#137 = AXIS2_PLACEMENT_3D ( 'NONE', #2579, #1380, #3831 ) ;
#138 = VERTEX_POINT ( 'NONE', #3065 ) ;
#139 = ORIENTED_EDGE ( 'NONE', *, *, #3925, .T. ) ;
#140 = ORIENTED_EDGE ( 'NONE', *, *, #3016, .F. ) ;
#141 = DIRECTION ( 'NONE',  ( 0.000000000000000000, -1.000000000000000000, -0.000000000000000000 ) ) ;
#142 = AXIS2_PLACEMENT_3D ( 'NONE', #1885, #2215, #1540 ) ;
#143 = DIRECTION ( 'NONE',  ( 0.000000000000000000, 0.000000000000000000, -1.000000000000000000 ) ) ;
#144 = CARTESIAN_POINT ( 'NONE',  ( -34.40000000000000568, 1.500000000000000000, 15.89999999999999325 ) ) ;
#145 = ORIENTED_EDGE ( 'NONE', *, *, #2008, .T. ) ;
#146 = EDGE_CURVE ( 'NONE', #1280, #2996, #290, .T. ) ;
#147 = LINE ( 'NONE', #1377, #404 ) ;
#148 = CARTESIAN_POINT ( 'NONE',  ( 8.000000000000024869, -0.8999999999999998002, -20.89999999999999503 ) ) ;
#149 = DIRECTION ( 'NONE',  ( -0.000000000000000000, 1.000000000000000000, -0.000000000000000000 ) ) ;
#150 = ORIENTED_EDGE ( 'NONE', *, *, #2250, .T. ) ;
#151 = EDGE_CURVE ( 'NONE', #2272, #1721, #862, .T. ) ;
#152 = CARTESIAN_POINT ( 'NONE',  ( 33.39999999999999147, 4.000000000000000000, -15.90000000000000036 ) ) ;
#153 = CARTESIAN_POINT ( 'NONE',  ( -11.90000000000002345, 1.999999999999998668, -19.99999999999998224 ) ) ;
#154 = VECTOR ( 'NONE', #3204, 1000.000000000000114 ) ;
#155 = DIRECTION ( 'NONE',  ( -0.000000000000000000, 1.000000000000000000, -0.000000000000000000 ) ) ;
#156 = EDGE_LOOP ( 'NONE', ( #2947, #1450, #140, #847 ) ) ;
#157 = ORIENTED_EDGE ( 'NONE', *, *, #2943, .T. ) ;
#158 = DIRECTION ( 'NONE',  ( 0.000000000000000000, 0.000000000000000000, -1.000000000000000000 ) ) ;
#159 = DIRECTION ( 'NONE',  ( 0.000000000000000000, -1.000000000000000000, 0.000000000000000000 ) ) ;
#160 = CARTESIAN_POINT ( 'NONE',  ( 8.000000000000007105, -0.9000000000000000222, 19.59999999999999787 ) ) ;
#161 = DIRECTION ( 'NONE',  ( -1.000000000000000000, 0.000000000000000000, 2.739037067331807526E-15 ) ) ;
#162 = ORIENTED_EDGE ( 'NONE', *, *, #930, .F. ) ;
#163 = VECTOR ( 'NONE', #2462, 1000.000000000000114 ) ;
#164 = EDGE_LOOP ( 'NONE', ( #654, #15, #3123, #3291, #804, #3228 ) ) ;
#165 = VECTOR ( 'NONE', #925, 1000.000000000000000 ) ;
#166 = DIRECTION ( 'NONE',  ( 0.000000000000000000, 0.000000000000000000, -1.000000000000000000 ) ) ;
#167 = DIRECTION ( 'NONE',  ( 0.000000000000000000, -1.000000000000000000, 0.000000000000000000 ) ) ;
#168 = AXIS2_PLACEMENT_3D ( 'NONE', #2110, #2456, #573 ) ;
#169 = VERTEX_POINT ( 'NONE', #2093 ) ;
#170 = VECTOR ( 'NONE', #2052, 1000.000000000000000 ) ;
#171 = AXIS2_PLACEMENT_3D ( 'NONE', #1168, #883, #3342 ) ;
#172 = EDGE_CURVE ( 'NONE', #1724, #3656, #556, .T. ) ;
#173 = DIRECTION ( 'NONE',  ( -0.000000000000000000, 1.000000000000000000, -0.000000000000000000 ) ) ;
#174 = CARTESIAN_POINT ( 'NONE',  ( 7.000000000000010658, 9.643580423808986168, 19.89999999999998082 ) ) ;
#175 = EDGE_CURVE ( 'NONE', #889, #2981, #3399, .T. ) ;
#176 = CARTESIAN_POINT ( 'NONE',  ( 33.39999999999999147, 4.000000000000000000, -15.90000000000000036 ) ) ;
#177 = CONICAL_SURFACE ( 'NONE', #2436, 1.199999999999999734, 0.09966865249115765268 ) ;
#178 = VECTOR ( 'NONE', #436, 1000.000000000000000 ) ;
#179 = ORIENTED_EDGE ( 'NONE', *, *, #116, .T. ) ;
#180 = VERTEX_POINT ( 'NONE', #3339 ) ;
#181 = ORIENTED_EDGE ( 'NONE', *, *, #281, .T. ) ;
#182 = CARTESIAN_POINT ( 'NONE',  ( 7.000000000000021316, 1.999999999999998224, 19.10000000000000853 ) ) ;
#183 = VECTOR ( 'NONE', #2253, 1000.000000000000000 ) ;
#184 = CARTESIAN_POINT ( 'NONE',  ( -11.70000000000000817, 4.000000000000000000, 19.09999999999998721 ) ) ;
#185 = APPLICATION_PROTOCOL_DEFINITION ( 'draft international standard', 'automotive_design', 1998, #2232 ) ;
#186 = DIRECTION ( 'NONE',  ( 0.000000000000000000, 0.000000000000000000, -1.000000000000000000 ) ) ;
#187 = ORIENTED_EDGE ( 'NONE', *, *, #1378, .F. ) ;
#188 = EDGE_LOOP ( 'NONE', ( #1291, #1348, #2282, #1784 ) ) ;
#189 = DIRECTION ( 'NONE',  ( -0.000000000000000000, 1.000000000000000000, -0.000000000000000000 ) ) ;
#190 = DIRECTION ( 'NONE',  ( 0.000000000000000000, 0.000000000000000000, -1.000000000000000000 ) ) ;
#191 = ORIENTED_EDGE ( 'NONE', *, *, #2121, .T. ) ;
#192 = VECTOR ( 'NONE', #3621, 1000.000000000000000 ) ;
#193 = CARTESIAN_POINT ( 'NONE',  ( -11.00000000000001776, 9.643580423808986168, 20.89999999999998082 ) ) ;
#194 = DIRECTION ( 'NONE',  ( -0.000000000000000000, 1.000000000000000000, -0.000000000000000000 ) ) ;
#195 = EDGE_CURVE ( 'NONE', #580, #1887, #3997, .T. ) ;
#196 = ADVANCED_FACE ( 'NONE', ( #3361 ), #2650, .T. ) ;
#197 = ADVANCED_FACE ( 'NONE', ( #917 ), #596, .F. ) ;
#198 = DIRECTION ( 'NONE',  ( -0.000000000000000000, 1.000000000000000000, -0.000000000000000000 ) ) ;
#199 = ORIENTED_EDGE ( 'NONE', *, *, #2323, .F. ) ;
#200 = ORIENTED_EDGE ( 'NONE', *, *, #3365, .T. ) ;
#201 = CARTESIAN_POINT ( 'NONE',  ( -11.00000000000002487, 4.000000000000000000, -19.99999999999998224 ) ) ;
#202 = DIRECTION ( 'NONE',  ( 0.000000000000000000, 0.9950371902099884869, 0.09950371902100506316 ) ) ;
#203 = DIRECTION ( 'NONE',  ( -1.000000000000000000, 0.000000000000000000, 0.000000000000000000 ) ) ;
#204 = VERTEX_POINT ( 'NONE', #1844 ) ;
#205 = AXIS2_PLACEMENT_3D ( 'NONE', #3737, #927, #33 ) ;
#206 = VERTEX_POINT ( 'NONE', #1537 ) ;
#207 = CARTESIAN_POINT ( 'NONE',  ( 11.00000000000002487, -1.399999999999999911, -19.59999999999999787 ) ) ;
#208 = CARTESIAN_POINT ( 'NONE',  ( 8.000000000000024869, -0.8999999999999998002, -19.89999999999999503 ) ) ;
#209 = ORIENTED_EDGE ( 'NONE', *, *, #60, .T. ) ;
#210 = DIRECTION ( 'NONE',  ( -1.387778780781449462E-14, 0.000000000000000000, 1.000000000000000000 ) ) ;
#211 = FACE_OUTER_BOUND ( 'NONE', #3760, .T. ) ;
#212 = ORIENTED_EDGE ( 'NONE', *, *, #2767, .F. ) ;
#213 = ORIENTED_EDGE ( 'NONE', *, *, #3058, .F. ) ;
#214 = LINE ( 'NONE', #1467, #3389 ) ;
#215 = DIRECTION ( 'NONE',  ( 0.09950371902100590971, -0.9950371902099883759, 0.000000000000000000 ) ) ;
#216 = CARTESIAN_POINT ( 'NONE',  ( 33.39999999999999147, 1.000000000000000000, 15.89999999999999325 ) ) ;
#217 = ADVANCED_FACE ( 'NONE', ( #1235 ), #3828, .T. ) ;
#218 = ORIENTED_EDGE ( 'NONE', *, *, #2471, .T. ) ;
#219 = ORIENTED_EDGE ( 'NONE', *, *, #3320, .F. ) ;
#220 = DIRECTION ( 'NONE',  ( -0.09950371902100593746, 0.9950371902099883759, -1.726114373327265178E-15 ) ) ;
#221 = DIRECTION ( 'NONE',  ( 0.000000000000000000, 0.000000000000000000, -1.000000000000000000 ) ) ;
#222 = ORIENTED_EDGE ( 'NONE', *, *, #3606, .F. ) ;
#223 = AXIS2_PLACEMENT_3D ( 'NONE', #623, #3089, #73 ) ;
#224 = DIRECTION ( 'NONE',  ( -1.000000000000000000, -0.000000000000000000, -0.000000000000000000 ) ) ;
#225 = AXIS2_PLACEMENT_3D ( 'NONE', #1702, #3912, #1379 ) ;
#226 = DIRECTION ( 'NONE',  ( -0.9950371902099884869, -0.09950371902100554888, 2.725443747358848806E-15 ) ) ;
#227 = AXIS2_PLACEMENT_3D ( 'NONE', #1562, #1605, #1308 ) ;
#228 = CIRCLE ( 'NONE', #3010, 1.200000000000013500 ) ;
#229 = ORIENTED_EDGE ( 'NONE', *, *, #2861, .T. ) ;
#230 = DIRECTION ( 'NONE',  ( -1.000000000000000000, 0.000000000000000000, 0.000000000000000000 ) ) ;
#231 = CARTESIAN_POINT ( 'NONE',  ( -10.99999999999997335, -0.9000000000000000222, -19.09999999999999787 ) ) ;
#232 = AXIS2_PLACEMENT_3D ( 'NONE', #826, #3633, #2363 ) ;
#233 = DIRECTION ( 'NONE',  ( -0.9950371902099884869, 0.09950371902100592358, -2.725443747358868528E-15 ) ) ;
#234 = VECTOR ( 'NONE', #2362, 1000.000000000000000 ) ;
#235 = CARTESIAN_POINT ( 'NONE',  ( 11.00000000000002487, 1.999999999999998224, -19.99999999999999645 ) ) ;
#236 = EDGE_CURVE ( 'NONE', #1724, #3271, #3958, .T. ) ;
#237 = AXIS2_PLACEMENT_3D ( 'NONE', #371, #1930, #1661 ) ;
#238 = EDGE_CURVE ( 'NONE', #1705, #2210, #1932, .T. ) ;
#239 = ORIENTED_EDGE ( 'NONE', *, *, #1383, .T. ) ;
#240 = ORIENTED_EDGE ( 'NONE', *, *, #236, .T. ) ;
#241 = EDGE_CURVE ( 'NONE', #3983, #3821, #2907, .T. ) ;
#242 = DIRECTION ( 'NONE',  ( 0.000000000000000000, 0.000000000000000000, 1.000000000000000000 ) ) ;
#243 = CARTESIAN_POINT ( 'NONE',  ( 11.00000000000002132, -0.9000000000000000222, 19.59999999999999787 ) ) ;
#244 = EDGE_LOOP ( 'NONE', ( #749, #2119, #1936, #1114 ) ) ;
#245 = CARTESIAN_POINT ( 'NONE',  ( -35.60000000000000142, 1.999999999999999112, 17.09999999999999432 ) ) ;
#246 = ORIENTED_EDGE ( 'NONE', *, *, #3033, .T. ) ;
#247 = CARTESIAN_POINT ( 'NONE',  ( 0.000000000000000000, 4.000000000000000000, -17.89999999999998792 ) ) ;
#248 = LINE ( 'NONE', #2729, #784 ) ;
#249 = CARTESIAN_POINT ( 'NONE',  ( -35.60000000000000853, 1.999999999999998224, -17.10000000000000142 ) ) ;
#250 = CARTESIAN_POINT ( 'NONE',  ( -7.200000000000237321, 4.000000000000000000, -7.494005416220177728E-14 ) ) ;
#251 = AXIS2_PLACEMENT_3D ( 'NONE', #1184, #3422, #2133 ) ;
#252 = ORIENTED_EDGE ( 'NONE', *, *, #1386, .T. ) ;
#253 = EDGE_LOOP ( 'NONE', ( #3650, #1759, #1742, #3964 ) ) ;
#254 = PLANE ( 'NONE',  #1390 ) ;
#255 = CARTESIAN_POINT ( 'NONE',  ( 6.000000000000019540, 0.000000000000000000, 18.09999999999999432 ) ) ;
#256 = VERTEX_POINT ( 'NONE', #3174 ) ;
#257 = AXIS2_PLACEMENT_3D ( 'NONE', #924, #3093, #2448 ) ;
#258 = VECTOR ( 'NONE', #590, 1000.000000000000000 ) ;
#259 = EDGE_CURVE ( 'NONE', #733, #2616, #2710, .T. ) ;
#260 = CIRCLE ( 'NONE', #589, 1.000000000000000888 ) ;
#261 = PRODUCT_DEFINITION ( '未知', '', #3288, #3432 ) ;
#262 = CARTESIAN_POINT ( 'NONE',  ( 7.005012562893389472, -1.399999999999999911, 19.99999999999997868 ) ) ;
#263 = ORIENTED_EDGE ( 'NONE', *, *, #2673, .F. ) ;
#264 = EDGE_CURVE ( 'NONE', #2221, #2869, #3240, .T. ) ;
#265 = DIRECTION ( 'NONE',  ( 0.000000000000000000, 0.000000000000000000, -1.000000000000000000 ) ) ;
#266 = EDGE_LOOP ( 'NONE', ( #1950, #380, #1755, #1101 ) ) ;
#267 = CYLINDRICAL_SURFACE ( 'NONE', #378, 0.5000000000000004441 ) ;
#268 = CARTESIAN_POINT ( 'NONE',  ( 0.000000000000000000, -1.399999999999999911, 0.000000000000000000 ) ) ;
#269 = CARTESIAN_POINT ( 'NONE',  ( 0.000000000000000000, 4.000000000000000000, 17.89999999999998082 ) ) ;
#270 = CARTESIAN_POINT ( 'NONE',  ( -33.40000000000000568, 1.000000000000000000, -15.90000000000000036 ) ) ;
#271 = AXIS2_PLACEMENT_3D ( 'NONE', #3622, #509, #831 ) ;
#272 = ORIENTED_EDGE ( 'NONE', *, *, #824, .F. ) ;
#273 = VERTEX_POINT ( 'NONE', #327 ) ;
#274 = AXIS2_PLACEMENT_3D ( 'NONE', #2960, #2044, #1167 ) ;
#275 = DIRECTION ( 'NONE',  ( 0.000000000000000000, -1.000000000000000000, 0.000000000000000000 ) ) ;
#276 = LINE ( 'NONE', #3387, #2563 ) ;
#277 = ORIENTED_EDGE ( 'NONE', *, *, #2008, .F. ) ;
#278 = DIRECTION ( 'NONE',  ( 0.000000000000000000, 0.000000000000000000, -1.000000000000000000 ) ) ;
#279 = EDGE_CURVE ( 'NONE', #1173, #664, #1909, .T. ) ;
#280 = ORIENTED_EDGE ( 'NONE', *, *, #1749, .F. ) ;
#281 = EDGE_CURVE ( 'NONE', #2817, #1772, #3044, .T. ) ;
#282 = CIRCLE ( 'NONE', #2559, 1.000000000000000888 ) ;
#283 = CONICAL_SURFACE ( 'NONE', #1773, 0.7999999999999847233, 0.09966865249116950431 ) ;
#284 = AXIS2_PLACEMENT_3D ( 'NONE', #1944, #407, #1656 ) ;
#285 = FACE_OUTER_BOUND ( 'NONE', #3919, .T. ) ;
#286 = EDGE_LOOP ( 'NONE', ( #2887, #1890, #3822, #3537 ) ) ;
#287 = AXIS2_PLACEMENT_3D ( 'NONE', #12, #1853, #1213 ) ;
#288 = AXIS2_PLACEMENT_3D ( 'NONE', #490, #3865, #2592 ) ;
#289 = ADVANCED_FACE ( 'NONE', ( #346 ), #1554, .T. ) ;
#290 = LINE ( 'NONE', #2442, #308 ) ;
#291 = FACE_OUTER_BOUND ( 'NONE', #3226, .T. ) ;
#292 = MECHANICAL_DESIGN_GEOMETRIC_PRESENTATION_REPRESENTATION (  '', ( #2695 ), #2492 ) ;
#293 = DIRECTION ( 'NONE',  ( -0.000000000000000000, -1.000000000000000000, -0.000000000000000000 ) ) ;
#294 = DIRECTION ( 'NONE',  ( -0.000000000000000000, -1.000000000000000000, -0.000000000000000000 ) ) ;
#295 = ORIENTED_EDGE ( 'NONE', *, *, #1860, .F. ) ;
#296 = ORIENTED_EDGE ( 'NONE', *, *, #3303, .T. ) ;
#297 = CARTESIAN_POINT ( 'NONE',  ( -34.40000000000000568, 1.500000000000000000, -16.90000000000000213 ) ) ;
#298 = DIRECTION ( 'NONE',  ( 0.000000000000000000, 0.000000000000000000, -1.000000000000000000 ) ) ;
#299 = DIRECTION ( 'NONE',  ( 0.000000000000000000, 0.000000000000000000, -1.000000000000000000 ) ) ;
#300 = CIRCLE ( 'NONE', #1522, 0.8999999999999980238 ) ;
#301 = ORIENTED_EDGE ( 'NONE', *, *, #1140, .T. ) ;
#302 = CARTESIAN_POINT ( 'NONE',  ( 11.00000000000001776, -0.8999999999999998002, 19.99999999999999645 ) ) ;
#303 = EDGE_LOOP ( 'NONE', ( #1008, #295, #3084, #592 ) ) ;
#304 = LINE ( 'NONE', #2316, #3669 ) ;
#305 = EDGE_CURVE ( 'NONE', #857, #1914, #3590, .T. ) ;
#306 = EDGE_LOOP ( 'NONE', ( #2033, #316, #2490, #2694 ) ) ;
#307 = EDGE_CURVE ( 'NONE', #3271, #3776, #1597, .T. ) ;
#308 = VECTOR ( 'NONE', #2728, 1000.000000000000000 ) ;
#309 = DIRECTION ( 'NONE',  ( 0.000000000000000000, -0.09950371902100510479, 0.9950371902099885979 ) ) ;
#310 = DIRECTION ( 'NONE',  ( -1.000000000000000000, 0.000000000000000000, 0.000000000000000000 ) ) ;
#311 = CARTESIAN_POINT ( 'NONE',  ( -7.510102051443380944, -1.399999999999999911, -19.99999999999998224 ) ) ;
#312 = ADVANCED_FACE ( 'NONE', ( #1576 ), #373, .T. ) ;
#313 = CARTESIAN_POINT ( 'NONE',  ( 11.00000000000002487, -0.8999999999999998002, -19.09999999999999787 ) ) ;
#314 = EDGE_CURVE ( 'NONE', #2247, #1843, #2795, .T. ) ;
#315 = ORIENTED_EDGE ( 'NONE', *, *, #2717, .F. ) ;
#316 = ORIENTED_EDGE ( 'NONE', *, *, #1680, .F. ) ;
#317 = DIRECTION ( 'NONE',  ( 0.000000000000000000, 0.000000000000000000, -1.000000000000000000 ) ) ;
#318 = FILL_AREA_STYLE_COLOUR ( '', #1454 ) ;
#319 = DIRECTION ( 'NONE',  ( 1.000000000000000000, 0.000000000000000000, 0.000000000000000000 ) ) ;
#320 = CARTESIAN_POINT ( 'NONE',  ( -7.000000000000222933, 9.643580423808986168, -7.285838599102941944E-14 ) ) ;
#321 = CIRCLE ( 'NONE', #3181, 0.7999999999999847233 ) ;
#322 = VERTEX_POINT ( 'NONE', #3152 ) ;
#323 = AXIS2_PLACEMENT_3D ( 'NONE', #3187, #1634, #1402 ) ;
#324 = DIRECTION ( 'NONE',  ( -0.000000000000000000, 1.000000000000000000, -0.000000000000000000 ) ) ;
#325 = DIRECTION ( 'NONE',  ( 0.000000000000000000, -1.000000000000000000, 0.000000000000000000 ) ) ;
#326 = VERTEX_POINT ( 'NONE', #678 ) ;
#327 = CARTESIAN_POINT ( 'NONE',  ( -10.99999999999997335, 0.000000000000000000, -19.09999999999999787 ) ) ;
#328 = CARTESIAN_POINT ( 'NONE',  ( -34.40000000000000568, 1.999999999999914957, -16.90000000000000213 ) ) ;
#329 = DIRECTION ( 'NONE',  ( -0.000000000000000000, 1.000000000000000000, 0.000000000000000000 ) ) ;
#330 = CARTESIAN_POINT ( 'NONE',  ( -6.000000000000025757, 1.999999999999998224, -18.10000000000000142 ) ) ;
#331 = EDGE_CURVE ( 'NONE', #3656, #1882, #2499, .T. ) ;
#332 = ORIENTED_EDGE ( 'NONE', *, *, #3129, .T. ) ;
#333 = ORIENTED_EDGE ( 'NONE', *, *, #151, .F. ) ;
#334 = LINE ( 'NONE', #645, #3883 ) ;
#335 = EDGE_CURVE ( 'NONE', #728, #1558, #3489, .T. ) ;
#336 = DIRECTION ( 'NONE',  ( -7.709882115452493155E-15, 0.000000000000000000, -1.000000000000000000 ) ) ;
#337 = CARTESIAN_POINT ( 'NONE',  ( 11.00000000000002487, 1.999999999999998224, -20.89999999999999503 ) ) ;
#338 = CARTESIAN_POINT ( 'NONE',  ( 7.005012562893405459, -0.8999999999999998002, -19.99999999999999645 ) ) ;
#339 = EDGE_CURVE ( 'NONE', #3269, #3677, #3746, .T. ) ;
#340 = CARTESIAN_POINT ( 'NONE',  ( -33.40000000000000568, 1.999999999999914957, -16.90000000000000213 ) ) ;
#341 = ORIENTED_EDGE ( 'NONE', *, *, #2890, .T. ) ;
#342 = LINE ( 'NONE', #720, #2440 ) ;
#343 = CARTESIAN_POINT ( 'NONE',  ( -34.60000000000000853, 1.999999999999998668, -18.10000000000000142 ) ) ;
#344 = EDGE_LOOP ( 'NONE', ( #3213, #722, #3711, #687, #3506, #1261, #3699, #2168 ) ) ;
#345 = AXIS2_PLACEMENT_3D ( 'NONE', #776, #124, #186 ) ;
#346 = FACE_OUTER_BOUND ( 'NONE', #3079, .T. ) ;
#347 = CARTESIAN_POINT ( 'NONE',  ( -6.000000000000019540, 0.000000000000000000, 19.09999999999999432 ) ) ;
#348 = CARTESIAN_POINT ( 'NONE',  ( 8.000000000000024869, 9.643580423808986168, -20.89999999999999503 ) ) ;
#349 = AXIS2_PLACEMENT_3D ( 'NONE', #2170, #2793, #1534 ) ;
#350 = LINE ( 'NONE', #1886, #3615 ) ;
#351 = AXIS2_PLACEMENT_3D ( 'NONE', #208, #3035, #190 ) ;
#352 = AXIS2_PLACEMENT_3D ( 'NONE', #2450, #3077, #1813 ) ;
#353 = ORIENTED_EDGE ( 'NONE', *, *, #2061, .F. ) ;
#354 = EDGE_LOOP ( 'NONE', ( #3459, #222, #1921, #47 ) ) ;
#355 = VERTEX_POINT ( 'NONE', #89 ) ;
#356 = PLANE ( 'NONE',  #65 ) ;
#357 = FACE_OUTER_BOUND ( 'NONE', #409, .T. ) ;
#358 = CARTESIAN_POINT ( 'NONE',  ( 35.39999999999998437, 4.000000000000000000, -17.10000000000000142 ) ) ;
#359 = ORIENTED_EDGE ( 'NONE', *, *, #717, .T. ) ;
#360 = ADVANCED_FACE ( 'NONE', ( #2189 ), #1320, .F. ) ;
#361 = PRESENTATION_LAYER_ASSIGNMENT (  '', '', ( #2695 ) ) ;
#362 = ADVANCED_FACE ( 'NONE', ( #3196 ), #417, .F. ) ;
#363 = FACE_OUTER_BOUND ( 'NONE', #42, .T. ) ;
#364 = LINE ( 'NONE', #2537, #2724 ) ;
#365 = AXIS2_PLACEMENT_3D ( 'NONE', #2607, #3490, #3221 ) ;
#366 = VERTEX_POINT ( 'NONE', #1974 ) ;
#367 = EDGE_CURVE ( 'NONE', #3840, #415, #3443, .T. ) ;
#368 = AXIS2_PLACEMENT_3D ( 'NONE', #2555, #3988, #1607 ) ;
#369 = CARTESIAN_POINT ( 'NONE',  ( -8.000000000000015987, 4.000000000000000000, -19.89999999999998082 ) ) ;
#370 = AXIS2_PLACEMENT_3D ( 'NONE', #3834, #3120, #2581 ) ;
#371 = CARTESIAN_POINT ( 'NONE',  ( -11.00000000000002487, -0.8999999999999998002, -19.99999999999998224 ) ) ;
#372 = ORIENTED_EDGE ( 'NONE', *, *, #1274, .F. ) ;
#373 = PLANE ( 'NONE',  #792 ) ;
#374 = DIRECTION ( 'NONE',  ( 0.000000000000000000, 0.000000000000000000, -1.000000000000000000 ) ) ;
#375 = DIRECTION ( 'NONE',  ( 0.000000000000000000, 0.000000000000000000, -1.000000000000000000 ) ) ;
#376 = DIRECTION ( 'NONE',  ( 0.000000000000000000, -1.000000000000000000, 0.000000000000000000 ) ) ;
#377 = ORIENTED_EDGE ( 'NONE', *, *, #2463, .T. ) ;
#378 = AXIS2_PLACEMENT_3D ( 'NONE', #1166, #2403, #2132 ) ;
#379 = ORIENTED_EDGE ( 'NONE', *, *, #3556, .F. ) ;
#380 = ORIENTED_EDGE ( 'NONE', *, *, #1245, .F. ) ;
#381 = CARTESIAN_POINT ( 'NONE',  ( 0.000000000000000000, 4.000000000000000000, 17.89999999999998082 ) ) ;
#382 = CARTESIAN_POINT ( 'NONE',  ( 8.000000000000024869, -1.399999999999999911, -20.39999999999999503 ) ) ;
#383 = DIRECTION ( 'NONE',  ( 0.000000000000000000, -1.000000000000000000, 0.000000000000000000 ) ) ;
#384 = CARTESIAN_POINT ( 'NONE',  ( -8.000000000000015987, 4.000000000000000000, -20.69999999999996732 ) ) ;
#385 = VERTEX_POINT ( 'NONE', #734 ) ;
#386 = DIRECTION ( 'NONE',  ( 0.000000000000000000, 0.000000000000000000, -1.000000000000000000 ) ) ;
#387 = DIRECTION ( 'NONE',  ( 0.000000000000000000, 0.000000000000000000, -1.000000000000000000 ) ) ;
#388 = ORIENTED_EDGE ( 'NONE', *, *, #2334, .F. ) ;
#389 = DIRECTION ( 'NONE',  ( 0.000000000000000000, -1.000000000000000000, 0.000000000000000000 ) ) ;
#390 = PRODUCT_RELATED_PRODUCT_CATEGORY ( 'part', '', ( #1214 ) ) ;
#391 = DIRECTION ( 'NONE',  ( -1.916821520416361651E-16, 0.000000000000000000, -1.000000000000000000 ) ) ;
#392 = ADVANCED_FACE ( 'NONE', ( #363 ), #1313, .T. ) ;
#393 = EDGE_LOOP ( 'NONE', ( #830, #3113, #2078, #1770 ) ) ;
#394 = VECTOR ( 'NONE', #155, 1000.000000000000000 ) ;
#395 = CARTESIAN_POINT ( 'NONE',  ( 11.00000000000002487, -1.399999999999999911, -19.99999999999999645 ) ) ;
#396 = FACE_OUTER_BOUND ( 'NONE', #1022, .T. ) ;
#397 = EDGE_CURVE ( 'NONE', #3092, #3301, #55, .T. ) ;
#398 = DIRECTION ( 'NONE',  ( 0.000000000000000000, 0.000000000000000000, -1.000000000000000000 ) ) ;
#399 = ORIENTED_EDGE ( 'NONE', *, *, #1442, .F. ) ;
#400 = ORIENTED_EDGE ( 'NONE', *, *, #1676, .F. ) ;
#401 = CARTESIAN_POINT ( 'NONE',  ( 11.90000000000001634, 1.999999999999998224, 19.99999999999999645 ) ) ;
#402 = LINE ( 'NONE', #1331, #3991 ) ;
#403 = LINE ( 'NONE', #1012, #1837 ) ;
#404 = VECTOR ( 'NONE', #2617, 1000.000000000000000 ) ;
#405 = CYLINDRICAL_SURFACE ( 'NONE', #3003, 0.5000000000000004441 ) ;
#406 = ORIENTED_EDGE ( 'NONE', *, *, #3830, .F. ) ;
#407 = DIRECTION ( 'NONE',  ( 0.000000000000000000, -1.000000000000000000, 0.000000000000000000 ) ) ;
#408 = CARTESIAN_POINT ( 'NONE',  ( -7.200000000000035705, 4.000000000000000000, 19.89999999999998082 ) ) ;
#409 = EDGE_LOOP ( 'NONE', ( #2840, #1019, #3396, #3599 ) ) ;
#410 = VECTOR ( 'NONE', #795, 1000.000000000000000 ) ;
#411 = CARTESIAN_POINT ( 'NONE',  ( 0.000000000000000000, 4.000000000000000000, -17.89999999999998792 ) ) ;
#412 = DIRECTION ( 'NONE',  ( 0.000000000000000000, 0.000000000000000000, -1.000000000000000000 ) ) ;
#413 = ADVANCED_FACE ( 'NONE', ( #2557 ), #1336, .T. ) ;
#414 = ADVANCED_FACE ( 'NONE', ( #1897 ), #1487, .F. ) ;
#415 = VERTEX_POINT ( 'NONE', #1962 ) ;
#416 = EDGE_CURVE ( 'NONE', #1360, #3313, #2561, .T. ) ;
#417 = CYLINDRICAL_SURFACE ( 'NONE', #2204, 1.000000000000000888 ) ;
#418 = CARTESIAN_POINT ( 'NONE',  ( 11.00000000000002487, 9.643580423808986168, -20.89999999999999503 ) ) ;
#419 = CARTESIAN_POINT ( 'NONE',  ( -11.00000000000000355, -1.399999999999999911, -19.59999999999999787 ) ) ;
#420 = AXIS2_PLACEMENT_3D ( 'NONE', #982, #3069, #3710 ) ;
#421 = ORIENTED_EDGE ( 'NONE', *, *, #1448, .T. ) ;
#422 = VERTEX_POINT ( 'NONE', #454 ) ;
#423 = EDGE_LOOP ( 'NONE', ( #3625, #1635, #3277, #601 ) ) ;
#424 = CARTESIAN_POINT ( 'NONE',  ( 7.000000000000010658, 0.000000000000000000, 19.89999999999998082 ) ) ;
#425 = CIRCLE ( 'NONE', #1971, 1.000000000000000888 ) ;
#426 = VECTOR ( 'NONE', #2431, 1000.000000000000227 ) ;
#427 = CARTESIAN_POINT ( 'NONE',  ( -35.60000000000000853, 0.000000000000000000, -17.10000000000000142 ) ) ;
#428 = CYLINDRICAL_SURFACE ( 'NONE', #2303, 1.000000000000000888 ) ;
#429 = CARTESIAN_POINT ( 'NONE',  ( 11.00000000000002132, -1.399999999999999911, 19.59999999999999787 ) ) ;
#430 = VERTEX_POINT ( 'NONE', #3849 ) ;
#431 = CIRCLE ( 'NONE', #3994, 0.5000000000000004441 ) ;
#432 = CIRCLE ( 'NONE', #2564, 0.5000000000000004441 ) ;
#433 = DIRECTION ( 'NONE',  ( -0.000000000000000000, 1.000000000000000000, -0.000000000000000000 ) ) ;
#434 = CARTESIAN_POINT ( 'NONE',  ( 8.000000000000007105, -1.399999999999999911, 19.59999999999999787 ) ) ;
#435 = ORIENTED_EDGE ( 'NONE', *, *, #844, .T. ) ;
#436 = DIRECTION ( 'NONE',  ( -0.000000000000000000, -1.000000000000000000, -0.000000000000000000 ) ) ;
#437 = CARTESIAN_POINT ( 'NONE',  ( 12.90000000000001634, 4.000000000000000000, 18.09999999999999432 ) ) ;
#438 = ORIENTED_EDGE ( 'NONE', *, *, #3195, .T. ) ;
#439 = DIRECTION ( 'NONE',  ( 0.000000000000000000, 0.000000000000000000, -1.000000000000000000 ) ) ;
#440 = DIRECTION ( 'NONE',  ( 0.000000000000000000, 0.000000000000000000, -1.000000000000000000 ) ) ;
#441 = DIRECTION ( 'NONE',  ( 0.000000000000000000, 0.9950371902099883759, 0.09950371902100677013 ) ) ;
#442 = EDGE_CURVE ( 'NONE', #566, #1501, #1322, .T. ) ;
#443 = ORIENTED_EDGE ( 'NONE', *, *, #3767, .T. ) ;
#444 = ORIENTED_EDGE ( 'NONE', *, *, #840, .T. ) ;
#445 = ORIENTED_EDGE ( 'NONE', *, *, #2513, .T. ) ;
#446 = CARTESIAN_POINT ( 'NONE',  ( 0.000000000000000000, 4.000000000000000000, 17.89999999999998082 ) ) ;
#447 = EDGE_CURVE ( 'NONE', #1139, #3561, #2162, .T. ) ;
#448 = DIRECTION ( 'NONE',  ( -1.000000000000000000, 0.000000000000000000, 0.000000000000000000 ) ) ;
#449 = PLANE ( 'NONE',  #1778 ) ;
#450 = DIRECTION ( 'NONE',  ( 0.000000000000000000, -1.000000000000000000, -0.000000000000000000 ) ) ;
#451 = EDGE_CURVE ( 'NONE', #3301, #206, #1015, .T. ) ;
#452 = ORIENTED_EDGE ( 'NONE', *, *, #611, .T. ) ;
#453 = AXIS2_PLACEMENT_3D ( 'NONE', #1466, #3421, #2150 ) ;
#454 = CARTESIAN_POINT ( 'NONE',  ( 11.70000000000000995, 4.000000000000000000, -19.99999999999999645 ) ) ;
#455 = CARTESIAN_POINT ( 'NONE',  ( -12.90000000000002345, 4.000000000000000000, 17.89999999999998082 ) ) ;
#456 = EDGE_CURVE ( 'NONE', #1191, #1954, #614, .T. ) ;
#457 = FACE_OUTER_BOUND ( 'NONE', #1403, .T. ) ;
#458 = ORIENTED_EDGE ( 'NONE', *, *, #2786, .F. ) ;
#459 = DIRECTION ( 'NONE',  ( 5.204170427930416550E-15, 0.000000000000000000, -1.000000000000000000 ) ) ;
#460 = CARTESIAN_POINT ( 'NONE',  ( 35.39999999999998437, 4.000000000000000000, -6.785548182273917907E-15 ) ) ;
#461 = AXIS2_PLACEMENT_3D ( 'NONE', #1483, #2115, #3690 ) ;
#462 = FACE_OUTER_BOUND ( 'NONE', #895, .T. ) ;
#463 = CARTESIAN_POINT ( 'NONE',  ( 35.59999999999999432, 4.000000000000000000, -17.10000000000000142 ) ) ;
#464 = VECTOR ( 'NONE', #2156, 1000.000000000000000 ) ;
#465 = VECTOR ( 'NONE', #2510, 1000.000000000000114 ) ;
#466 = ORIENTED_EDGE ( 'NONE', *, *, #264, .T. ) ;
#467 = ORIENTED_EDGE ( 'NONE', *, *, #771, .T. ) ;
#468 = VECTOR ( 'NONE', #2877, 1000.000000000000227 ) ;
#469 = CARTESIAN_POINT ( 'NONE',  ( 11.00000000000001776, 4.000000000000000000, 19.99999999999999645 ) ) ;
#470 = DIRECTION ( 'NONE',  ( 0.000000000000000000, 0.000000000000000000, -1.000000000000000000 ) ) ;
#471 = CIRCLE ( 'NONE', #142, 1.000000000000000888 ) ;
#472 = DIRECTION ( 'NONE',  ( 1.000000000000000000, 0.000000000000000000, -0.000000000000000000 ) ) ;
#473 = CARTESIAN_POINT ( 'NONE',  ( 7.060142256157804219, -1.162584027163197531, 19.99999999999997513 ) ) ;
#474 = EDGE_CURVE ( 'NONE', #1986, #3577, #694, .T. ) ;
#475 = VERTEX_POINT ( 'NONE', #1287 ) ;
#476 = ORIENTED_EDGE ( 'NONE', *, *, #3249, .F. ) ;
#477 = EDGE_CURVE ( 'NONE', #3173, #1054, #1055, .T. ) ;
#478 = CARTESIAN_POINT ( 'NONE',  ( 11.00000000000001776, 4.000000000000000000, 20.69999999999998153 ) ) ;
#479 = LINE ( 'NONE', #3237, #2077 ) ;
#480 = ORIENTED_EDGE ( 'NONE', *, *, #2140, .F. ) ;
#481 = EDGE_CURVE ( 'NONE', #3776, #3656, #2327, .T. ) ;
#482 = CARTESIAN_POINT ( 'NONE',  ( -12.90000000000002522, 4.000000000000000000, -18.10000000000000142 ) ) ;
#483 = CARTESIAN_POINT ( 'NONE',  ( 6.000000000000021316, 9.643580423808986168, 19.09999999999999432 ) ) ;
#484 = AXIS2_PLACEMENT_3D ( 'NONE', #2024, #2330, #2080 ) ;
#485 = LINE ( 'NONE', #2891, #2664 ) ;
#486 = VERTEX_POINT ( 'NONE', #1925 ) ;
#487 = ORIENTED_EDGE ( 'NONE', *, *, #2399, .F. ) ;
#488 = ORIENTED_EDGE ( 'NONE', *, *, #3592, .T. ) ;
#489 = DIRECTION ( 'NONE',  ( 0.000000000000000000, 0.000000000000000000, -1.000000000000000000 ) ) ;
#490 = CARTESIAN_POINT ( 'NONE',  ( -33.40000000000000568, 1.000000000000000000, 15.89999999999999325 ) ) ;
#491 = LINE ( 'NONE', #3521, #757 ) ;
#492 = ORIENTED_EDGE ( 'NONE', *, *, #2004, .T. ) ;
#493 = CIRCLE ( 'NONE', #1767, 0.5000000000000004441 ) ;
#494 = VERTEX_POINT ( 'NONE', #82 ) ;
#495 = AXIS2_PLACEMENT_3D ( 'NONE', #3697, #2713, #1174 ) ;
#496 = EDGE_CURVE ( 'NONE', #2739, #3630, #2288, .T. ) ;
#497 = FACE_OUTER_BOUND ( 'NONE', #3982, .T. ) ;
#498 = FACE_OUTER_BOUND ( 'NONE', #662, .T. ) ;
#499 = EDGE_CURVE ( 'NONE', #2504, #2247, #104, .T. ) ;
#500 = ORIENTED_EDGE ( 'NONE', *, *, #2349, .F. ) ;
#501 = EDGE_CURVE ( 'NONE', #1501, #3271, #992, .T. ) ;
#502 = CYLINDRICAL_SURFACE ( 'NONE', #2818, 1.000000000000000888 ) ;
#503 = DIRECTION ( 'NONE',  ( 0.000000000000000000, -1.000000000000000000, 0.000000000000000000 ) ) ;
#504 = CARTESIAN_POINT ( 'NONE',  ( -7.000000000000021316, 4.000000000000000000, 19.09999999999999432 ) ) ;
#505 = AXIS2_PLACEMENT_3D ( 'NONE', #535, #3305, #3917 ) ;
#506 = ORIENTED_EDGE ( 'NONE', *, *, #3327, .F. ) ;
#507 = EDGE_LOOP ( 'NONE', ( #2674, #2481, #3384, #277 ) ) ;
#508 = DIRECTION ( 'NONE',  ( 0.000000000000000000, 0.000000000000000000, -1.000000000000000000 ) ) ;
#509 = DIRECTION ( 'NONE',  ( -0.000000000000000000, 1.000000000000000000, -0.000000000000000000 ) ) ;
#510 = CARTESIAN_POINT ( 'NONE',  ( 7.000000000000010658, 1.999999999999998224, 19.89999999999998082 ) ) ;
#511 = LINE ( 'NONE', #2406, #19 ) ;
#512 = ORIENTED_EDGE ( 'NONE', *, *, #2948, .F. ) ;
#513 = ORIENTED_EDGE ( 'NONE', *, *, #1707, .F. ) ;
#514 = CARTESIAN_POINT ( 'NONE',  ( -33.40000000000000568, 1.999999999999914957, -15.90000000000000036 ) ) ;
#515 = DIRECTION ( 'NONE',  ( -0.000000000000000000, 1.000000000000000000, -0.000000000000000000 ) ) ;
#516 = ORIENTED_EDGE ( 'NONE', *, *, #1442, .T. ) ;
#517 = AXIS2_PLACEMENT_3D ( 'NONE', #3673, #2778, #899 ) ;
#518 = FACE_OUTER_BOUND ( 'NONE', #1812, .T. ) ;
#519 = CARTESIAN_POINT ( 'NONE',  ( 0.000000000000000000, -1.399999999999999911, 19.59999999999999787 ) ) ;
#520 = EDGE_CURVE ( 'NONE', #3178, #204, #147, .T. ) ;
#521 = ORIENTED_EDGE ( 'NONE', *, *, #2098, .T. ) ;
#522 = EDGE_CURVE ( 'NONE', #2084, #1518, #1080, .T. ) ;
#523 = LINE ( 'NONE', #1750, #192 ) ;
#524 = FACE_OUTER_BOUND ( 'NONE', #1603, .T. ) ;
#525 = CARTESIAN_POINT ( 'NONE',  ( -12.90000000000002522, 4.000000000000000000, -17.89999999999998792 ) ) ;
#526 = SHAPE_DEFINITION_REPRESENTATION ( #1465, #2982 ) ;
#527 = DIRECTION ( 'NONE',  ( -1.040834085586101454E-14, 0.000000000000000000, 1.000000000000000000 ) ) ;
#528 = ORIENTED_EDGE ( 'NONE', *, *, #934, .F. ) ;
#529 = CIRCLE ( 'NONE', #2271, 1.000000000000000888 ) ;
#530 = ORIENTED_EDGE ( 'NONE', *, *, #3058, .T. ) ;
#531 = DIRECTION ( 'NONE',  ( -1.000000000000000000, 0.000000000000000000, 0.000000000000000000 ) ) ;
#532 = CARTESIAN_POINT ( 'NONE',  ( 35.39999999999998437, 4.000000000000000000, -6.785548182273917907E-15 ) ) ;
#533 = ORIENTED_EDGE ( 'NONE', *, *, #1007, .F. ) ;
#534 = FACE_OUTER_BOUND ( 'NONE', #1506, .T. ) ;
#535 = CARTESIAN_POINT ( 'NONE',  ( 33.39999999999999147, 1.500000000000000000, -16.40000000000000213 ) ) ;
#536 = EDGE_CURVE ( 'NONE', #2247, #3000, #1298, .T. ) ;
#537 = EDGE_CURVE ( 'NONE', #1662, #3636, #1868, .T. ) ;
#538 = ORIENTED_EDGE ( 'NONE', *, *, #2625, .F. ) ;
#539 = ADVANCED_FACE ( 'NONE', ( #3170 ), #1040, .F. ) ;
#540 = FACE_OUTER_BOUND ( 'NONE', #1720, .T. ) ;
#541 = DIRECTION ( 'NONE',  ( 0.000000000000000000, -1.000000000000000000, 0.000000000000000000 ) ) ;
#542 = FACE_OUTER_BOUND ( 'NONE', #3927, .T. ) ;
#543 = DIRECTION ( 'NONE',  ( 0.000000000000000000, 0.000000000000000000, -1.000000000000000000 ) ) ;
#544 = EDGE_LOOP ( 'NONE', ( #2784, #3887, #3359, #3091 ) ) ;
#545 = EDGE_LOOP ( 'NONE', ( #3827, #2813, #1165, #1553 ) ) ;
#546 = DIRECTION ( 'NONE',  ( 0.000000000000000000, 0.000000000000000000, -1.000000000000000000 ) ) ;
#547 = DIRECTION ( 'NONE',  ( -1.000000000000000000, 0.000000000000000000, 0.000000000000000000 ) ) ;
#548 = EDGE_LOOP ( 'NONE', ( #3874, #3256, #130, #1027 ) ) ;
#549 = AXIS2_PLACEMENT_3D ( 'NONE', #2265, #1398, #813 ) ;
#550 = AXIS2_PLACEMENT_3D ( 'NONE', #897, #933, #265 ) ;
#551 = LINE ( 'NONE', #519, #3227 ) ;
#552 = VECTOR ( 'NONE', #531, 1000.000000000000000 ) ;
#553 = AXIS2_PLACEMENT_3D ( 'NONE', #2600, #1610, #3211 ) ;
#554 = VECTOR ( 'NONE', #3184, 1000.000000000000114 ) ;
#555 = ORIENTED_EDGE ( 'NONE', *, *, #593, .T. ) ;
#556 = LINE ( 'NONE', #1183, #839 ) ;
#557 = CARTESIAN_POINT ( 'NONE',  ( 8.000000000000024869, 4.000000000000000000, -19.89999999999999503 ) ) ;
#558 = TOROIDAL_SURFACE ( 'NONE', #1991, 0.5000000000000000000, 0.5000000000000000000 ) ;
#559 = CARTESIAN_POINT ( 'NONE',  ( 0.000000000000000000, 0.000000000000000000, 0.000000000000000000 ) ) ;
#560 = EDGE_CURVE ( 'NONE', #733, #3000, #3758, .T. ) ;
#561 = VECTOR ( 'NONE', #3614, 1000.000000000000000 ) ;
#562 = CARTESIAN_POINT ( 'NONE',  ( -11.90000000000001634, 9.643580423808986168, 19.99999999999998224 ) ) ;
#563 = VECTOR ( 'NONE', #806, 1000.000000000000227 ) ;
#564 = ORIENTED_EDGE ( 'NONE', *, *, #2597, .T. ) ;
#565 = EDGE_CURVE ( 'NONE', #494, #64, #2113, .T. ) ;
#566 = VERTEX_POINT ( 'NONE', #673 ) ;
#567 = EDGE_CURVE ( 'NONE', #3645, #3892, #3190, .T. ) ;
#568 = EDGE_CURVE ( 'NONE', #1914, #1662, #1340, .T. ) ;
#569 = DIRECTION ( 'NONE',  ( -1.916821520416361651E-16, 0.000000000000000000, -1.000000000000000000 ) ) ;
#570 = DIRECTION ( 'NONE',  ( -1.000000000000000000, -0.000000000000000000, -0.000000000000000000 ) ) ;
#571 = ORIENTED_EDGE ( 'NONE', *, *, #2786, .T. ) ;
#572 = PLANE ( 'NONE',  #3886 ) ;
#573 = DIRECTION ( 'NONE',  ( 0.000000000000000000, -0.000000000000000000, -1.000000000000000000 ) ) ;
#574 = ORIENTED_EDGE ( 'NONE', *, *, #1820, .T. ) ;
#575 = AXIS2_PLACEMENT_3D ( 'NONE', #3762, #3510, #1903 ) ;
#576 = CARTESIAN_POINT ( 'NONE',  ( 35.59999999999999432, 4.000000000000000000, -18.10000000000000142 ) ) ;
#577 = PLANE ( 'NONE',  #251 ) ;
#578 = DIRECTION ( 'NONE',  ( 0.000000000000000000, -0.09950371902100510479, -0.9950371902099885979 ) ) ;
#579 = DIRECTION ( 'NONE',  ( -0.000000000000000000, 1.000000000000000000, -0.000000000000000000 ) ) ;
#580 = VERTEX_POINT ( 'NONE', #2792 ) ;
#581 = ORIENTED_EDGE ( 'NONE', *, *, #2062, .T. ) ;
#582 = EDGE_CURVE ( 'NONE', #64, #1248, #3493, .T. ) ;
#583 = FACE_OUTER_BOUND ( 'NONE', #2220, .T. ) ;
#584 = FACE_OUTER_BOUND ( 'NONE', #3797, .T. ) ;
#585 = ORIENTED_EDGE ( 'NONE', *, *, #1924, .F. ) ;
#586 = VECTOR ( 'NONE', #3001, 1000.000000000000114 ) ;
#587 = TOROIDAL_SURFACE ( 'NONE', #3519, 0.5000000000000000000, 0.5000000000000000000 ) ;
#588 = AXIS2_PLACEMENT_3D ( 'NONE', #1276, #3818, #2819 ) ;
#589 = AXIS2_PLACEMENT_3D ( 'NONE', #2974, #3244, #1731 ) ;
#590 = DIRECTION ( 'NONE',  ( 1.000000000000000000, -0.000000000000000000, -0.000000000000000000 ) ) ;
#591 = DIRECTION ( 'NONE',  ( 0.000000000000000000, 0.000000000000000000, -1.000000000000000000 ) ) ;
#592 = ORIENTED_EDGE ( 'NONE', *, *, #3738, .F. ) ;
#593 = EDGE_CURVE ( 'NONE', #4001, #1946, #1729, .T. ) ;
#594 = CYLINDRICAL_SURFACE ( 'NONE', #2808, 0.5000000000000004441 ) ;
#595 = ORIENTED_EDGE ( 'NONE', *, *, #522, .T. ) ;
#596 = PLANE ( 'NONE',  #1533 ) ;
#597 = DIRECTION ( 'NONE',  ( -0.000000000000000000, 1.000000000000000000, -0.000000000000000000 ) ) ;
#598 = FACE_OUTER_BOUND ( 'NONE', #1620, .T. ) ;
#599 = DIRECTION ( 'NONE',  ( 0.000000000000000000, 0.000000000000000000, 1.000000000000000000 ) ) ;
#600 = AXIS2_PLACEMENT_3D ( 'NONE', #201, #2351, #2669 ) ;
#601 = ORIENTED_EDGE ( 'NONE', *, *, #259, .F. ) ;
#602 = ORIENTED_EDGE ( 'NONE', *, *, #2297, .T. ) ;
#603 = CARTESIAN_POINT ( 'NONE',  ( 0.000000000000000000, 9.643580423808986168, 20.89999999999998082 ) ) ;
#604 = DIRECTION ( 'NONE',  ( 1.000000000000000000, -0.000000000000000000, -0.000000000000000000 ) ) ;
#605 = CARTESIAN_POINT ( 'NONE',  ( 7.200000000000040146, 4.000000000000000000, -19.10000000000000142 ) ) ;
#606 = ORIENTED_EDGE ( 'NONE', *, *, #3139, .F. ) ;
#607 = ADVANCED_FACE ( 'NONE', ( #1316 ), #3889, .F. ) ;
#608 = DIRECTION ( 'NONE',  ( 0.000000000000000000, -1.000000000000000000, 0.000000000000000000 ) ) ;
#609 = EDGE_CURVE ( 'NONE', #2589, #2021, #2208, .T. ) ;
#610 = ORIENTED_EDGE ( 'NONE', *, *, #1676, .T. ) ;
#611 = EDGE_CURVE ( 'NONE', #1839, #3942, #1785, .T. ) ;
#612 = VECTOR ( 'NONE', #1186, 1000.000000000000000 ) ;
#613 = EDGE_CURVE ( 'NONE', #2769, #2754, #342, .T. ) ;
#614 = CIRCLE ( 'NONE', #3242, 1.000000000000000888 ) ;
#615 = FACE_OUTER_BOUND ( 'NONE', #354, .T. ) ;
#616 = EDGE_CURVE ( 'NONE', #1180, #64, #1250, .T. ) ;
#617 = EDGE_LOOP ( 'NONE', ( #2957, #693, #2266, #1217, #1202 ) ) ;
#618 = CIRCLE ( 'NONE', #26, 1.000000000000000888 ) ;
#619 = CIRCLE ( 'NONE', #3286, 0.8999999999999980238 ) ;
#620 = DIRECTION ( 'NONE',  ( 1.916821520416361651E-16, 0.000000000000000000, 1.000000000000000000 ) ) ;
#621 = FACE_OUTER_BOUND ( 'NONE', #545, .T. ) ;
#622 = CARTESIAN_POINT ( 'NONE',  ( -7.060142256157813101, -1.162584027163197753, -19.99999999999997513 ) ) ;
#623 = CARTESIAN_POINT ( 'NONE',  ( -34.60000000000000853, 0.000000000000000000, -17.10000000000000142 ) ) ;
#624 = ORIENTED_EDGE ( 'NONE', *, *, #477, .T. ) ;
#625 = EDGE_LOOP ( 'NONE', ( #1063, #1481, #1399, #985 ) ) ;
#626 = CARTESIAN_POINT ( 'NONE',  ( -7.005012562893394801, -0.8999999999999998002, -19.99999999999997158 ) ) ;
#627 = DIRECTION ( 'NONE',  ( 1.000000000000000000, 0.000000000000000000, -1.916821520416361651E-16 ) ) ;
#628 = DIRECTION ( 'NONE',  ( -1.000000000000000000, 0.000000000000000000, 0.000000000000000000 ) ) ;
#629 = CIRCLE ( 'NONE', #2058, 0.5000000000000004441 ) ;
#630 = DIRECTION ( 'NONE',  ( -0.000000000000000000, -1.000000000000000000, -0.000000000000000000 ) ) ;
#631 = ORIENTED_EDGE ( 'NONE', *, *, #3111, .T. ) ;
#632 = CARTESIAN_POINT ( 'NONE',  ( 12.90000000000002522, 4.000000000000000000, -18.10000000000000142 ) ) ;
#633 = DIRECTION ( 'NONE',  ( 0.000000000000000000, 0.000000000000000000, -1.000000000000000000 ) ) ;
#634 = ADVANCED_FACE ( 'NONE', ( #3786 ), #2493, .F. ) ;
#635 = ORIENTED_EDGE ( 'NONE', *, *, #3440, .T. ) ;
#636 = VECTOR ( 'NONE', #1343, 1000.000000000000000 ) ;
#637 = ADVANCED_FACE ( 'NONE', ( #1947 ), #3485, .F. ) ;
#638 = DIRECTION ( 'NONE',  ( -0.000000000000000000, 1.000000000000000000, -0.000000000000000000 ) ) ;
#639 = DIRECTION ( 'NONE',  ( 0.000000000000000000, 0.000000000000000000, -1.000000000000000000 ) ) ;
#640 = CARTESIAN_POINT ( 'NONE',  ( 0.000000000000000000, 4.000000000000000000, -20.69999999999996732 ) ) ;
#641 = CARTESIAN_POINT ( 'NONE',  ( 11.00000000000001776, 9.643580423808986168, 19.99999999999999645 ) ) ;
#642 = EDGE_CURVE ( 'NONE', #2826, #1662, #2969, .T. ) ;
#643 = ORIENTED_EDGE ( 'NONE', *, *, #1949, .F. ) ;
#644 = ORIENTED_EDGE ( 'NONE', *, *, #2011, .T. ) ;
#645 = CARTESIAN_POINT ( 'NONE',  ( -11.70000000000013074, 4.000000000000000000, 7.477571193815972952E-14 ) ) ;
#646 = DIRECTION ( 'NONE',  ( 0.000000000000000000, -0.000000000000000000, -1.000000000000000000 ) ) ;
#647 = AXIS2_PLACEMENT_3D ( 'NONE', #2421, #310, #1804 ) ;
#648 = DIRECTION ( 'NONE',  ( 1.000000000000000000, 0.000000000000000000, 0.000000000000000000 ) ) ;
#649 = CONICAL_SURFACE ( 'NONE', #553, 1.200000000000013500, 0.09966865249116865777 ) ;
#650 = ORIENTED_EDGE ( 'NONE', *, *, #335, .F. ) ;
#651 = TOROIDAL_SURFACE ( 'NONE', #3974, 0.5000000000000000000, 0.5000000000000000000 ) ;
#652 = DIRECTION ( 'NONE',  ( 0.000000000000000000, 0.000000000000000000, -1.000000000000000000 ) ) ;
#653 = CARTESIAN_POINT ( 'NONE',  ( 0.000000000000000000, 4.000000000000000000, 17.89999999999998082 ) ) ;
#654 = ORIENTED_EDGE ( 'NONE', *, *, #314, .F. ) ;
#655 = EDGE_CURVE ( 'NONE', #857, #2791, #1923, .T. ) ;
#656 = DIRECTION ( 'NONE',  ( 0.09950371902100552113, 0.9950371902099884869, 0.000000000000000000 ) ) ;
#657 = DIRECTION ( 'NONE',  ( 0.000000000000000000, -1.000000000000000000, 0.000000000000000000 ) ) ;
#658 = EDGE_CURVE ( 'NONE', #117, #1143, #2320, .T. ) ;
#659 = DIRECTION ( 'NONE',  ( 0.000000000000000000, 0.000000000000000000, -1.000000000000000000 ) ) ;
#660 = CARTESIAN_POINT ( 'NONE',  ( 0.000000000000000000, 4.000000000000000000, -20.69999999999998153 ) ) ;
#662 = EDGE_LOOP ( 'NONE', ( #838, #3712, #2503, #2453 ) ) ;
#661 = EDGE_CURVE ( 'NONE', #1143, #1349, #1404, .T. ) ;
#663 = ORIENTED_EDGE ( 'NONE', *, *, #3320, .T. ) ;
#664 = VERTEX_POINT ( 'NONE', #2340 ) ;
#665 = LINE ( 'NONE', #1211, #464 ) ;
#666 = DIRECTION ( 'NONE',  ( 0.000000000000000000, 1.000000000000000000, 0.000000000000000000 ) ) ;
#667 = DIRECTION ( 'NONE',  ( 0.000000000000000000, 0.000000000000000000, -1.000000000000000000 ) ) ;
#668 = DIRECTION ( 'NONE',  ( -0.000000000000000000, 1.000000000000000000, -0.000000000000000000 ) ) ;
#669 = VECTOR ( 'NONE', #774, 1000.000000000000000 ) ;
#670 = DIRECTION ( 'NONE',  ( -0.000000000000000000, -0.000000000000000000, 1.000000000000000000 ) ) ;
#671 = CARTESIAN_POINT ( 'NONE',  ( 11.00000000000001776, 4.000000000000000000, 20.69999999999998153 ) ) ;
#672 = ORIENTED_EDGE ( 'NONE', *, *, #3018, .T. ) ;
#673 = CARTESIAN_POINT ( 'NONE',  ( 6.000000000000025757, 0.000000000000000000, -18.10000000000000142 ) ) ;
#674 = DIRECTION ( 'NONE',  ( 2.739037067331827248E-15, 0.000000000000000000, -1.000000000000000000 ) ) ;
#675 = ORIENTED_EDGE ( 'NONE', *, *, #2549, .F. ) ;
#676 = VECTOR ( 'NONE', #294, 1000.000000000000000 ) ;
#677 = AXIS2_PLACEMENT_3D ( 'NONE', #1228, #627, #569 ) ;
#678 = CARTESIAN_POINT ( 'NONE',  ( -7.000000000000015987, 1.999999999999998224, -19.89999999999997016 ) ) ;
#679 = CARTESIAN_POINT ( 'NONE',  ( -33.90000000000000568, 1.500000000000000000, 15.89999999999999325 ) ) ;
#680 = LINE ( 'NONE', #1301, #1172 ) ;
#681 = CIRCLE ( 'NONE', #874, 1.000000000000000888 ) ;
#682 = CARTESIAN_POINT ( 'NONE',  ( 11.00000000000001776, 9.643580423808986168, 20.89999999999999503 ) ) ;
#683 = AXIS2_PLACEMENT_3D ( 'NONE', #837, #2735, #1741 ) ;
#684 = AXIS2_PLACEMENT_3D ( 'NONE', #3906, #1117, #2352 ) ;
#685 = EDGE_LOOP ( 'NONE', ( #835, #2287, #212, #1980 ) ) ;
#686 = ORIENTED_EDGE ( 'NONE', *, *, #613, .T. ) ;
#687 = ORIENTED_EDGE ( 'NONE', *, *, #92, .T. ) ;
#688 = CARTESIAN_POINT ( 'NONE',  ( -10.99999999999997335, 0.000000000000000000, -19.99999999999999645 ) ) ;
#689 = ADVANCED_FACE ( 'NONE', ( #2604 ), #3682, .F. ) ;
#690 = DIRECTION ( 'NONE',  ( 1.000000000000000000, 0.000000000000000000, -0.000000000000000000 ) ) ;
#691 = CARTESIAN_POINT ( 'NONE',  ( 34.39999999999999147, 1.500000000000000000, 15.89999999999999325 ) ) ;
#692 = DIRECTION ( 'NONE',  ( -1.000000000000000000, 0.000000000000000000, 0.000000000000000000 ) ) ;
#693 = ORIENTED_EDGE ( 'NONE', *, *, #1840, .T. ) ;
#694 = LINE ( 'NONE', #1679, #1477 ) ;
#695 = ADVANCED_FACE ( 'NONE', ( #518 ), #3281, .T. ) ;
#696 = CARTESIAN_POINT ( 'NONE',  ( 12.90000000000002345, 0.000000000000000000, -18.10000000000000142 ) ) ;
#697 = AXIS2_PLACEMENT_3D ( 'NONE', #3815, #3511, #1619 ) ;
#698 = EDGE_LOOP ( 'NONE', ( #635, #1498, #610, #125 ) ) ;
#699 = DIRECTION ( 'NONE',  ( 0.000000000000000000, 0.000000000000000000, -1.000000000000000000 ) ) ;
#700 = AXIS2_PLACEMENT_3D ( 'NONE', #411, #3435, #38 ) ;
#701 = CARTESIAN_POINT ( 'NONE',  ( 7.005012562893405459, 0.000000000000000000, -19.99999999999999645 ) ) ;
#702 = VERTEX_POINT ( 'NONE', #738 ) ;
#703 = CARTESIAN_POINT ( 'NONE',  ( 7.000000000000021316, 9.643580423808986168, 19.10000000000000853 ) ) ;
#704 = DIRECTION ( 'NONE',  ( 0.000000000000000000, 0.9950371902099884869, 0.09950371902100506316 ) ) ;
#705 = CARTESIAN_POINT ( 'NONE',  ( 11.90000000000002522, 0.000000000000000000, -19.09999999999999787 ) ) ;
#706 = CARTESIAN_POINT ( 'NONE',  ( 33.39999999999996305, 4.000000000000000000, -17.10000000000000497 ) ) ;
#707 = ORIENTED_EDGE ( 'NONE', *, *, #2418, .T. ) ;
#708 = VECTOR ( 'NONE', #3725, 1000.000000000000000 ) ;
#709 = EDGE_LOOP ( 'NONE', ( #3378, #3224, #512, #1739 ) ) ;
#710 = EDGE_LOOP ( 'NONE', ( #3953, #458, #4006, #1239 ) ) ;
#711 = DIRECTION ( 'NONE',  ( 0.000000000000000000, -1.000000000000000000, 0.000000000000000000 ) ) ;
#712 = DIRECTION ( 'NONE',  ( 0.000000000000000000, 0.000000000000000000, 1.000000000000000000 ) ) ;
#713 = DIRECTION ( 'NONE',  ( 0.000000000000000000, -1.000000000000000000, 0.000000000000000000 ) ) ;
#714 = DIRECTION ( 'NONE',  ( -1.000000000000000000, 0.000000000000000000, 0.000000000000000000 ) ) ;
#715 = ORIENTED_EDGE ( 'NONE', *, *, #3507, .F. ) ;
#716 = DIRECTION ( 'NONE',  ( 0.09950371902100590971, -0.9950371902099883759, 0.000000000000000000 ) ) ;
#717 = EDGE_CURVE ( 'NONE', #1429, #2054, #1726, .T. ) ;
#718 = DIRECTION ( 'NONE',  ( 0.000000000000000000, -1.000000000000000000, 0.000000000000000000 ) ) ;
#719 = EDGE_LOOP ( 'NONE', ( #3179, #162, #1938, #1792 ) ) ;
#720 = CARTESIAN_POINT ( 'NONE',  ( 0.000000000000000000, 1.999999999999998224, 20.89999999999998082 ) ) ;
#721 = DIRECTION ( 'NONE',  ( -0.9950371902099897081, 0.09950371902099414134, 0.000000000000000000 ) ) ;
#722 = ORIENTED_EDGE ( 'NONE', *, *, #2211, .T. ) ;
#723 = AXIS2_PLACEMENT_3D ( 'NONE', #3505, #3895, #2878 ) ;
#724 = DIRECTION ( 'NONE',  ( 0.000000000000000000, 0.000000000000000000, -1.000000000000000000 ) ) ;
#725 = DIRECTION ( 'NONE',  ( -6.391086490440884227E-15, 0.000000000000000000, 1.000000000000000000 ) ) ;
#726 = CARTESIAN_POINT ( 'NONE',  ( -8.000000000000021316, 4.000000000000000000, 19.89999999999998082 ) ) ;
#727 = ORIENTED_EDGE ( 'NONE', *, *, #3018, .F. ) ;
#728 = VERTEX_POINT ( 'NONE', #3916 ) ;
#729 = CARTESIAN_POINT ( 'NONE',  ( 8.000000000000010658, -0.8999999999999998002, 19.89999999999999503 ) ) ;
#730 = CARTESIAN_POINT ( 'NONE',  ( -6.000000000000023981, 0.000000000000000000, -19.10000000000000142 ) ) ;
#731 = VECTOR ( 'NONE', #1988, 1000.000000000000000 ) ;
#732 = LINE ( 'NONE', #2594, #3735 ) ;
#733 = VERTEX_POINT ( 'NONE', #2949 ) ;
#734 = CARTESIAN_POINT ( 'NONE',  ( -10.99999999999999822, -1.399999999999999911, 19.59999999999999787 ) ) ;
#735 = CYLINDRICAL_SURFACE ( 'NONE', #323, 1.000000000000000888 ) ;
#736 = ORIENTED_EDGE ( 'NONE', *, *, #3509, .F. ) ;
#737 = EDGE_CURVE ( 'NONE', #3983, #2541, #3394, .T. ) ;
#738 = CARTESIAN_POINT ( 'NONE',  ( 34.60000000000000142, 1.999999999999998668, 18.09999999999999432 ) ) ;
#739 = EDGE_CURVE ( 'NONE', #1613, #180, #1743, .T. ) ;
#740 = LINE ( 'NONE', #2235, #828 ) ;
#741 = ORIENTED_EDGE ( 'NONE', *, *, #1519, .T. ) ;
#742 = DIRECTION ( 'NONE',  ( 0.000000000000000000, 1.000000000000000000, 0.000000000000000000 ) ) ;
#743 = CARTESIAN_POINT ( 'NONE',  ( -6.000000000000019540, 4.000000000000000000, 17.89999999999998082 ) ) ;
#744 = EDGE_CURVE ( 'NONE', #2577, #486, #884, .T. ) ;
#745 = DIRECTION ( 'NONE',  ( 0.000000000000000000, 0.000000000000000000, -1.000000000000000000 ) ) ;
#746 = AXIS2_PLACEMENT_3D ( 'NONE', #216, #2445, #3692 ) ;
#747 = EDGE_LOOP ( 'NONE', ( #3868, #2457, #3177, #2328 ) ) ;
#748 = EDGE_LOOP ( 'NONE', ( #263, #3832, #476, #916 ) ) ;
#749 = ORIENTED_EDGE ( 'NONE', *, *, #609, .T. ) ;
#750 = DIRECTION ( 'NONE',  ( 0.000000000000000000, 0.000000000000000000, -1.000000000000000000 ) ) ;
#751 = AXIS2_PLACEMENT_3D ( 'NONE', #3418, #3358, #1819 ) ;
#752 = CARTESIAN_POINT ( 'NONE',  ( -35.60000000000000853, 4.000000000000000000, -18.10000000000000142 ) ) ;
#753 = CARTESIAN_POINT ( 'NONE',  ( -7.200000000000031264, 4.000000000000000000, -19.89999999999997371 ) ) ;
#754 = DIRECTION ( 'NONE',  ( 0.000000000000000000, -1.000000000000000000, 0.000000000000000000 ) ) ;
#755 = ORIENTED_EDGE ( 'NONE', *, *, #1495, .T. ) ;
#756 = CIRCLE ( 'NONE', #1905, 0.5000000000000004441 ) ;
#757 = VECTOR ( 'NONE', #1698, 1000.000000000000000 ) ;
#758 = CARTESIAN_POINT ( 'NONE',  ( 11.00000000000002487, -0.9000000000000000222, -19.09999999999999787 ) ) ;
#759 = DIRECTION ( 'NONE',  ( -1.000000000000000000, 0.000000000000000000, 0.000000000000000000 ) ) ;
#760 = CARTESIAN_POINT ( 'NONE',  ( -8.000000000000015987, 9.643580423808986168, -20.89999999999998082 ) ) ;
#761 = ORIENTED_EDGE ( 'NONE', *, *, #1707, .T. ) ;
#762 = CARTESIAN_POINT ( 'NONE',  ( -7.005012562893401906, -0.8999999999999998002, 19.99999999999998934 ) ) ;
#763 = AXIS2_PLACEMENT_3D ( 'NONE', #3879, #3002, #2665 ) ;
#764 = AXIS2_PLACEMENT_3D ( 'NONE', #152, #2663, #1685 ) ;
#765 = CARTESIAN_POINT ( 'NONE',  ( 34.39999999999999147, 1.999999999999914957, -16.90000000000000213 ) ) ;
#766 = AXIS2_PLACEMENT_3D ( 'NONE', #2737, #2246, #2107 ) ;
#767 = DIRECTION ( 'NONE',  ( -0.000000000000000000, -0.000000000000000000, -1.000000000000000000 ) ) ;
#768 = EDGE_CURVE ( 'NONE', #1280, #273, #2906, .T. ) ;
#769 = DIRECTION ( 'NONE',  ( 0.000000000000000000, 0.000000000000000000, -1.000000000000000000 ) ) ;
#770 = EDGE_LOOP ( 'NONE', ( #3904, #1306, #1889, #379, #1339, #506 ) ) ;
#771 = EDGE_CURVE ( 'NONE', #2754, #2260, #825, .T. ) ;
#772 = EDGE_LOOP ( 'NONE', ( #187, #2700, #2854, #528 ) ) ;
#773 = CARTESIAN_POINT ( 'NONE',  ( -35.60000000000000142, 1.999999999999998668, 18.09999999999999432 ) ) ;
#774 = DIRECTION ( 'NONE',  ( 1.000000000000000000, 0.000000000000000000, 0.000000000000000000 ) ) ;
#775 = CARTESIAN_POINT ( 'NONE',  ( -11.00000000000002487, -0.8999999999999998002, -20.89999999999998082 ) ) ;
#776 = CARTESIAN_POINT ( 'NONE',  ( -12.90000000000002522, 1.999999999999998668, -19.10000000000000142 ) ) ;
#777 = EDGE_CURVE ( 'NONE', #1558, #3677, #2109, .T. ) ;
#778 = ORIENTED_EDGE ( 'NONE', *, *, #1039, .F. ) ;
#779 = DIRECTION ( 'NONE',  ( -0.000000000000000000, -0.09950371902100507704, -0.9950371902099885979 ) ) ;
#780 = CARTESIAN_POINT ( 'NONE',  ( -6.000000000000019540, 1.999999999999998668, 19.09999999999999432 ) ) ;
#781 = EDGE_LOOP ( 'NONE', ( #3525, #3687, #3419, #3911 ) ) ;
#782 = DIRECTION ( 'NONE',  ( 0.09950371902100509092, 0.9950371902099884869, 0.000000000000000000 ) ) ;
#783 = DIRECTION ( 'NONE',  ( 1.916821520416361651E-16, 0.000000000000000000, 1.000000000000000000 ) ) ;
#784 = VECTOR ( 'NONE', #1236, 1000.000000000000000 ) ;
#785 = DIRECTION ( 'NONE',  ( -0.000000000000000000, 1.000000000000000000, -0.000000000000000000 ) ) ;
#786 = B_SPLINE_CURVE_WITH_KNOTS ( 'NONE', 3,
 ( #2311, #2615, #473, #3567, #1053, #1100 ),
 .UNSPECIFIED., .F., .F.,
 ( 4, 2, 4 ),
 ( 1.084202172485504434E-19, 0.0003927252244376907815, 0.0007854504488753814547 ),
 .UNSPECIFIED. ) ;
#787 = CONICAL_SURFACE ( 'NONE', #1484, 0.7999999999999847233, 0.09966865249116953207 ) ;
#788 = CIRCLE ( 'NONE', #3258, 1.200000000000013500 ) ;
#789 = ORIENTED_EDGE ( 'NONE', *, *, #3144, .T. ) ;
#790 = EDGE_CURVE ( 'NONE', #1839, #922, #3898, .T. ) ;
#791 = ORIENTED_EDGE ( 'NONE', *, *, #1179, .F. ) ;
#792 = AXIS2_PLACEMENT_3D ( 'NONE', #2237, #3464, #1044 ) ;
#793 = ADVANCED_FACE ( 'NONE', ( #3876 ), #502, .F. ) ;
#794 = ORIENTED_EDGE ( 'NONE', *, *, #824, .T. ) ;
#795 = DIRECTION ( 'NONE',  ( -1.000000000000000000, 0.000000000000000000, 0.000000000000000000 ) ) ;
#796 = AXIS2_PLACEMENT_3D ( 'NONE', #2608, #1976, #3223 ) ;
#797 = CARTESIAN_POINT ( 'NONE',  ( 12.90000000000002522, 1.999999999999998224, -18.10000000000000142 ) ) ;
#798 = EDGE_CURVE ( 'NONE', #2091, #1573, #1106, .T. ) ;
#799 = CARTESIAN_POINT ( 'NONE',  ( -33.90000000000000568, 1.000000000000000000, -15.90000000000000036 ) ) ;
#800 = ORIENTED_EDGE ( 'NONE', *, *, #1730, .F. ) ;
#801 = VERTEX_POINT ( 'NONE', #1439 ) ;
#802 = DIRECTION ( 'NONE',  ( 1.916821520416361651E-16, 0.000000000000000000, 1.000000000000000000 ) ) ;
#803 = DIRECTION ( 'NONE',  ( -0.000000000000000000, 0.000000000000000000, -1.000000000000000000 ) ) ;
#804 = ORIENTED_EDGE ( 'NONE', *, *, #2514, .T. ) ;
#805 = CARTESIAN_POINT ( 'NONE',  ( -7.005012562893402794, -1.032785358571524092, 19.99999999999998934 ) ) ;
#806 = DIRECTION ( 'NONE',  ( 0.000000000000000000, 0.9950371902099895971, 0.09950371902099412746 ) ) ;
#807 = VECTOR ( 'NONE', #1431, 1000.000000000000000 ) ;
#808 = DIRECTION ( 'NONE',  ( 0.000000000000000000, 0.000000000000000000, -1.000000000000000000 ) ) ;
#809 = ORIENTED_EDGE ( 'NONE', *, *, #1746, .T. ) ;
#810 = ORIENTED_EDGE ( 'NONE', *, *, #3502, .T. ) ;
#811 = LINE ( 'NONE', #3250, #3094 ) ;
#812 = CARTESIAN_POINT ( 'NONE',  ( 34.39999999999999147, 1.999999999999914957, -15.90000000000000036 ) ) ;
#813 = DIRECTION ( 'NONE',  ( 0.000000000000000000, 0.000000000000000000, -1.000000000000000000 ) ) ;
#814 = EDGE_LOOP ( 'NONE', ( #2143, #1582, #2366, #2357, #2131, #942 ) ) ;
#815 = CIRCLE ( 'NONE', #223, 1.000000000000000888 ) ;
#816 = ORIENTED_EDGE ( 'NONE', *, *, #1841, .F. ) ;
#817 = VECTOR ( 'NONE', #3095, 1000.000000000000000 ) ;
#818 = CARTESIAN_POINT ( 'NONE',  ( -7.005012562893401906, -0.8999999999999998002, 19.99999999999998934 ) ) ;
#819 = DIRECTION ( 'NONE',  ( 0.000000000000000000, 0.000000000000000000, -1.000000000000000000 ) ) ;
#820 = EDGE_LOOP ( 'NONE', ( #3858, #3586, #929, #3989 ) ) ;
#821 = AXIS2_PLACEMENT_3D ( 'NONE', #2508, #2202, #667 ) ;
#822 = VECTOR ( 'NONE', #2670, 1000.000000000000000 ) ;
#823 = ORIENTED_EDGE ( 'NONE', *, *, #1730, .T. ) ;
#824 = EDGE_CURVE ( 'NONE', #3892, #2644, #1060, .T. ) ;
#825 = LINE ( 'NONE', #193, #178 ) ;
#826 = CARTESIAN_POINT ( 'NONE',  ( 8.000000000000024869, 4.000000000000000000, -19.89999999999999503 ) ) ;
#827 = EDGE_CURVE ( 'NONE', #1038, #3146, #1660, .T. ) ;
#828 = VECTOR ( 'NONE', #108, 1000.000000000000000 ) ;
#829 = VERTEX_POINT ( 'NONE', #2622 ) ;
#830 = ORIENTED_EDGE ( 'NONE', *, *, #560, .F. ) ;
#831 = DIRECTION ( 'NONE',  ( 0.000000000000000000, 0.000000000000000000, -1.000000000000000000 ) ) ;
#832 = LINE ( 'NONE', #2066, #3480 ) ;
#833 = CARTESIAN_POINT ( 'NONE',  ( -11.00000000000001776, 1.999999999999998224, 19.99999999999998224 ) ) ;
#834 = ORIENTED_EDGE ( 'NONE', *, *, #1747, .F. ) ;
#835 = ORIENTED_EDGE ( 'NONE', *, *, #2117, .T. ) ;
#836 = CARTESIAN_POINT ( 'NONE',  ( -34.40000000000000568, 1.500000000000000000, -15.90000000000000036 ) ) ;
#837 = CARTESIAN_POINT ( 'NONE',  ( 11.70000000000013074, 4.000000000000000000, 7.477571193815917416E-14 ) ) ;
#838 = ORIENTED_EDGE ( 'NONE', *, *, #1647, .T. ) ;
#839 = VECTOR ( 'NONE', #3689, 1000.000000000000114 ) ;
#840 = EDGE_CURVE ( 'NONE', #3270, #1329, #1087, .T. ) ;
#841 = DIRECTION ( 'NONE',  ( 1.000000000000000000, 0.000000000000000000, -0.000000000000000000 ) ) ;
#842 = EDGE_CURVE ( 'NONE', #2644, #475, #2801, .T. ) ;
#843 = DIRECTION ( 'NONE',  ( 0.000000000000000000, -1.000000000000000000, 0.000000000000000000 ) ) ;
#844 = EDGE_CURVE ( 'NONE', #1429, #3112, #3955, .T. ) ;
#845 = VERTEX_POINT ( 'NONE', #3695 ) ;
#846 = AXIS2_PLACEMENT_3D ( 'NONE', #3148, #324, #1880 ) ;
#847 = ORIENTED_EDGE ( 'NONE', *, *, #2004, .F. ) ;
#848 = LINE ( 'NONE', #3324, #1631 ) ;
#849 = AXIS2_PLACEMENT_3D ( 'NONE', #1945, #167, #2558 ) ;
#850 = PLANE ( 'NONE',  #1005 ) ;
#851 = DIRECTION ( 'NONE',  ( -0.000000000000000000, 1.000000000000000000, -0.000000000000000000 ) ) ;
#852 = VERTEX_POINT ( 'NONE', #28 ) ;
#853 = VECTOR ( 'NONE', #3200, 1000.000000000000114 ) ;
#854 = ORIENTED_EDGE ( 'NONE', *, *, #172, .F. ) ;
#855 = LINE ( 'NONE', #2409, #426 ) ;
#856 = CARTESIAN_POINT ( 'NONE',  ( 11.70000000000006501, 4.000000000000000000, -3.204673368778232831E-14 ) ) ;
#857 = VERTEX_POINT ( 'NONE', #2139 ) ;
#858 = DIRECTION ( 'NONE',  ( -1.734723475976805517E-15, 0.000000000000000000, -1.000000000000000000 ) ) ;
#859 = EDGE_CURVE ( 'NONE', #2935, #3092, #334, .T. ) ;
#860 = VERTEX_POINT ( 'NONE', #1226 ) ;
#861 = EDGE_CURVE ( 'NONE', #2504, #48, #2639, .T. ) ;
#862 = LINE ( 'NONE', #2744, #2449 ) ;
#863 = DIRECTION ( 'NONE',  ( -0.000000000000000000, -1.000000000000000000, -0.000000000000000000 ) ) ;
#864 = CARTESIAN_POINT ( 'NONE',  ( -11.70000000000006501, 4.000000000000000000, -3.204673368778255550E-14 ) ) ;
#865 = FILL_AREA_STYLE ('',( #79 ) ) ;
#866 = DIRECTION ( 'NONE',  ( 0.000000000000000000, 0.000000000000000000, -1.000000000000000000 ) ) ;
#867 = ORIENTED_EDGE ( 'NONE', *, *, #3482, .F. ) ;
#868 = ORIENTED_EDGE ( 'NONE', *, *, #908, .T. ) ;
#869 = CARTESIAN_POINT ( 'NONE',  ( 12.90000000000002522, 1.000000000000000000, -19.10000000000000142 ) ) ;
#870 = DIRECTION ( 'NONE',  ( -1.000000000000000000, 0.000000000000000000, 0.000000000000000000 ) ) ;
#871 = ORIENTED_EDGE ( 'NONE', *, *, #1034, .T. ) ;
#872 = VECTOR ( 'NONE', #3467, 1000.000000000000000 ) ;
#873 = AXIS2_PLACEMENT_3D ( 'NONE', #3659, #3409, #1774 ) ;
#874 = AXIS2_PLACEMENT_3D ( 'NONE', #40, #4024, #2758 ) ;
#875 = VECTOR ( 'NONE', #2378, 1000.000000000000000 ) ;
#876 = DIRECTION ( 'NONE',  ( 1.000000000000000000, -0.000000000000000000, -0.000000000000000000 ) ) ;
#877 = PLANE ( 'NONE',  #168 ) ;
#878 = ORIENTED_EDGE ( 'NONE', *, *, #3437, .F. ) ;
#879 = ADVANCED_FACE ( 'NONE', ( #1264 ), #3713, .F. ) ;
#880 = CARTESIAN_POINT ( 'NONE',  ( 12.90000000000001634, 4.000000000000000000, 17.89999999999998082 ) ) ;
#881 = FACE_OUTER_BOUND ( 'NONE', #2001, .T. ) ;
#882 = CIRCLE ( 'NONE', #3558, 0.5000000000000004441 ) ;
#883 = DIRECTION ( 'NONE',  ( 0.9950371902099897081, 0.09950371902099414134, 0.000000000000000000 ) ) ;
#884 = CIRCLE ( 'NONE', #764, 1.199999999999999734 ) ;
#885 = CARTESIAN_POINT ( 'NONE',  ( 12.90000000000002522, 4.000000000000000000, -17.89999999999998792 ) ) ;
#886 = CIRCLE ( 'NONE', #2111, 1.199999999999999734 ) ;
#887 = ORIENTED_EDGE ( 'NONE', *, *, #1472, .T. ) ;
#888 = VECTOR ( 'NONE', #1617, 1000.000000000000000 ) ;
#889 = VERTEX_POINT ( 'NONE', #3114 ) ;
#890 = DIRECTION ( 'NONE',  ( 0.000000000000000000, -1.000000000000000000, 0.000000000000000000 ) ) ;
#891 = EDGE_CURVE ( 'NONE', #801, #1434, #1461, .T. ) ;
#892 = DIRECTION ( 'NONE',  ( 0.000000000000000000, -1.000000000000000000, 0.000000000000000000 ) ) ;
#893 = VERTEX_POINT ( 'NONE', #626 ) ;
#894 = DIRECTION ( 'NONE',  ( 0.000000000000000000, 0.000000000000000000, 1.000000000000000000 ) ) ;
#895 = EDGE_LOOP ( 'NONE', ( #3977, #3328, #533, #1543 ) ) ;
#896 = AXIS2_PLACEMENT_3D ( 'NONE', #2476, #2888, #724 ) ;
#897 = CARTESIAN_POINT ( 'NONE',  ( 34.60000000000000142, 4.000000000000000000, 17.09999999999999432 ) ) ;
#898 = ORIENTED_EDGE ( 'NONE', *, *, #3668, .T. ) ;
#899 = DIRECTION ( 'NONE',  ( 0.000000000000000000, 0.000000000000000000, -1.000000000000000000 ) ) ;
#900 = CYLINDRICAL_SURFACE ( 'NONE', #3785, 1.000000000000000888 ) ;
#901 = DIRECTION ( 'NONE',  ( 0.000000000000000000, 0.000000000000000000, -1.000000000000000000 ) ) ;
#902 = LINE ( 'NONE', #2546, #2879 ) ;
#903 = EDGE_CURVE ( 'NONE', #3271, #1692, #665, .T. ) ;
#904 = ADVANCED_FACE ( 'NONE', ( #534 ), #356, .F. ) ;
#905 = ORIENTED_EDGE ( 'NONE', *, *, #2248, .T. ) ;
#906 = ORIENTED_EDGE ( 'NONE', *, *, #36, .F. ) ;
#907 = CARTESIAN_POINT ( 'NONE',  ( -12.90000000000002522, 1.999999999999998668, -18.10000000000000142 ) ) ;
#908 = EDGE_CURVE ( 'NONE', #2584, #3313, #2074, .T. ) ;
#909 = CARTESIAN_POINT ( 'NONE',  ( -11.00000000000001776, 1.999999999999998224, 20.89999999999998082 ) ) ;
#910 = CARTESIAN_POINT ( 'NONE',  ( -8.000000000000012434, -1.399999999999999911, -20.10000000000000142 ) ) ;
#911 = EDGE_LOOP ( 'NONE', ( #963, #791, #406, #1068, #1275, #871 ) ) ;
#912 = CONICAL_SURFACE ( 'NONE', #2460, 1.200000000000003064, 0.09966865249115938741 ) ;
#913 = CYLINDRICAL_SURFACE ( 'NONE', #66, 0.8999999999999980238 ) ;
#914 = ORIENTED_EDGE ( 'NONE', *, *, #3322, .T. ) ;
#915 = LINE ( 'NONE', #2147, #1394 ) ;
#916 = ORIENTED_EDGE ( 'NONE', *, *, #2418, .F. ) ;
#917 = FACE_OUTER_BOUND ( 'NONE', #961, .T. ) ;
#918 = DIRECTION ( 'NONE',  ( 1.000000000000000000, 0.000000000000000000, -0.000000000000000000 ) ) ;
#919 = PLANE ( 'NONE',  #1876 ) ;
#920 = DIRECTION ( 'NONE',  ( 5.898059818321139072E-14, 0.000000000000000000, 1.000000000000000000 ) ) ;
#921 = CONICAL_SURFACE ( 'NONE', #3920, 0.7999999999999847233, 0.09966865249116907410 ) ;
#922 = VERTEX_POINT ( 'NONE', #2506 ) ;
#923 = EDGE_LOOP ( 'NONE', ( #3062, #1870, #2732, #3568 ) ) ;
#924 = CARTESIAN_POINT ( 'NONE',  ( 0.000000000000000000, 4.000000000000000000, -17.89999999999998792 ) ) ;
#925 = DIRECTION ( 'NONE',  ( -0.000000000000000000, 1.000000000000000000, -0.000000000000000000 ) ) ;
#926 = DIRECTION ( 'NONE',  ( 0.000000000000000000, -1.000000000000000000, 0.000000000000000000 ) ) ;
#927 = DIRECTION ( 'NONE',  ( -0.000000000000000000, 0.000000000000000000, -1.000000000000000000 ) ) ;
#928 = VECTOR ( 'NONE', #3492, 1000.000000000000000 ) ;
#929 = ORIENTED_EDGE ( 'NONE', *, *, #279, .T. ) ;
#930 = EDGE_CURVE ( 'NONE', #3494, #494, #1829, .T. ) ;
#931 = VECTOR ( 'NONE', #3083, 1000.000000000000000 ) ;
#932 = CIRCLE ( 'NONE', #495, 1.000000000000000888 ) ;
#933 = DIRECTION ( 'NONE',  ( 0.000000000000000000, -1.000000000000000000, 0.000000000000000000 ) ) ;
#934 = EDGE_CURVE ( 'NONE', #3577, #3081, #3132, .T. ) ;
#935 = ORIENTED_EDGE ( 'NONE', *, *, #3715, .F. ) ;
#936 = VECTOR ( 'NONE', #870, 1000.000000000000000 ) ;
#937 = FACE_OUTER_BOUND ( 'NONE', #3731, .T. ) ;
#938 = LINE ( 'NONE', #1824, #3434 ) ;
#939 = DIRECTION ( 'NONE',  ( 0.000000000000000000, -1.000000000000000000, 0.000000000000000000 ) ) ;
#940 = CYLINDRICAL_SURFACE ( 'NONE', #1567, 0.8999999999999980238 ) ;
#941 = ORIENTED_EDGE ( 'NONE', *, *, #175, .F. ) ;
#942 = ORIENTED_EDGE ( 'NONE', *, *, #305, .T. ) ;
#943 = DIRECTION ( 'NONE',  ( 0.000000000000000000, 0.000000000000000000, -1.000000000000000000 ) ) ;
#944 = FILL_AREA_STYLE ('',( #318 ) ) ;
#945 = CARTESIAN_POINT ( 'NONE',  ( -33.40000000000000568, 1.500000000000000000, 15.89999999999999325 ) ) ;
#946 = AXIS2_PLACEMENT_3D ( 'NONE', #2624, #503, #3616 ) ;
#947 = LINE ( 'NONE', #4022, #3042 ) ;
#948 = UNCERTAINTY_MEASURE_WITH_UNIT (LENGTH_MEASURE( 1.000000000000000082E-05 ), #3231, 'distance_accuracy_value', 'NONE');
#949 = VERTEX_POINT ( 'NONE', #1241 ) ;
#950 = ADVANCED_FACE ( 'NONE', ( #1891 ), #1583, .F. ) ;
#951 = ADVANCED_FACE ( 'NONE', ( #3317 ), #2770, .F. ) ;
#952 = CARTESIAN_POINT ( 'NONE',  ( 8.000000000000010658, 4.000000000000000000, 20.69999999999997797 ) ) ;
#953 = EDGE_CURVE ( 'NONE', #2580, #2551, #1760, .T. ) ;
#954 = FACE_OUTER_BOUND ( 'NONE', #2827, .T. ) ;
#955 = EDGE_LOOP ( 'NONE', ( #2252, #2439, #3302, #3817 ) ) ;
#956 = AXIS2_PLACEMENT_3D ( 'NONE', #395, #3124, #1000 ) ;
#957 = DIRECTION ( 'NONE',  ( 1.000000000000000000, 0.000000000000000000, 0.000000000000000000 ) ) ;
#958 = FACE_OUTER_BOUND ( 'NONE', #2518, .T. ) ;
#959 = CARTESIAN_POINT ( 'NONE',  ( 7.200000000000025047, 4.000000000000000000, 19.89999999999998437 ) ) ;
#960 = DIRECTION ( 'NONE',  ( 1.387778780781449304E-14, 0.000000000000000000, -1.000000000000000000 ) ) ;
#961 = EDGE_LOOP ( 'NONE', ( #200, #2631, #898, #2120 ) ) ;
#962 = ORIENTED_EDGE ( 'NONE', *, *, #2649, .T. ) ;
#963 = ORIENTED_EDGE ( 'NONE', *, *, #3666, .F. ) ;
#964 = CARTESIAN_POINT ( 'NONE',  ( -12.90000000000002345, 4.000000000000000000, 18.09999999999999432 ) ) ;
#965 = DIRECTION ( 'NONE',  ( 1.387778780781449462E-14, 0.000000000000000000, -1.000000000000000000 ) ) ;
#966 = DIRECTION ( 'NONE',  ( -0.000000000000000000, 1.000000000000000000, -0.000000000000000000 ) ) ;
#967 = FACE_OUTER_BOUND ( 'NONE', #994, .T. ) ;
#968 = VECTOR ( 'NONE', #3557, 1000.000000000000000 ) ;
#969 = FACE_OUTER_BOUND ( 'NONE', #710, .T. ) ;
#970 = AXIS2_PLACEMENT_3D ( 'NONE', #987, #2552, #1673 ) ;
#971 = CIRCLE ( 'NONE', #849, 1.000000000000000888 ) ;
#972 = ORIENTED_EDGE ( 'NONE', *, *, #367, .T. ) ;
#973 = AXIS2_PLACEMENT_3D ( 'NONE', #45, #1278, #2522 ) ;
#974 = CARTESIAN_POINT ( 'NONE',  ( 33.39999999999999147, 1.500000000000000000, -15.90000000000000036 ) ) ;
#975 = CARTESIAN_POINT ( 'NONE',  ( 6.000000000000025757, 1.999999999999998668, -18.10000000000000142 ) ) ;
#976 = ORIENTED_EDGE ( 'NONE', *, *, #2761, .T. ) ;
#977 = EDGE_CURVE ( 'NONE', #3522, #88, #2701, .T. ) ;
#978 = CARTESIAN_POINT ( 'NONE',  ( 8.000000000000024869, -0.8999999999999998002, -19.89999999999999503 ) ) ;
#979 = PLANE ( 'NONE',  #1164 ) ;
#980 = DIRECTION ( 'NONE',  ( 0.000000000000000000, 0.000000000000000000, -1.000000000000000000 ) ) ;
#981 = EDGE_CURVE ( 'NONE', #2210, #3290, #2723, .T. ) ;
#982 = CARTESIAN_POINT ( 'NONE',  ( -8.000000000000012434, -0.9000000000000000222, -20.10000000000000142 ) ) ;
#983 = EDGE_LOOP ( 'NONE', ( #1369, #2446, #3321, #2611 ) ) ;
#984 = ADVANCED_FACE ( 'NONE', ( #1604 ), #787, .T. ) ;
#985 = ORIENTED_EDGE ( 'NONE', *, *, #1621, .F. ) ;
#986 = ORIENTED_EDGE ( 'NONE', *, *, #661, .T. ) ;
#987 = CARTESIAN_POINT ( 'NONE',  ( -8.000000000000021316, -0.8999999999999998002, 19.89999999999998082 ) ) ;
#988 = CARTESIAN_POINT ( 'NONE',  ( 11.00000000000001776, -0.8999999999999998002, 19.99999999999999645 ) ) ;
#989 = CARTESIAN_POINT ( 'NONE',  ( 12.90000000000001634, 4.000000000000000000, 19.09999999999999432 ) ) ;
#990 = ORIENTED_EDGE ( 'NONE', *, *, #861, .F. ) ;
#991 = VECTOR ( 'NONE', #3272, 1000.000000000000000 ) ;
#992 = LINE ( 'NONE', #1036, #731 ) ;
#993 = LINE ( 'NONE', #1513, #3588 ) ;
#994 = EDGE_LOOP ( 'NONE', ( #1559, #444, #1111, #3789 ) ) ;
#995 = DIRECTION ( 'NONE',  ( 0.000000000000000000, 0.000000000000000000, 1.000000000000000000 ) ) ;
#996 = DIRECTION ( 'NONE',  ( 0.000000000000000000, 0.000000000000000000, 1.000000000000000000 ) ) ;
#997 = ORIENTED_EDGE ( 'NONE', *, *, #1745, .F. ) ;
#998 = AXIS2_PLACEMENT_3D ( 'NONE', #1789, #1486, #2424 ) ;
#999 = CIRCLE ( 'NONE', #352, 1.000000000000000888 ) ;
#1000 = DIRECTION ( 'NONE',  ( 0.000000000000000000, 0.000000000000000000, -1.000000000000000000 ) ) ;
#1001 = CARTESIAN_POINT ( 'NONE',  ( -6.000000000000023981, 4.000000000000000000, -19.10000000000000142 ) ) ;
#1002 = DIRECTION ( 'NONE',  ( 0.000000000000000000, 0.000000000000000000, 1.000000000000000000 ) ) ;
#1003 = LINE ( 'NONE', #2185, #931 ) ;
#1004 = TOROIDAL_SURFACE ( 'NONE', #351, 0.5000000000000000000, 0.5000000000000000000 ) ;
#1005 = AXIS2_PLACEMENT_3D ( 'NONE', #559, #3381, #2746 ) ;
#1006 = EDGE_LOOP ( 'NONE', ( #3448, #3451, #3031, #3903 ) ) ;
#1007 = EDGE_CURVE ( 'NONE', #256, #169, #3251, .T. ) ;
#1008 = ORIENTED_EDGE ( 'NONE', *, *, #891, .T. ) ;
#1009 = ORIENTED_EDGE ( 'NONE', *, *, #36, .T. ) ;
#1010 = CARTESIAN_POINT ( 'NONE',  ( 0.000000000000000000, -0.9000000000000000222, 19.09999999999999787 ) ) ;
#1011 = SURFACE_STYLE_FILL_AREA ( #944 ) ;
#1012 = CARTESIAN_POINT ( 'NONE',  ( -6.000000000000025757, 1.999999999999998224, -18.10000000000000142 ) ) ;
#1013 = LINE ( 'NONE', #262, #1079 ) ;
#1014 = ORIENTED_EDGE ( 'NONE', *, *, #1065, .F. ) ;
#1015 = LINE ( 'NONE', #1356, #2882 ) ;
#1016 = EDGE_CURVE ( 'NONE', #1573, #2589, #2847, .T. ) ;
#1017 = FACE_OUTER_BOUND ( 'NONE', #253, .T. ) ;
#1018 = AXIS2_PLACEMENT_3D ( 'NONE', #3819, #69, #1884 ) ;
#1019 = ORIENTED_EDGE ( 'NONE', *, *, #451, .F. ) ;
#1020 = DIRECTION ( 'NONE',  ( -1.000000000000000000, 0.000000000000000000, -0.000000000000000000 ) ) ;
#1021 = PLANE ( 'NONE',  #1204 ) ;
#1022 = EDGE_LOOP ( 'NONE', ( #2296, #1601, #914, #1738 ) ) ;
#1023 = DIRECTION ( 'NONE',  ( 0.000000000000000000, 0.000000000000000000, 1.000000000000000000 ) ) ;
#1024 = CARTESIAN_POINT ( 'NONE',  ( 7.000000000000021316, 0.000000000000000000, 19.10000000000000853 ) ) ;
#1025 = CARTESIAN_POINT ( 'NONE',  ( -33.40000000000000568, 1.500000000000000000, -15.90000000000000036 ) ) ;
#1026 = AXIS2_PLACEMENT_3D ( 'NONE', #1694, #2936, #158 ) ;
#1027 = ORIENTED_EDGE ( 'NONE', *, *, #4012, .F. ) ;
#1028 = EDGE_LOOP ( 'NONE', ( #1424, #2848, #3202, #84 ) ) ;
#1029 = CARTESIAN_POINT ( 'NONE',  ( 6.000000000000019540, 4.000000000000000000, 18.09999999999999432 ) ) ;
#1030 = CYLINDRICAL_SURFACE ( 'NONE', #227, 0.5000000000000004441 ) ;
#1031 = CARTESIAN_POINT ( 'NONE',  ( -11.90000000000014424, 0.000000000000000000, 7.605392923624800813E-14 ) ) ;
#1032 = CARTESIAN_POINT ( 'NONE',  ( -10.99999999999997335, -1.399999999999999911, 19.09999999999999787 ) ) ;
#1033 = ORIENTED_EDGE ( 'NONE', *, *, #3260, .T. ) ;
#1034 = EDGE_CURVE ( 'NONE', #138, #2541, #3587, .T. ) ;
#1035 = EDGE_CURVE ( 'NONE', #2975, #860, #3229, .T. ) ;
#1036 = CARTESIAN_POINT ( 'NONE',  ( 7.000000000000024869, 4.000000000000000000, -19.10000000000000142 ) ) ;
#1037 = CARTESIAN_POINT ( 'NONE',  ( -12.90000000000002345, 0.000000000000000000, 18.09999999999999432 ) ) ;
#1038 = VERTEX_POINT ( 'NONE', #3472 ) ;
#1039 = EDGE_CURVE ( 'NONE', #273, #2638, #1805, .T. ) ;
#1040 = PLANE ( 'NONE',  #2400 ) ;
#1041 = DIRECTION ( 'NONE',  ( 0.000000000000000000, -1.000000000000000000, 0.000000000000000000 ) ) ;
#1042 = ORIENTED_EDGE ( 'NONE', *, *, #3111, .F. ) ;
#1043 = VECTOR ( 'NONE', #648, 1000.000000000000000 ) ;
#1044 = DIRECTION ( 'NONE',  ( -1.000000000000000000, 0.000000000000000000, 0.000000000000000000 ) ) ;
#1045 = CARTESIAN_POINT ( 'NONE',  ( 7.200000000000039257, 4.000000000000000000, 0.000000000000000000 ) ) ;
#1046 = CARTESIAN_POINT ( 'NONE',  ( -7.000000000000015987, 9.643580423808986168, -19.89999999999997016 ) ) ;
#1047 = ORIENTED_EDGE ( 'NONE', *, *, #2946, .F. ) ;
#1048 = ORIENTED_EDGE ( 'NONE', *, *, #238, .F. ) ;
#1049 = ORIENTED_EDGE ( 'NONE', *, *, #3971, .T. ) ;
#1050 = CARTESIAN_POINT ( 'NONE',  ( -8.000000000000015987, 1.999999999999998224, -20.89999999999998082 ) ) ;
#1051 = PLANE ( 'NONE',  #2046 ) ;
#1052 = DIRECTION ( 'NONE',  ( -6.391086490440931559E-15, 0.000000000000000000, -1.000000000000000000 ) ) ;
#1053 = CARTESIAN_POINT ( 'NONE',  ( 7.379190561164129747, -1.399999999999999689, 19.99999999999929301 ) ) ;
#1054 = VERTEX_POINT ( 'NONE', #401 ) ;
#1055 = LINE ( 'NONE', #1633, #3575 ) ;
#1056 = DIRECTION ( 'NONE',  ( -0.000000000000000000, 1.000000000000000000, -0.000000000000000000 ) ) ;
#1057 = DIRECTION ( 'NONE',  ( -1.000000000000000000, 0.000000000000000000, -1.387778780781449462E-14 ) ) ;
#1058 = ORIENTED_EDGE ( 'NONE', *, *, #3925, .F. ) ;
#1059 = EDGE_CURVE ( 'NONE', #852, #2869, #1282, .T. ) ;
#1060 = LINE ( 'NONE', #2680, #1782 ) ;
#1061 = CARTESIAN_POINT ( 'NONE',  ( 7.000000000000024869, 1.999999999999998224, -19.89999999999999503 ) ) ;
#1062 = EDGE_CURVE ( 'NONE', #2584, #2069, #1650, .T. ) ;
#1063 = ORIENTED_EDGE ( 'NONE', *, *, #1065, .T. ) ;
#1064 = DIRECTION ( 'NONE',  ( 0.000000000000000000, 0.000000000000000000, 1.000000000000000000 ) ) ;
#1065 = EDGE_CURVE ( 'NONE', #326, #4001, #3800, .T. ) ;
#1066 = DIRECTION ( 'NONE',  ( -4.857225732735059864E-14, -1.000000000000000000, 0.000000000000000000 ) ) ;
#1067 = AXIS2_PLACEMENT_3D ( 'NONE', #3311, #579, #1170 ) ;
#1068 = ORIENTED_EDGE ( 'NONE', *, *, #2076, .T. ) ;
#1069 = ORIENTED_EDGE ( 'NONE', *, *, #1996, .F. ) ;
#1070 = LINE ( 'NONE', #773, #1160 ) ;
#1071 = DIRECTION ( 'NONE',  ( 1.000000000000000000, 0.000000000000000000, 0.000000000000000000 ) ) ;
#1072 = AXIS2_PLACEMENT_3D ( 'NONE', #1253, #3705, #1800 ) ;
#1073 = CIRCLE ( 'NONE', #3337, 0.5000000000000004441 ) ;
#1074 = CARTESIAN_POINT ( 'NONE',  ( -7.000000000000015987, 0.000000000000000000, -19.89999999999997016 ) ) ;
#1075 =( NAMED_UNIT ( * ) SI_UNIT ( $, .STERADIAN. ) SOLID_ANGLE_UNIT ( ) );
#1076 = CARTESIAN_POINT ( 'NONE',  ( -11.90000000000002700, 1.999999999999998668, -19.09999999999999787 ) ) ;
#1077 = ORIENTED_EDGE ( 'NONE', *, *, #2395, .T. ) ;
#1078 = AXIS2_PLACEMENT_3D ( 'NONE', #3852, #1057, #3168 ) ;
#1079 = VECTOR ( 'NONE', #2532, 1000.000000000000000 ) ;
#1080 = LINE ( 'NONE', #3457, #3526 ) ;
#1081 = LINE ( 'NONE', #148, #552 ) ;
#1082 = LINE ( 'NONE', #3571, #2200 ) ;
#1083 =( GEOMETRIC_REPRESENTATION_CONTEXT ( 3 ) GLOBAL_UNCERTAINTY_ASSIGNED_CONTEXT ( ( #948 ) ) GLOBAL_UNIT_ASSIGNED_CONTEXT ( ( #3231, #3779, #1075 ) ) REPRESENTATION_CONTEXT ( 'NONE', 'WORKASPACE' ) );
#1084 = ORIENTED_EDGE ( 'NONE', *, *, #3198, .T. ) ;
#1085 = DIRECTION ( 'NONE',  ( -0.000000000000000000, 1.000000000000000000, -0.000000000000000000 ) ) ;
#1086 = AXIS2_PLACEMENT_3D ( 'NONE', #1088, #3937, #858 ) ;
#1087 = CIRCLE ( 'NONE', #2314, 1.000000000000000888 ) ;
#1088 = CARTESIAN_POINT ( 'NONE',  ( 8.000000000000024869, -0.8999999999999998002, -20.10000000000000142 ) ) ;
#1089 = EDGE_CURVE ( 'NONE', #3677, #1815, #3823, .T. ) ;
#1090 = CIRCLE ( 'NONE', #368, 0.5000000000000004441 ) ;
#1091 = ADVANCED_FACE ( 'NONE', ( #1916 ), #3864, .T. ) ;
#1092 = AXIS2_PLACEMENT_3D ( 'NONE', #974, #389, #652 ) ;
#1093 = EDGE_CURVE ( 'NONE', #88, #3494, #3274, .T. ) ;
#1094 = CARTESIAN_POINT ( 'NONE',  ( -8.000000000000015987, 1.999999999999998224, -19.89999999999998082 ) ) ;
#1095 = ORIENTED_EDGE ( 'NONE', *, *, #3349, .F. ) ;
#1096 = ORIENTED_EDGE ( 'NONE', *, *, #1089, .F. ) ;
#1097 = VERTEX_POINT ( 'NONE', #2916 ) ;
#1098 = DIRECTION ( 'NONE',  ( 0.000000000000000000, -1.000000000000000000, 0.000000000000000000 ) ) ;
#1099 = CARTESIAN_POINT ( 'NONE',  ( 35.59999999999999432, 0.000000000000000000, -18.10000000000000142 ) ) ;
#1100 = CARTESIAN_POINT ( 'NONE',  ( 7.510102051443373838, -1.399999999999999911, 19.99999999999998934 ) ) ;
#1101 = ORIENTED_EDGE ( 'NONE', *, *, #2761, .F. ) ;
#1102 = ORIENTED_EDGE ( 'NONE', *, *, #62, .F. ) ;
#1103 = CARTESIAN_POINT ( 'NONE',  ( -7.000000000000024869, 0.000000000000000000, -19.10000000000001208 ) ) ;
#1104 = CARTESIAN_POINT ( 'NONE',  ( 8.000000000000024869, 0.000000000000000000, -19.09999999999999787 ) ) ;
#1105 = ORIENTED_EDGE ( 'NONE', *, *, #2349, .T. ) ;
#1106 = LINE ( 'NONE', #3573, #3559 ) ;
#1107 = LINE ( 'NONE', #2343, #3740 ) ;
#1108 = CARTESIAN_POINT ( 'NONE',  ( -10.99999999999997335, 0.000000000000000000, 19.99999999999999645 ) ) ;
#1109 = AXIS2_PLACEMENT_3D ( 'NONE', #688, #711, #2222 ) ;
#1110 = CIRCLE ( 'NONE', #1548, 1.000000000000000888 ) ;
#1111 = ORIENTED_EDGE ( 'NONE', *, *, #1875, .T. ) ;
#1112 = EDGE_LOOP ( 'NONE', ( #1530, #650, #4017, #1096 ) ) ;
#1113 = VECTOR ( 'NONE', #957, 1000.000000000000000 ) ;
#1114 = ORIENTED_EDGE ( 'NONE', *, *, #3144, .F. ) ;
#1115 = LINE ( 'NONE', #2404, #1821 ) ;
#1116 = CIRCLE ( 'NONE', #973, 0.5000000000000004441 ) ;
#1117 = DIRECTION ( 'NONE',  ( -0.000000000000000000, 1.000000000000000000, -0.000000000000000000 ) ) ;
#1118 = CARTESIAN_POINT ( 'NONE',  ( 11.70000000000000995, 4.000000000000000000, -19.09999999999999787 ) ) ;
#1119 = EDGE_CURVE ( 'NONE', #580, #2083, #3518, .T. ) ;
#1120 = ORIENTED_EDGE ( 'NONE', *, *, #2121, .F. ) ;
#1121 = ORIENTED_EDGE ( 'NONE', *, *, #1135, .F. ) ;
#1122 = VECTOR ( 'NONE', #3829, 1000.000000000000000 ) ;
#1123 = CARTESIAN_POINT ( 'NONE',  ( 33.39999999999999147, 1.999999999999914957, -16.90000000000000213 ) ) ;
#1124 = PLANE ( 'NONE',  #683 ) ;
#1125 = VERTEX_POINT ( 'NONE', #2003 ) ;
#1126 = CARTESIAN_POINT ( 'NONE',  ( -7.378101995372688293, -1.399999999999999689, 19.99999999999999289 ) ) ;
#1127 = CARTESIAN_POINT ( 'NONE',  ( 6.000000000000019540, 1.999999999999998668, 18.09999999999999432 ) ) ;
#1128 = DIRECTION ( 'NONE',  ( 0.000000000000000000, -1.000000000000000000, 0.000000000000000000 ) ) ;
#1129 = ORIENTED_EDGE ( 'NONE', *, *, #2789, .T. ) ;
#1130 = CYLINDRICAL_SURFACE ( 'NONE', #3360, 0.5000000000000004441 ) ;
#1131 = LINE ( 'NONE', #3292, #807 ) ;
#1132 = DIRECTION ( 'NONE',  ( -0.000000000000000000, 0.000000000000000000, -1.000000000000000000 ) ) ;
#1133 = VECTOR ( 'NONE', #1505, 1000.000000000000114 ) ;
#1134 = DIRECTION ( 'NONE',  ( 0.9950371902099884869, 0.09950371902100592358, 1.035668623996377054E-14 ) ) ;
#1135 = EDGE_CURVE ( 'NONE', #1329, #355, #3984, .T. ) ;
#1136 = EDGE_CURVE ( 'NONE', #3178, #3270, #77, .T. ) ;
#1137 = EDGE_LOOP ( 'NONE', ( #3949, #530, #905, #2356 ) ) ;
#1138 = AXIS2_PLACEMENT_3D ( 'NONE', #833, #1153, #3030 ) ;
#1139 = VERTEX_POINT ( 'NONE', #3180 ) ;
#1140 = EDGE_CURVE ( 'NONE', #2658, #3081, #2870, .T. ) ;
#1141 = DIRECTION ( 'NONE',  ( 0.000000000000000000, 0.000000000000000000, -1.000000000000000000 ) ) ;
#1142 = LINE ( 'NONE', #1437, #3550 ) ;
#1143 = VERTEX_POINT ( 'NONE', #3843 ) ;
#1144 = VECTOR ( 'NONE', #570, 1000.000000000000000 ) ;
#1145 = AXIS2_PLACEMENT_3D ( 'NONE', #2309, #2613, #3583 ) ;
#1146 = CARTESIAN_POINT ( 'NONE',  ( 11.00000000000001776, 1.999999999999998224, 20.89999999999999503 ) ) ;
#1147 = AXIS2_PLACEMENT_3D ( 'NONE', #3899, #194, #1709 ) ;
#1148 = VERTEX_POINT ( 'NONE', #424 ) ;
#1149 = CARTESIAN_POINT ( 'NONE',  ( 8.000000000000024869, -1.399999999999999911, -19.59999999999999787 ) ) ;
#1150 = CARTESIAN_POINT ( 'NONE',  ( -35.60000000000000142, 0.000000000000000000, 17.09999999999999432 ) ) ;
#1151 = LINE ( 'NONE', #1788, #2751 ) ;
#1152 = SURFACE_STYLE_FILL_AREA ( #865 ) ;
#1153 = DIRECTION ( 'NONE',  ( -0.000000000000000000, -1.000000000000000000, -0.000000000000000000 ) ) ;
#1154 = ORIENTED_EDGE ( 'NONE', *, *, #2186, .T. ) ;
#1155 = ORIENTED_EDGE ( 'NONE', *, *, #3715, .T. ) ;
#1156 = LINE ( 'NONE', #3053, #3142 ) ;
#1157 = CARTESIAN_POINT ( 'NONE',  ( 6.000000000000025757, 4.000000000000000000, -17.89999999999998792 ) ) ;
#1158 = VERTEX_POINT ( 'NONE', #1050 ) ;
#1159 = ADVANCED_FACE ( 'NONE', ( #2897 ), #1181, .T. ) ;
#1160 = VECTOR ( 'NONE', #2002, 1000.000000000000000 ) ;
#1161 = CARTESIAN_POINT ( 'NONE',  ( 8.000000000000024869, -1.399999999999999911, -19.89999999999999503 ) ) ;
#1162 = ADVANCED_FACE ( 'NONE', ( #3961 ), #2219, .F. ) ;
#1163 = EDGE_CURVE ( 'NONE', #3146, #949, #1444, .T. ) ;
#1164 = AXIS2_PLACEMENT_3D ( 'NONE', #1300, #1933, #2300 ) ;
#1165 = ORIENTED_EDGE ( 'NONE', *, *, #2722, .F. ) ;
#1166 = CARTESIAN_POINT ( 'NONE',  ( 11.00000000000002487, -0.8999999999999998002, -20.39999999999999503 ) ) ;
#1167 = DIRECTION ( 'NONE',  ( 0.000000000000000000, 0.000000000000000000, -1.000000000000000000 ) ) ;
#1168 = CARTESIAN_POINT ( 'NONE',  ( -34.40000000000000568, 1.999999999999914957, -16.90000000000000213 ) ) ;
#1169 = DIRECTION ( 'NONE',  ( 0.000000000000000000, 0.000000000000000000, 1.000000000000000000 ) ) ;
#1170 = DIRECTION ( 'NONE',  ( 0.000000000000000000, 0.000000000000000000, -1.000000000000000000 ) ) ;
#1171 = ORIENTED_EDGE ( 'NONE', *, *, #2725, .T. ) ;
#1172 = VECTOR ( 'NONE', #2501, 1000.000000000000000 ) ;
#1173 = VERTEX_POINT ( 'NONE', #2386 ) ;
#1174 = DIRECTION ( 'NONE',  ( 0.000000000000000000, 0.000000000000000000, -1.000000000000000000 ) ) ;
#1175 = DIRECTION ( 'NONE',  ( -0.09950371902099412746, -0.9950371902099895971, 0.000000000000000000 ) ) ;
#1176 = ORIENTED_EDGE ( 'NONE', *, *, #3930, .F. ) ;
#1177 = CARTESIAN_POINT ( 'NONE',  ( 8.000000000000007105, -1.399999999999999911, 20.10000000000000142 ) ) ;
#1178 = EDGE_CURVE ( 'NONE', #2590, #385, #3787, .T. ) ;
#1179 = EDGE_CURVE ( 'NONE', #2272, #117, #2034, .T. ) ;
#1180 = VERTEX_POINT ( 'NONE', #812 ) ;
#1181 = CONICAL_SURFACE ( 'NONE', #3461, 0.7999999999999847233, 0.09966865249116953207 ) ;
#1182 = EDGE_CURVE ( 'NONE', #2959, #728, #2634, .T. ) ;
#1183 = CARTESIAN_POINT ( 'NONE',  ( 6.000000000000025757, 1.999999999999998668, -18.10000000000000142 ) ) ;
#1184 = CARTESIAN_POINT ( 'NONE',  ( -35.60000000000000853, 4.000000000000000000, -18.10000000000000142 ) ) ;
#1185 = CARTESIAN_POINT ( 'NONE',  ( -12.90000000000002522, 4.000000000000000000, -19.10000000000000142 ) ) ;
#1186 = DIRECTION ( 'NONE',  ( -0.000000000000000000, -1.000000000000000000, -0.000000000000000000 ) ) ;
#1187 = EDGE_LOOP ( 'NONE', ( #1033, #213, #1699, #3238 ) ) ;
#1188 = ORIENTED_EDGE ( 'NONE', *, *, #1448, .F. ) ;
#1189 = PLANE ( 'NONE',  #1712 ) ;
#1190 = FACE_OUTER_BOUND ( 'NONE', #2968, .T. ) ;
#1191 = VERTEX_POINT ( 'NONE', #1415 ) ;
#1192 = VECTOR ( 'NONE', #450, 1000.000000000000000 ) ;
#1193 = CIRCLE ( 'NONE', #2881, 1.000000000000000888 ) ;
#1194 = APPLICATION_CONTEXT ( 'automotive_design' ) ;
#1195 = TOROIDAL_SURFACE ( 'NONE', #3479, 0.5000000000000000000, 0.5000000000000000000 ) ;
#1196 = DIRECTION ( 'NONE',  ( 0.000000000000000000, 1.000000000000000000, 0.000000000000000000 ) ) ;
#1197 = VECTOR ( 'NONE', #2005, 1000.000000000000000 ) ;
#1198 = ORIENTED_EDGE ( 'NONE', *, *, #2948, .T. ) ;
#1199 = EDGE_CURVE ( 'NONE', #3055, #2411, #1131, .T. ) ;
#1200 = DIRECTION ( 'NONE',  ( -1.000000000000000000, 0.000000000000000000, -2.739037067331827248E-15 ) ) ;
#1201 = EDGE_CURVE ( 'NONE', #2054, #2385, #85, .T. ) ;
#1202 = ORIENTED_EDGE ( 'NONE', *, *, #1888, .T. ) ;
#1203 = EDGE_CURVE ( 'NONE', #2281, #2512, #1115, .T. ) ;
#1204 = AXIS2_PLACEMENT_3D ( 'NONE', #460, #2583, #391 ) ;
#1205 = DIRECTION ( 'NONE',  ( 0.09950371902100506316, 0.9950371902099884869, 0.000000000000000000 ) ) ;
#1206 = DIRECTION ( 'NONE',  ( 1.000000000000000000, 0.000000000000000000, -0.000000000000000000 ) ) ;
#1207 = EDGE_CURVE ( 'NONE', #2584, #2570, #3057, .T. ) ;
#1208 = ORIENTED_EDGE ( 'NONE', *, *, #2463, .F. ) ;
#1209 = AXIS2_PLACEMENT_3D ( 'NONE', #61, #1294, #995 ) ;
#1210 = VERTEX_POINT ( 'NONE', #1150 ) ;
#1211 = CARTESIAN_POINT ( 'NONE',  ( 7.000000000000024869, 1.999999999999998224, -20.89999999999999503 ) ) ;
#1212 = CARTESIAN_POINT ( 'NONE',  ( 0.000000000000000000, 0.000000000000000000, 19.09999999999999787 ) ) ;
#1213 = DIRECTION ( 'NONE',  ( -1.000000000000000000, 0.000000000000000000, 0.000000000000000000 ) ) ;
#1214 = PRODUCT ( '零件1.3', '零件1.3', '', ( #2353 ) ) ;
#1215 = ORIENTED_EDGE ( 'NONE', *, *, #58, .F. ) ;
#1216 = LINE ( 'NONE', #3759, #2850 ) ;
#1217 = ORIENTED_EDGE ( 'NONE', *, *, #1798, .T. ) ;
#1218 = FACE_BOUND ( 'NONE', #344, .T. ) ;
#1219 = ORIENTED_EDGE ( 'NONE', *, *, #611, .F. ) ;
#1220 = DIRECTION ( 'NONE',  ( 0.000000000000000000, 0.9950371902099884869, 0.09950371902100506316 ) ) ;
#1221 = CARTESIAN_POINT ( 'NONE',  ( 0.000000000000000000, -1.399999999999999911, 0.000000000000000000 ) ) ;
#1222 = FACE_OUTER_BOUND ( 'NONE', #2868, .T. ) ;
#1223 = DIRECTION ( 'NONE',  ( 0.000000000000000000, 0.000000000000000000, -1.000000000000000000 ) ) ;
#1224 = ORIENTED_EDGE ( 'NONE', *, *, #2693, .T. ) ;
#1225 = ORIENTED_EDGE ( 'NONE', *, *, #3696, .F. ) ;
#1226 = CARTESIAN_POINT ( 'NONE',  ( 6.000000000000019540, 4.000000000000000000, 17.89999999999998082 ) ) ;
#1227 = EDGE_CURVE ( 'NONE', #702, #1887, #3581, .T. ) ;
#1228 = CARTESIAN_POINT ( 'NONE',  ( -35.60000000000000853, 4.000000000000000000, -18.10000000000000142 ) ) ;
#1229 = DIRECTION ( 'NONE',  ( 0.000000000000000000, -0.09950371902100507704, 0.9950371902099885979 ) ) ;
#1230 = ADVANCED_FACE ( 'NONE', ( #3309 ), #921, .T. ) ;
#1231 = FACE_OUTER_BOUND ( 'NONE', #3885, .T. ) ;
#1232 = ORIENTED_EDGE ( 'NONE', *, *, #3881, .T. ) ;
#1233 = CARTESIAN_POINT ( 'NONE',  ( -8.000000000000015987, 0.000000000000000000, -19.89999999999998082 ) ) ;
#1234 = ORIENTED_EDGE ( 'NONE', *, *, #567, .T. ) ;
#1235 = FACE_OUTER_BOUND ( 'NONE', #923, .T. ) ;
#1236 = DIRECTION ( 'NONE',  ( 0.000000000000000000, -1.000000000000000000, 0.000000000000000000 ) ) ;
#1237 = CARTESIAN_POINT ( 'NONE',  ( -8.000000000000021316, 4.000000000000000000, 20.69999999999996732 ) ) ;
#1238 = DIRECTION ( 'NONE',  ( 0.000000000000000000, 0.9950371902099884869, 0.09950371902100509092 ) ) ;
#1239 = ORIENTED_EDGE ( 'NONE', *, *, #2943, .F. ) ;
#1240 = ORIENTED_EDGE ( 'NONE', *, *, #1007, .T. ) ;
#1241 = CARTESIAN_POINT ( 'NONE',  ( -11.70000000000001172, 4.000000000000000000, -19.09999999999999787 ) ) ;
#1242 = EDGE_CURVE ( 'NONE', #2683, #2551, #2359, .T. ) ;
#1243 =( NAMED_UNIT ( * ) PLANE_ANGLE_UNIT ( ) SI_UNIT ( $, .RADIAN. ) );
#1244 = FACE_OUTER_BOUND ( 'NONE', #423, .T. ) ;
#1245 = EDGE_CURVE ( 'NONE', #322, #3146, #3601, .T. ) ;
#1246 = EDGE_CURVE ( 'NONE', #3840, #2069, #2148, .T. ) ;
#1247 = CARTESIAN_POINT ( 'NONE',  ( 0.000000000000000000, 4.000000000000000000, 20.69999999999996732 ) ) ;
#1248 = VERTEX_POINT ( 'NONE', #3923 ) ;
#1249 = ADVANCED_FACE ( 'NONE', ( #524 ), #2706, .T. ) ;
#1250 = LINE ( 'NONE', #3460, #3356 ) ;
#1251 = AXIS2_PLACEMENT_3D ( 'NONE', #2130, #1517, #2438 ) ;
#1252 = AXIS2_PLACEMENT_3D ( 'NONE', #3520, #3755, #965 ) ;
#1253 = CARTESIAN_POINT ( 'NONE',  ( 11.00000000000002487, 1.999999999999998224, -19.99999999999999645 ) ) ;
#1254 = ORIENTED_EDGE ( 'NONE', *, *, #2414, .T. ) ;
#1255 = AXIS2_PLACEMENT_3D ( 'NONE', #3206, #1941, #3540 ) ;
#1256 = VECTOR ( 'NONE', #2322, 1000.000000000000000 ) ;
#1257 = CARTESIAN_POINT ( 'NONE',  ( 34.60000000000000142, 0.000000000000000000, 17.09999999999999432 ) ) ;
#1258 = CARTESIAN_POINT ( 'NONE',  ( -35.60000000000000853, 1.999999999999998224, -17.10000000000000142 ) ) ;
#1259 = CARTESIAN_POINT ( 'NONE',  ( 8.000000000000024869, -0.8999999999999998002, -20.10000000000000142 ) ) ;
#1260 = CARTESIAN_POINT ( 'NONE',  ( -8.000000000000015987, -0.8999999999999998002, -19.89999999999998082 ) ) ;
#1261 = ORIENTED_EDGE ( 'NONE', *, *, #2396, .T. ) ;
#1262 = AXIS2_PLACEMENT_3D ( 'NONE', #2860, #1317, #996 ) ;
#1263 = EDGE_LOOP ( 'NONE', ( #3724, #707, #585, #57 ) ) ;
#1264 = FACE_OUTER_BOUND ( 'NONE', #548, .T. ) ;
#1265 = AXIS2_PLACEMENT_3D ( 'NONE', #3549, #2015, #2057 ) ;
#1266 = CYLINDRICAL_SURFACE ( 'NONE', #3284, 0.5000000000000004441 ) ;
#1267 = PLANE ( 'NONE',  #821 ) ;
#1268 = FACE_OUTER_BOUND ( 'NONE', #3159, .T. ) ;
#1269 = CARTESIAN_POINT ( 'NONE',  ( 35.59999999999999432, 0.000000000000000000, -17.10000000000000142 ) ) ;
#1270 = EDGE_CURVE ( 'NONE', #664, #3234, #214, .T. ) ;
#1271 = ORIENTED_EDGE ( 'NONE', *, *, #3246, .F. ) ;
#1272 = CARTESIAN_POINT ( 'NONE',  ( 8.000000000000024869, 0.000000000000000000, -19.89999999999999503 ) ) ;
#1273 = DIRECTION ( 'NONE',  ( 0.000000000000000000, -1.000000000000000000, 0.000000000000000000 ) ) ;
#1274 = EDGE_CURVE ( 'NONE', #1724, #566, #848, .T. ) ;
#1275 = ORIENTED_EDGE ( 'NONE', *, *, #3878, .F. ) ;
#1276 = CARTESIAN_POINT ( 'NONE',  ( -8.000000000000012434, 0.000000000000000000, -20.10000000000000142 ) ) ;
#1277 = DIRECTION ( 'NONE',  ( 1.000000000000000000, 0.000000000000000000, 0.000000000000000000 ) ) ;
#1278 = DIRECTION ( 'NONE',  ( 0.000000000000000000, -1.000000000000000000, 0.000000000000000000 ) ) ;
#1279 = ORIENTED_EDGE ( 'NONE', *, *, #2693, .F. ) ;
#1280 = VERTEX_POINT ( 'NONE', #231 ) ;
#1281 = ORIENTED_EDGE ( 'NONE', *, *, #3397, .F. ) ;
#1282 = LINE ( 'NONE', #2573, #1611 ) ;
#1283 = SURFACE_STYLE_USAGE ( .BOTH. , #51 ) ;
#1284 = DIRECTION ( 'NONE',  ( -0.000000000000000000, 1.000000000000000000, -0.000000000000000000 ) ) ;
#1285 = CIRCLE ( 'NONE', #3248, 1.200000000000013500 ) ;
#1286 = ORIENTED_EDGE ( 'NONE', *, *, #1615, .F. ) ;
#1287 = CARTESIAN_POINT ( 'NONE',  ( 34.59999999999999432, 0.000000000000000000, -18.10000000000000142 ) ) ;
#1288 = CARTESIAN_POINT ( 'NONE',  ( 35.39999999999998437, 4.000000000000000000, -17.10000000000000142 ) ) ;
#1289 = VECTOR ( 'NONE', #2308, 1000.000000000000227 ) ;
#1290 = TOROIDAL_SURFACE ( 'NONE', #2921, 0.3999999999999980238, 0.5000000000000000000 ) ;
#1291 = ORIENTED_EDGE ( 'NONE', *, *, #1093, .T. ) ;
#1292 = VECTOR ( 'NONE', #1299, 1000.000000000000000 ) ;
#1293 = VECTOR ( 'NONE', #3748, 1000.000000000000114 ) ;
#1294 = DIRECTION ( 'NONE',  ( -1.000000000000000000, -0.000000000000000000, -0.000000000000000000 ) ) ;
#1295 = LINE ( 'NONE', #2540, #2243 ) ;
#1296 = EDGE_CURVE ( 'NONE', #1125, #1139, #2677, .T. ) ;
#1297 = ORIENTED_EDGE ( 'NONE', *, *, #3954, .T. ) ;
#1298 = CIRCLE ( 'NONE', #846, 0.8999999999999980238 ) ;
#1299 = DIRECTION ( 'NONE',  ( -1.000000000000000000, 0.000000000000000000, 0.000000000000000000 ) ) ;
#1300 = CARTESIAN_POINT ( 'NONE',  ( -7.000000000000021316, 1.999999999999998224, 0.000000000000000000 ) ) ;
#1301 = CARTESIAN_POINT ( 'NONE',  ( -35.60000000000000853, 1.999999999999998668, -18.10000000000000142 ) ) ;
#1302 = FACE_OUTER_BOUND ( 'NONE', #1580, .T. ) ;
#1303 = EDGE_LOOP ( 'NONE', ( #1219, #2136, #1908, #3813 ) ) ;
#1304 = ADVANCED_FACE ( 'NONE', ( #3979 ), #900, .T. ) ;
#1305 = ORIENTED_EDGE ( 'NONE', *, *, #2495, .T. ) ;
#1306 = ORIENTED_EDGE ( 'NONE', *, *, #1924, .T. ) ;
#1307 = DIRECTION ( 'NONE',  ( 0.000000000000000000, 0.000000000000000000, -1.000000000000000000 ) ) ;
#1308 = DIRECTION ( 'NONE',  ( 0.000000000000000000, 0.000000000000000000, 1.000000000000000000 ) ) ;
#1309 = CYLINDRICAL_SURFACE ( 'NONE', #3024, 1.000000000000000888 ) ;
#1310 = AXIS2_PLACEMENT_3D ( 'NONE', #2094, #2655, #2686 ) ;
#1311 = VERTEX_POINT ( 'NONE', #1258 ) ;
#1312 = VECTOR ( 'NONE', #2528, 1000.000000000000227 ) ;
#1313 = CYLINDRICAL_SURFACE ( 'NONE', #2853, 1.000000000000000888 ) ;
#1314 = CARTESIAN_POINT ( 'NONE',  ( -8.000000000000015987, -1.399999999999999911, -20.39999999999998082 ) ) ;
#1315 = EDGE_LOOP ( 'NONE', ( #435, #1832, #353, #2218 ) ) ;
#1316 = FACE_OUTER_BOUND ( 'NONE', #2155, .T. ) ;
#1317 = DIRECTION ( 'NONE',  ( -1.000000000000000000, 0.000000000000000000, 0.000000000000000000 ) ) ;
#1318 = EDGE_LOOP ( 'NONE', ( #2965, #2241, #2182, #1271 ) ) ;
#1319 = CIRCLE ( 'NONE', #345, 1.000000000000000888 ) ;
#1320 = PLANE ( 'NONE',  #3261 ) ;
#1321 = DIRECTION ( 'NONE',  ( 0.000000000000000000, -1.000000000000000000, 0.000000000000000000 ) ) ;
#1322 = CIRCLE ( 'NONE', #3939, 1.000000000000000888 ) ;
#1323 = ADVANCED_FACE ( 'NONE', ( #291 ), #3726, .T. ) ;
#1324 = LINE ( 'NONE', #959, #3045 ) ;
#1325 = VECTOR ( 'NONE', #1984, 1000.000000000000000 ) ;
#1326 = VECTOR ( 'NONE', #3654, 1000.000000000000000 ) ;
#1327 = ADVANCED_FACE ( 'NONE', ( #3674 ), #2031, .T. ) ;
#1328 = ORIENTED_EDGE ( 'NONE', *, *, #655, .T. ) ;
#1329 = VERTEX_POINT ( 'NONE', #2477 ) ;
#1330 = CARTESIAN_POINT ( 'NONE',  ( -12.90000000000002345, 4.000000000000000000, 17.89999999999998082 ) ) ;
#1331 = CARTESIAN_POINT ( 'NONE',  ( 0.000000000000000000, -1.399999999999999911, 19.59999999999999787 ) ) ;
#1332 = DIRECTION ( 'NONE',  ( 0.000000000000000000, -1.000000000000000000, 0.000000000000000000 ) ) ;
#1333 = CARTESIAN_POINT ( 'NONE',  ( 34.39999999999999147, 1.500000000000000000, -16.90000000000000213 ) ) ;
#1334 = ADVANCED_FACE ( 'NONE', ( #621 ), #1682, .F. ) ;
#1335 = ORIENTED_EDGE ( 'NONE', *, *, #981, .T. ) ;
#1336 = CYLINDRICAL_SURFACE ( 'NONE', #2018, 0.5000000000000004441 ) ;
#1337 = CARTESIAN_POINT ( 'NONE',  ( 11.00000000000002487, 1.999999999999998224, -20.89999999999999503 ) ) ;
#1338 = CIRCLE ( 'NONE', #237, 0.8999999999999980238 ) ;
#1339 = ORIENTED_EDGE ( 'NONE', *, *, #3366, .T. ) ;
#1340 = LINE ( 'NONE', #2562, #888 ) ;
#1341 = CARTESIAN_POINT ( 'NONE',  ( -8.000000000000021316, -1.400000000000000133, 19.09999999999999787 ) ) ;
#1342 = ORIENTED_EDGE ( 'NONE', *, *, #3666, .T. ) ;
#1343 = DIRECTION ( 'NONE',  ( 1.916821520416361651E-16, 0.000000000000000000, 1.000000000000000000 ) ) ;
#1344 = CARTESIAN_POINT ( 'NONE',  ( 11.00000000000002487, 0.000000000000000000, -19.99999999999999645 ) ) ;
#1345 = FACE_OUTER_BOUND ( 'NONE', #266, .T. ) ;
#1346 = ORIENTED_EDGE ( 'NONE', *, *, #1918, .T. ) ;
#1347 = CLOSED_SHELL ( 'NONE', ( #2354, #289, #2720, #2467, #3338, #3613, #3585, #793, #3060, #2807, #3007, #1406, #539, #2487, #1381, #2766, #360, #197, #1249, #2419, #3469, #3147, #2973, #1354, #1892, #904, #3446, #950, #3774, #3855, #2268, #1539, #3648, #695, #3714, #1323, #951, #2163, #3456, #2092, #3449, #3950, #392, #1091, #3880, #2217, #2621, #1973, #1968, #1304, #3651, #1865, #362, #2919, #3090, #2451, #3957, #1700, #1494, #3085, #3929, #1791, #3023, #3631, #1159, #3921, #3225, #2171, #1427, #2569, #879, #2089, #3634, #1455, #3037, #2647, #3412, #2416, #3191, #607, #2090, #2835, #2167, #2740, #2426, #1922, #128, #1898, #1162, #3672, #3908, #1867, #1230, #2648, #3900, #3414, #2214, #1614, #1794, #984, #1671, #634, #1410, #1334, #3392, #3056, #1668, #3629, #1595, #312, #2380, #1327, #413, #3529, #2301, #118, #3718, #3796, #3134, #2809, #3742, #196, #41, #2470, #2929, #1618, #217, #3420, #1654, #2802, #2715, #689, #637, #3417, #3353, #414, #2053, #2803, #3803 ) ) ;
#1348 = ORIENTED_EDGE ( 'NONE', *, *, #116, .F. ) ;
#1349 = VERTEX_POINT ( 'NONE', #1538 ) ;
#1350 = DIRECTION ( 'NONE',  ( 1.000000000000000000, 0.000000000000000000, 0.000000000000000000 ) ) ;
#1351 = DIRECTION ( 'NONE',  ( 0.000000000000000000, -1.000000000000000000, 0.000000000000000000 ) ) ;
#1352 = DIRECTION ( 'NONE',  ( 0.000000000000000000, 0.000000000000000000, -1.000000000000000000 ) ) ;
#1353 = LINE ( 'NONE', #1032, #2157 ) ;
#1354 = ADVANCED_FACE ( 'NONE', ( #881 ), #2151, .T. ) ;
#1355 = ORIENTED_EDGE ( 'NONE', *, *, #2146, .T. ) ;
#1356 = CARTESIAN_POINT ( 'NONE',  ( -11.90000000000014424, 1.999999999999998224, 7.605392923624800813E-14 ) ) ;
#1357 = EDGE_CURVE ( 'NONE', #25, #2538, #938, .T. ) ;
#1358 = CARTESIAN_POINT ( 'NONE',  ( -34.40000000000000568, 1.999999999999914957, 15.89999999999999325 ) ) ;
#1359 = PLANE ( 'NONE',  #1078 ) ;
#1360 = VERTEX_POINT ( 'NONE', #3028 ) ;
#1361 = EDGE_CURVE ( 'NONE', #169, #1412, #248, .T. ) ;
#1362 = DIRECTION ( 'NONE',  ( -1.000000000000000000, 0.000000000000000000, 0.000000000000000000 ) ) ;
#1363 = AXIS2_PLACEMENT_3D ( 'NONE', #2926, #149, #83 ) ;
#1364 = CARTESIAN_POINT ( 'NONE',  ( -11.00000000000002487, -1.399999999999999911, -19.99999999999998224 ) ) ;
#1365 = ORIENTED_EDGE ( 'NONE', *, *, #175, .T. ) ;
#1366 = CIRCLE ( 'NONE', #1806, 0.5000000000000000000 ) ;
#1367 = CARTESIAN_POINT ( 'NONE',  ( 7.000000000000024869, 0.000000000000000000, -19.10000000000000142 ) ) ;
#1368 = DIRECTION ( 'NONE',  ( -0.000000000000000000, 1.000000000000000000, -0.000000000000000000 ) ) ;
#1369 = ORIENTED_EDGE ( 'NONE', *, *, #397, .T. ) ;
#1370 = ORIENTED_EDGE ( 'NONE', *, *, #1615, .T. ) ;
#1371 = CARTESIAN_POINT ( 'NONE',  ( -8.000000000000021316, -1.399999999999999911, 20.10000000000000142 ) ) ;
#1372 = DIRECTION ( 'NONE',  ( 0.000000000000000000, 0.000000000000000000, -1.000000000000000000 ) ) ;
#1373 = CARTESIAN_POINT ( 'NONE',  ( -6.000000000000019540, 4.000000000000000000, 17.89999999999998082 ) ) ;
#1374 = DIRECTION ( 'NONE',  ( 1.040834085586101454E-14, 0.000000000000000000, -1.000000000000000000 ) ) ;
#1375 = DIRECTION ( 'NONE',  ( 0.000000000000000000, 0.000000000000000000, -1.000000000000000000 ) ) ;
#1376 = ORIENTED_EDGE ( 'NONE', *, *, #2629, .T. ) ;
#1377 = CARTESIAN_POINT ( 'NONE',  ( 11.00000000000002487, -1.399999999999999911, 19.09999999999999787 ) ) ;
#1378 = EDGE_CURVE ( 'NONE', #829, #3577, #2521, .T. ) ;
#1379 = DIRECTION ( 'NONE',  ( 0.000000000000000000, 0.000000000000000000, -1.000000000000000000 ) ) ;
#1380 = DIRECTION ( 'NONE',  ( -0.000000000000000000, 1.000000000000000000, -0.000000000000000000 ) ) ;
#1381 = ADVANCED_FACE ( 'NONE', ( #1862 ), #577, .F. ) ;
#1382 = ORIENTED_EDGE ( 'NONE', *, *, #2414, .F. ) ;
#1383 = EDGE_CURVE ( 'NONE', #3092, #1488, #133, .T. ) ;
#1384 = CARTESIAN_POINT ( 'NONE',  ( 8.000000000000007105, -0.9000000000000000222, 20.10000000000000142 ) ) ;
#1385 = LINE ( 'NONE', #174, #1256 ) ;
#1386 = EDGE_CURVE ( 'NONE', #3909, #1915, #1801, .T. ) ;
#1387 = LINE ( 'NONE', #504, #2344 ) ;
#1388 = AXIS2_PLACEMENT_3D ( 'NONE', #1866, #1557, #920 ) ;
#1389 = ORIENTED_EDGE ( 'NONE', *, *, #146, .F. ) ;
#1390 = AXIS2_PLACEMENT_3D ( 'NONE', #869, #275, #1491 ) ;
#1391 = ORIENTED_EDGE ( 'NONE', *, *, #60, .F. ) ;
#1392 = CARTESIAN_POINT ( 'NONE',  ( 34.39999999999999147, 1.500000000000000000, -15.90000000000000036 ) ) ;
#1393 = CARTESIAN_POINT ( 'NONE',  ( -33.40000000000000568, 4.000000000000000000, -15.90000000000000036 ) ) ;
#1394 = VECTOR ( 'NONE', #3393, 1000.000000000000227 ) ;
#1395 = CIRCLE ( 'NONE', #3808, 1.000000000000000888 ) ;
#1396 = CIRCLE ( 'NONE', #684, 1.000000000000000888 ) ;
#1397 = DIRECTION ( 'NONE',  ( -1.000000000000000000, -0.000000000000000000, -0.000000000000000000 ) ) ;
#1398 = DIRECTION ( 'NONE',  ( 0.000000000000000000, -1.000000000000000000, 0.000000000000000000 ) ) ;
#1399 = ORIENTED_EDGE ( 'NONE', *, *, #2688, .F. ) ;
#1400 = EDGE_LOOP ( 'NONE', ( #3922, #1927, #1850, #3150 ) ) ;
#1401 = CARTESIAN_POINT ( 'NONE',  ( -33.40000000000000568, 1.999999999999914957, 16.89999999999999503 ) ) ;
#1402 = DIRECTION ( 'NONE',  ( 0.000000000000000000, 0.000000000000000000, 1.000000000000000000 ) ) ;
#1403 = EDGE_LOOP ( 'NONE', ( #1297, #3119, #3548, #941 ) ) ;
#1404 = LINE ( 'NONE', #2036, #561 ) ;
#1405 = AXIS2_PLACEMENT_3D ( 'NONE', #1643, #1321, #2567 ) ;
#1406 = ADVANCED_FACE ( 'NONE', ( #1845 ), #3998, .F. ) ;
#1407 = AXIS2_PLACEMENT_3D ( 'NONE', #1871, #2466, #3452 ) ;
#1408 = DIRECTION ( 'NONE',  ( 0.000000000000000000, 0.000000000000000000, -1.000000000000000000 ) ) ;
#1409 = AXIS2_PLACEMENT_3D ( 'NONE', #1272, #2515, #2837 ) ;
#1410 = ADVANCED_FACE ( 'NONE', ( #958 ), #2459, .T. ) ;
#1411 = CARTESIAN_POINT ( 'NONE',  ( 8.000000000000024869, 1.999999999999998224, -20.89999999999999503 ) ) ;
#1412 = VERTEX_POINT ( 'NONE', #2779 ) ;
#1413 = ORIENTED_EDGE ( 'NONE', *, *, #609, .F. ) ;
#1414 = ORIENTED_EDGE ( 'NONE', *, *, #2250, .F. ) ;
#1415 = CARTESIAN_POINT ( 'NONE',  ( -34.60000000000000142, 1.999999999999998668, 18.09999999999999432 ) ) ;
#1416 = B_SPLINE_CURVE_WITH_KNOTS ( 'NONE', 3,
 ( #2118, #2374, #3364, #2672, #1449, #3963 ),
 .UNSPECIFIED., .F., .F.,
 ( 4, 2, 4 ),
 ( 0.000000000000000000, 0.0003927252244376912152, 0.0007854504488753824305 ),
 .UNSPECIFIED. ) ;
#1417 = DIRECTION ( 'NONE',  ( 0.000000000000000000, 1.000000000000000000, 0.000000000000000000 ) ) ;
#1418 = DIRECTION ( 'NONE',  ( 0.09950371902100593746, 0.9950371902099883759, 0.000000000000000000 ) ) ;
#1419 = VECTOR ( 'NONE', #1622, 1000.000000000000000 ) ;
#1420 = ORIENTED_EDGE ( 'NONE', *, *, #451, .T. ) ;
#1421 = ORIENTED_EDGE ( 'NONE', *, *, #195, .F. ) ;
#1422 = PLANE ( 'NONE',  #2486 ) ;
#1423 = DIRECTION ( 'NONE',  ( -2.739037067331807526E-15, 0.000000000000000000, -1.000000000000000000 ) ) ;
#1424 = ORIENTED_EDGE ( 'NONE', *, *, #264, .F. ) ;
#1425 = DIRECTION ( 'NONE',  ( 0.000000000000000000, 0.000000000000000000, -1.000000000000000000 ) ) ;
#1426 = CARTESIAN_POINT ( 'NONE',  ( -7.005012562893394801, 0.000000000000000000, -19.99999999999997158 ) ) ;
#1427 = ADVANCED_FACE ( 'NONE', ( #3 ), #2191, .T. ) ;
#1428 = CARTESIAN_POINT ( 'NONE',  ( -8.000000000000012434, -1.399999999999999911, -19.59999999999999787 ) ) ;
#1429 = VERTEX_POINT ( 'NONE', #3442 ) ;
#1430 = DIRECTION ( 'NONE',  ( -0.000000000000000000, 1.000000000000000000, -0.000000000000000000 ) ) ;
#1431 = DIRECTION ( 'NONE',  ( -0.000000000000000000, 1.000000000000000000, -0.000000000000000000 ) ) ;
#1432 = CARTESIAN_POINT ( 'NONE',  ( 34.59999999999999432, 4.000000000000000000, -17.89999999999998437 ) ) ;
#1433 = CARTESIAN_POINT ( 'NONE',  ( 11.90000000000002345, 0.000000000000000000, -20.00000000000000000 ) ) ;
#1434 = VERTEX_POINT ( 'NONE', #135 ) ;
#1435 = ORIENTED_EDGE ( 'NONE', *, *, #3790, .F. ) ;
#1436 = DIRECTION ( 'NONE',  ( -1.000000000000000000, 0.000000000000000000, 0.000000000000000000 ) ) ;
#1437 = CARTESIAN_POINT ( 'NONE',  ( -7.005012562893401906, 0.000000000000000000, 19.99999999999998934 ) ) ;
#1438 = ORIENTED_EDGE ( 'NONE', *, *, #3254, .F. ) ;
#1439 = CARTESIAN_POINT ( 'NONE',  ( 35.39999999999998437, 4.000000000000000000, 17.09999999999999432 ) ) ;
#1440 = DIRECTION ( 'NONE',  ( 1.000000000000000000, -0.000000000000000000, -0.000000000000000000 ) ) ;
#1441 = ORIENTED_EDGE ( 'NONE', *, *, #616, .F. ) ;
#1442 = EDGE_CURVE ( 'NONE', #3560, #3776, #3175, .T. ) ;
#1443 = ORIENTED_EDGE ( 'NONE', *, *, #658, .F. ) ;
#1444 = LINE ( 'NONE', #3603, #991 ) ;
#1445 = FACE_OUTER_BOUND ( 'NONE', #2145, .T. ) ;
#1446 = AXIS2_PLACEMENT_3D ( 'NONE', #2048, #2709, #1206 ) ;
#1447 = DIRECTION ( 'NONE',  ( 1.000000000000000000, 0.000000000000000000, 0.000000000000000000 ) ) ;
#1448 = EDGE_CURVE ( 'NONE', #1158, #1946, #112, .T. ) ;
#1449 = CARTESIAN_POINT ( 'NONE',  ( 7.379190561164145734, -1.399999999999999911, -19.99999999999999645 ) ) ;
#1450 = ORIENTED_EDGE ( 'NONE', *, *, #3395, .F. ) ;
#1451 = EDGE_CURVE ( 'NONE', #1882, #1970, #1285, .T. ) ;
#1452 = CIRCLE ( 'NONE', #1251, 1.200000000000013500 ) ;
#1453 = ORIENTED_EDGE ( 'NONE', *, *, #1178, .T. ) ;
#1454 = COLOUR_RGB ( '',1.000000000000000000, 1.000000000000000000, 1.000000000000000000 ) ;
#1455 = ADVANCED_FACE ( 'NONE', ( #1598 ), #979, .F. ) ;
#1456 = CARTESIAN_POINT ( 'NONE',  ( -34.60000000000000853, 4.000000000000000000, -15.90000000000000036 ) ) ;
#1457 = FACE_OUTER_BOUND ( 'NONE', #3471, .T. ) ;
#1458 = ORIENTED_EDGE ( 'NONE', *, *, #3033, .F. ) ;
#1459 = AXIS2_PLACEMENT_3D ( 'NONE', #2788, #892, #646 ) ;
#1460 = AXIS2_PLACEMENT_3D ( 'NONE', #1177, #1196, #3662 ) ;
#1461 = LINE ( 'NONE', #3407, #2197 ) ;
#1462 = CARTESIAN_POINT ( 'NONE',  ( -8.000000000000021316, -0.9000000000000000222, 19.09999999999999787 ) ) ;
#1463 = VECTOR ( 'NONE', #843, 1000.000000000000000 ) ;
#1464 = ORIENTED_EDGE ( 'NONE', *, *, #1016, .F. ) ;
#1465 = PRODUCT_DEFINITION_SHAPE ( 'NONE', 'NONE',  #261 ) ;
#1466 = CARTESIAN_POINT ( 'NONE',  ( 33.39999999999999147, 1.999999999999914957, 15.89999999999999325 ) ) ;
#1467 = CARTESIAN_POINT ( 'NONE',  ( 11.90000000000002522, 0.000000000000000000, -19.09999999999999787 ) ) ;
#1468 = LINE ( 'NONE', #2095, #1838 ) ;
#1469 = CARTESIAN_POINT ( 'NONE',  ( 11.90000000000002345, 1.999999999999998224, -19.99999999999999645 ) ) ;
#1470 = ORIENTED_EDGE ( 'NONE', *, *, #537, .T. ) ;
#1471 = EDGE_LOOP ( 'NONE', ( #3128, #3265, #2325, #1777 ) ) ;
#1472 = EDGE_CURVE ( 'NONE', #2826, #1501, #3859, .T. ) ;
#1473 = CARTESIAN_POINT ( 'NONE',  ( 12.90000000000002522, 0.000000000000000000, -19.10000000000000142 ) ) ;
#1474 = FACE_OUTER_BOUND ( 'NONE', #1303, .T. ) ;
#1475 = EDGE_LOOP ( 'NONE', ( #1732, #1608, #488, #3993 ) ) ;
#1476 = EDGE_CURVE ( 'NONE', #3630, #3000, #3532, .T. ) ;
#1477 = VECTOR ( 'NONE', #3143, 1000.000000000000000 ) ;
#1478 = CARTESIAN_POINT ( 'NONE',  ( -7.200000000000039257, 4.000000000000000000, -19.10000000000001563 ) ) ;
#1479 = EDGE_CURVE ( 'NONE', #2129, #1843, #300, .T. ) ;
#1480 = AXIS2_PLACEMENT_3D ( 'NONE', #3066, #21, #4014 ) ;
#1481 = ORIENTED_EDGE ( 'NONE', *, *, #3973, .F. ) ;
#1482 = DIRECTION ( 'NONE',  ( -1.000000000000000000, 0.000000000000000000, 0.000000000000000000 ) ) ;
#1483 = CARTESIAN_POINT ( 'NONE',  ( -33.40000000000000568, 4.000000000000000000, -15.90000000000000036 ) ) ;
#1484 = AXIS2_PLACEMENT_3D ( 'NONE', #95, #1695, #750 ) ;
#1485 = CARTESIAN_POINT ( 'NONE',  ( -12.90000000000002345, 1.999999999999998668, 18.09999999999999432 ) ) ;
#1486 = DIRECTION ( 'NONE',  ( 0.000000000000000000, -1.000000000000000000, 0.000000000000000000 ) ) ;
#1487 = TOROIDAL_SURFACE ( 'NONE', #284, 0.5000000000000000000, 0.5000000000000000000 ) ;
#1488 = VERTEX_POINT ( 'NONE', #1910 ) ;
#1489 = CIRCLE ( 'NONE', #2019, 0.8999999999999980238 ) ;
#1490 = ORIENTED_EDGE ( 'NONE', *, *, #32, .F. ) ;
#1491 = DIRECTION ( 'NONE',  ( 0.000000000000000000, -0.000000000000000000, -1.000000000000000000 ) ) ;
#1492 = CARTESIAN_POINT ( 'NONE',  ( 8.000000000000010658, 1.999999999999998224, 19.89999999999999503 ) ) ;
#1493 = ORIENTED_EDGE ( 'NONE', *, *, #3366, .F. ) ;
#1494 = ADVANCED_FACE ( 'NONE', ( #396 ), #1623, .F. ) ;
#1495 = EDGE_CURVE ( 'NONE', #2832, #1248, #1664, .T. ) ;
#1496 = CARTESIAN_POINT ( 'NONE',  ( 11.00000000000001776, -0.8999999999999998002, 20.89999999999999503 ) ) ;
#1497 = EDGE_CURVE ( 'NONE', #2981, #1646, #882, .T. ) ;
#1498 = ORIENTED_EDGE ( 'NONE', *, *, #1227, .T. ) ;
#1499 = FACE_OUTER_BOUND ( 'NONE', #101, .T. ) ;
#1500 = AXIS2_PLACEMENT_3D ( 'NONE', #268, #1555, #1503 ) ;
#1501 = VERTEX_POINT ( 'NONE', #1367 ) ;
#1502 = DIRECTION ( 'NONE',  ( -1.000000000000000000, 0.000000000000000000, 1.916821520416361651E-16 ) ) ;
#1503 = DIRECTION ( 'NONE',  ( 0.000000000000000000, -0.000000000000000000, -1.000000000000000000 ) ) ;
#1504 = PLANE ( 'NONE',  #3076 ) ;
#1505 = DIRECTION ( 'NONE',  ( -0.09950371902100506316, 0.9950371902099884869, 0.000000000000000000 ) ) ;
#1506 = EDGE_LOOP ( 'NONE', ( #467, #3678, #2620, #686 ) ) ;
#1507 = ORIENTED_EDGE ( 'NONE', *, *, #1207, .T. ) ;
#1508 = FACE_OUTER_BOUND ( 'NONE', #1137, .T. ) ;
#1509 = CARTESIAN_POINT ( 'NONE',  ( -33.40000000000000568, 1.500000000000000000, 16.89999999999999503 ) ) ;
#1510 = ORIENTED_EDGE ( 'NONE', *, *, #2743, .T. ) ;
#1511 = VECTOR ( 'NONE', #1418, 1000.000000000000227 ) ;
#1512 = AXIS2_PLACEMENT_3D ( 'NONE', #3931, #2599, #1141 ) ;
#1513 = CARTESIAN_POINT ( 'NONE',  ( 11.90000000000002878, 0.000000000000000000, -18.10000000000000142 ) ) ;
#1514 = VECTOR ( 'NONE', #2393, 1000.000000000000000 ) ;
#1515 = CIRCLE ( 'NONE', #2885, 0.5000000000000004441 ) ;
#1516 = ORIENTED_EDGE ( 'NONE', *, *, #3345, .T. ) ;
#1517 = DIRECTION ( 'NONE',  ( 0.000000000000000000, -1.000000000000000000, 0.000000000000000000 ) ) ;
#1518 = VERTEX_POINT ( 'NONE', #2910 ) ;
#1519 = EDGE_CURVE ( 'NONE', #3173, #3347, #3197, .T. ) ;
#1520 = DIRECTION ( 'NONE',  ( 0.000000000000000000, 0.000000000000000000, -1.000000000000000000 ) ) ;
#1521 = DIRECTION ( 'NONE',  ( 0.000000000000000000, 0.000000000000000000, -1.000000000000000000 ) ) ;
#1522 = AXIS2_PLACEMENT_3D ( 'NONE', #1344, #2213, #374 ) ;
#1523 = DIRECTION ( 'NONE',  ( 0.000000000000000000, 0.000000000000000000, -1.000000000000000000 ) ) ;
#1524 = LINE ( 'NONE', #4016, #163 ) ;
#1525 = ORIENTED_EDGE ( 'NONE', *, *, #1818, .T. ) ;
#1526 = ORIENTED_EDGE ( 'NONE', *, *, #903, .F. ) ;
#1527 = CARTESIAN_POINT ( 'NONE',  ( -11.90000000000014424, 9.643580423808986168, 7.605392923624800813E-14 ) ) ;
#1528 = LINE ( 'NONE', #3034, #2041 ) ;
#1529 = CARTESIAN_POINT ( 'NONE',  ( 12.90000000000002522, 1.999999999999998224, -18.10000000000000142 ) ) ;
#1530 = ORIENTED_EDGE ( 'NONE', *, *, #777, .F. ) ;
#1531 = LINE ( 'NONE', #1591, #258 ) ;
#1532 = ORIENTED_EDGE ( 'NONE', *, *, #2789, .F. ) ;
#1533 = AXIS2_PLACEMENT_3D ( 'NONE', #576, #1502, #620 ) ;
#1534 = DIRECTION ( 'NONE',  ( -1.000000000000000000, 0.000000000000000000, -0.000000000000000000 ) ) ;
#1535 = ORIENTED_EDGE ( 'NONE', *, *, #305, .F. ) ;
#1536 = EDGE_CURVE ( 'NONE', #2975, #119, #2842, .T. ) ;
#1537 = CARTESIAN_POINT ( 'NONE',  ( -11.90000000000002345, 1.999999999999998224, 19.09999999999998721 ) ) ;
#1538 = CARTESIAN_POINT ( 'NONE',  ( -10.99999999999997335, 0.000000000000000000, 19.09999999999999787 ) ) ;
#1539 = ADVANCED_FACE ( 'NONE', ( #90 ), #3792, .T. ) ;
#1540 = DIRECTION ( 'NONE',  ( 0.000000000000000000, 0.000000000000000000, -1.000000000000000000 ) ) ;
#1541 = DIRECTION ( 'NONE',  ( -0.000000000000000000, 1.000000000000000000, -0.000000000000000000 ) ) ;
#1542 = EDGE_CURVE ( 'NONE', #2658, #2935, #3680, .T. ) ;
#1543 = ORIENTED_EDGE ( 'NONE', *, *, #1928, .F. ) ;
#1544 = ORIENTED_EDGE ( 'NONE', *, *, #2767, .T. ) ;
#1545 = CARTESIAN_POINT ( 'NONE',  ( 7.000000000000024869, 9.643580423808986168, -20.89999999999999503 ) ) ;
#1546 = PRESENTATION_STYLE_ASSIGNMENT (( #1283 ) ) ;
#1547 = PLANE ( 'NONE',  #3405 ) ;
#1548 = AXIS2_PLACEMENT_3D ( 'NONE', #3546, #3483, #387 ) ;
#1549 = PLANE ( 'NONE',  #2780 ) ;
#1550 = ORIENTED_EDGE ( 'NONE', *, *, #3954, .F. ) ;
#1551 = DIRECTION ( 'NONE',  ( -0.000000000000000000, 1.000000000000000000, -0.000000000000000000 ) ) ;
#1552 = DIRECTION ( 'NONE',  ( 0.000000000000000000, 0.000000000000000000, -1.000000000000000000 ) ) ;
#1553 = ORIENTED_EDGE ( 'NONE', *, *, #2649, .F. ) ;
#1554 = PLANE ( 'NONE',  #2533 ) ;
#1555 = DIRECTION ( 'NONE',  ( 0.000000000000000000, -1.000000000000000000, 0.000000000000000000 ) ) ;
#1556 = LINE ( 'NONE', #22, #1293 ) ;
#1557 = DIRECTION ( 'NONE',  ( -1.000000000000000000, 0.000000000000000000, 5.898059818321137810E-14 ) ) ;
#1558 = VERTEX_POINT ( 'NONE', #1024 ) ;
#1559 = ORIENTED_EDGE ( 'NONE', *, *, #2516, .F. ) ;
#1560 = DIRECTION ( 'NONE',  ( -1.000000000000000000, 0.000000000000000000, -0.000000000000000000 ) ) ;
#1561 = EDGE_CURVE ( 'NONE', #3269, #1721, #2108, .T. ) ;
#1562 = CARTESIAN_POINT ( 'NONE',  ( -34.40000000000000568, 1.500000000000000000, 16.39999999999999503 ) ) ;
#1563 = DIRECTION ( 'NONE',  ( 0.000000000000000000, 0.000000000000000000, 1.000000000000000000 ) ) ;
#1564 = CARTESIAN_POINT ( 'NONE',  ( 12.90000000000001634, 1.999999999999998668, 18.09999999999999432 ) ) ;
#1565 = EDGE_CURVE ( 'NONE', #430, #3589, #1577, .T. ) ;
#1566 = CARTESIAN_POINT ( 'NONE',  ( -11.00000000000001776, 4.000000000000000000, 20.69999999999996732 ) ) ;
#1567 = AXIS2_PLACEMENT_3D ( 'NONE', #641, #5, #3447 ) ;
#1568 = EDGE_LOOP ( 'NONE', ( #2794, #1961, #3765, #2958 ) ) ;
#1569 = EDGE_CURVE ( 'NONE', #3290, #2658, #2889, .T. ) ;
#1570 = DIRECTION ( 'NONE',  ( 1.000000000000000000, 0.000000000000000000, -0.000000000000000000 ) ) ;
#1571 = VECTOR ( 'NONE', #3686, 1000.000000000000000 ) ;
#1572 = PLANE ( 'NONE',  #349 ) ;
#1573 = VERTEX_POINT ( 'NONE', #3465 ) ;
#1574 = VECTOR ( 'NONE', #3096, 1000.000000000000000 ) ;
#1575 = CIRCLE ( 'NONE', #1978, 1.000000000000000888 ) ;
#1576 = FACE_OUTER_BOUND ( 'NONE', #3072, .T. ) ;
#1577 = LINE ( 'NONE', #3514, #2757 ) ;
#1578 = CARTESIAN_POINT ( 'NONE',  ( 11.00000000000001776, 4.000000000000000000, 20.69999999999998153 ) ) ;
#1579 = CARTESIAN_POINT ( 'NONE',  ( 7.000000000000285993, 0.000000000000000000, 9.714451465470542558E-14 ) ) ;
#1580 = EDGE_LOOP ( 'NONE', ( #3391, #581, #3346, #2712 ) ) ;
#1581 = ORIENTED_EDGE ( 'NONE', *, *, #3881, .F. ) ;
#1582 = ORIENTED_EDGE ( 'NONE', *, *, #642, .F. ) ;
#1583 = PLANE ( 'NONE',  #2016 ) ;
#1584 = VECTOR ( 'NONE', #3632, 1000.000000000000114 ) ;
#1585 = PLANE ( 'NONE',  #1977 ) ;
#1586 = LINE ( 'NONE', #2128, #2643 ) ;
#1587 = ORIENTED_EDGE ( 'NONE', *, *, #3764, .T. ) ;
#1588 = AXIS2_PLACEMENT_3D ( 'NONE', #1874, #2509, #1942 ) ;
#1589 = VECTOR ( 'NONE', #2883, 1000.000000000000000 ) ;
#1590 = EDGE_CURVE ( 'NONE', #1518, #2069, #629, .T. ) ;
#1591 = CARTESIAN_POINT ( 'NONE',  ( 12.90000000000002522, 1.000000000000000000, 16.39999999999999503 ) ) ;
#1592 = ORIENTED_EDGE ( 'NONE', *, *, #2127, .F. ) ;
#1593 = DIRECTION ( 'NONE',  ( 0.000000000000000000, -1.000000000000000000, 0.000000000000000000 ) ) ;
#1594 = LINE ( 'NONE', #153, #3624 ) ;
#1595 = ADVANCED_FACE ( 'NONE', ( #462 ), #177, .F. ) ;
#1596 = ORIENTED_EDGE ( 'NONE', *, *, #565, .T. ) ;
#1597 = LINE ( 'NONE', #2841, #2924 ) ;
#1598 = FACE_OUTER_BOUND ( 'NONE', #2696, .T. ) ;
#1599 = PLANE ( 'NONE',  #3444 ) ;
#1600 = DIRECTION ( 'NONE',  ( -1.000000000000000000, 0.000000000000000000, 0.000000000000000000 ) ) ;
#1601 = ORIENTED_EDGE ( 'NONE', *, *, #1270, .F. ) ;
#1602 = ORIENTED_EDGE ( 'NONE', *, *, #1135, .T. ) ;
#1603 = EDGE_LOOP ( 'NONE', ( #2524, #3612, #2464, #1648, #487, #976 ) ) ;
#1604 = FACE_OUTER_BOUND ( 'NONE', #709, .T. ) ;
#1605 = DIRECTION ( 'NONE',  ( -1.000000000000000000, 0.000000000000000000, 0.000000000000000000 ) ) ;
#1606 = CARTESIAN_POINT ( 'NONE',  ( -7.510102051443387161, -1.399999999999999911, 19.99999999999998934 ) ) ;
#1607 = DIRECTION ( 'NONE',  ( 0.000000000000000000, 0.000000000000000000, -1.000000000000000000 ) ) ;
#1608 = ORIENTED_EDGE ( 'NONE', *, *, #1775, .F. ) ;
#1609 = CARTESIAN_POINT ( 'NONE',  ( -11.70000000000000284, 4.000000000000000000, 19.99999999999998224 ) ) ;
#1610 = DIRECTION ( 'NONE',  ( -0.000000000000000000, 1.000000000000000000, -0.000000000000000000 ) ) ;
#1611 = VECTOR ( 'NONE', #1071, 1000.000000000000000 ) ;
#1612 = AXIS2_PLACEMENT_3D ( 'NONE', #780, #2857, #105 ) ;
#1613 = VERTEX_POINT ( 'NONE', #2838 ) ;
#1614 = ADVANCED_FACE ( 'NONE', ( #3788 ), #1021, .F. ) ;
#1615 = EDGE_CURVE ( 'NONE', #3530, #366, #2571, .T. ) ;
#1616 = CIRCLE ( 'NONE', #2137, 0.6999999999999853006 ) ;
#1617 = DIRECTION ( 'NONE',  ( 0.000000000000000000, 1.000000000000000000, 0.000000000000000000 ) ) ;
#1618 = ADVANCED_FACE ( 'NONE', ( #2295 ), #2605, .T. ) ;
#1619 = DIRECTION ( 'NONE',  ( 0.000000000000000000, 0.000000000000000000, -1.000000000000000000 ) ) ;
#1620 = EDGE_LOOP ( 'NONE', ( #3600, #2172, #3208, #1279 ) ) ;
#1621 = EDGE_CURVE ( 'NONE', #326, #2281, #740, .T. ) ;
#1622 = DIRECTION ( 'NONE',  ( 2.739037067331807526E-15, 0.000000000000000000, 1.000000000000000000 ) ) ;
#1623 = CYLINDRICAL_SURFACE ( 'NONE', #1018, 1.000000000000000888 ) ;
#1624 = DIRECTION ( 'NONE',  ( 1.000000000000000000, 0.000000000000000000, 0.000000000000000000 ) ) ;
#1625 = EDGE_LOOP ( 'NONE', ( #252, #1042, #3841, #1414 ) ) ;
#1626 = ORIENTED_EDGE ( 'NONE', *, *, #496, .F. ) ;
#1627 = CARTESIAN_POINT ( 'NONE',  ( 8.000000000000024869, 9.643580423808986168, -19.89999999999999503 ) ) ;
#1628 = CYLINDRICAL_SURFACE ( 'NONE', #3006, 0.5000000000000004441 ) ;
#1629 = FACE_OUTER_BOUND ( 'NONE', #2312, .T. ) ;
#1630 = DIRECTION ( 'NONE',  ( 0.000000000000000000, 0.000000000000000000, 1.000000000000000000 ) ) ;
#1631 = VECTOR ( 'NONE', #541, 1000.000000000000000 ) ;
#1632 = ORIENTED_EDGE ( 'NONE', *, *, #501, .F. ) ;
#1633 = CARTESIAN_POINT ( 'NONE',  ( 11.70000000000000284, 4.000000000000000000, 19.99999999999999645 ) ) ;
#1634 = DIRECTION ( 'NONE',  ( 0.000000000000000000, 1.000000000000000000, 0.000000000000000000 ) ) ;
#1635 = ORIENTED_EDGE ( 'NONE', *, *, #536, .F. ) ;
#1636 = CARTESIAN_POINT ( 'NONE',  ( -34.40000000000000568, 1.500000000000000000, -16.40000000000000213 ) ) ;
#1637 = AXIS2_PLACEMENT_3D ( 'NONE', #3382, #376, #1223 ) ;
#1638 = CARTESIAN_POINT ( 'NONE',  ( 12.90000000000002522, 4.000000000000000000, -19.10000000000000142 ) ) ;
#1639 = ORIENTED_EDGE ( 'NONE', *, *, #456, .T. ) ;
#1640 = CIRCLE ( 'NONE', #225, 1.000000000000000888 ) ;
#1641 = AXIS2_PLACEMENT_3D ( 'NONE', #2358, #189, #3851 ) ;
#1642 = DIRECTION ( 'NONE',  ( 0.000000000000000000, -1.000000000000000000, 0.000000000000000000 ) ) ;
#1643 = CARTESIAN_POINT ( 'NONE',  ( -12.90000000000002345, 4.000000000000000000, 19.09999999999999432 ) ) ;
#1644 = DIRECTION ( 'NONE',  ( 0.000000000000000000, 0.000000000000000000, -1.000000000000000000 ) ) ;
#1645 = AXIS2_PLACEMENT_3D ( 'NONE', #2917, #3924, #3230 ) ;
#1646 = VERTEX_POINT ( 'NONE', #3486 ) ;
#1647 = EDGE_CURVE ( 'NONE', #1143, #1839, #2931, .T. ) ;
#1648 = ORIENTED_EDGE ( 'NONE', *, *, #1039, .T. ) ;
#1649 = ORIENTED_EDGE ( 'NONE', *, *, #3554, .T. ) ;
#1650 = LINE ( 'NONE', #3564, #2413 ) ;
#1651 = CARTESIAN_POINT ( 'NONE',  ( 33.89999999999999147, 1.500000000000000000, 15.89999999999999325 ) ) ;
#1652 = LINE ( 'NONE', #1959, #3877 ) ;
#1653 = FACE_OUTER_BOUND ( 'NONE', #1187, .T. ) ;
#1654 = ADVANCED_FACE ( 'NONE', ( #1687 ), #558, .T. ) ;
#1655 = ORIENTED_EDGE ( 'NONE', *, *, #1201, .T. ) ;
#1656 = DIRECTION ( 'NONE',  ( 0.000000000000000000, 0.000000000000000000, -1.000000000000000000 ) ) ;
#1657 = FACE_OUTER_BOUND ( 'NONE', #2964, .T. ) ;
#1658 = VECTOR ( 'NONE', #87, 1000.000000000000000 ) ;
#1659 = EDGE_LOOP ( 'NONE', ( #1711, #3036, #643, #1121 ) ) ;
#1660 = LINE ( 'NONE', #2292, #34 ) ;
#1661 = DIRECTION ( 'NONE',  ( 0.000000000000000000, 0.000000000000000000, -1.000000000000000000 ) ) ;
#1662 = VERTEX_POINT ( 'NONE', #701 ) ;
#1663 = DIRECTION ( 'NONE',  ( 0.000000000000000000, 0.000000000000000000, 1.000000000000000000 ) ) ;
#1664 = LINE ( 'NONE', #2586, #3296 ) ;
#1665 = CYLINDRICAL_SURFACE ( 'NONE', #3914, 1.000000000000000888 ) ;
#1666 = EDGE_LOOP ( 'NONE', ( #2679, #3799, #1413, #1464 ) ) ;
#1667 = VECTOR ( 'NONE', #2114, 1000.000000000000114 ) ;
#1668 = ADVANCED_FACE ( 'NONE', ( #2255 ), #3218, .T. ) ;
#1669 = AXIS2_PLACEMENT_3D ( 'NONE', #3782, #2922, #386 ) ;
#1670 = ORIENTED_EDGE ( 'NONE', *, *, #3369, .F. ) ;
#1671 = ADVANCED_FACE ( 'NONE', ( #63 ), #2963, .F. ) ;
#1672 = VERTEX_POINT ( 'NONE', #2886 ) ;
#1673 = DIRECTION ( 'NONE',  ( 0.000000000000000000, 0.000000000000000000, -1.000000000000000000 ) ) ;
#1674 = CARTESIAN_POINT ( 'NONE',  ( -35.60000000000000853, 0.000000000000000000, -18.10000000000000142 ) ) ;
#1675 = FACE_OUTER_BOUND ( 'NONE', #3245, .T. ) ;
#1676 = EDGE_CURVE ( 'NONE', #1887, #852, #132, .T. ) ;
#1677 = DIRECTION ( 'NONE',  ( 0.000000000000000000, -1.000000000000000000, 0.000000000000000000 ) ) ;
#1678 = ORIENTED_EDGE ( 'NONE', *, *, #2946, .T. ) ;
#1679 = CARTESIAN_POINT ( 'NONE',  ( -35.60000000000000142, 0.000000000000000000, 18.09999999999999432 ) ) ;
#1680 = EDGE_CURVE ( 'NONE', #2981, #1280, #1338, .T. ) ;
#1681 = LINE ( 'NONE', #3591, #3004 ) ;
#1682 = CONICAL_SURFACE ( 'NONE', #461, 1.199999999999999734, 0.09966865249115765268 ) ;
#1683 = DIRECTION ( 'NONE',  ( 0.09950371902100590971, -0.9950371902099883759, 0.000000000000000000 ) ) ;
#1684 = ORIENTED_EDGE ( 'NONE', *, *, #2061, .T. ) ;
#1685 = DIRECTION ( 'NONE',  ( 0.000000000000000000, 0.000000000000000000, -1.000000000000000000 ) ) ;
#1686 = CONICAL_SURFACE ( 'NONE', #2134, 0.6999999999999853006, 0.09966865249116907410 ) ;
#1687 = FACE_OUTER_BOUND ( 'NONE', #1659, .T. ) ;
#1688 = AXIS2_PLACEMENT_3D ( 'NONE', #978, #3441, #2212 ) ;
#1689 = AXIS2_PLACEMENT_3D ( 'NONE', #2192, #2545, #3445 ) ;
#1690 = CARTESIAN_POINT ( 'NONE',  ( 33.39999999999999147, 4.000000000000000000, 15.89999999999999325 ) ) ;
#1691 = FACE_OUTER_BOUND ( 'NONE', #188, .T. ) ;
#1692 = VERTEX_POINT ( 'NONE', #1061 ) ;
#1693 = VERTEX_POINT ( 'NONE', #2908 ) ;
#1694 = CARTESIAN_POINT ( 'NONE',  ( 8.000000000000024869, -1.399999999999999911, -20.10000000000000142 ) ) ;
#1695 = DIRECTION ( 'NONE',  ( 0.000000000000000000, -1.000000000000000000, 0.000000000000000000 ) ) ;
#1696 = DIRECTION ( 'NONE',  ( -0.000000000000000000, 1.000000000000000000, -0.000000000000000000 ) ) ;
#1697 = LINE ( 'NONE', #1031, #2106 ) ;
#1698 = DIRECTION ( 'NONE',  ( -1.000000000000000000, 0.000000000000000000, 0.000000000000000000 ) ) ;
#1699 = ORIENTED_EDGE ( 'NONE', *, *, #1590, .F. ) ;
#1700 = ADVANCED_FACE ( 'NONE', ( #3552 ), #3171, .T. ) ;
#1701 = ORIENTED_EDGE ( 'NONE', *, *, #3167, .T. ) ;
#1702 = CARTESIAN_POINT ( 'NONE',  ( 8.000000000000024869, 1.999999999999998224, -19.89999999999999503 ) ) ;
#1703 = LINE ( 'NONE', #408, #3844 ) ;
#1704 = EDGE_CURVE ( 'NONE', #3259, #1646, #109, .T. ) ;
#1705 = VERTEX_POINT ( 'NONE', #3241 ) ;
#1706 = AXIS2_PLACEMENT_3D ( 'NONE', #1627, #141, #2262 ) ;
#1707 = EDGE_CURVE ( 'NONE', #2800, #1038, #1594, .T. ) ;
#1708 = DIRECTION ( 'NONE',  ( 0.000000000000000000, -1.000000000000000000, 0.000000000000000000 ) ) ;
#1709 = DIRECTION ( 'NONE',  ( 1.734723475976805517E-15, 0.000000000000000000, -1.000000000000000000 ) ) ;
#1710 = FACE_OUTER_BOUND ( 'NONE', #3406, .T. ) ;
#1711 = ORIENTED_EDGE ( 'NONE', *, *, #2027, .T. ) ;
#1712 = AXIS2_PLACEMENT_3D ( 'NONE', #3019, #2468, #546 ) ;
#1713 = EDGE_LOOP ( 'NONE', ( #2633, #3733, #480, #3203 ) ) ;
#1714 = ORIENTED_EDGE ( 'NONE', *, *, #568, .F. ) ;
#1715 = DIRECTION ( 'NONE',  ( 1.387778780781449462E-14, 0.000000000000000000, -1.000000000000000000 ) ) ;
#1716 = VECTOR ( 'NONE', #628, 1000.000000000000000 ) ;
#1717 = AXIS2_PLACEMENT_3D ( 'NONE', #269, #578, #2081 ) ;
#1718 = DIRECTION ( 'NONE',  ( -1.000000000000000000, 0.000000000000000000, 0.000000000000000000 ) ) ;
#1719 = DIRECTION ( 'NONE',  ( -1.000000000000000000, 0.000000000000000000, 0.000000000000000000 ) ) ;
#1720 = EDGE_LOOP ( 'NONE', ( #452, #3005, #1095, #2073 ) ) ;
#1721 = VERTEX_POINT ( 'NONE', #2517 ) ;
#1722 = CARTESIAN_POINT ( 'NONE',  ( 0.000000000000000000, 1.999999999999998224, 20.89999999999998082 ) ) ;
#1723 = CARTESIAN_POINT ( 'NONE',  ( -34.60000000000000142, 4.000000000000000000, 18.09999999999999432 ) ) ;
#1724 = VERTEX_POINT ( 'NONE', #975 ) ;
#1725 = EDGE_CURVE ( 'NONE', #1311, #2902, #2209, .T. ) ;
#1726 = LINE ( 'NONE', #482, #2437 ) ;
#1727 = AXIS2_PLACEMENT_3D ( 'NONE', #1364, #1994, #3763 ) ;
#1728 = CARTESIAN_POINT ( 'NONE',  ( 11.90000000000002878, 1.999999999999998224, -18.10000000000000142 ) ) ;
#1729 = CIRCLE ( 'NONE', #2824, 0.7999999999999847233 ) ;
#1730 = EDGE_CURVE ( 'NONE', #2021, #355, #1295, .T. ) ;
#1731 = DIRECTION ( 'NONE',  ( 0.000000000000000000, 0.000000000000000000, -1.000000000000000000 ) ) ;
#1732 = ORIENTED_EDGE ( 'NONE', *, *, #1561, .F. ) ;
#1733 = LINE ( 'NONE', #2668, #3897 ) ;
#1734 = DIRECTION ( 'NONE',  ( 0.000000000000000000, -1.000000000000000000, 0.000000000000000000 ) ) ;
#1735 = FACE_OUTER_BOUND ( 'NONE', #1471, .T. ) ;
#1736 = CARTESIAN_POINT ( 'NONE',  ( -35.39999999999998437, 4.000000000000000000, 17.09999999999999432 ) ) ;
#1737 = AXIS2_PLACEMENT_3D ( 'NONE', #469, #2079, #2915 ) ;
#1738 = ORIENTED_EDGE ( 'NONE', *, *, #567, .F. ) ;
#1739 = ORIENTED_EDGE ( 'NONE', *, *, #2923, .F. ) ;
#1740 = PLANE ( 'NONE',  #3936 ) ;
#1741 = DIRECTION ( 'NONE',  ( -6.391086490440884227E-15, 0.000000000000000000, 1.000000000000000000 ) ) ;
#1742 = ORIENTED_EDGE ( 'NONE', *, *, #1361, .F. ) ;
#1743 = LINE ( 'NONE', #3596, #234 ) ;
#1744 = DIRECTION ( 'NONE',  ( 2.739037067331827248E-15, 0.000000000000000000, -1.000000000000000000 ) ) ;
#1745 = EDGE_CURVE ( 'NONE', #206, #3081, #3947, .T. ) ;
#1746 = EDGE_CURVE ( 'NONE', #2385, #2638, #3025, .T. ) ;
#1747 = EDGE_CURVE ( 'NONE', #3522, #494, #2174, .T. ) ;
#1748 = ORIENTED_EDGE ( 'NONE', *, *, #1769, .F. ) ;
#1749 = EDGE_CURVE ( 'NONE', #1054, #1822, #2702, .T. ) ;
#1750 = CARTESIAN_POINT ( 'NONE',  ( -11.90000000000002345, 0.000000000000000000, 19.09999999999998721 ) ) ;
#1751 = CARTESIAN_POINT ( 'NONE',  ( -11.00000000000002487, 9.643580423808986168, -19.99999999999998224 ) ) ;
#1752 = LINE ( 'NONE', #2994, #2205 ) ;
#1753 = SURFACE_SIDE_STYLE ('',( #1152 ) ) ;
#1754 = CARTESIAN_POINT ( 'NONE',  ( 11.00000000000002487, 0.000000000000000000, 19.99999999999999645 ) ) ;
#1755 = ORIENTED_EDGE ( 'NONE', *, *, #123, .F. ) ;
#1756 = ORIENTED_EDGE ( 'NONE', *, *, #3040, .F. ) ;
#1757 = CARTESIAN_POINT ( 'NONE',  ( 34.39999999999999147, 1.999999999999914957, 15.89999999999999325 ) ) ;
#1758 = CARTESIAN_POINT ( 'NONE',  ( 34.59999999999999432, 4.000000000000000000, -15.90000000000000036 ) ) ;
#1759 = ORIENTED_EDGE ( 'NONE', *, *, #3246, .T. ) ;
#1760 = LINE ( 'NONE', #2179, #586 ) ;
#1761 = CARTESIAN_POINT ( 'NONE',  ( -11.90000000000007851, 0.000000000000000000, -3.259454110124895882E-14 ) ) ;
#1762 = EDGE_LOOP ( 'NONE', ( #3383, #1748, #3703, #675 ) ) ;
#1763 = EDGE_CURVE ( 'NONE', #3561, #2040, #551, .T. ) ;
#1764 = LINE ( 'NONE', #3652, #3306 ) ;
#1765 = DIRECTION ( 'NONE',  ( 0.000000000000000000, -1.000000000000000000, 0.000000000000000000 ) ) ;
#1766 = DIRECTION ( 'NONE',  ( 0.000000000000000000, -1.000000000000000000, 0.000000000000000000 ) ) ;
#1767 = AXIS2_PLACEMENT_3D ( 'NONE', #270, #851, #543 ) ;
#1768 = CARTESIAN_POINT ( 'NONE',  ( -33.40000000000000568, 4.000000000000000000, 17.09999999999999787 ) ) ;
#1769 = EDGE_CURVE ( 'NONE', #2187, #3560, #1987, .T. ) ;
#1770 = ORIENTED_EDGE ( 'NONE', *, *, #2629, .F. ) ;
#1771 = CONICAL_SURFACE ( 'NONE', #751, 1.200000000000013500, 0.09966865249116864389 ) ;
#1772 = VERTEX_POINT ( 'NONE', #1426 ) ;
#1773 = AXIS2_PLACEMENT_3D ( 'NONE', #4003, #890, #3370 ) ;
#1774 = DIRECTION ( 'NONE',  ( 0.000000000000000000, 0.000000000000000000, -1.000000000000000000 ) ) ;
#1775 = EDGE_CURVE ( 'NONE', #119, #3269, #2060, .T. ) ;
#1776 = FACE_OUTER_BOUND ( 'NONE', #2497, .T. ) ;
#1777 = ORIENTED_EDGE ( 'NONE', *, *, #3649, .T. ) ;
#1778 = AXIS2_PLACEMENT_3D ( 'NONE', #2872, #383, #2614 ) ;
#1779 = VECTOR ( 'NONE', #876, 1000.000000000000000 ) ;
#1780 = LINE ( 'NONE', #3574, #37 ) ;
#1781 = VECTOR ( 'NONE', #3857, 1000.000000000000000 ) ;
#1782 = VECTOR ( 'NONE', #3935, 1000.000000000000000 ) ;
#1783 = VECTOR ( 'NONE', #3757, 1000.000000000000000 ) ;
#1784 = ORIENTED_EDGE ( 'NONE', *, *, #2186, .F. ) ;
#1785 = CIRCLE ( 'NONE', #39, 0.5000000000000004441 ) ;
#1786 = CARTESIAN_POINT ( 'NONE',  ( -34.40000000000000568, 1.500000000000000000, 16.89999999999999503 ) ) ;
#1787 = DIRECTION ( 'NONE',  ( 0.000000000000000000, -1.000000000000000000, 0.000000000000000000 ) ) ;
#1788 = CARTESIAN_POINT ( 'NONE',  ( 11.90000000000002522, 1.999999999999998224, -19.09999999999999787 ) ) ;
#1789 = CARTESIAN_POINT ( 'NONE',  ( -8.000000000000015987, 9.643580423808986168, -19.89999999999998082 ) ) ;
#1790 = EDGE_CURVE ( 'NONE', #4018, #2538, #1107, .T. ) ;
#1791 = ADVANCED_FACE ( 'NONE', ( #211 ), #2703, .F. ) ;
#1792 = ORIENTED_EDGE ( 'NONE', *, *, #977, .F. ) ;
#1793 = EDGE_LOOP ( 'NONE', ( #2475, #1376, #1084, #2126 ) ) ;
#1794 = ADVANCED_FACE ( 'NONE', ( #2075 ), #2398, .F. ) ;
#1795 = CARTESIAN_POINT ( 'NONE',  ( -7.000000000000024869, 1.999999999999998668, -19.10000000000001208 ) ) ;
#1796 = CARTESIAN_POINT ( 'NONE',  ( -34.60000000000000853, 4.000000000000000000, -17.89999999999998792 ) ) ;
#1797 = ORIENTED_EDGE ( 'NONE', *, *, #58, .T. ) ;
#1798 = EDGE_CURVE ( 'NONE', #3098, #2791, #3020, .T. ) ;
#1799 = DIRECTION ( 'NONE',  ( 0.000000000000000000, -1.000000000000000000, 0.000000000000000000 ) ) ;
#1800 = DIRECTION ( 'NONE',  ( 0.000000000000000000, 0.000000000000000000, -1.000000000000000000 ) ) ;
#1801 = CIRCLE ( 'NONE', #647, 0.5000000000000004441 ) ;
#1802 = ORIENTED_EDGE ( 'NONE', *, *, #1357, .F. ) ;
#1803 = CARTESIAN_POINT ( 'NONE',  ( -8.000000000000021316, -0.8999999999999998002, 19.89999999999998082 ) ) ;
#1804 = DIRECTION ( 'NONE',  ( 0.000000000000000000, 0.000000000000000000, 1.000000000000000000 ) ) ;
#1805 = CIRCLE ( 'NONE', #1109, 0.8999999999999980238 ) ;
#1806 = AXIS2_PLACEMENT_3D ( 'NONE', #3860, #2911, #1066 ) ;
#1807 = CARTESIAN_POINT ( 'NONE',  ( -34.60000000000000853, 0.000000000000000000, -18.10000000000000142 ) ) ;
#1808 = CARTESIAN_POINT ( 'NONE',  ( -34.60000000000000142, 1.999999999999998668, 18.09999999999999432 ) ) ;
#1809 = VECTOR ( 'NONE', #638, 1000.000000000000000 ) ;
#1810 = ORIENTED_EDGE ( 'NONE', *, *, #2759, .F. ) ;
#1811 = VECTOR ( 'NONE', #329, 1000.000000000000000 ) ;
#1812 = EDGE_LOOP ( 'NONE', ( #823, #631, #3279, #2306 ) ) ;
#1813 = DIRECTION ( 'NONE',  ( 0.000000000000000000, 0.000000000000000000, -1.000000000000000000 ) ) ;
#1814 = CARTESIAN_POINT ( 'NONE',  ( 11.00000000000002487, -0.8999999999999998002, -19.99999999999999645 ) ) ;
#1815 = VERTEX_POINT ( 'NONE', #1127 ) ;
#1816 = DIRECTION ( 'NONE',  ( 0.000000000000000000, -1.000000000000000000, 0.000000000000000000 ) ) ;
#1817 = ORIENTED_EDGE ( 'NONE', *, *, #3853, .F. ) ;
#1818 = EDGE_CURVE ( 'NONE', #1914, #2504, #2816, .T. ) ;
#1819 = DIRECTION ( 'NONE',  ( 0.000000000000000000, 0.000000000000000000, 1.000000000000000000 ) ) ;
#1820 = EDGE_CURVE ( 'NONE', #2570, #1360, #3283, .T. ) ;
#1821 = VECTOR ( 'NONE', #159, 1000.000000000000000 ) ;
#1822 = VERTEX_POINT ( 'NONE', #1146 ) ;
#1823 = DIRECTION ( 'NONE',  ( 0.000000000000000000, -1.000000000000000000, 0.000000000000000000 ) ) ;
#1824 = CARTESIAN_POINT ( 'NONE',  ( 34.59999999999999432, 4.000000000000000000, 15.89999999999999325 ) ) ;
#1825 = LINE ( 'NONE', #3691, #1326 ) ;
#1826 = FACE_OUTER_BOUND ( 'NONE', #748, .T. ) ;
#1827 = EDGE_LOOP ( 'NONE', ( #1937, #1129, #2447, #3750 ) ) ;
#1828 = EDGE_LOOP ( 'NONE', ( #1234, #794, #3336, #2846 ) ) ;
#1829 = LINE ( 'NONE', #297, #3910 ) ;
#1830 = CARTESIAN_POINT ( 'NONE',  ( 8.000000000000024869, 1.999999999999998224, -20.89999999999999503 ) ) ;
#1831 = DIRECTION ( 'NONE',  ( -1.000000000000000000, 0.000000000000000000, 0.000000000000000000 ) ) ;
#1832 = ORIENTED_EDGE ( 'NONE', *, *, #2441, .F. ) ;
#1833 = CONICAL_SURFACE ( 'NONE', #549, 0.7999999999999847233, 0.09966865249116950431 ) ;
#1834 = CIRCLE ( 'NONE', #2748, 0.5000000000000004441 ) ;
#1835 = FACE_OUTER_BOUND ( 'NONE', #1568, .T. ) ;
#1836 = UNCERTAINTY_MEASURE_WITH_UNIT (LENGTH_MEASURE( 1.000000000000000082E-05 ), #1919, 'distance_accuracy_value', 'NONE');
#1837 = VECTOR ( 'NONE', #3825, 1000.000000000000114 ) ;
#1838 = VECTOR ( 'NONE', #3363, 1000.000000000000000 ) ;
#1839 = VERTEX_POINT ( 'NONE', #1462 ) ;
#1840 = EDGE_CURVE ( 'NONE', #2616, #48, #3956, .T. ) ;
#1841 = EDGE_CURVE ( 'NONE', #1148, #2959, #1385, .T. ) ;
#1842 = CARTESIAN_POINT ( 'NONE',  ( 8.000000000000024869, -0.8999999999999998002, -19.09999999999999787 ) ) ;
#1843 = VERTEX_POINT ( 'NONE', #3597 ) ;
#1844 = CARTESIAN_POINT ( 'NONE',  ( 11.00000000000002487, 0.000000000000000000, 19.09999999999999787 ) ) ;
#1845 = FACE_OUTER_BOUND ( 'NONE', #698, .T. ) ;
#1846 = AXIS2_PLACEMENT_3D ( 'NONE', #347, #2258, #440 ) ;
#1847 = CARTESIAN_POINT ( 'NONE',  ( -7.246746445442461493, -1.346739614506613725, -19.99999999999997158 ) ) ;
#1848 = FACE_OUTER_BOUND ( 'NONE', #306, .T. ) ;
#1849 = VERTEX_POINT ( 'NONE', #2088 ) ;
#1850 = ORIENTED_EDGE ( 'NONE', *, *, #307, .F. ) ;
#1851 = DIRECTION ( 'NONE',  ( -6.391086490440931559E-15, 0.000000000000000000, -1.000000000000000000 ) ) ;
#1852 = LINE ( 'NONE', #3985, #3730 ) ;
#1853 = DIRECTION ( 'NONE',  ( -0.000000000000000000, 0.000000000000000000, -1.000000000000000000 ) ) ;
#1854 = DIRECTION ( 'NONE',  ( 0.000000000000000000, 0.000000000000000000, -1.000000000000000000 ) ) ;
#1855 = VERTEX_POINT ( 'NONE', #3333 ) ;
#1856 = AXIS2_PLACEMENT_3D ( 'NONE', #1803, #3086, #3047 ) ;
#1857 = DIRECTION ( 'NONE',  ( 0.000000000000000000, 0.000000000000000000, 1.000000000000000000 ) ) ;
#1858 = FACE_OUTER_BOUND ( 'NONE', #1028, .T. ) ;
#1859 = ORIENTED_EDGE ( 'NONE', *, *, #3437, .T. ) ;
#1860 = EDGE_CURVE ( 'NONE', #1964, #1434, #1780, .T. ) ;
#1861 = DIRECTION ( 'NONE',  ( 0.000000000000000000, 0.000000000000000000, -1.000000000000000000 ) ) ;
#1862 = FACE_OUTER_BOUND ( 'NONE', #3928, .T. ) ;
#1863 = AXIS2_PLACEMENT_3D ( 'NONE', #1221, #657, #3362 ) ;
#1864 = DIRECTION ( 'NONE',  ( 0.000000000000000000, 0.09950371902100507704, -0.9950371902099885979 ) ) ;
#1865 = ADVANCED_FACE ( 'NONE', ( #2017 ), #3267, .F. ) ;
#1866 = CARTESIAN_POINT ( 'NONE',  ( -11.00000000000000355, -0.9000000000000000222, -19.59999999999999787 ) ) ;
#1867 = ADVANCED_FACE ( 'NONE', ( #3780 ), #3012, .F. ) ;
#1868 = CIRCLE ( 'NONE', #3101, 1.000000000000000888 ) ;
#1869 = ORIENTED_EDGE ( 'NONE', *, *, #3107, .T. ) ;
#1870 = ORIENTED_EDGE ( 'NONE', *, *, #447, .F. ) ;
#1871 = CARTESIAN_POINT ( 'NONE',  ( 8.000000000000024869, -0.8999999999999998002, -19.59999999999999787 ) ) ;
#1872 = CONICAL_SURFACE ( 'NONE', #137, 1.200000000000013500, 0.09966865249116864389 ) ;
#1873 = DIRECTION ( 'NONE',  ( -1.000000000000000000, -0.000000000000000000, -0.000000000000000000 ) ) ;
#1874 = CARTESIAN_POINT ( 'NONE',  ( 33.39999999999999147, 1.500000000000000000, 16.39999999999999503 ) ) ;
#1875 = EDGE_CURVE ( 'NONE', #1329, #2336, #1013, .T. ) ;
#1876 = AXIS2_PLACEMENT_3D ( 'NONE', #3466, #659, #2152 ) ;
#1877 = PLANE ( 'NONE',  #205 ) ;
#1878 = UNCERTAINTY_MEASURE_WITH_UNIT (LENGTH_MEASURE( 1.000000000000000082E-05 ), #2067, 'distance_accuracy_value', 'NONE');
#1879 = ORIENTED_EDGE ( 'NONE', *, *, #3976, .T. ) ;
#1880 = DIRECTION ( 'NONE',  ( 0.000000000000000000, 0.000000000000000000, -1.000000000000000000 ) ) ;
#1881 = CYLINDRICAL_SURFACE ( 'NONE', #550, 1.000000000000000888 ) ;
#1882 = VERTEX_POINT ( 'NONE', #2225 ) ;
#1883 = CARTESIAN_POINT ( 'NONE',  ( -35.60000000000000142, 0.000000000000000000, 18.09999999999999432 ) ) ;
#1884 = DIRECTION ( 'NONE',  ( 0.000000000000000000, 0.000000000000000000, 1.000000000000000000 ) ) ;
#1885 = CARTESIAN_POINT ( 'NONE',  ( -6.000000000000023981, 1.999999999999998224, -19.10000000000000142 ) ) ;
#1886 = CARTESIAN_POINT ( 'NONE',  ( 11.90000000000002345, 9.643580423808986168, 19.09999999999998721 ) ) ;
#1887 = VERTEX_POINT ( 'NONE', #1564 ) ;
#1888 = EDGE_CURVE ( 'NONE', #2791, #733, #3373, .T. ) ;
#1889 = ORIENTED_EDGE ( 'NONE', *, *, #2323, .T. ) ;
#1890 = ORIENTED_EDGE ( 'NONE', *, *, #1182, .T. ) ;
#1891 = FACE_OUTER_BOUND ( 'NONE', #75, .T. ) ;
#1892 = ADVANCED_FACE ( 'NONE', ( #2831 ), #3684, .F. ) ;
#1893 = CARTESIAN_POINT ( 'NONE',  ( 34.60000000000000142, 0.000000000000000000, 18.09999999999999432 ) ) ;
#1894 = CARTESIAN_POINT ( 'NONE',  ( 11.00000000000001776, -1.399999999999999911, 20.39999999999999503 ) ) ;
#1895 = DIRECTION ( 'NONE',  ( 0.000000000000000000, 0.000000000000000000, -1.000000000000000000 ) ) ;
#1896 = ORIENTED_EDGE ( 'NONE', *, *, #279, .F. ) ;
#1897 = FACE_OUTER_BOUND ( 'NONE', #1318, .T. ) ;
#1898 = ADVANCED_FACE ( 'NONE', ( #1268 ), #3355, .T. ) ;
#1899 = CYLINDRICAL_SURFACE ( 'NONE', #2342, 0.8999999999999980238 ) ;
#1900 = TOROIDAL_SURFACE ( 'NONE', #1637, 0.3999999999999980238, 0.5000000000000000000 ) ;
#1901 = ORIENTED_EDGE ( 'NONE', *, *, #3592, .F. ) ;
#1902 = AXIS2_PLACEMENT_3D ( 'NONE', #2553, #3498, #690 ) ;
#1903 = DIRECTION ( 'NONE',  ( 0.000000000000000000, 0.000000000000000000, -1.000000000000000000 ) ) ;
#1904 = VECTOR ( 'NONE', #2051, 1000.000000000000114 ) ;
#1905 = AXIS2_PLACEMENT_3D ( 'NONE', #2452, #1831, #1563 ) ;
#1906 = AXIS2_PLACEMENT_3D ( 'NONE', #1185, #1766, #901 ) ;
#1907 = DIRECTION ( 'NONE',  ( 0.000000000000000000, -1.000000000000000000, 0.000000000000000000 ) ) ;
#1908 = ORIENTED_EDGE ( 'NONE', *, *, #737, .F. ) ;
#1909 = LINE ( 'NONE', #2542, #1419 ) ;
#1910 = CARTESIAN_POINT ( 'NONE',  ( -11.00000000000001776, 4.000000000000000000, 20.69999999999996732 ) ) ;
#1911 = DIRECTION ( 'NONE',  ( -1.000000000000000000, 0.000000000000000000, 0.000000000000000000 ) ) ;
#1912 = LINE ( 'NONE', #706, #928 ) ;
#1913 = ORIENTED_EDGE ( 'NONE', *, *, #2625, .T. ) ;
#1914 = VERTEX_POINT ( 'NONE', #338 ) ;
#1915 = VERTEX_POINT ( 'NONE', #1496 ) ;
#1916 = FACE_OUTER_BOUND ( 'NONE', #814, .T. ) ;
#1917 = VECTOR ( 'NONE', #131, 1000.000000000000000 ) ;
#1918 = EDGE_CURVE ( 'NONE', #1412, #2711, #2318, .T. ) ;
#1919 =( LENGTH_UNIT ( ) NAMED_UNIT ( * ) SI_UNIT ( .MILLI., .METRE. ) );
#1920 = CARTESIAN_POINT ( 'NONE',  ( 11.00000000000002487, -1.399999999999999911, -20.39999999999999503 ) ) ;
#1921 = ORIENTED_EDGE ( 'NONE', *, *, #3195, .F. ) ;
#1922 = ADVANCED_FACE ( 'NONE', ( #2434 ), #572, .T. ) ;
#1923 = CIRCLE ( 'NONE', #1209, 0.5000000000000004441 ) ;
#1924 = EDGE_CURVE ( 'NONE', #1772, #893, #1586, .T. ) ;
#1925 = CARTESIAN_POINT ( 'NONE',  ( 34.59999999999999432, 4.000000000000000000, -15.90000000000000036 ) ) ;
#1926 = CYLINDRICAL_SURFACE ( 'NONE', #3376, 0.5000000000000004441 ) ;
#1927 = ORIENTED_EDGE ( 'NONE', *, *, #481, .F. ) ;
#1928 = EDGE_CURVE ( 'NONE', #25, #256, #886, .T. ) ;
#1929 = CARTESIAN_POINT ( 'NONE',  ( -8.000000000000021316, -0.8999999999999998002, 19.59999999999999787 ) ) ;
#1930 = DIRECTION ( 'NONE',  ( -0.000000000000000000, 1.000000000000000000, -0.000000000000000000 ) ) ;
#1931 = ORIENTED_EDGE ( 'NONE', *, *, #2673, .T. ) ;
#1932 = LINE ( 'NONE', #111, #636 ) ;
#1933 = DIRECTION ( 'NONE',  ( -0.9950371902099884869, -0.09950371902100592358, 0.000000000000000000 ) ) ;
#1934 = CARTESIAN_POINT ( 'NONE',  ( -6.000000000000019540, 4.000000000000000000, 19.09999999999999432 ) ) ;
#1935 = CARTESIAN_POINT ( 'NONE',  ( 8.000000000000010658, 1.999999999999998224, 20.89999999999999503 ) ) ;
#1936 = ORIENTED_EDGE ( 'NONE', *, *, #2513, .F. ) ;
#1937 = ORIENTED_EDGE ( 'NONE', *, *, #2270, .T. ) ;
#1938 = ORIENTED_EDGE ( 'NONE', *, *, #1093, .F. ) ;
#1939 = DIRECTION ( 'NONE',  ( -1.000000000000000000, 0.000000000000000000, 0.000000000000000000 ) ) ;
#1940 = CARTESIAN_POINT ( 'NONE',  ( -11.90000000000002700, 1.999999999999998224, -19.09999999999999787 ) ) ;
#1941 = DIRECTION ( 'NONE',  ( -0.000000000000000000, -1.000000000000000000, 0.000000000000000000 ) ) ;
#1942 = DIRECTION ( 'NONE',  ( 0.000000000000000000, 0.000000000000000000, -1.000000000000000000 ) ) ;
#1943 = ORIENTED_EDGE ( 'NONE', *, *, #1035, .T. ) ;
#1944 = CARTESIAN_POINT ( 'NONE',  ( 33.39999999999999147, 1.500000000000000000, 15.89999999999999325 ) ) ;
#1945 = CARTESIAN_POINT ( 'NONE',  ( -34.60000000000000853, 1.999999999999998668, -17.10000000000000142 ) ) ;
#1946 = VERTEX_POINT ( 'NONE', #384 ) ;
#1947 = FACE_OUTER_BOUND ( 'NONE', #719, .T. ) ;
#1948 = DIRECTION ( 'NONE',  ( -0.000000000000000000, 1.000000000000000000, -0.000000000000000000 ) ) ;
#1949 = EDGE_CURVE ( 'NONE', #355, #1125, #1090, .T. ) ;
#1950 = ORIENTED_EDGE ( 'NONE', *, *, #827, .T. ) ;
#1951 = DIRECTION ( 'NONE',  ( -1.000000000000000000, 0.000000000000000000, -0.000000000000000000 ) ) ;
#1952 = DIRECTION ( 'NONE',  ( -0.000000000000000000, -1.000000000000000000, -0.000000000000000000 ) ) ;
#1953 = DIRECTION ( 'NONE',  ( -0.000000000000000000, 1.000000000000000000, -0.000000000000000000 ) ) ;
#1954 = VERTEX_POINT ( 'NONE', #245 ) ;
#1955 = ORIENTED_EDGE ( 'NONE', *, *, #2923, .T. ) ;
#1956 = EDGE_LOOP ( 'NONE', ( #421, #2756, #1014, #1493 ) ) ;
#1957 = DIRECTION ( 'NONE',  ( -0.000000000000000000, 1.000000000000000000, -0.000000000000000000 ) ) ;
#1958 = CARTESIAN_POINT ( 'NONE',  ( -8.000000000000012434, -0.9000000000000000222, -19.09999999999999787 ) ) ;
#1959 = CARTESIAN_POINT ( 'NONE',  ( -7.200000000000030376, 4.000000000000000000, -19.89999999999997371 ) ) ;
#1960 = DIRECTION ( 'NONE',  ( 0.000000000000000000, -1.000000000000000000, 0.000000000000000000 ) ) ;
#1961 = ORIENTED_EDGE ( 'NONE', *, *, #1495, .F. ) ;
#1962 = CARTESIAN_POINT ( 'NONE',  ( -33.40000000000000568, 1.000000000000000000, 16.39999999999999503 ) ) ;
#1963 = FACE_OUTER_BOUND ( 'NONE', #1315, .T. ) ;
#1964 = VERTEX_POINT ( 'NONE', #2852 ) ;
#1965 = DIRECTION ( 'NONE',  ( 0.000000000000000000, -1.000000000000000000, 0.000000000000000000 ) ) ;
#1966 = CIRCLE ( 'NONE', #3398, 1.000000000000000888 ) ;
#1967 = DIRECTION ( 'NONE',  ( 0.000000000000000000, -1.000000000000000000, 0.000000000000000000 ) ) ;
#1968 = ADVANCED_FACE ( 'NONE', ( #80 ), #1309, .T. ) ;
#1969 = EDGE_CURVE ( 'NONE', #2580, #3494, #3806, .T. ) ;
#1970 = VERTEX_POINT ( 'NONE', #1478 ) ;
#1971 = AXIS2_PLACEMENT_3D ( 'NONE', #3063, #325, #3667 ) ;
#1972 = AXIS2_PLACEMENT_3D ( 'NONE', #988, #2574, #336 ) ;
#1973 = ADVANCED_FACE ( 'NONE', ( #967 ), #2721, .T. ) ;
#1974 = CARTESIAN_POINT ( 'NONE',  ( -7.510102051443380944, -1.399999999999999911, -19.99999999999998224 ) ) ;
#1975 = DIRECTION ( 'NONE',  ( 0.000000000000000000, -0.9950371902099884869, 0.09950371902100509092 ) ) ;
#1976 = DIRECTION ( 'NONE',  ( -0.000000000000000000, -0.000000000000000000, -1.000000000000000000 ) ) ;
#1977 = AXIS2_PLACEMENT_3D ( 'NONE', #2310, #3499, #1052 ) ;
#1978 = AXIS2_PLACEMENT_3D ( 'NONE', #99, #1960, #3891 ) ;
#1979 = ORIENTED_EDGE ( 'NONE', *, *, #447, .T. ) ;
#1980 = ORIENTED_EDGE ( 'NONE', *, *, #456, .F. ) ;
#1981 = ORIENTED_EDGE ( 'NONE', *, *, #1704, .T. ) ;
#1982 = DIRECTION ( 'NONE',  ( 0.000000000000000000, 0.000000000000000000, -1.000000000000000000 ) ) ;
#1983 = DIRECTION ( 'NONE',  ( 0.000000000000000000, 0.000000000000000000, 1.000000000000000000 ) ) ;
#1984 = DIRECTION ( 'NONE',  ( 1.000000000000000000, 0.000000000000000000, 0.000000000000000000 ) ) ;
#1985 = DIRECTION ( 'NONE',  ( 0.09950371902100166310, -0.9950371902099888199, 0.000000000000000000 ) ) ;
#1986 = VERTEX_POINT ( 'NONE', #3039 ) ;
#1987 = CIRCLE ( 'NONE', #232, 0.7999999999999847233 ) ;
#1988 = DIRECTION ( 'NONE',  ( -0.000000000000000000, 1.000000000000000000, -0.000000000000000000 ) ) ;
#1989 = FACE_OUTER_BOUND ( 'NONE', #2014, .T. ) ;
#1990 = DIRECTION ( 'NONE',  ( -0.000000000000000000, -1.000000000000000000, -0.000000000000000000 ) ) ;
#1991 = AXIS2_PLACEMENT_3D ( 'NONE', #3528, #1967, #412 ) ;
#1992 = EDGE_LOOP ( 'NONE', ( #672, #1058, #2750, #2276 ) ) ;
#1993 = CARTESIAN_POINT ( 'NONE',  ( -10.99999999999997335, -1.399999999999999911, -19.09999999999999787 ) ) ;
#1994 = DIRECTION ( 'NONE',  ( 0.000000000000000000, -1.000000000000000000, 0.000000000000000000 ) ) ;
#1995 = DIRECTION ( 'NONE',  ( -1.000000000000000000, 0.000000000000000000, 0.000000000000000000 ) ) ;
#1996 = EDGE_CURVE ( 'NONE', #1248, #3522, #2304, .T. ) ;
#1997 = LINE ( 'NONE', #463, #394 ) ;
#1998 = EDGE_CURVE ( 'NONE', #3470, #1964, #3137, .T. ) ;
#1999 = ORIENTED_EDGE ( 'NONE', *, *, #1569, .F. ) ;
#2000 = AXIS2_PLACEMENT_3D ( 'NONE', #1371, #3308, #3602 ) ;
#2001 = EDGE_LOOP ( 'NONE', ( #2675, #1981, #1, #1370, #4023 ) ) ;
#2002 = DIRECTION ( 'NONE',  ( -1.000000000000000000, 0.000000000000000000, 0.000000000000000000 ) ) ;
#2003 = CARTESIAN_POINT ( 'NONE',  ( 8.000000000000010658, -1.399999999999999911, 20.39999999999999503 ) ) ;
#2004 = EDGE_CURVE ( 'NONE', #3821, #2590, #491, .T. ) ;
#2005 = DIRECTION ( 'NONE',  ( -1.916821520416361651E-16, -0.000000000000000000, -1.000000000000000000 ) ) ;
#2006 = CARTESIAN_POINT ( 'NONE',  ( -8.000000000000021316, -1.399999999999999911, 19.59999999999999787 ) ) ;
#2007 = LINE ( 'NONE', #1076, #1511 ) ;
#2008 = EDGE_CURVE ( 'NONE', #2894, #2512, #732, .T. ) ;
#2009 = VERTEX_POINT ( 'NONE', #1118 ) ;
#2010 = LINE ( 'NONE', #2983, #3728 ) ;
#2011 = EDGE_CURVE ( 'NONE', #2577, #2556, #2962, .T. ) ;
#2012 = VECTOR ( 'NONE', #1064, 1000.000000000000000 ) ;
#2013 = LINE ( 'NONE', #760, #3970 ) ;
#2014 = EDGE_LOOP ( 'NONE', ( #2064, #3739, #1438, #867 ) ) ;
#2015 = DIRECTION ( 'NONE',  ( 0.000000000000000000, -0.000000000000000000, 1.000000000000000000 ) ) ;
#2016 = AXIS2_PLACEMENT_3D ( 'NONE', #1527, #2828, #1851 ) ;
#2017 = FACE_OUTER_BOUND ( 'NONE', #1112, .T. ) ;
#2018 = AXIS2_PLACEMENT_3D ( 'NONE', #2856, #3870, #3810 ) ;
#2019 = AXIS2_PLACEMENT_3D ( 'NONE', #1108, #113, #2651 ) ;
#2020 = CARTESIAN_POINT ( 'NONE',  ( 33.39999999999999147, 4.000000000000000000, -15.90000000000000036 ) ) ;
#2021 = VERTEX_POINT ( 'NONE', #2636 ) ;
#2022 = ORIENTED_EDGE ( 'NONE', *, *, #1542, .F. ) ;
#2023 = ORIENTED_EDGE ( 'NONE', *, *, #1875, .F. ) ;
#2024 = CARTESIAN_POINT ( 'NONE',  ( 6.000000000000025757, 4.000000000000000000, -19.10000000000000142 ) ) ;
#2025 = FACE_OUTER_BOUND ( 'NONE', #772, .T. ) ;
#2026 = LINE ( 'NONE', #3232, #1192 ) ;
#2027 = EDGE_CURVE ( 'NONE', #1329, #1139, #786, .T. ) ;
#2028 = ORIENTED_EDGE ( 'NONE', *, *, #1178, .F. ) ;
#2029 = ORIENTED_EDGE ( 'NONE', *, *, #3701, .F. ) ;
#2030 = DIRECTION ( 'NONE',  ( -0.000000000000000000, -1.000000000000000000, -0.000000000000000000 ) ) ;
#2031 = TOROIDAL_SURFACE ( 'NONE', #59, 0.5000000000000000000, 0.5000000000000000000 ) ;
#2032 = CARTESIAN_POINT ( 'NONE',  ( 33.39999999999999147, 1.999999999999914957, -15.90000000000000036 ) ) ;
#2033 = ORIENTED_EDGE ( 'NONE', *, *, #2273, .T. ) ;
#2034 = CIRCLE ( 'NONE', #274, 1.000000000000000888 ) ;
#2035 = EDGE_CURVE ( 'NONE', #1434, #702, #1575, .T. ) ;
#2036 = CARTESIAN_POINT ( 'NONE',  ( 0.000000000000000000, 0.000000000000000000, 19.09999999999999787 ) ) ;
#2037 = DIRECTION ( 'NONE',  ( 0.000000000000000000, -1.000000000000000000, 0.000000000000000000 ) ) ;
#2038 = CARTESIAN_POINT ( 'NONE',  ( -6.000000000000019540, 0.000000000000000000, 18.09999999999999432 ) ) ;
#2039 = VECTOR ( 'NONE', #203, 1000.000000000000000 ) ;
#2040 = VERTEX_POINT ( 'NONE', #429 ) ;
#2041 = VECTOR ( 'NONE', #604, 1000.000000000000000 ) ;
#2042 = ORIENTED_EDGE ( 'NONE', *, *, #739, .F. ) ;
#2043 = CARTESIAN_POINT ( 'NONE',  ( -7.200000000000035705, 4.000000000000000000, 0.000000000000000000 ) ) ;
#2044 = DIRECTION ( 'NONE',  ( 0.000000000000000000, -1.000000000000000000, 0.000000000000000000 ) ) ;
#2045 = AXIS2_PLACEMENT_3D ( 'NONE', #52, #98, #3805 ) ;
#2046 = AXIS2_PLACEMENT_3D ( 'NONE', #2656, #1132, #1718 ) ;
#2047 = LINE ( 'NONE', #1674, #2299 ) ;
#2048 = CARTESIAN_POINT ( 'NONE',  ( 11.00000000000002487, 9.643580423808986168, -20.89999999999999503 ) ) ;
#2049 = ORIENTED_EDGE ( 'NONE', *, *, #3606, .T. ) ;
#2050 = ORIENTED_EDGE ( 'NONE', *, *, #1969, .F. ) ;
#2051 = DIRECTION ( 'NONE',  ( 0.000000000000000000, -0.9950371902099884869, 0.09950371902100506316 ) ) ;
#2052 = DIRECTION ( 'NONE',  ( -1.000000000000000000, 0.000000000000000000, 0.000000000000000000 ) ) ;
#2053 = ADVANCED_FACE ( 'NONE', ( #1653 ), #405, .F. ) ;
#2054 = VERTEX_POINT ( 'NONE', #2900 ) ;
#2055 = EDGE_LOOP ( 'NONE', ( #2465, #715, #1802, #1670 ) ) ;
#2056 = EDGE_CURVE ( 'NONE', #1429, #2800, #1319, .T. ) ;
#2057 = DIRECTION ( 'NONE',  ( 1.000000000000000000, 0.000000000000000000, -0.000000000000000000 ) ) ;
#2058 = AXIS2_PLACEMENT_3D ( 'NONE', #679, #767, #1995 ) ;
#2059 = EDGE_CURVE ( 'NONE', #922, #1349, #1353, .T. ) ;
#2060 = LINE ( 'NONE', #2987, #1463 ) ;
#2061 = EDGE_CURVE ( 'NONE', #2800, #949, #2007, .T. ) ;
#2062 = EDGE_CURVE ( 'NONE', #64, #4018, #2657, .T. ) ;
#2063 = ORIENTED_EDGE ( 'NONE', *, *, #2892, .F. ) ;
#2064 = ORIENTED_EDGE ( 'NONE', *, *, #3503, .T. ) ;
#2065 = CARTESIAN_POINT ( 'NONE',  ( -33.40000000000000568, 1.500000000000000000, 15.89999999999999325 ) ) ;
#2066 = CARTESIAN_POINT ( 'NONE',  ( 0.000000000000000000, -0.8999999999999998002, 20.89999999999999503 ) ) ;
#2067 =( LENGTH_UNIT ( ) NAMED_UNIT ( * ) SI_UNIT ( .MILLI., .METRE. ) );
#2068 = CARTESIAN_POINT ( 'NONE',  ( -7.200000000000035705, 4.000000000000000000, 19.89999999999998082 ) ) ;
#2069 = VERTEX_POINT ( 'NONE', #144 ) ;
#2070 = ORIENTED_EDGE ( 'NONE', *, *, #3971, .F. ) ;
#2071 = DIRECTION ( 'NONE',  ( 0.000000000000000000, -0.09950371902100510479, -0.9950371902099885979 ) ) ;
#2072 = DIRECTION ( 'NONE',  ( 0.000000000000000000, 0.000000000000000000, -1.000000000000000000 ) ) ;
#2073 = ORIENTED_EDGE ( 'NONE', *, *, #790, .F. ) ;
#2074 = LINE ( 'NONE', #3753, #3257 ) ;
#2075 = FACE_OUTER_BOUND ( 'NONE', #54, .T. ) ;
#2076 = EDGE_CURVE ( 'NONE', #180, #2769, #2950, .T. ) ;
#2077 = VECTOR ( 'NONE', #2945, 1000.000000000000000 ) ;
#2078 = ORIENTED_EDGE ( 'NONE', *, *, #655, .F. ) ;
#2079 = DIRECTION ( 'NONE',  ( -0.000000000000000000, 1.000000000000000000, -0.000000000000000000 ) ) ;
#2080 = DIRECTION ( 'NONE',  ( 0.000000000000000000, 0.000000000000000000, 1.000000000000000000 ) ) ;
#2081 = DIRECTION ( 'NONE',  ( 1.000000000000000000, 0.000000000000000000, 0.000000000000000000 ) ) ;
#2082 = FACE_OUTER_BOUND ( 'NONE', #983, .T. ) ;
#2083 = VERTEX_POINT ( 'NONE', #2355 ) ;
#2084 = VERTEX_POINT ( 'NONE', #799 ) ;
#2085 = CARTESIAN_POINT ( 'NONE',  ( -11.90000000000002700, 9.643580423808986168, -19.09999999999999787 ) ) ;
#2086 = DIRECTION ( 'NONE',  ( 0.000000000000000000, -1.000000000000000000, 0.000000000000000000 ) ) ;
#2087 = ORIENTED_EDGE ( 'NONE', *, *, #1472, .F. ) ;
#2088 = CARTESIAN_POINT ( 'NONE',  ( -7.200000000000035705, 4.000000000000000000, 19.09999999999999432 ) ) ;
#2089 = ADVANCED_FACE ( 'NONE', ( #3275 ), #3282, .T. ) ;
#2090 = ADVANCED_FACE ( 'NONE', ( #3605 ), #1833, .T. ) ;
#2091 = VERTEX_POINT ( 'NONE', #2576 ) ;
#2092 = ADVANCED_FACE ( 'NONE', ( #3847 ), #2286, .F. ) ;
#2093 = CARTESIAN_POINT ( 'NONE',  ( 33.39999999999999147, 1.999999999999914957, 16.89999999999999503 ) ) ;
#2094 = CARTESIAN_POINT ( 'NONE',  ( -33.40000000000000568, 1.999999999999914957, 15.89999999999999325 ) ) ;
#2095 = CARTESIAN_POINT ( 'NONE',  ( -35.60000000000000853, 1.999999999999998224, -18.10000000000000142 ) ) ;
#2096 = AXIS2_PLACEMENT_3D ( 'NONE', #235, #3655, #866 ) ;
#2097 = FACE_OUTER_BOUND ( 'NONE', #625, .T. ) ;
#2098 = EDGE_CURVE ( 'NONE', #1692, #2826, #2026, .T. ) ;
#2099 = ORIENTED_EDGE ( 'NONE', *, *, #114, .T. ) ;
#2100 = AXIS2_PLACEMENT_3D ( 'NONE', #2474, #4009, #1552 ) ;
#2101 = ORIENTED_EDGE ( 'NONE', *, *, #3416, .F. ) ;
#2102 = CIRCLE ( 'NONE', #2230, 0.8999999999999980238 ) ;
#2103 = CARTESIAN_POINT ( 'NONE',  ( -11.00000000000002487, 1.999999999999998224, -19.99999999999998224 ) ) ;
#2104 = LINE ( 'NONE', #3350, #1144 ) ;
#2105 = EDGE_LOOP ( 'NONE', ( #1955, #1587, #139, #1155, #1516, #1105, #3032, #516, #81, #2572, #2913, #2941, #555, #2632, #3641, #2429, #2433, #2348, #377, #3987, #1335, #2305, #2909, #2653, #239, #3569, #2207, #2329, #2198, #1943, #1859, #2319, #3578, #789, #1797, #741, #2667, #3276, #2417, #2610 ) ) ;
#2106 = VECTOR ( 'NONE', #3866, 1000.000000000000000 ) ;
#2107 = DIRECTION ( 'NONE',  ( 0.000000000000000000, 0.000000000000000000, -1.000000000000000000 ) ) ;
#2108 = CIRCLE ( 'NONE', #1846, 1.000000000000000888 ) ;
#2109 = CIRCLE ( 'NONE', #3151, 1.000000000000000888 ) ;
#2110 = CARTESIAN_POINT ( 'NONE',  ( 0.000000000000000000, 4.000000000000000000, 0.000000000000000000 ) ) ;
#2111 = AXIS2_PLACEMENT_3D ( 'NONE', #3163, #3975, #591 ) ;
#2112 = ORIENTED_EDGE ( 'NONE', *, *, #3553, .T. ) ;
#2113 = CIRCLE ( 'NONE', #1092, 1.000000000000000888 ) ;
#2114 = DIRECTION ( 'NONE',  ( 0.000000000000000000, -0.9950371902099884869, 0.09950371902100509092 ) ) ;
#2115 = DIRECTION ( 'NONE',  ( -0.000000000000000000, 1.000000000000000000, -0.000000000000000000 ) ) ;
#2116 = FACE_OUTER_BOUND ( 'NONE', #955, .T. ) ;
#2117 = EDGE_CURVE ( 'NONE', #1191, #3290, #3867, .T. ) ;
#2118 = CARTESIAN_POINT ( 'NONE',  ( 7.005012562893405459, -0.8999999999999998002, -19.99999999999999645 ) ) ;
#2119 = ORIENTED_EDGE ( 'NONE', *, *, #2397, .F. ) ;
#2120 = ORIENTED_EDGE ( 'NONE', *, *, #2988, .T. ) ;
#2121 = EDGE_CURVE ( 'NONE', #3589, #204, #3209, .T. ) ;
#2122 = AXIS2_PLACEMENT_3D ( 'NONE', #2420, #1823, #1520 ) ;
#2123 = EDGE_CURVE ( 'NONE', #2711, #2832, #3664, .T. ) ;
#2124 = CARTESIAN_POINT ( 'NONE',  ( 33.39999999999999147, 1.000000000000000000, 16.39999999999999503 ) ) ;
#2125 = LINE ( 'NONE', #2469, #3732 ) ;
#2126 = ORIENTED_EDGE ( 'NONE', *, *, #496, .T. ) ;
#2127 = EDGE_CURVE ( 'NONE', #3301, #1693, #3926, .T. ) ;
#2128 = CARTESIAN_POINT ( 'NONE',  ( -7.005012562893394801, -0.6999999999999992895, -19.99999999999997158 ) ) ;
#2129 = VERTEX_POINT ( 'NONE', #1433 ) ;
#2130 = CARTESIAN_POINT ( 'NONE',  ( -12.90000000000002522, 4.000000000000000000, -19.10000000000000142 ) ) ;
#2131 = ORIENTED_EDGE ( 'NONE', *, *, #3198, .F. ) ;
#2132 = DIRECTION ( 'NONE',  ( 0.000000000000000000, 0.000000000000000000, -1.000000000000000000 ) ) ;
#2133 = DIRECTION ( 'NONE',  ( 1.000000000000000000, 0.000000000000000000, -0.000000000000000000 ) ) ;
#2134 = AXIS2_PLACEMENT_3D ( 'NONE', #3918, #1128, #3619 ) ;
#2135 = DIRECTION ( 'NONE',  ( 0.000000000000000000, -1.000000000000000000, 0.000000000000000000 ) ) ;
#2136 = ORIENTED_EDGE ( 'NONE', *, *, #2169, .F. ) ;
#2137 = AXIS2_PLACEMENT_3D ( 'NONE', #3839, #1368, #745 ) ;
#2138 = ORIENTED_EDGE ( 'NONE', *, *, #2076, .F. ) ;
#2139 = CARTESIAN_POINT ( 'NONE',  ( 8.000000000000024869, -0.8999999999999998002, -20.89999999999999503 ) ) ;
#2140 = EDGE_CURVE ( 'NONE', #1173, #422, #3623, .T. ) ;
#2141 = DIRECTION ( 'NONE',  ( 0.000000000000000000, -1.000000000000000000, 0.000000000000000000 ) ) ;
#2142 = CARTESIAN_POINT ( 'NONE',  ( 34.59999999999999432, 1.999999999999999112, -17.10000000000000142 ) ) ;
#2143 = ORIENTED_EDGE ( 'NONE', *, *, #568, .T. ) ;
#2144 = DIRECTION ( 'NONE',  ( -0.000000000000000000, -1.000000000000000000, -0.000000000000000000 ) ) ;
#2145 = EDGE_LOOP ( 'NONE', ( #1355, #1102, #990, #2196 ) ) ;
#2146 = EDGE_CURVE ( 'NONE', #1914, #3098, #1416, .T. ) ;
#2147 = CARTESIAN_POINT ( 'NONE',  ( 11.70000000000000817, 4.000000000000000000, 19.09999999999998721 ) ) ;
#2148 = CIRCLE ( 'NONE', #2865, 1.000000000000000888 ) ;
#2149 = ORIENTED_EDGE ( 'NONE', *, *, #2988, .F. ) ;
#2150 = DIRECTION ( 'NONE',  ( 0.000000000000000000, 0.000000000000000000, -1.000000000000000000 ) ) ;
#2151 = PLANE ( 'NONE',  #1863 ) ;
#2152 = DIRECTION ( 'NONE',  ( -1.000000000000000000, 0.000000000000000000, -0.000000000000000000 ) ) ;
#2153 = LINE ( 'NONE', #1579, #3990 ) ;
#2154 = ORIENTED_EDGE ( 'NONE', *, *, #2471, .F. ) ;
#2155 = EDGE_LOOP ( 'NONE', ( #438, #3807, #2836, #878 ) ) ;
#2156 = DIRECTION ( 'NONE',  ( 0.000000000000000000, 0.000000000000000000, -1.000000000000000000 ) ) ;
#2157 = VECTOR ( 'NONE', #3907, 1000.000000000000000 ) ;
#2158 = CARTESIAN_POINT ( 'NONE',  ( 34.59999999999999432, 4.000000000000000000, -17.89999999999998437 ) ) ;
#2159 = DIRECTION ( 'NONE',  ( 0.000000000000000000, -1.000000000000000000, 0.000000000000000000 ) ) ;
#2160 = AXIS2_PLACEMENT_3D ( 'NONE', #3545, #3299, #166 ) ;
#2161 = AXIS2_PLACEMENT_3D ( 'NONE', #1473, #2772, #2698 ) ;
#2162 = CIRCLE ( 'NONE', #2368, 0.5000000000000004441 ) ;
#2163 = ADVANCED_FACE ( 'NONE', ( #4000 ), #2979, .F. ) ;
#2164 = CARTESIAN_POINT ( 'NONE',  ( 11.00000000000002487, 9.643580423808986168, -19.99999999999999645 ) ) ;
#2165 = CIRCLE ( 'NONE', #2045, 0.5000000000000004441 ) ;
#2166 = CIRCLE ( 'NONE', #288, 0.5000000000000004441 ) ;
#2167 = ADVANCED_FACE ( 'NONE', ( #2097 ), #3344, .T. ) ;
#2168 = ORIENTED_EDGE ( 'NONE', *, *, #3369, .T. ) ;
#2169 = EDGE_CURVE ( 'NONE', #2541, #1839, #1966, .T. ) ;
#2170 = CARTESIAN_POINT ( 'NONE',  ( -34.40000000000000568, 4.000000000000000000, 16.89999999999999503 ) ) ;
#2171 = ADVANCED_FACE ( 'NONE', ( #2082 ), #2228, .T. ) ;
#2172 = ORIENTED_EDGE ( 'NONE', *, *, #717, .F. ) ;
#2173 = DIRECTION ( 'NONE',  ( -0.09950371902099412746, -0.9950371902099895971, 0.000000000000000000 ) ) ;
#2174 = CIRCLE ( 'NONE', #505, 0.5000000000000004441 ) ;
#2175 = CARTESIAN_POINT ( 'NONE',  ( 11.00000000000002487, -0.9000000000000000222, -19.59999999999999787 ) ) ;
#2176 = CARTESIAN_POINT ( 'NONE',  ( 0.000000000000000000, -1.399999999999999911, 20.39999999999999503 ) ) ;
#2177 = ORIENTED_EDGE ( 'NONE', *, *, #2861, .F. ) ;
#2178 = ORIENTED_EDGE ( 'NONE', *, *, #3502, .F. ) ;
#2179 = CARTESIAN_POINT ( 'NONE',  ( -33.40000000000000568, 1.999999999999914957, -16.90000000000000213 ) ) ;
#2180 = CARTESIAN_POINT ( 'NONE',  ( -8.000000000000021316, -1.399999999999999911, 20.39999999999998082 ) ) ;
#2181 = LINE ( 'NONE', #1566, #465 ) ;
#2182 = ORIENTED_EDGE ( 'NONE', *, *, #1918, .F. ) ;
#2183 = AXIS2_PLACEMENT_3D ( 'NONE', #2519, #1642, #3791 ) ;
#2184 = DIRECTION ( 'NONE',  ( -1.000000000000000000, -0.000000000000000000, -0.000000000000000000 ) ) ;
#2185 = CARTESIAN_POINT ( 'NONE',  ( -11.90000000000002345, 9.643580423808986168, -19.99999999999998224 ) ) ;
#2186 = EDGE_CURVE ( 'NONE', #88, #2084, #493, .T. ) ;
#2187 = VERTEX_POINT ( 'NONE', #2388 ) ;
#2188 = EDGE_CURVE ( 'NONE', #1692, #3560, #511, .T. ) ;
#2189 = FACE_OUTER_BOUND ( 'NONE', #3968, .T. ) ;
#2190 = DIRECTION ( 'NONE',  ( 0.000000000000000000, 0.000000000000000000, -1.000000000000000000 ) ) ;
#2191 = CONICAL_SURFACE ( 'NONE', #2914, 0.7999999999999882760, 0.09966865249116781122 ) ;
#2192 = CARTESIAN_POINT ( 'NONE',  ( -35.39999999999998437, 4.000000000000000000, 6.785548182273917907E-15 ) ) ;
#2193 = CARTESIAN_POINT ( 'NONE',  ( 7.005012562893389472, 0.000000000000000000, 19.99999999999997868 ) ) ;
#2194 = VERTEX_POINT ( 'NONE', #2068 ) ;
#2195 = EDGE_CURVE ( 'NONE', #2083, #801, #2293, .T. ) ;
#2196 = ORIENTED_EDGE ( 'NONE', *, *, #1818, .F. ) ;
#2197 = VECTOR ( 'NONE', #3385, 1000.000000000000114 ) ;
#2198 = ORIENTED_EDGE ( 'NONE', *, *, #3194, .T. ) ;
#2199 = DIRECTION ( 'NONE',  ( -0.000000000000000000, 1.000000000000000000, -0.000000000000000000 ) ) ;
#2200 = VECTOR ( 'NONE', #1990, 1000.000000000000000 ) ;
#2201 = LINE ( 'NONE', #3804, #3617 ) ;
#2202 = DIRECTION ( 'NONE',  ( 0.9950371902099884869, -0.09950371902100592358, 0.000000000000000000 ) ) ;
#2203 = CARTESIAN_POINT ( 'NONE',  ( -8.000000000000021316, 9.643580423808986168, 19.89999999999998082 ) ) ;
#2204 = AXIS2_PLACEMENT_3D ( 'NONE', #3837, #742, #1663 ) ;
#2205 = VECTOR ( 'NONE', #215, 1000.000000000000227 ) ;
#2206 = LINE ( 'NONE', #340, #3704 ) ;
#2207 = ORIENTED_EDGE ( 'NONE', *, *, #3397, .T. ) ;
#2208 = LINE ( 'NONE', #952, #183 ) ;
#2209 = LINE ( 'NONE', #3462, #2382 ) ;
#2210 = VERTEX_POINT ( 'NONE', #1736 ) ;
#2211 = EDGE_CURVE ( 'NONE', #256, #1360, #3326, .T. ) ;
#2212 = DIRECTION ( 'NONE',  ( 0.000000000000000000, 0.000000000000000000, -1.000000000000000000 ) ) ;
#2213 = DIRECTION ( 'NONE',  ( 0.000000000000000000, -1.000000000000000000, 0.000000000000000000 ) ) ;
#2214 = ADVANCED_FACE ( 'NONE', ( #3014 ), #3334, .T. ) ;
#2215 = DIRECTION ( 'NONE',  ( -0.000000000000000000, 1.000000000000000000, -0.000000000000000000 ) ) ;
#2216 = LINE ( 'NONE', #682, #676 ) ;
#2218 = ORIENTED_EDGE ( 'NONE', *, *, #2056, .F. ) ;
#2217 = ADVANCED_FACE ( 'NONE', ( #2731 ), #3050, .T. ) ;
#2219 = CONICAL_SURFACE ( 'NONE', #484, 1.200000000000013500, 0.09966865249116907410 ) ;
#2220 = EDGE_LOOP ( 'NONE', ( #2256, #246, #3388, #1913 ) ) ;
#2221 = VERTEX_POINT ( 'NONE', #3676 ) ;
#2222 = DIRECTION ( 'NONE',  ( 0.000000000000000000, 0.000000000000000000, -1.000000000000000000 ) ) ;
#2223 = CARTESIAN_POINT ( 'NONE',  ( -8.000000000000012434, 0.000000000000000000, -19.09999999999999787 ) ) ;
#2224 = LINE ( 'NONE', #2899, #3073 ) ;
#2225 = CARTESIAN_POINT ( 'NONE',  ( -6.000000000000025757, 4.000000000000000000, -17.89999999999998792 ) ) ;
#2226 = VERTEX_POINT ( 'NONE', #885 ) ;
#2227 = DIRECTION ( 'NONE',  ( 0.000000000000000000, 0.000000000000000000, -1.000000000000000000 ) ) ;
#2228 = CONICAL_SURFACE ( 'NONE', #1138, 0.8999999999999980238, 0.09966865249116821368 ) ;
#2229 = ORIENTED_EDGE ( 'NONE', *, *, #2719, .T. ) ;
#2230 = AXIS2_PLACEMENT_3D ( 'NONE', #2103, #2141, #298 ) ;
#2231 = CARTESIAN_POINT ( 'NONE',  ( -8.000000000000021316, 0.000000000000000000, 20.10000000000000142 ) ) ;
#2232 = APPLICATION_CONTEXT ( 'automotive_design' ) ;
#2233 = AXIS2_PLACEMENT_3D ( 'NONE', #3967, #3628, #221 ) ;
#2234 = VECTOR ( 'NONE', #202, 1000.000000000000114 ) ;
#2235 = CARTESIAN_POINT ( 'NONE',  ( -7.000000000000024869, 1.999999999999998668, -19.10000000000001208 ) ) ;
#2236 = ORIENTED_EDGE ( 'NONE', *, *, #1749, .T. ) ;
#2237 = CARTESIAN_POINT ( 'NONE',  ( -34.40000000000000568, 1.999999999999914957, 16.89999999999999503 ) ) ;
#2238 = CARTESIAN_POINT ( 'NONE',  ( 11.70000000000000817, 4.000000000000000000, 19.09999999999998721 ) ) ;
#2239 = CARTESIAN_POINT ( 'NONE',  ( 11.70000000000000284, 4.000000000000000000, 19.99999999999999645 ) ) ;
#2240 = LINE ( 'NONE', #1935, #2298 ) ;
#2241 = ORIENTED_EDGE ( 'NONE', *, *, #2123, .F. ) ;
#2242 = ORIENTED_EDGE ( 'NONE', *, *, #737, .T. ) ;
#2243 = VECTOR ( 'NONE', #2646, 1000.000000000000000 ) ;
#2244 = ORIENTED_EDGE ( 'NONE', *, *, #2270, .F. ) ;
#2245 = DIRECTION ( 'NONE',  ( 0.000000000000000000, -1.000000000000000000, 0.000000000000000000 ) ) ;
#2246 = DIRECTION ( 'NONE',  ( 0.000000000000000000, -1.000000000000000000, 0.000000000000000000 ) ) ;
#2247 = VERTEX_POINT ( 'NONE', #313 ) ;
#2248 = EDGE_CURVE ( 'NONE', #2595, #1855, #2798, .T. ) ;
#2249 = CARTESIAN_POINT ( 'NONE',  ( -33.40000000000000568, 4.000000000000000000, 15.89999999999999325 ) ) ;
#2250 = EDGE_CURVE ( 'NONE', #3909, #1125, #3729, .T. ) ;
#2251 = FACE_OUTER_BOUND ( 'NONE', #3915, .T. ) ;
#2252 = ORIENTED_EDGE ( 'NONE', *, *, #3107, .F. ) ;
#2253 = DIRECTION ( 'NONE',  ( 0.000000000000000000, -0.9950371902099883759, 0.09950371902100677013 ) ) ;
#2254 = CIRCLE ( 'NONE', #517, 1.200000000000013500 ) ;
#2255 = FACE_OUTER_BOUND ( 'NONE', #2055, .T. ) ;
#2256 = ORIENTED_EDGE ( 'NONE', *, *, #2953, .T. ) ;
#2257 = DIRECTION ( 'NONE',  ( 0.000000000000000000, 0.000000000000000000, -1.000000000000000000 ) ) ;
#2258 = DIRECTION ( 'NONE',  ( -0.000000000000000000, 1.000000000000000000, -0.000000000000000000 ) ) ;
#2259 = CARTESIAN_POINT ( 'NONE',  ( -8.000000000000021316, -0.9000000000000000222, 20.89999999999998082 ) ) ;
#2260 = VERTEX_POINT ( 'NONE', #23 ) ;
#2261 = ORIENTED_EDGE ( 'NONE', *, *, #339, .T. ) ;
#2262 = DIRECTION ( 'NONE',  ( 0.000000000000000000, 0.000000000000000000, -1.000000000000000000 ) ) ;
#2263 = LINE ( 'NONE', #11, #817 ) ;
#2264 = LINE ( 'NONE', #3162, #1325 ) ;
#2265 = CARTESIAN_POINT ( 'NONE',  ( -8.000000000000015987, 4.000000000000000000, -19.89999999999998082 ) ) ;
#2266 = ORIENTED_EDGE ( 'NONE', *, *, #62, .T. ) ;
#2267 = DIRECTION ( 'NONE',  ( 0.000000000000000000, 0.000000000000000000, -1.000000000000000000 ) ) ;
#2268 = ADVANCED_FACE ( 'NONE', ( #3403 ), #940, .T. ) ;
#2269 = DIRECTION ( 'NONE',  ( -1.000000000000000000, 0.000000000000000000, 0.000000000000000000 ) ) ;
#2270 = EDGE_CURVE ( 'NONE', #430, #845, #350, .T. ) ;
#2271 = AXIS2_PLACEMENT_3D ( 'NONE', #1094, #2324, #808 ) ;
#2272 = VERTEX_POINT ( 'NONE', #2782 ) ;
#2273 = EDGE_CURVE ( 'NONE', #3259, #1280, #3133, .T. ) ;
#2274 = DIRECTION ( 'NONE',  ( 0.000000000000000000, 0.000000000000000000, -1.000000000000000000 ) ) ;
#2275 = DIRECTION ( 'NONE',  ( 0.000000000000000000, 0.000000000000000000, -1.000000000000000000 ) ) ;
#2276 = ORIENTED_EDGE ( 'NONE', *, *, #3322, .F. ) ;
#2277 = CARTESIAN_POINT ( 'NONE',  ( -34.40000000000000568, 4.000000000000000000, -16.90000000000000213 ) ) ;
#2278 = DIRECTION ( 'NONE',  ( 0.000000000000000000, 0.000000000000000000, 1.000000000000000000 ) ) ;
#2279 = CARTESIAN_POINT ( 'NONE',  ( -34.60000000000000853, 4.000000000000000000, 15.89999999999999325 ) ) ;
#2280 = ORIENTED_EDGE ( 'NONE', *, *, #777, .T. ) ;
#2281 = VERTEX_POINT ( 'NONE', #3110 ) ;
#2282 = ORIENTED_EDGE ( 'NONE', *, *, #3260, .F. ) ;
#2283 = DIRECTION ( 'NONE',  ( -0.000000000000000000, 1.000000000000000000, -0.000000000000000000 ) ) ;
#2284 = CYLINDRICAL_SURFACE ( 'NONE', #2689, 1.000000000000000888 ) ;
#2285 = CARTESIAN_POINT ( 'NONE',  ( 12.90000000000002522, 4.000000000000000000, -19.10000000000000142 ) ) ;
#2286 = PLANE ( 'NONE',  #2483 ) ;
#2287 = ORIENTED_EDGE ( 'NONE', *, *, #981, .F. ) ;
#2288 = LINE ( 'NONE', #3544, #3429 ) ;
#2289 = DIRECTION ( 'NONE',  ( 0.000000000000000000, 0.000000000000000000, -1.000000000000000000 ) ) ;
#2290 = CARTESIAN_POINT ( 'NONE',  ( 11.90000000000001634, 0.000000000000000000, 19.99999999999999645 ) ) ;
#2291 = ORIENTED_EDGE ( 'NONE', *, *, #2188, .F. ) ;
#2292 = CARTESIAN_POINT ( 'NONE',  ( -11.90000000000002345, 1.999999999999998668, -19.99999999999998224 ) ) ;
#2293 = CIRCLE ( 'NONE', #1067, 0.7999999999999882760 ) ;
#2294 = EDGE_CURVE ( 'NONE', #2411, #3773, #3155, .T. ) ;
#2295 = FACE_OUTER_BOUND ( 'NONE', #781, .T. ) ;
#2296 = ORIENTED_EDGE ( 'NONE', *, *, #2692, .F. ) ;
#2297 = EDGE_CURVE ( 'NONE', #1148, #1558, #2153, .T. ) ;
#2298 = VECTOR ( 'NONE', #3795, 1000.000000000000000 ) ;
#2299 = VECTOR ( 'NONE', #3293, 1000.000000000000000 ) ;
#2300 = DIRECTION ( 'NONE',  ( 0.000000000000000000, 0.000000000000000000, 1.000000000000000000 ) ) ;
#2301 = ADVANCED_FACE ( 'NONE', ( #1848 ), #1900, .T. ) ;
#2302 = DIRECTION ( 'NONE',  ( 0.000000000000000000, -1.000000000000000000, 0.000000000000000000 ) ) ;
#2303 = AXIS2_PLACEMENT_3D ( 'NONE', #3846, #1332, #2575 ) ;
#2304 = CIRCLE ( 'NONE', #3217, 0.5000000000000004441 ) ;
#2305 = ORIENTED_EDGE ( 'NONE', *, *, #1569, .T. ) ;
#2306 = ORIENTED_EDGE ( 'NONE', *, *, #2397, .T. ) ;
#2307 = LINE ( 'NONE', #2043, #3754 ) ;
#2308 = DIRECTION ( 'NONE',  ( 0.000000000000000000, -0.9950371902099895971, -0.09950371902099412746 ) ) ;
#2309 = CARTESIAN_POINT ( 'NONE',  ( 11.00000000000001776, -1.399999999999999911, 19.99999999999999645 ) ) ;
#2310 = CARTESIAN_POINT ( 'NONE',  ( -11.90000000000014424, 1.999999999999998224, 7.605392923624800813E-14 ) ) ;
#2311 = CARTESIAN_POINT ( 'NONE',  ( 7.005012562893389472, -0.8999999999999998002, 19.99999999999997868 ) ) ;
#2312 = EDGE_LOOP ( 'NONE', ( #4010, #2390, #2662, #906 ) ) ;
#2313 = AXIS2_PLACEMENT_3D ( 'NONE', #1161, #2681, #1408 ) ;
#2314 = AXIS2_PLACEMENT_3D ( 'NONE', #1384, #3266, #317 ) ;
#2315 = ORIENTED_EDGE ( 'NONE', *, *, #2146, .F. ) ;
#2316 = CARTESIAN_POINT ( 'NONE',  ( -11.00000000000002487, 4.000000000000000000, -20.69999999999996732 ) ) ;
#2317 = CARTESIAN_POINT ( 'NONE',  ( 0.000000000000000000, -0.000000000000000000, -19.09999999999999787 ) ) ;
#2318 = CIRCLE ( 'NONE', #1588, 0.5000000000000004441 ) ;
#2319 = ORIENTED_EDGE ( 'NONE', *, *, #798, .T. ) ;
#2320 = CIRCLE ( 'NONE', #3683, 1.000000000000000888 ) ;
#2321 = CARTESIAN_POINT ( 'NONE',  ( -7.246713001619764505, -1.346717563858981448, 19.99999999999999289 ) ) ;
#2322 = DIRECTION ( 'NONE',  ( -0.000000000000000000, 1.000000000000000000, -0.000000000000000000 ) ) ;
#2323 = EDGE_CURVE ( 'NONE', #893, #889, #282, .T. ) ;
#2324 = DIRECTION ( 'NONE',  ( 0.000000000000000000, -1.000000000000000000, 0.000000000000000000 ) ) ;
#2325 = ORIENTED_EDGE ( 'NONE', *, *, #2867, .T. ) ;
#2326 = EDGE_CURVE ( 'NONE', #2902, #3055, #815, .T. ) ;
#2327 = CIRCLE ( 'NONE', #1669, 1.200000000000013500 ) ;
#2328 = ORIENTED_EDGE ( 'NONE', *, *, #2725, .F. ) ;
#2329 = ORIENTED_EDGE ( 'NONE', *, *, #32, .T. ) ;
#2330 = DIRECTION ( 'NONE',  ( -0.000000000000000000, 1.000000000000000000, -0.000000000000000000 ) ) ;
#2331 = DIRECTION ( 'NONE',  ( -0.000000000000000000, 1.000000000000000000, -0.000000000000000000 ) ) ;
#2332 =( NAMED_UNIT ( * ) PLANE_ANGLE_UNIT ( ) SI_UNIT ( $, .RADIAN. ) );
#2333 = CARTESIAN_POINT ( 'NONE',  ( -33.90000000000000568, 1.500000000000000000, -16.90000000000000213 ) ) ;
#2334 = EDGE_CURVE ( 'NONE', #2083, #702, #1524, .T. ) ;
#2335 = EDGE_LOOP ( 'NONE', ( #2376, #2138, #2704, #1281 ) ) ;
#2336 = VERTEX_POINT ( 'NONE', #2193 ) ;
#2337 = CARTESIAN_POINT ( 'NONE',  ( 11.90000000000002345, 9.643580423808986168, -19.99999999999999645 ) ) ;
#2338 = LINE ( 'NONE', #1723, #1514 ) ;
#2339 = ORIENTED_EDGE ( 'NONE', *, *, #3533, .F. ) ;
#2340 = CARTESIAN_POINT ( 'NONE',  ( 11.90000000000002522, 1.999999999999998224, -19.09999999999999787 ) ) ;
#2341 = AXIS2_PLACEMENT_3D ( 'NONE', #1545, #4019, #2785 ) ;
#2342 = AXIS2_PLACEMENT_3D ( 'NONE', #2164, #630, #1854 ) ;
#2343 = CARTESIAN_POINT ( 'NONE',  ( 34.39999999999999147, 4.000000000000000000, 15.89999999999999325 ) ) ;
#2344 = VECTOR ( 'NONE', #2587, 1000.000000000000000 ) ;
#2345 = LINE ( 'NONE', #2259, #2601 ) ;
#2346 = VERTEX_POINT ( 'NONE', #330 ) ;
#2347 = EDGE_CURVE ( 'NONE', #1855, #2584, #902, .T. ) ;
#2348 = ORIENTED_EDGE ( 'NONE', *, *, #3508, .T. ) ;
#2349 = EDGE_CURVE ( 'NONE', #3138, #2187, #46, .T. ) ;
#2350 = ORIENTED_EDGE ( 'NONE', *, *, #1451, .F. ) ;
#2351 = DIRECTION ( 'NONE',  ( -0.000000000000000000, 1.000000000000000000, -0.000000000000000000 ) ) ;
#2352 = DIRECTION ( 'NONE',  ( 5.204170427930416550E-15, 0.000000000000000000, -1.000000000000000000 ) ) ;
#2353 = PRODUCT_CONTEXT ( 'NONE', #1194, 'mechanical' ) ;
#2354 = ADVANCED_FACE ( 'NONE', ( #1302 ), #3749, .T. ) ;
#2355 = CARTESIAN_POINT ( 'NONE',  ( 34.60000000000000142, 4.000000000000000000, 17.89999999999998082 ) ) ;
#2356 = ORIENTED_EDGE ( 'NONE', *, *, #2347, .T. ) ;
#2357 = ORIENTED_EDGE ( 'NONE', *, *, #2549, .T. ) ;
#2358 = CARTESIAN_POINT ( 'NONE',  ( -6.000000000000019540, 4.000000000000000000, 19.09999999999999432 ) ) ;
#2359 = CIRCLE ( 'NONE', #2544, 1.199999999999999734 ) ;
#2360 = LINE ( 'NONE', #856, #2954 ) ;
#2361 = ORIENTED_EDGE ( 'NONE', *, *, #3129, .F. ) ;
#2362 = DIRECTION ( 'NONE',  ( 0.000000000000000000, 0.000000000000000000, 1.000000000000000000 ) ) ;
#2363 = DIRECTION ( 'NONE',  ( 0.000000000000000000, 0.000000000000000000, -1.000000000000000000 ) ) ;
#2364 = FACE_OUTER_BOUND ( 'NONE', #3130, .T. ) ;
#2365 = AXIS2_PLACEMENT_3D ( 'NONE', #2940, #1677, #2918 ) ;
#2366 = ORIENTED_EDGE ( 'NONE', *, *, #2098, .F. ) ;
#2367 = MECHANICAL_DESIGN_GEOMETRIC_PRESENTATION_REPRESENTATION (  '', ( #2425 ), #2684 ) ;
#2368 = AXIS2_PLACEMENT_3D ( 'NONE', #3166, #2833, #2267 ) ;
#2369 = DIRECTION ( 'NONE',  ( 0.000000000000000000, 0.000000000000000000, 1.000000000000000000 ) ) ;
#2370 = CARTESIAN_POINT ( 'NONE',  ( -11.00000000000001776, -1.399999999999999911, 19.99999999999998224 ) ) ;
#2371 = VECTOR ( 'NONE', #3430, 1000.000000000000000 ) ;
#2372 = AXIS2_PLACEMENT_3D ( 'NONE', #2422, #2135, #3999 ) ;
#2373 = LINE ( 'NONE', #1099, #1197 ) ;
#2374 = CARTESIAN_POINT ( 'NONE',  ( 7.005012562893405459, -1.032795409528606490, -19.99999999999999645 ) ) ;
#2375 = ORIENTED_EDGE ( 'NONE', *, *, #658, .T. ) ;
#2376 = ORIENTED_EDGE ( 'NONE', *, *, #3254, .T. ) ;
#2377 = CARTESIAN_POINT ( 'NONE',  ( 34.59999999999999432, 1.999999999999999112, -18.10000000000000142 ) ) ;
#2378 = DIRECTION ( 'NONE',  ( -1.916821520416361651E-16, 0.000000000000000000, -1.000000000000000000 ) ) ;
#2379 = ORIENTED_EDGE ( 'NONE', *, *, #3249, .T. ) ;
#2380 = ADVANCED_FACE ( 'NONE', ( #1826 ), #2682, .T. ) ;
#2381 = DIRECTION ( 'NONE',  ( 6.391086490440931559E-15, 0.000000000000000000, 1.000000000000000000 ) ) ;
#2382 = VECTOR ( 'NONE', #1907, 1000.000000000000000 ) ;
#2383 = CARTESIAN_POINT ( 'NONE',  ( 8.000000000000024869, -1.399999999999999911, -19.59999999999999787 ) ) ;
#2384 = ORIENTED_EDGE ( 'NONE', *, *, #2719, .F. ) ;
#2385 = VERTEX_POINT ( 'NONE', #3772 ) ;
#2386 = CARTESIAN_POINT ( 'NONE',  ( 11.90000000000002345, 1.999999999999998224, -19.99999999999999645 ) ) ;
#2387 = DIRECTION ( 'NONE',  ( -0.09950371902100590971, 0.9950371902099883759, 0.000000000000000000 ) ) ;
#2388 = CARTESIAN_POINT ( 'NONE',  ( 8.000000000000024869, 4.000000000000000000, -20.69999999999997797 ) ) ;
#2389 = AXIS2_PLACEMENT_3D ( 'NONE', #20, #43, #3105 ) ;
#2390 = ORIENTED_EDGE ( 'NONE', *, *, #1203, .F. ) ;
#2391 = ORIENTED_EDGE ( 'NONE', *, *, #114, .F. ) ;
#2392 = DIRECTION ( 'NONE',  ( 0.09950371902100511867, 0.9950371902099884869, 0.000000000000000000 ) ) ;
#2393 = DIRECTION ( 'NONE',  ( 0.000000000000000000, -1.000000000000000000, 0.000000000000000000 ) ) ;
#2394 = EDGE_LOOP ( 'NONE', ( #2505, #3642, #3374, #2845 ) ) ;
#2395 = EDGE_CURVE ( 'NONE', #1822, #1915, #2216, .T. ) ;
#2396 = EDGE_CURVE ( 'NONE', #2551, #2577, #1912, .T. ) ;
#2397 = EDGE_CURVE ( 'NONE', #1822, #2021, #2240, .T. ) ;
#2398 = PLANE ( 'NONE',  #2496 ) ;
#2399 = EDGE_CURVE ( 'NONE', #1038, #2638, #1003, .T. ) ;
#2400 = AXIS2_PLACEMENT_3D ( 'NONE', #86, #2274, #1020 ) ;
#2401 = AXIS2_PLACEMENT_3D ( 'NONE', #1934, #4, #375 ) ;
#2402 = ORIENTED_EDGE ( 'NONE', *, *, #934, .T. ) ;
#2403 = DIRECTION ( 'NONE',  ( 1.000000000000000000, 0.000000000000000000, 0.000000000000000000 ) ) ;
#2404 = CARTESIAN_POINT ( 'NONE',  ( -7.000000000000024869, 9.643580423808986168, -19.10000000000001208 ) ) ;
#2405 = PLANE ( 'NONE',  #171 ) ;
#2406 = CARTESIAN_POINT ( 'NONE',  ( 7.000000000000024869, 1.999999999999998224, -19.89999999999999503 ) ) ;
#2407 = ORIENTED_EDGE ( 'NONE', *, *, #92, .F. ) ;
#2408 = ORIENTED_EDGE ( 'NONE', *, *, #123, .T. ) ;
#2409 = CARTESIAN_POINT ( 'NONE',  ( -34.40000000000000568, 1.999999999999914957, -15.90000000000000036 ) ) ;
#2410 = CARTESIAN_POINT ( 'NONE',  ( 0.000000000000000000, 4.000000000000000000, -17.89999999999998792 ) ) ;
#2411 = VERTEX_POINT ( 'NONE', #343 ) ;
#2412 = DIRECTION ( 'NONE',  ( 0.000000000000000000, 0.09950371902100507704, 0.9950371902099885979 ) ) ;
#2413 = VECTOR ( 'NONE', #2245, 1000.000000000000000 ) ;
#2414 = EDGE_CURVE ( 'NONE', #3840, #2570, #3100, .T. ) ;
#2415 = EDGE_CURVE ( 'NONE', #1772, #2894, #2626, .T. ) ;
#2416 = ADVANCED_FACE ( 'NONE', ( #615 ), #3992, .F. ) ;
#2417 = ORIENTED_EDGE ( 'NONE', *, *, #2195, .T. ) ;
#2418 = EDGE_CURVE ( 'NONE', #2996, #893, #681, .T. ) ;
#2419 = ADVANCED_FACE ( 'NONE', ( #954 ), #2776, .T. ) ;
#2420 = CARTESIAN_POINT ( 'NONE',  ( -33.40000000000000568, 1.500000000000000000, -15.90000000000000036 ) ) ;
#2421 = CARTESIAN_POINT ( 'NONE',  ( 11.00000000000001776, -0.9000000000000000222, 20.39999999999999503 ) ) ;
#2422 = CARTESIAN_POINT ( 'NONE',  ( 34.59999999999999432, 4.000000000000000000, -17.10000000000000142 ) ) ;
#2423 = AXIS2_PLACEMENT_3D ( 'NONE', #250, #1134, #527 ) ;
#2424 = DIRECTION ( 'NONE',  ( 0.000000000000000000, 0.000000000000000000, -1.000000000000000000 ) ) ;
#2425 = STYLED_ITEM ( 'NONE', ( #1546 ), #2876 ) ;
#2426 = ADVANCED_FACE ( 'NONE', ( #285 ), #1771, .F. ) ;
#2427 = ORIENTED_EDGE ( 'NONE', *, *, #2839, .T. ) ;
#2428 = CIRCLE ( 'NONE', #1072, 0.8999999999999980238 ) ;
#2429 = ORIENTED_EDGE ( 'NONE', *, *, #1163, .T. ) ;
#2430 = TOROIDAL_SURFACE ( 'NONE', #3995, 0.3999999999999980238, 0.5000000000000000000 ) ;
#2431 = DIRECTION ( 'NONE',  ( -0.09950371902099412746, 0.9950371902099895971, 0.000000000000000000 ) ) ;
#2432 = LINE ( 'NONE', #3698, #1574 ) ;
#2433 = ORIENTED_EDGE ( 'NONE', *, *, #2441, .T. ) ;
#2434 = FACE_OUTER_BOUND ( 'NONE', #244, .T. ) ;
#2435 = ORIENTED_EDGE ( 'NONE', *, *, #1089, .T. ) ;
#2436 = AXIS2_PLACEMENT_3D ( 'NONE', #1690, #3243, #2932 ) ;
#2437 = VECTOR ( 'NONE', #1965, 1000.000000000000000 ) ;
#2438 = DIRECTION ( 'NONE',  ( 0.000000000000000000, 0.000000000000000000, -1.000000000000000000 ) ) ;
#2439 = ORIENTED_EDGE ( 'NONE', *, *, #842, .F. ) ;
#2440 = VECTOR ( 'NONE', #16, 1000.000000000000000 ) ;
#2441 = EDGE_CURVE ( 'NONE', #949, #3112, #1452, .T. ) ;
#2442 = CARTESIAN_POINT ( 'NONE',  ( -8.000000000000012434, -0.9000000000000000222, -19.09999999999999787 ) ) ;
#2443 = DIRECTION ( 'NONE',  ( 0.000000000000000000, -1.000000000000000000, 0.000000000000000000 ) ) ;
#2444 = CYLINDRICAL_SURFACE ( 'NONE', #1906, 1.000000000000000888 ) ;
#2445 = DIRECTION ( 'NONE',  ( -0.000000000000000000, 1.000000000000000000, -0.000000000000000000 ) ) ;
#2446 = ORIENTED_EDGE ( 'NONE', *, *, #3104, .F. ) ;
#2447 = ORIENTED_EDGE ( 'NONE', *, *, #3582, .T. ) ;
#2448 = DIRECTION ( 'NONE',  ( -1.000000000000000000, 0.000000000000000000, 0.000000000000000000 ) ) ;
#2449 = VECTOR ( 'NONE', #3978, 1000.000000000000000 ) ;
#2450 = CARTESIAN_POINT ( 'NONE',  ( 12.90000000000001634, 1.999999999999998668, 19.09999999999999432 ) ) ;
#2451 = ADVANCED_FACE ( 'NONE', ( #1858 ), #1881, .T. ) ;
#2452 = CARTESIAN_POINT ( 'NONE',  ( -8.000000000000021316, -0.9000000000000000222, 20.39999999999998082 ) ) ;
#2453 = ORIENTED_EDGE ( 'NONE', *, *, #661, .F. ) ;
#2454 = DIRECTION ( 'NONE',  ( 0.000000000000000000, 0.000000000000000000, -1.000000000000000000 ) ) ;
#2455 = EDGE_LOOP ( 'NONE', ( #3722, #1208, #3781, #2339 ) ) ;
#2456 = DIRECTION ( 'NONE',  ( 0.000000000000000000, -1.000000000000000000, 0.000000000000000000 ) ) ;
#2457 = ORIENTED_EDGE ( 'NONE', *, *, #1136, .T. ) ;
#2458 = CARTESIAN_POINT ( 'NONE',  ( -33.40000000000000568, 1.000000000000000000, -16.40000000000000213 ) ) ;
#2459 = PLANE ( 'NONE',  #2718 ) ;
#2460 = AXIS2_PLACEMENT_3D ( 'NONE', #176, #198, #3901 ) ;
#2461 = DIRECTION ( 'NONE',  ( 0.000000000000000000, 0.000000000000000000, -1.000000000000000000 ) ) ;
#2462 = DIRECTION ( 'NONE',  ( 0.000000000000000000, -0.9950371902099884869, 0.09950371902100509092 ) ) ;
#2463 = EDGE_CURVE ( 'NONE', #3773, #1705, #3873, .T. ) ;
#2464 = ORIENTED_EDGE ( 'NONE', *, *, #768, .T. ) ;
#2465 = ORIENTED_EDGE ( 'NONE', *, *, #3744, .T. ) ;
#2466 = DIRECTION ( 'NONE',  ( 1.000000000000000000, 0.000000000000000000, -0.000000000000000000 ) ) ;
#2467 = ADVANCED_FACE ( 'NONE', ( #1499 ), #1572, .T. ) ;
#2468 = DIRECTION ( 'NONE',  ( 1.000000000000000000, 0.000000000000000000, 0.000000000000000000 ) ) ;
#2469 = CARTESIAN_POINT ( 'NONE',  ( -8.000000000000021316, 9.643580423808986168, 20.89999999999998082 ) ) ;
#2470 = ADVANCED_FACE ( 'NONE', ( #3377 ), #594, .T. ) ;
#2471 = EDGE_CURVE ( 'NONE', #1986, #1210, #425, .T. ) ;
#2472 = CARTESIAN_POINT ( 'NONE',  ( 33.89999999999999147, 1.500000000000000000, -16.90000000000000213 ) ) ;
#2473 = ORIENTED_EDGE ( 'NONE', *, *, #891, .F. ) ;
#2474 = CARTESIAN_POINT ( 'NONE',  ( -34.60000000000000853, 4.000000000000000000, -17.10000000000000142 ) ) ;
#2475 = ORIENTED_EDGE ( 'NONE', *, *, #1476, .T. ) ;
#2476 = CARTESIAN_POINT ( 'NONE',  ( 6.000000000000025757, 1.999999999999998668, -19.10000000000000142 ) ) ;
#2477 = CARTESIAN_POINT ( 'NONE',  ( 7.005012562893389472, -0.8999999999999998002, 19.99999999999997868 ) ) ;
#2478 = FACE_OUTER_BOUND ( 'NONE', #3404, .T. ) ;
#2479 = DIRECTION ( 'NONE',  ( -0.000000000000000000, 1.000000000000000000, -0.000000000000000000 ) ) ;
#2480 = ORIENTED_EDGE ( 'NONE', *, *, #1199, .T. ) ;
#2481 = ORIENTED_EDGE ( 'NONE', *, *, #1621, .T. ) ;
#2482 = CARTESIAN_POINT ( 'NONE',  ( -34.60000000000000142, 4.000000000000000000, 17.09999999999999432 ) ) ;
#2483 = AXIS2_PLACEMENT_3D ( 'NONE', #3584, #161, #3541 ) ;
#2484 = DIRECTION ( 'NONE',  ( -6.391086490440884227E-15, 0.000000000000000000, 1.000000000000000000 ) ) ;
#2485 = CARTESIAN_POINT ( 'NONE',  ( -11.00000000000002487, 9.643580423808986168, -20.89999999999998082 ) ) ;
#2486 = AXIS2_PLACEMENT_3D ( 'NONE', #3609, #2071, #2660 ) ;
#2487 = ADVANCED_FACE ( 'NONE', ( #17, #1218 ), #877, .F. ) ;
#2488 = CARTESIAN_POINT ( 'NONE',  ( -33.40000000000000568, 1.500000000000000000, -16.90000000000000213 ) ) ;
#2489 = AXIS2_PLACEMENT_3D ( 'NONE', #910, #3454, #299 ) ;
#2490 = ORIENTED_EDGE ( 'NONE', *, *, #1497, .T. ) ;
#2491 = EDGE_CURVE ( 'NONE', #3630, #1173, #2428, .T. ) ;
#2492 =( GEOMETRIC_REPRESENTATION_CONTEXT ( 3 ) GLOBAL_UNCERTAINTY_ASSIGNED_CONTEXT ( ( #1878 ) ) GLOBAL_UNIT_ASSIGNED_CONTEXT ( ( #2067, #2332, #2708 ) ) REPRESENTATION_CONTEXT ( 'NONE', 'WORKASPACE' ) );
#2493 = PLANE ( 'NONE',  #700 ) ;
#2494 = CARTESIAN_POINT ( 'NONE',  ( 0.000000000000000000, -0.9000000000000000222, 20.39999999999998082 ) ) ;
#2495 = EDGE_CURVE ( 'NONE', #3347, #845, #915, .T. ) ;
#2496 = AXIS2_PLACEMENT_3D ( 'NONE', #1728, #226, #2951 ) ;
#2497 = EDGE_LOOP ( 'NONE', ( #624, #1532, #2742, #2905 ) ) ;
#2498 = AXIS2_PLACEMENT_3D ( 'NONE', #2645, #1708, #3527 ) ;
#2499 = LINE ( 'NONE', #68, #1292 ) ;
#2500 = CARTESIAN_POINT ( 'NONE',  ( -34.60000000000000853, 4.000000000000000000, -17.10000000000000142 ) ) ;
#2501 = DIRECTION ( 'NONE',  ( 1.000000000000000000, 0.000000000000000000, 0.000000000000000000 ) ) ;
#2502 = DIRECTION ( 'NONE',  ( 0.000000000000000000, 0.000000000000000000, 1.000000000000000000 ) ) ;
#2503 = ORIENTED_EDGE ( 'NONE', *, *, #2059, .T. ) ;
#2504 = VERTEX_POINT ( 'NONE', #1842 ) ;
#2505 = ORIENTED_EDGE ( 'NONE', *, *, #3280, .T. ) ;
#2506 = CARTESIAN_POINT ( 'NONE',  ( -10.99999999999997335, -0.9000000000000000222, 19.09999999999999787 ) ) ;
#2507 = CARTESIAN_POINT ( 'NONE',  ( 7.000000000000024869, 0.000000000000000000, -19.89999999999999503 ) ) ;
#2508 = CARTESIAN_POINT ( 'NONE',  ( 7.000000000000024869, 1.999999999999998224, -20.89999999999999503 ) ) ;
#2509 = DIRECTION ( 'NONE',  ( 1.000000000000000000, 0.000000000000000000, -0.000000000000000000 ) ) ;
#2510 = DIRECTION ( 'NONE',  ( 0.000000000000000000, -0.9950371902099884869, 0.09950371902100506316 ) ) ;
#2511 = EDGE_CURVE ( 'NONE', #1946, #322, #304, .T. ) ;
#2512 = VERTEX_POINT ( 'NONE', #1103 ) ;
#2513 = EDGE_CURVE ( 'NONE', #3433, #1822, #3570, .T. ) ;
#2514 = EDGE_CURVE ( 'NONE', #1173, #2129, #3894, .T. ) ;
#2515 = DIRECTION ( 'NONE',  ( 0.000000000000000000, -1.000000000000000000, 0.000000000000000000 ) ) ;
#2516 = EDGE_CURVE ( 'NONE', #3270, #1672, #1681, .T. ) ;
#2517 = CARTESIAN_POINT ( 'NONE',  ( -7.000000000000021316, 0.000000000000000000, 19.09999999999999432 ) ) ;
#2518 = EDGE_LOOP ( 'NONE', ( #2920, #2654, #2588, #2178 ) ) ;
#2519 = CARTESIAN_POINT ( 'NONE',  ( -8.000000000000021316, -1.399999999999999911, 19.89999999999998082 ) ) ;
#2520 = DIRECTION ( 'NONE',  ( 0.000000000000000000, 0.000000000000000000, -1.000000000000000000 ) ) ;
#2521 = CIRCLE ( 'NONE', #1480, 1.000000000000000888 ) ;
#2522 = DIRECTION ( 'NONE',  ( 0.000000000000000000, 0.000000000000000000, -1.000000000000000000 ) ) ;
#2523 = CARTESIAN_POINT ( 'NONE',  ( -34.40000000000000568, 4.000000000000000000, -15.90000000000000036 ) ) ;
#2524 = ORIENTED_EDGE ( 'NONE', *, *, #3790, .T. ) ;
#2525 = ORIENTED_EDGE ( 'NONE', *, *, #908, .F. ) ;
#2526 = VECTOR ( 'NONE', #3777, 1000.000000000000000 ) ;
#2527 = ORIENTED_EDGE ( 'NONE', *, *, #2743, .F. ) ;
#2528 = DIRECTION ( 'NONE',  ( -0.09950371902100633992, 0.9950371902099883759, -1.726114373327264784E-15 ) ) ;
#2529 = AXIS2_PLACEMENT_3D ( 'NONE', #2472, #3390, #3721 ) ;
#2530 = DIRECTION ( 'NONE',  ( 1.000000000000000000, -0.000000000000000000, -0.000000000000000000 ) ) ;
#2531 = DIRECTION ( 'NONE',  ( 0.000000000000000000, 0.9950371902099884869, 0.09950371902100506316 ) ) ;
#2532 = DIRECTION ( 'NONE',  ( -0.000000000000000000, 1.000000000000000000, -0.000000000000000000 ) ) ;
#2533 = AXIS2_PLACEMENT_3D ( 'NONE', #2277, #1023, #3768 ) ;
#2534 = ORIENTED_EDGE ( 'NONE', *, *, #416, .F. ) ;
#2535 = AXIS2_PLACEMENT_3D ( 'NONE', #2843, #3176, #398 ) ;
#2536 = DIRECTION ( 'NONE',  ( 0.000000000000000000, -1.000000000000000000, 0.000000000000000000 ) ) ;
#2537 = CARTESIAN_POINT ( 'NONE',  ( 0.000000000000000000, 4.000000000000000000, -17.89999999999998792 ) ) ;
#2538 = VERTEX_POINT ( 'NONE', #1757 ) ;
#2539 = DIRECTION ( 'NONE',  ( -0.000000000000000000, 1.000000000000000000, -0.000000000000000000 ) ) ;
#2540 = CARTESIAN_POINT ( 'NONE',  ( 8.000000000000010658, 9.643580423808986168, 20.89999999999999503 ) ) ;
#2541 = VERTEX_POINT ( 'NONE', #818 ) ;
#2542 = CARTESIAN_POINT ( 'NONE',  ( 11.90000000000002878, 1.999999999999998224, -18.10000000000000142 ) ) ;
#2543 = DIRECTION ( 'NONE',  ( -0.000000000000000000, -0.000000000000000000, -1.000000000000000000 ) ) ;
#2544 = AXIS2_PLACEMENT_3D ( 'NONE', #1393, #3638, #3888 ) ;
#2545 = DIRECTION ( 'NONE',  ( 0.9950371902099883759, -0.09950371902100679788, -1.907308699809134474E-16 ) ) ;
#2546 = CARTESIAN_POINT ( 'NONE',  ( -34.40000000000000568, 1.999999999999914957, 15.89999999999999325 ) ) ;
#2547 = ORIENTED_EDGE ( 'NONE', *, *, #1746, .F. ) ;
#2548 = VECTOR ( 'NONE', #1715, 1000.000000000000000 ) ;
#2549 = EDGE_CURVE ( 'NONE', #1692, #2739, #1640, .T. ) ;
#2550 = ORIENTED_EDGE ( 'NONE', *, *, #241, .F. ) ;
#2551 = VERTEX_POINT ( 'NONE', #3627 ) ;
#2552 = DIRECTION ( 'NONE',  ( -0.000000000000000000, 1.000000000000000000, -0.000000000000000000 ) ) ;
#2553 = CARTESIAN_POINT ( 'NONE',  ( -35.60000000000000853, 4.000000000000000000, -18.10000000000000142 ) ) ;
#2554 = LINE ( 'NONE', #3183, #3940 ) ;
#2555 = CARTESIAN_POINT ( 'NONE',  ( 8.000000000000010658, -0.8999999999999998002, 20.39999999999999503 ) ) ;
#2556 = VERTEX_POINT ( 'NONE', #1123 ) ;
#2557 = FACE_OUTER_BOUND ( 'NONE', #3188, .T. ) ;
#2558 = DIRECTION ( 'NONE',  ( 0.000000000000000000, 0.000000000000000000, -1.000000000000000000 ) ) ;
#2559 = AXIS2_PLACEMENT_3D ( 'NONE', #1260, #2479, #2823 ) ;
#2560 = EDGE_LOOP ( 'NONE', ( #3426, #93, #521, #887 ) ) ;
#2561 = CIRCLE ( 'NONE', #3071, 1.199999999999999734 ) ;
#2562 = CARTESIAN_POINT ( 'NONE',  ( 7.005012562893405459, -0.6999999999999992895, -19.99999999999999645 ) ) ;
#2563 = VECTOR ( 'NONE', #1873, 1000.000000000000000 ) ;
#2564 = AXIS2_PLACEMENT_3D ( 'NONE', #160, #1397, #2635 ) ;
#2565 = ORIENTED_EDGE ( 'NONE', *, *, #367, .F. ) ;
#2566 = CARTESIAN_POINT ( 'NONE',  ( -35.60000000000000142, 4.000000000000000000, 18.09999999999999432 ) ) ;
#2567 = DIRECTION ( 'NONE',  ( 0.000000000000000000, 0.000000000000000000, -1.000000000000000000 ) ) ;
#2568 = DIRECTION ( 'NONE',  ( 0.000000000000000000, 1.000000000000000000, -0.000000000000000000 ) ) ;
#2569 = ADVANCED_FACE ( 'NONE', ( #1989 ), #1740, .F. ) ;
#2570 = VERTEX_POINT ( 'NONE', #1401 ) ;
#2571 = CIRCLE ( 'NONE', #697, 0.5000000000000004441 ) ;
#2572 = ORIENTED_EDGE ( 'NONE', *, *, #331, .T. ) ;
#2573 = CARTESIAN_POINT ( 'NONE',  ( -35.60000000000000142, 0.000000000000000000, 18.09999999999999432 ) ) ;
#2574 = DIRECTION ( 'NONE',  ( -0.000000000000000000, 1.000000000000000000, -0.000000000000000000 ) ) ;
#2575 = DIRECTION ( 'NONE',  ( 0.000000000000000000, 0.000000000000000000, -1.000000000000000000 ) ) ;
#2576 = CARTESIAN_POINT ( 'NONE',  ( 7.200000000000034817, 4.000000000000000000, 19.10000000000001208 ) ) ;
#2577 = VERTEX_POINT ( 'NONE', #3262 ) ;
#2578 = DIRECTION ( 'NONE',  ( -6.391086490440931559E-15, 0.000000000000000000, -1.000000000000000000 ) ) ;
#2579 = CARTESIAN_POINT ( 'NONE',  ( -12.90000000000002345, 4.000000000000000000, 19.09999999999999432 ) ) ;
#2580 = VERTEX_POINT ( 'NONE', #3278 ) ;
#2581 = DIRECTION ( 'NONE',  ( 0.000000000000000000, 0.000000000000000000, 1.000000000000000000 ) ) ;
#2582 = CIRCLE ( 'NONE', #1737, 0.6999999999999853006 ) ;
#2583 = DIRECTION ( 'NONE',  ( -0.9950371902099887089, -0.09950371902100338395, 1.907308699809134967E-16 ) ) ;
#2584 = VERTEX_POINT ( 'NONE', #1358 ) ;
#2585 = DIRECTION ( 'NONE',  ( 0.000000000000000000, -1.000000000000000000, 0.000000000000000000 ) ) ;
#2586 = CARTESIAN_POINT ( 'NONE',  ( 33.89999999999999147, 1.000000000000000000, -19.10000000000000142 ) ) ;
#2587 = DIRECTION ( 'NONE',  ( -0.000000000000000000, 1.000000000000000000, -0.000000000000000000 ) ) ;
#2588 = ORIENTED_EDGE ( 'NONE', *, *, #953, .F. ) ;
#2589 = VERTEX_POINT ( 'NONE', #2944 ) ;
#2590 = VERTEX_POINT ( 'NONE', #2676 ) ;
#2591 = DIRECTION ( 'NONE',  ( 0.000000000000000000, -1.000000000000000000, 0.000000000000000000 ) ) ;
#2592 = DIRECTION ( 'NONE',  ( 0.000000000000000000, 0.000000000000000000, -1.000000000000000000 ) ) ;
#2593 = CYLINDRICAL_SURFACE ( 'NONE', #1255, 1.000000000000000888 ) ;
#2594 = CARTESIAN_POINT ( 'NONE',  ( -7.000000000000222933, 0.000000000000000000, -7.285838599102941944E-14 ) ) ;
#2595 = VERTEX_POINT ( 'NONE', #836 ) ;
#2596 = CONICAL_SURFACE ( 'NONE', #3318, 0.7999999999999882760, 0.09966865249116781122 ) ;
#2597 = EDGE_CURVE ( 'NONE', #922, #2260, #3212, .T. ) ;
#2598 = CARTESIAN_POINT ( 'NONE',  ( -34.60000000000000142, 1.999999999999999112, 17.09999999999999432 ) ) ;
#2599 = DIRECTION ( 'NONE',  ( 0.000000000000000000, -1.000000000000000000, 0.000000000000000000 ) ) ;
#2600 = CARTESIAN_POINT ( 'NONE',  ( -12.90000000000002522, 4.000000000000000000, -19.10000000000000142 ) ) ;
#2601 = VECTOR ( 'NONE', #3515, 1000.000000000000000 ) ;
#2602 = ORIENTED_EDGE ( 'NONE', *, *, #2248, .F. ) ;
#2603 = EDGE_CURVE ( 'NONE', #494, #2556, #2010, .T. ) ;
#2604 = FACE_OUTER_BOUND ( 'NONE', #2934, .T. ) ;
#2605 = CYLINDRICAL_SURFACE ( 'NONE', #1262, 0.5000000000000004441 ) ;
#2606 = EDGE_LOOP ( 'NONE', ( #1077, #571, #3862, #1120, #3297, #2236 ) ) ;
#2607 = CARTESIAN_POINT ( 'NONE',  ( 11.90000000000014424, 9.643580423808986168, 7.605392923624744015E-14 ) ) ;
#2608 = CARTESIAN_POINT ( 'NONE',  ( -33.90000000000000568, 1.500000000000000000, -15.90000000000000036 ) ) ;
#2609 = ORIENTED_EDGE ( 'NONE', *, *, #1246, .F. ) ;
#2610 = ORIENTED_EDGE ( 'NONE', *, *, #3738, .T. ) ;
#2611 = ORIENTED_EDGE ( 'NONE', *, *, #1383, .F. ) ;
#2612 = CARTESIAN_POINT ( 'NONE',  ( 33.39999999999999147, 4.000000000000000000, 17.09999999999999432 ) ) ;
#2613 = DIRECTION ( 'NONE',  ( 0.000000000000000000, -1.000000000000000000, 0.000000000000000000 ) ) ;
#2614 = DIRECTION ( 'NONE',  ( 0.000000000000000000, -0.000000000000000000, -1.000000000000000000 ) ) ;
#2615 = CARTESIAN_POINT ( 'NONE',  ( 7.005012562893389472, -1.032795409528606712, 19.99999999999997868 ) ) ;
#2616 = VERTEX_POINT ( 'NONE', #207 ) ;
#2617 = DIRECTION ( 'NONE',  ( -0.000000000000000000, 1.000000000000000000, -0.000000000000000000 ) ) ;
#2618 = CYLINDRICAL_SURFACE ( 'NONE', #1512, 1.000000000000000888 ) ;
#2619 = LINE ( 'NONE', #2317, #170 ) ;
#2620 = ORIENTED_EDGE ( 'NONE', *, *, #3878, .T. ) ;
#2621 = ADVANCED_FACE ( 'NONE', ( #3236 ), #2618, .T. ) ;
#2622 = CARTESIAN_POINT ( 'NONE',  ( -11.90000000000002345, 0.000000000000000000, 19.09999999999998721 ) ) ;
#2623 = VECTOR ( 'NONE', #3424, 1000.000000000000000 ) ;
#2624 = CARTESIAN_POINT ( 'NONE',  ( 11.00000000000001776, 1.999999999999998224, 19.99999999999999645 ) ) ;
#2625 = EDGE_CURVE ( 'NONE', #2902, #1210, #2998, .T. ) ;
#2626 = CIRCLE ( 'NONE', #3335, 1.000000000000000888 ) ;
#2627 = VECTOR ( 'NONE', #2086, 1000.000000000000000 ) ;
#2628 = CONICAL_SURFACE ( 'NONE', #1641, 1.200000000000013500, 0.09966865249116907410 ) ;
#2629 = EDGE_CURVE ( 'NONE', #3000, #857, #1081, .T. ) ;
#2630 = CARTESIAN_POINT ( 'NONE',  ( -11.00000000000002487, 1.999999999999998224, -20.89999999999998082 ) ) ;
#2631 = ORIENTED_EDGE ( 'NONE', *, *, #1860, .T. ) ;
#2632 = ORIENTED_EDGE ( 'NONE', *, *, #2511, .T. ) ;
#2633 = ORIENTED_EDGE ( 'NONE', *, *, #3996, .T. ) ;
#2634 = LINE ( 'NONE', #182, #2548 ) ;
#2635 = DIRECTION ( 'NONE',  ( 0.000000000000000000, 0.000000000000000000, 1.000000000000000000 ) ) ;
#2636 = CARTESIAN_POINT ( 'NONE',  ( 8.000000000000010658, 1.999999999999998224, 20.89999999999999503 ) ) ;
#2637 = VECTOR ( 'NONE', #1277, 1000.000000000000000 ) ;
#2638 = VERTEX_POINT ( 'NONE', #3314 ) ;
#2639 = CIRCLE ( 'NONE', #1407, 0.5000000000000004441 ) ;
#2640 = EDGE_LOOP ( 'NONE', ( #3861, #2028, #115, #3026 ) ) ;
#2641 = DIRECTION ( 'NONE',  ( 0.000000000000000000, 1.000000000000000000, -0.000000000000000000 ) ) ;
#2642 = CARTESIAN_POINT ( 'NONE',  ( 33.39999999999999147, 1.000000000000000000, -16.40000000000000213 ) ) ;
#2643 = VECTOR ( 'NONE', #1799, 1000.000000000000000 ) ;
#2644 = VERTEX_POINT ( 'NONE', #2377 ) ;
#2645 = CARTESIAN_POINT ( 'NONE',  ( 33.39999999999999147, 1.500000000000000000, -15.90000000000000036 ) ) ;
#2646 = DIRECTION ( 'NONE',  ( 0.000000000000000000, -1.000000000000000000, 0.000000000000000000 ) ) ;
#2647 = ADVANCED_FACE ( 'NONE', ( #497 ), #2628, .F. ) ;
#2648 = ADVANCED_FACE ( 'NONE', ( #3871 ), #1422, .F. ) ;
#2649 = EDGE_CURVE ( 'NONE', #2580, #1855, #1193, .T. ) ;
#2650 = TOROIDAL_SURFACE ( 'NONE', #1856, 0.5000000000000000000, 0.5000000000000000000 ) ;
#2651 = DIRECTION ( 'NONE',  ( 0.000000000000000000, 0.000000000000000000, -1.000000000000000000 ) ) ;
#2652 = ORIENTED_EDGE ( 'NONE', *, *, #2273, .F. ) ;
#2653 = ORIENTED_EDGE ( 'NONE', *, *, #859, .T. ) ;
#2654 = ORIENTED_EDGE ( 'NONE', *, *, #2396, .F. ) ;
#2655 = DIRECTION ( 'NONE',  ( -0.000000000000000000, 1.000000000000000000, -0.000000000000000000 ) ) ;
#2656 = CARTESIAN_POINT ( 'NONE',  ( 0.000000000000000000, -1.399999999999999911, -19.09999999999999787 ) ) ;
#2657 = LINE ( 'NONE', #1333, #3543 ) ;
#2658 = VERTEX_POINT ( 'NONE', #455 ) ;
#2659 = ORIENTED_EDGE ( 'NONE', *, *, #2692, .T. ) ;
#2660 = DIRECTION ( 'NONE',  ( 1.000000000000000000, 0.000000000000000000, 0.000000000000000000 ) ) ;
#2661 = LINE ( 'NONE', #3610, #2627 ) ;
#2662 = ORIENTED_EDGE ( 'NONE', *, *, #3139, .T. ) ;
#2663 = DIRECTION ( 'NONE',  ( 0.000000000000000000, -1.000000000000000000, 0.000000000000000000 ) ) ;
#2664 = VECTOR ( 'NONE', #3287, 1000.000000000000000 ) ;
#2665 = DIRECTION ( 'NONE',  ( 0.000000000000000000, 0.000000000000000000, 1.000000000000000000 ) ) ;
#2666 = CARTESIAN_POINT ( 'NONE',  ( 34.60000000000000142, 4.000000000000000000, 17.09999999999999432 ) ) ;
#2667 = ORIENTED_EDGE ( 'NONE', *, *, #100, .T. ) ;
#2668 = CARTESIAN_POINT ( 'NONE',  ( -6.000000000000025757, 4.000000000000000000, -18.10000000000000142 ) ) ;
#2669 = DIRECTION ( 'NONE',  ( 0.000000000000000000, 0.000000000000000000, -1.000000000000000000 ) ) ;
#2670 = DIRECTION ( 'NONE',  ( 0.000000000000000000, -0.9950371902099883759, -0.09950371902100681176 ) ) ;
#2671 = CARTESIAN_POINT ( 'NONE',  ( 0.000000000000000000, 0.000000000000000000, 0.000000000000000000 ) ) ;
#2672 = CARTESIAN_POINT ( 'NONE',  ( 7.246746445442470375, -1.346739614506613725, -19.99999999999998934 ) ) ;
#2673 = EDGE_CURVE ( 'NONE', #3413, #2996, #1834, .T. ) ;
#2674 = ORIENTED_EDGE ( 'NONE', *, *, #3327, .T. ) ;
#2675 = ORIENTED_EDGE ( 'NONE', *, *, #3850, .T. ) ;
#2676 = CARTESIAN_POINT ( 'NONE',  ( -11.00000000000001776, -1.399999999999999911, 20.39999999999998082 ) ) ;
#2677 = CIRCLE ( 'NONE', #3199, 0.5000000000000004441 ) ;
#2678 = DIRECTION ( 'NONE',  ( 1.000000000000000000, 0.000000000000000000, 6.938893903907221278E-15 ) ) ;
#2679 = ORIENTED_EDGE ( 'NONE', *, *, #3189, .T. ) ;
#2680 = CARTESIAN_POINT ( 'NONE',  ( -35.60000000000000853, 1.999999999999998668, -18.10000000000000142 ) ) ;
#2681 = DIRECTION ( 'NONE',  ( 0.000000000000000000, -1.000000000000000000, 0.000000000000000000 ) ) ;
#2682 = TOROIDAL_SURFACE ( 'NONE', #420, 0.5000000000000000000, 0.5000000000000000000 ) ;
#2683 = VERTEX_POINT ( 'NONE', #1456 ) ;
#2684 =( GEOMETRIC_REPRESENTATION_CONTEXT ( 3 ) GLOBAL_UNCERTAINTY_ASSIGNED_CONTEXT ( ( #1836 ) ) GLOBAL_UNIT_ASSIGNED_CONTEXT ( ( #1919, #1243, #2829 ) ) REPRESENTATION_CONTEXT ( 'NONE', 'WORKASPACE' ) );
#2685 = ORIENTED_EDGE ( 'NONE', *, *, #930, .T. ) ;
#2686 = DIRECTION ( 'NONE',  ( 0.000000000000000000, 0.000000000000000000, -1.000000000000000000 ) ) ;
#2687 = AXIS2_PLACEMENT_3D ( 'NONE', #3644, #803, #547 ) ;
#2688 = EDGE_CURVE ( 'NONE', #2281, #1970, #3330, .T. ) ;
#2689 = AXIS2_PLACEMENT_3D ( 'NONE', #2961, #1417, #3890 ) ;
#2690 = CARTESIAN_POINT ( 'NONE',  ( 34.59999999999999432, 0.000000000000000000, -17.10000000000000142 ) ) ;
#2691 = CARTESIAN_POINT ( 'NONE',  ( -8.000000000000021316, -0.8999999999999998002, 20.10000000000000142 ) ) ;
#2692 = EDGE_CURVE ( 'NONE', #3234, #3645, #3938, .T. ) ;
#2693 = EDGE_CURVE ( 'NONE', #2385, #2800, #3966, .T. ) ;
#2694 = ORIENTED_EDGE ( 'NONE', *, *, #1704, .F. ) ;
#2695 = STYLED_ITEM ( 'NONE', ( #3294 ), #2982 ) ;
#2696 = EDGE_LOOP ( 'NONE', ( #2112, #2042, #2361, #1490 ) ) ;
#2697 = EDGE_CURVE ( 'NONE', #1646, #3530, #1528, .T. ) ;
#2698 = DIRECTION ( 'NONE',  ( 0.000000000000000000, 0.000000000000000000, -1.000000000000000000 ) ) ;
#2699 = CYLINDRICAL_SURFACE ( 'NONE', #3285, 1.000000000000000888 ) ;
#2700 = ORIENTED_EDGE ( 'NONE', *, *, #13, .F. ) ;
#2701 = LINE ( 'NONE', #9, #3969 ) ;
#2702 = CIRCLE ( 'NONE', #946, 0.8999999999999980238 ) ;
#2703 = CYLINDRICAL_SURFACE ( 'NONE', #763, 1.000000000000000888 ) ;
#2704 = ORIENTED_EDGE ( 'NONE', *, *, #3553, .F. ) ;
#2705 = FACE_OUTER_BOUND ( 'NONE', #393, .T. ) ;
#2706 = CYLINDRICAL_SURFACE ( 'NONE', #3720, 0.8999999999999980238 ) ;
#2707 = DIRECTION ( 'NONE',  ( 2.739037067331827248E-15, 0.000000000000000000, -1.000000000000000000 ) ) ;
#2708 =( NAMED_UNIT ( * ) SI_UNIT ( $, .STERADIAN. ) SOLID_ANGLE_UNIT ( ) );
#2709 = DIRECTION ( 'NONE',  ( 0.000000000000000000, -0.000000000000000000, 1.000000000000000000 ) ) ;
#2710 = CIRCLE ( 'NONE', #956, 0.3999999999999975797 ) ;
#2711 = VERTEX_POINT ( 'NONE', #2124 ) ;
#2712 = ORIENTED_EDGE ( 'NONE', *, *, #3507, .T. ) ;
#2713 = DIRECTION ( 'NONE',  ( 0.000000000000000000, -1.000000000000000000, 0.000000000000000000 ) ) ;
#2714 = PLANE ( 'NONE',  #2687 ) ;
#2715 = ADVANCED_FACE ( 'NONE', ( #2734 ), #254, .F. ) ;
#2716 = ORIENTED_EDGE ( 'NONE', *, *, #1536, .F. ) ;
#2717 = EDGE_CURVE ( 'NONE', #1843, #3636, #1852, .T. ) ;
#2718 = AXIS2_PLACEMENT_3D ( 'NONE', #328, #3708, #918 ) ;
#2719 = EDGE_CURVE ( 'NONE', #2336, #1148, #932, .T. ) ;
#2720 = ADVANCED_FACE ( 'NONE', ( #1508 ), #1189, .T. ) ;
#2721 = CYLINDRICAL_SURFACE ( 'NONE', #1460, 1.000000000000000888 ) ;
#2722 = EDGE_CURVE ( 'NONE', #1855, #2683, #855, .T. ) ;
#2723 = CIRCLE ( 'NONE', #3041, 0.7999999999999847233 ) ;
#2724 = VECTOR ( 'NONE', #3783, 1000.000000000000000 ) ;
#2725 = EDGE_CURVE ( 'NONE', #204, #1672, #3951, .T. ) ;
#2726 = CIRCLE ( 'NONE', #3646, 0.5000000000000004441 ) ;
#2727 = ORIENTED_EDGE ( 'NONE', *, *, #1996, .T. ) ;
#2728 = DIRECTION ( 'NONE',  ( 1.000000000000000000, -0.000000000000000000, -0.000000000000000000 ) ) ;
#2729 = CARTESIAN_POINT ( 'NONE',  ( 33.39999999999999147, 0.000000000000000000, 16.89999999999999503 ) ) ;
#2730 = CYLINDRICAL_SURFACE ( 'NONE', #2372, 1.000000000000000888 ) ;
#2731 = FACE_OUTER_BOUND ( 'NONE', #770, .T. ) ;
#2732 = ORIENTED_EDGE ( 'NONE', *, *, #2027, .F. ) ;
#2733 = VERTEX_POINT ( 'NONE', #2158 ) ;
#2734 = FACE_OUTER_BOUND ( 'NONE', #3661, .T. ) ;
#2735 = DIRECTION ( 'NONE',  ( 0.9950371902099884869, 0.09950371902100592358, 6.359368743837313750E-15 ) ) ;
#2736 = ORIENTED_EDGE ( 'NONE', *, *, #977, .T. ) ;
#2737 = CARTESIAN_POINT ( 'NONE',  ( 11.00000000000001776, 4.000000000000000000, 19.99999999999999645 ) ) ;
#2738 = AXIS2_PLACEMENT_3D ( 'NONE', #729, #2849, #470 ) ;
#2739 = VERTEX_POINT ( 'NONE', #1830 ) ;
#2740 = ADVANCED_FACE ( 'NONE', ( #3679 ), #283, .T. ) ;
#2741 = DIRECTION ( 'NONE',  ( 0.000000000000000000, 0.000000000000000000, -1.000000000000000000 ) ) ;
#2742 = ORIENTED_EDGE ( 'NONE', *, *, #2495, .F. ) ;
#2743 = EDGE_CURVE ( 'NONE', #852, #430, #3802, .T. ) ;
#2744 = CARTESIAN_POINT ( 'NONE',  ( -7.000000000000021316, 0.000000000000000000, -0.000000000000000000 ) ) ;
#2745 = CARTESIAN_POINT ( 'NONE',  ( -35.60000000000000142, 4.000000000000000000, 18.09999999999999432 ) ) ;
#2746 = DIRECTION ( 'NONE',  ( 0.000000000000000000, -0.000000000000000000, -1.000000000000000000 ) ) ;
#2747 = DIRECTION ( 'NONE',  ( -0.000000000000000000, 1.000000000000000000, -0.000000000000000000 ) ) ;
#2748 = AXIS2_PLACEMENT_3D ( 'NONE', #3348, #2752, #242 ) ;
#2749 = ORIENTED_EDGE ( 'NONE', *, *, #1179, .T. ) ;
#2750 = ORIENTED_EDGE ( 'NONE', *, *, #2991, .F. ) ;
#2751 = VECTOR ( 'NONE', #2387, 1000.000000000000227 ) ;
#2752 = DIRECTION ( 'NONE',  ( -1.000000000000000000, 0.000000000000000000, 0.000000000000000000 ) ) ;
#2753 = FACE_OUTER_BOUND ( 'NONE', #3608, .T. ) ;
#2754 = VERTEX_POINT ( 'NONE', #909 ) ;
#2755 = DIRECTION ( 'NONE',  ( -2.739037067331807526E-15, 0.000000000000000000, -1.000000000000000000 ) ) ;
#2756 = ORIENTED_EDGE ( 'NONE', *, *, #593, .F. ) ;
#2757 = VECTOR ( 'NONE', #725, 1000.000000000000000 ) ;
#2758 = DIRECTION ( 'NONE',  ( 0.000000000000000000, 0.000000000000000000, -1.000000000000000000 ) ) ;
#2759 = EDGE_CURVE ( 'NONE', #1887, #845, #999, .T. ) ;
#2760 = EDGE_LOOP ( 'NONE', ( #296, #500, #3158, #1626 ) ) ;
#2761 = EDGE_CURVE ( 'NONE', #1038, #3323, #2102, .T. ) ;
#2762 = CARTESIAN_POINT ( 'NONE',  ( -7.005012562893401906, 0.000000000000000000, 19.99999999999998934 ) ) ;
#2763 = DIRECTION ( 'NONE',  ( -1.000000000000000000, 0.000000000000000000, -0.000000000000000000 ) ) ;
#2764 = DIRECTION ( 'NONE',  ( 0.000000000000000000, -1.000000000000000000, 0.000000000000000000 ) ) ;
#2765 = DIRECTION ( 'NONE',  ( -1.000000000000000000, 0.000000000000000000, 0.000000000000000000 ) ) ;
#2766 = ADVANCED_FACE ( 'NONE', ( #583 ), #3386, .F. ) ;
#2767 = EDGE_CURVE ( 'NONE', #1954, #2210, #1156, .T. ) ;
#2768 = ORIENTED_EDGE ( 'NONE', *, *, #2035, .F. ) ;
#2769 = VERTEX_POINT ( 'NONE', #3643 ) ;
#2770 = PLANE ( 'NONE',  #2341 ) ;
#2771 = CIRCLE ( 'NONE', #2122, 1.000000000000000888 ) ;
#2772 = DIRECTION ( 'NONE',  ( -0.000000000000000000, 1.000000000000000000, -0.000000000000000000 ) ) ;
#2773 = DIRECTION ( 'NONE',  ( 0.000000000000000000, 0.000000000000000000, -1.000000000000000000 ) ) ;
#2774 = DIRECTION ( 'NONE',  ( -0.000000000000000000, 1.000000000000000000, -0.000000000000000000 ) ) ;
#2775 = ORIENTED_EDGE ( 'NONE', *, *, #2759, .T. ) ;
#2776 = PLANE ( 'NONE',  #3140 ) ;
#2777 = ORIENTED_EDGE ( 'NONE', *, *, #3194, .F. ) ;
#2778 = DIRECTION ( 'NONE',  ( 0.000000000000000000, -1.000000000000000000, 0.000000000000000000 ) ) ;
#2779 = CARTESIAN_POINT ( 'NONE',  ( 33.39999999999999147, 1.500000000000000000, 16.89999999999999503 ) ) ;
#2780 = AXIS2_PLACEMENT_3D ( 'NONE', #320, #14, #3118 ) ;
#2781 = LINE ( 'NONE', #1237, #853 ) ;
#2782 = CARTESIAN_POINT ( 'NONE',  ( -7.000000000000021316, 0.000000000000000000, 19.89999999999998082 ) ) ;
#2783 = ORIENTED_EDGE ( 'NONE', *, *, #2140, .T. ) ;
#2784 = ORIENTED_EDGE ( 'NONE', *, *, #3172, .T. ) ;
#2785 = DIRECTION ( 'NONE',  ( 0.000000000000000000, 0.000000000000000000, -1.000000000000000000 ) ) ;
#2786 = EDGE_CURVE ( 'NONE', #1915, #3178, #3665, .T. ) ;
#2787 = FACE_OUTER_BOUND ( 'NONE', #3854, .T. ) ;
#2788 = CARTESIAN_POINT ( 'NONE',  ( 0.000000000000000000, -1.399999999999999911, 0.000000000000000000 ) ) ;
#2789 = EDGE_CURVE ( 'NONE', #845, #1054, #3161, .T. ) ;
#2790 = LINE ( 'NONE', #1247, #1043 ) ;
#2791 = VERTEX_POINT ( 'NONE', #382 ) ;
#2792 = CARTESIAN_POINT ( 'NONE',  ( 12.90000000000001634, 4.000000000000000000, 17.89999999999998082 ) ) ;
#2793 = DIRECTION ( 'NONE',  ( 0.000000000000000000, 0.000000000000000000, -1.000000000000000000 ) ) ;
#2794 = ORIENTED_EDGE ( 'NONE', *, *, #582, .T. ) ;
#2795 = LINE ( 'NONE', #2863, #1809 ) ;
#2796 = CARTESIAN_POINT ( 'NONE',  ( -8.000000000000021316, 9.643580423808986168, 20.10000000000000142 ) ) ;
#2797 = CARTESIAN_POINT ( 'NONE',  ( 11.00000000000002487, -0.9000000000000000222, 19.09999999999999787 ) ) ;
#2798 = LINE ( 'NONE', #2523, #2623 ) ;
#2799 = ORIENTED_EDGE ( 'NONE', *, *, #2415, .T. ) ;
#2800 = VERTEX_POINT ( 'NONE', #1940 ) ;
#2801 = LINE ( 'NONE', #3734, #3354 ) ;
#2802 = ADVANCED_FACE ( 'NONE', ( #3824 ), #1266, .T. ) ;
#2803 = ADVANCED_FACE ( 'NONE', ( #2787 ), #1030, .F. ) ;
#2804 = PLANE ( 'NONE',  #1902 ) ;
#2805 = PLANE ( 'NONE',  #1459 ) ;
#2806 = DIRECTION ( 'NONE',  ( 0.000000000000000000, -1.000000000000000000, 0.000000000000000000 ) ) ;
#2807 = ADVANCED_FACE ( 'NONE', ( #78 ), #2804, .F. ) ;
#2808 = AXIS2_PLACEMENT_3D ( 'NONE', #2494, #3122, #2741 ) ;
#2809 = ADVANCED_FACE ( 'NONE', ( #2851 ), #1628, .T. ) ;
#2810 = CARTESIAN_POINT ( 'NONE',  ( 6.000000000000021316, 4.000000000000000000, 19.09999999999999432 ) ) ;
#2811 = AXIS2_PLACEMENT_3D ( 'NONE', #2032, #515, #819 ) ;
#2812 = VECTOR ( 'NONE', #3647, 1000.000000000000000 ) ;
#2813 = ORIENTED_EDGE ( 'NONE', *, *, #1242, .F. ) ;
#2814 = DIRECTION ( 'NONE',  ( 0.000000000000000000, 0.000000000000000000, -1.000000000000000000 ) ) ;
#2815 = CARTESIAN_POINT ( 'NONE',  ( -33.40000000000000568, 4.000000000000000000, 16.89999999999999503 ) ) ;
#2816 = CIRCLE ( 'NONE', #1086, 1.000000000000000888 ) ;
#2817 = VERTEX_POINT ( 'NONE', #2223 ) ;
#2818 = AXIS2_PLACEMENT_3D ( 'NONE', #2930, #3304, #2986 ) ;
#2819 = DIRECTION ( 'NONE',  ( 0.000000000000000000, 0.000000000000000000, -1.000000000000000000 ) ) ;
#2820 = DIRECTION ( 'NONE',  ( 6.391086490440884227E-15, 0.000000000000000000, -1.000000000000000000 ) ) ;
#2821 = AXIS2_PLACEMENT_3D ( 'NONE', #989, #1284, #894 ) ;
#2822 = DIRECTION ( 'NONE',  ( 0.000000000000000000, -0.9950371902099884869, 0.09950371902100509092 ) ) ;
#2823 = DIRECTION ( 'NONE',  ( 1.734723475976805517E-15, 0.000000000000000000, -1.000000000000000000 ) ) ;
#2824 = AXIS2_PLACEMENT_3D ( 'NONE', #369, #1551, #699 ) ;
#2825 = EDGE_LOOP ( 'NONE', ( #3021, #1596, #1441, #94 ) ) ;
#2826 = VERTEX_POINT ( 'NONE', #2507 ) ;
#2827 = EDGE_LOOP ( 'NONE', ( #1224, #761, #3463, #2547 ) ) ;
#2828 = DIRECTION ( 'NONE',  ( 1.000000000000000000, 0.000000000000000000, -6.391086490440931559E-15 ) ) ;
#2829 =( NAMED_UNIT ( * ) SI_UNIT ( $, .STERADIAN. ) SOLID_ANGLE_UNIT ( ) );
#2830 = DIRECTION ( 'NONE',  ( 0.000000000000000000, 0.000000000000000000, -1.000000000000000000 ) ) ;
#2831 = FACE_OUTER_BOUND ( 'NONE', #2394, .T. ) ;
#2832 = VERTEX_POINT ( 'NONE', #3778 ) ;
#2833 = DIRECTION ( 'NONE',  ( 0.000000000000000000, -1.000000000000000000, 0.000000000000000000 ) ) ;
#2834 = FACE_OUTER_BOUND ( 'NONE', #164, .T. ) ;
#2835 = ADVANCED_FACE ( 'NONE', ( #3475 ), #29, .T. ) ;
#2836 = ORIENTED_EDGE ( 'NONE', *, *, #3222, .F. ) ;
#2837 = DIRECTION ( 'NONE',  ( 0.000000000000000000, 0.000000000000000000, -1.000000000000000000 ) ) ;
#2838 = CARTESIAN_POINT ( 'NONE',  ( -7.000000000000021316, 1.999999999999998224, 19.09999999999999432 ) ) ;
#2839 = EDGE_CURVE ( 'NONE', #385, #3942, #402, .T. ) ;
#2840 = ORIENTED_EDGE ( 'NONE', *, *, #3930, .T. ) ;
#2841 = CARTESIAN_POINT ( 'NONE',  ( 7.000000000000025757, 1.999999999999998668, -19.10000000000000142 ) ) ;
#2842 = LINE ( 'NONE', #743, #3816 ) ;
#2843 = CARTESIAN_POINT ( 'NONE',  ( 33.39999999999999147, 1.500000000000000000, 15.89999999999999325 ) ) ;
#2844 = CARTESIAN_POINT ( 'NONE',  ( -34.60000000000000853, 1.999999999999998668, -18.10000000000000142 ) ) ;
#2845 = ORIENTED_EDGE ( 'NONE', *, *, #151, .T. ) ;
#2846 = ORIENTED_EDGE ( 'NONE', *, *, #2892, .T. ) ;
#2847 = CIRCLE ( 'NONE', #3375, 0.7999999999999847233 ) ;
#2848 = ORIENTED_EDGE ( 'NONE', *, *, #3668, .F. ) ;
#2849 = DIRECTION ( 'NONE',  ( -0.000000000000000000, 1.000000000000000000, -0.000000000000000000 ) ) ;
#2850 = VECTOR ( 'NONE', #278, 1000.000000000000000 ) ;
#2851 = FACE_OUTER_BOUND ( 'NONE', #544, .T. ) ;
#2852 = CARTESIAN_POINT ( 'NONE',  ( 35.59999999999999432, 1.999999999999998668, -17.10000000000000142 ) ) ;
#2853 = AXIS2_PLACEMENT_3D ( 'NONE', #3235, #3523, #3481 ) ;
#2854 = ORIENTED_EDGE ( 'NONE', *, *, #1745, .T. ) ;
#2855 = VECTOR ( 'NONE', #785, 1000.000000000000000 ) ;
#2856 = CARTESIAN_POINT ( 'NONE',  ( 0.000000000000000000, -0.9000000000000000222, -19.59999999999999787 ) ) ;
#2857 = DIRECTION ( 'NONE',  ( -0.000000000000000000, 1.000000000000000000, -0.000000000000000000 ) ) ;
#2858 = ORIENTED_EDGE ( 'NONE', *, *, #2717, .T. ) ;
#2859 = DIRECTION ( 'NONE',  ( -1.000000000000000000, 0.000000000000000000, 0.000000000000000000 ) ) ;
#2860 = CARTESIAN_POINT ( 'NONE',  ( 0.000000000000000000, -0.9000000000000000222, 19.59999999999999787 ) ) ;
#2861 = EDGE_CURVE ( 'NONE', #3636, #2504, #2263, .T. ) ;
#2862 = ORIENTED_EDGE ( 'NONE', *, *, #339, .F. ) ;
#2863 = CARTESIAN_POINT ( 'NONE',  ( 11.00000000000002487, -1.399999999999999911, -19.09999999999999787 ) ) ;
#2864 = CARTESIAN_POINT ( 'NONE',  ( -11.00000000000002487, -0.8999999999999998002, -20.39999999999998082 ) ) ;
#2865 = AXIS2_PLACEMENT_3D ( 'NONE', #2065, #1098, #3653 ) ;
#2866 = LINE ( 'NONE', #1578, #2927 ) ;
#2867 = EDGE_CURVE ( 'NONE', #2996, #2817, #2201, .T. ) ;
#2868 = EDGE_LOOP ( 'NONE', ( #2063, #1869, #2149, #466, #74, #1510, #3064, #191, #1171, #1649, #2229, #602, #2280, #2862, #3611, #333, #2749, #2375, #986, #663, #3595, #3706, #3580, #218, #538, #3438, #1817, #1655, #809, #778, #3535, #181, #2799, #145, #341, #3884, #2942, #2087, #3943, #1470, #315, #3102, #736, #2659 ) ) ;
#2869 = VERTEX_POINT ( 'NONE', #1893 ) ;
#2870 = LINE ( 'NONE', #1330, #154 ) ;
#2871 = DIRECTION ( 'NONE',  ( 1.000000000000000000, 0.000000000000000000, 0.000000000000000000 ) ) ;
#2872 = CARTESIAN_POINT ( 'NONE',  ( 11.00000000000002487, -1.399999999999999911, -19.99999999999999645 ) ) ;
#2873 = CARTESIAN_POINT ( 'NONE',  ( 33.39999999999999147, 4.000000000000000000, -17.10000000000000497 ) ) ;
#2874 = ORIENTED_EDGE ( 'NONE', *, *, #6, .T. ) ;
#2875 = AXIS2_PLACEMENT_3D ( 'NONE', #1754, #2747, #2995 ) ;
#2876 = MANIFOLD_SOLID_BREP ( '圆角8', #1347 ) ;
#2877 = DIRECTION ( 'NONE',  ( -0.09950371902100590971, -0.9950371902099883759, 0.000000000000000000 ) ) ;
#2878 = DIRECTION ( 'NONE',  ( 0.000000000000000000, 0.000000000000000000, 1.000000000000000000 ) ) ;
#2879 = VECTOR ( 'NONE', #2502, 1000.000000000000000 ) ;
#2880 = ORIENTED_EDGE ( 'NONE', *, *, #3793, .F. ) ;
#2881 = AXIS2_PLACEMENT_3D ( 'NONE', #514, #1056, #2289 ) ;
#2882 = VECTOR ( 'NONE', #2578, 1000.000000000000000 ) ;
#2883 = DIRECTION ( 'NONE',  ( 0.000000000000000000, 1.000000000000000000, -0.000000000000000000 ) ) ;
#2884 = TOROIDAL_SURFACE ( 'NONE', #2233, 0.5000000000000000000, 0.5000000000000000000 ) ;
#2885 = AXIS2_PLACEMENT_3D ( 'NONE', #3029, #4015, #3049 ) ;
#2886 = CARTESIAN_POINT ( 'NONE',  ( 8.000000000000007105, 0.000000000000000000, 19.09999999999999787 ) ) ;
#2887 = ORIENTED_EDGE ( 'NONE', *, *, #1841, .T. ) ;
#2888 = DIRECTION ( 'NONE',  ( -0.000000000000000000, 1.000000000000000000, -0.000000000000000000 ) ) ;
#2889 = LINE ( 'NONE', #44, #2637 ) ;
#2890 = EDGE_CURVE ( 'NONE', #2512, #3512, #24, .T. ) ;
#2891 = CARTESIAN_POINT ( 'NONE',  ( 34.59999999999999432, 4.000000000000000000, 15.89999999999999325 ) ) ;
#2892 = EDGE_CURVE ( 'NONE', #475, #3645, #2047, .T. ) ;
#2893 = ORIENTED_EDGE ( 'NONE', *, *, #2511, .F. ) ;
#2894 = VERTEX_POINT ( 'NONE', #1074 ) ;
#2895 = VECTOR ( 'NONE', #2820, 1000.000000000000000 ) ;
#2896 = ORIENTED_EDGE ( 'NONE', *, *, #3850, .F. ) ;
#2897 = FACE_OUTER_BOUND ( 'NONE', #685, .T. ) ;
#2898 = LINE ( 'NONE', #1432, #822 ) ;
#2899 = CARTESIAN_POINT ( 'NONE',  ( 11.00000000000002487, 1.999999999999998224, -20.89999999999999503 ) ) ;
#2900 = CARTESIAN_POINT ( 'NONE',  ( -12.90000000000002522, 0.000000000000000000, -18.10000000000000142 ) ) ;
#2901 = EDGE_CURVE ( 'NONE', #4018, #2832, #1073, .T. ) ;
#2902 = VERTEX_POINT ( 'NONE', #427 ) ;
#2903 = DIRECTION ( 'NONE',  ( 0.000000000000000000, 0.000000000000000000, -1.000000000000000000 ) ) ;
#2904 = FACE_OUTER_BOUND ( 'NONE', #286, .T. ) ;
#2905 = ORIENTED_EDGE ( 'NONE', *, *, #1519, .F. ) ;
#2906 = LINE ( 'NONE', #1993, #1917 ) ;
#2907 = CIRCLE ( 'NONE', #2183, 0.5000000000000004441 ) ;
#2908 = CARTESIAN_POINT ( 'NONE',  ( -11.90000000000001634, 0.000000000000000000, 20.00000000000000355 ) ) ;
#2909 = ORIENTED_EDGE ( 'NONE', *, *, #1542, .T. ) ;
#2910 = CARTESIAN_POINT ( 'NONE',  ( -33.90000000000000568, 1.000000000000000000, 15.89999999999999325 ) ) ;
#2911 = DIRECTION ( 'NONE',  ( -1.000000000000000000, 4.857225732735059233E-14, 0.000000000000000000 ) ) ;
#2912 = ORIENTED_EDGE ( 'NONE', *, *, #2334, .T. ) ;
#2913 = ORIENTED_EDGE ( 'NONE', *, *, #1451, .T. ) ;
#2914 = AXIS2_PLACEMENT_3D ( 'NONE', #2500, #3747, #2190 ) ;
#2915 = DIRECTION ( 'NONE',  ( 0.000000000000000000, 0.000000000000000000, -1.000000000000000000 ) ) ;
#2916 = CARTESIAN_POINT ( 'NONE',  ( -8.000000000000021316, 4.000000000000000000, 20.69999999999996732 ) ) ;
#2917 = CARTESIAN_POINT ( 'NONE',  ( 34.59999999999999432, 4.000000000000000000, -17.10000000000000142 ) ) ;
#2918 = DIRECTION ( 'NONE',  ( 0.000000000000000000, 0.000000000000000000, -1.000000000000000000 ) ) ;
#2919 = ADVANCED_FACE ( 'NONE', ( #2025 ), #2284, .F. ) ;
#2920 = ORIENTED_EDGE ( 'NONE', *, *, #2011, .F. ) ;
#2921 = AXIS2_PLACEMENT_3D ( 'NONE', #302, #56, #3702 ) ;
#2922 = DIRECTION ( 'NONE',  ( 0.000000000000000000, -1.000000000000000000, 0.000000000000000000 ) ) ;
#2923 = EDGE_CURVE ( 'NONE', #3470, #2733, #3875, .T. ) ;
#2924 = VECTOR ( 'NONE', #656, 1000.000000000000114 ) ;
#2925 = DIRECTION ( 'NONE',  ( 0.000000000000000000, 1.000000000000000000, 0.000000000000000000 ) ) ;
#2926 = CARTESIAN_POINT ( 'NONE',  ( -33.40000000000000568, 4.000000000000000000, 15.89999999999999325 ) ) ;
#2927 = VECTOR ( 'NONE', #3423, 1000.000000000000000 ) ;
#2928 = ORIENTED_EDGE ( 'NONE', *, *, #3167, .F. ) ;
#2929 = ADVANCED_FACE ( 'NONE', ( #2938 ), #2430, .T. ) ;
#2930 = CARTESIAN_POINT ( 'NONE',  ( -33.40000000000000568, 4.000000000000000000, -15.90000000000000036 ) ) ;
#2931 = LINE ( 'NONE', #1341, #1658 ) ;
#2932 = DIRECTION ( 'NONE',  ( 0.000000000000000000, 0.000000000000000000, 1.000000000000000000 ) ) ;
#2933 = CARTESIAN_POINT ( 'NONE',  ( 7.000000000000024869, 1.999999999999998668, -19.10000000000000142 ) ) ;
#2934 = EDGE_LOOP ( 'NONE', ( #3157, #3372, #834, #1069 ) ) ;
#2935 = VERTEX_POINT ( 'NONE', #184 ) ;
#2936 = DIRECTION ( 'NONE',  ( 0.000000000000000000, -1.000000000000000000, 0.000000000000000000 ) ) ;
#2937 = CARTESIAN_POINT ( 'NONE',  ( 8.000000000000010658, 4.000000000000000000, 19.89999999999999503 ) ) ;
#2938 = FACE_OUTER_BOUND ( 'NONE', #2640, .T. ) ;
#2939 = VECTOR ( 'NONE', #1939, 1000.000000000000000 ) ;
#2940 = CARTESIAN_POINT ( 'NONE',  ( -8.000000000000021316, 4.000000000000000000, 19.89999999999998082 ) ) ;
#2941 = ORIENTED_EDGE ( 'NONE', *, *, #3973, .T. ) ;
#2942 = ORIENTED_EDGE ( 'NONE', *, *, #442, .T. ) ;
#2943 = EDGE_CURVE ( 'NONE', #2040, #3909, #3809, .T. ) ;
#2944 = CARTESIAN_POINT ( 'NONE',  ( 8.000000000000010658, 4.000000000000000000, 20.69999999999997797 ) ) ;
#2945 = DIRECTION ( 'NONE',  ( -1.000000000000000000, 0.000000000000000000, 0.000000000000000000 ) ) ;
#2946 = EDGE_CURVE ( 'NONE', #1518, #415, #2166, .T. ) ;
#2947 = ORIENTED_EDGE ( 'NONE', *, *, #3793, .T. ) ;
#2948 = EDGE_CURVE ( 'NONE', #2733, #2644, #2898, .T. ) ;
#2949 = CARTESIAN_POINT ( 'NONE',  ( 11.00000000000002487, -1.399999999999999911, -20.39999999999999503 ) ) ;
#2950 = CIRCLE ( 'NONE', #3801, 1.000000000000000888 ) ;
#2951 = DIRECTION ( 'NONE',  ( 2.739037067331807526E-15, 0.000000000000000000, 1.000000000000000000 ) ) ;
#2952 = VECTOR ( 'NONE', #3716, 1000.000000000000000 ) ;
#2953 = EDGE_CURVE ( 'NONE', #1210, #1954, #121, .T. ) ;
#2954 = VECTOR ( 'NONE', #1423, 1000.000000000000000 ) ;
#2955 = AXIS2_PLACEMENT_3D ( 'NONE', #2690, #2764, #2461 ) ;
#2956 = CARTESIAN_POINT ( 'NONE',  ( -34.60000000000000142, 4.000000000000000000, 17.89999999999998082 ) ) ;
#2957 = ORIENTED_EDGE ( 'NONE', *, *, #259, .T. ) ;
#2958 = ORIENTED_EDGE ( 'NONE', *, *, #2062, .F. ) ;
#2959 = VERTEX_POINT ( 'NONE', #510 ) ;
#2960 = CARTESIAN_POINT ( 'NONE',  ( -8.000000000000021316, 0.000000000000000000, 19.89999999999998082 ) ) ;
#2961 = CARTESIAN_POINT ( 'NONE',  ( -12.90000000000002345, 9.643580423808986168, 19.09999999999999432 ) ) ;
#2962 = LINE ( 'NONE', #2873, #554 ) ;
#2963 = CONICAL_SURFACE ( 'NONE', #3487, 1.200000000000013500, 0.09966865249116864389 ) ;
#2964 = EDGE_LOOP ( 'NONE', ( #301, #997, #1176, #2022 ) ) ;
#2965 = ORIENTED_EDGE ( 'NONE', *, *, #2901, .T. ) ;
#2966 = CARTESIAN_POINT ( 'NONE',  ( -35.60000000000000853, 0.000000000000000000, -18.10000000000000142 ) ) ;
#2967 = PLANE ( 'NONE',  #287 ) ;
#2968 = EDGE_LOOP ( 'NONE', ( #3775, #2609, #972, #1047 ) ) ;
#2969 = CIRCLE ( 'NONE', #1409, 1.000000000000000888 ) ;
#2970 = CARTESIAN_POINT ( 'NONE',  ( 0.000000000000000000, -0.9000000000000000222, 19.09999999999999787 ) ) ;
#2971 = CARTESIAN_POINT ( 'NONE',  ( -33.40000000000000568, 1.999999999999914957, 16.89999999999999503 ) ) ;
#2972 = CIRCLE ( 'NONE', #2000, 0.5000000000000004441 ) ;
#2973 = ADVANCED_FACE ( 'NONE', ( #1735 ), #1051, .F. ) ;
#2974 = CARTESIAN_POINT ( 'NONE',  ( 12.90000000000002522, 1.999999999999998224, -19.10000000000000142 ) ) ;
#2975 = VERTEX_POINT ( 'NONE', #1373 ) ;
#2976 = CARTESIAN_POINT ( 'NONE',  ( 34.59999999999999432, 4.000000000000000000, 15.89999999999999325 ) ) ;
#2977 = DIRECTION ( 'NONE',  ( 0.000000000000000000, 0.000000000000000000, -1.000000000000000000 ) ) ;
#2978 = LINE ( 'NONE', #797, #2234 ) ;
#2979 = PLANE ( 'NONE',  #1446 ) ;
#2980 = EDGE_LOOP ( 'NONE', ( #1382, #3169, #4002, #1507 ) ) ;
#2981 = VERTEX_POINT ( 'NONE', #775 ) ;
#2982 = ADVANCED_BREP_SHAPE_REPRESENTATION ( '零件1.3', ( #2876, #3812 ), #1083 ) ;
#2983 = CARTESIAN_POINT ( 'NONE',  ( 33.39999999999999147, 4.000000000000000000, -16.90000000000000213 ) ) ;
#2984 = FACE_OUTER_BOUND ( 'NONE', #27, .T. ) ;
#2985 = ORIENTED_EDGE ( 'NONE', *, *, #1296, .T. ) ;
#2986 = DIRECTION ( 'NONE',  ( 0.000000000000000000, 0.000000000000000000, 1.000000000000000000 ) ) ;
#2987 = CARTESIAN_POINT ( 'NONE',  ( -6.000000000000019540, 0.000000000000000000, 18.09999999999999432 ) ) ;
#2988 = EDGE_CURVE ( 'NONE', #2221, #3484, #2373, .T. ) ;
#2989 = EDGE_CURVE ( 'NONE', #728, #1815, #1396, .T. ) ;
#2990 = ORIENTED_EDGE ( 'NONE', *, *, #2117, .F. ) ;
#2991 = EDGE_CURVE ( 'NONE', #3892, #2226, #2978, .T. ) ;
#2992 = DIRECTION ( 'NONE',  ( -1.000000000000000000, 0.000000000000000000, 0.000000000000000000 ) ) ;
#2993 = DIRECTION ( 'NONE',  ( 0.000000000000000000, 0.000000000000000000, -1.000000000000000000 ) ) ;
#2994 = CARTESIAN_POINT ( 'NONE',  ( -7.200000000000035705, 4.000000000000000000, 19.09999999999999432 ) ) ;
#2995 = DIRECTION ( 'NONE',  ( 0.000000000000000000, 0.000000000000000000, -1.000000000000000000 ) ) ;
#2996 = VERTEX_POINT ( 'NONE', #1958 ) ;
#2997 = ORIENTED_EDGE ( 'NONE', *, *, #1647, .F. ) ;
#2998 = LINE ( 'NONE', #2966, #3135 ) ;
#2999 = LINE ( 'NONE', #2410, #936 ) ;
#3000 = VERTEX_POINT ( 'NONE', #3252 ) ;
#3001 = DIRECTION ( 'NONE',  ( 0.000000000000000000, 0.9950371902099894861, -0.09950371902099584831 ) ) ;
#3002 = DIRECTION ( 'NONE',  ( 0.000000000000000000, 1.000000000000000000, 0.000000000000000000 ) ) ;
#3003 = AXIS2_PLACEMENT_3D ( 'NONE', #2333, #3207, #1719 ) ;
#3004 = VECTOR ( 'NONE', #2925, 1000.000000000000000 ) ;
#3005 = ORIENTED_EDGE ( 'NONE', *, *, #2839, .F. ) ;
#3006 = AXIS2_PLACEMENT_3D ( 'NONE', #3182, #2871, #3736 ) ;
#3007 = ADVANCED_FACE ( 'NONE', ( #3845 ), #3539, .F. ) ;
#3008 = DIRECTION ( 'NONE',  ( -1.000000000000000000, 0.000000000000000000, 0.000000000000000000 ) ) ;
#3009 = DIRECTION ( 'NONE',  ( 0.000000000000000000, 0.000000000000000000, -1.000000000000000000 ) ) ;
#3010 = AXIS2_PLACEMENT_3D ( 'NONE', #2285, #713, #1352 ) ;
#3011 = FACE_OUTER_BOUND ( 'NONE', #3902, .T. ) ;
#3012 = CONICAL_SURFACE ( 'NONE', #2821, 1.200000000000013500, 0.09966865249116865777 ) ;
#3013 = EDGE_CURVE ( 'NONE', #3270, #3561, #432, .T. ) ;
#3014 = FACE_OUTER_BOUND ( 'NONE', #1713, .T. ) ;
#3015 = ORIENTED_EDGE ( 'NONE', *, *, #537, .F. ) ;
#3016 = EDGE_CURVE ( 'NONE', #2590, #2260, #1515, .T. ) ;
#3017 = ORIENTED_EDGE ( 'NONE', *, *, #1725, .F. ) ;
#3018 = EDGE_CURVE ( 'NONE', #664, #2009, #1151, .T. ) ;
#3019 = CARTESIAN_POINT ( 'NONE',  ( -34.40000000000000568, 4.000000000000000000, -16.90000000000000213 ) ) ;
#3020 = CIRCLE ( 'NONE', #2313, 0.5000000000000004441 ) ;
#3021 = ORIENTED_EDGE ( 'NONE', *, *, #2603, .F. ) ;
#3022 = VECTOR ( 'NONE', #1362, 1000.000000000000000 ) ;
#3023 = ADVANCED_FACE ( 'NONE', ( #3011 ), #3639, .F. ) ;
#3024 = AXIS2_PLACEMENT_3D ( 'NONE', #2203, #2806, #31 ) ;
#3025 = LINE ( 'NONE', #1761, #3415 ) ;
#3026 = ORIENTED_EDGE ( 'NONE', *, *, #2597, .F. ) ;
#3027 = LINE ( 'NONE', #2, #708 ) ;
#3028 = CARTESIAN_POINT ( 'NONE',  ( -33.40000000000000568, 4.000000000000000000, 17.09999999999999432 ) ) ;
#3029 = CARTESIAN_POINT ( 'NONE',  ( -11.00000000000001776, -0.9000000000000000222, 20.39999999999998082 ) ) ;
#3030 = DIRECTION ( 'NONE',  ( 0.000000000000000000, 0.000000000000000000, -1.000000000000000000 ) ) ;
#3031 = ORIENTED_EDGE ( 'NONE', *, *, #3189, .F. ) ;
#3032 = ORIENTED_EDGE ( 'NONE', *, *, #1769, .T. ) ;
#3033 = EDGE_CURVE ( 'NONE', #1954, #1311, #1468, .T. ) ;
#3034 = CARTESIAN_POINT ( 'NONE',  ( 0.000000000000000000, -1.399999999999999911, -20.39999999999998082 ) ) ;
#3035 = DIRECTION ( 'NONE',  ( 0.000000000000000000, -1.000000000000000000, 0.000000000000000000 ) ) ;
#3036 = ORIENTED_EDGE ( 'NONE', *, *, #1296, .F. ) ;
#3037 = ADVANCED_FACE ( 'NONE', ( #542 ), #1504, .T. ) ;
#3038 = AXIS2_PLACEMENT_3D ( 'NONE', #3106, #597, #3380 ) ;
#3039 = CARTESIAN_POINT ( 'NONE',  ( -34.60000000000000142, 0.000000000000000000, 18.09999999999999432 ) ) ;
#3040 = EDGE_CURVE ( 'NONE', #1311, #1705, #3962, .T. ) ;
#3041 = AXIS2_PLACEMENT_3D ( 'NONE', #2482, #3427, #1372 ) ;
#3042 = VECTOR ( 'NONE', #2774, 1000.000000000000000 ) ;
#3043 = DIRECTION ( 'NONE',  ( 0.000000000000000000, -0.09950371902100510479, -0.9950371902099885979 ) ) ;
#3044 = CIRCLE ( 'NONE', #588, 1.000000000000000888 ) ;
#3045 = VECTOR ( 'NONE', #3491, 1000.000000000000227 ) ;
#3046 = ORIENTED_EDGE ( 'NONE', *, *, #10, .T. ) ;
#3047 = DIRECTION ( 'NONE',  ( 0.000000000000000000, 0.000000000000000000, -1.000000000000000000 ) ) ;
#3048 = DIRECTION ( 'NONE',  ( 0.000000000000000000, 0.000000000000000000, -1.000000000000000000 ) ) ;
#3049 = DIRECTION ( 'NONE',  ( 0.000000000000000000, 0.000000000000000000, 1.000000000000000000 ) ) ;
#3050 = CYLINDRICAL_SURFACE ( 'NONE', #998, 1.000000000000000888 ) ;
#3051 = ORIENTED_EDGE ( 'NONE', *, *, #2169, .T. ) ;
#3052 = EDGE_LOOP ( 'NONE', ( #1198, #272, #3959, #49 ) ) ;
#3053 = CARTESIAN_POINT ( 'NONE',  ( -35.60000000000000142, 1.999999999999999112, 17.09999999999999432 ) ) ;
#3054 = DIRECTION ( 'NONE',  ( 0.000000000000000000, -1.000000000000000000, 0.000000000000000000 ) ) ;
#3055 = VERTEX_POINT ( 'NONE', #1807 ) ;
#3056 = ADVANCED_FACE ( 'NONE', ( #3675 ), #2405, .T. ) ;
#3057 = CIRCLE ( 'NONE', #1310, 1.000000000000000888 ) ;
#3058 = EDGE_CURVE ( 'NONE', #2069, #2595, #1825, .T. ) ;
#3059 = DIRECTION ( 'NONE',  ( -1.000000000000000000, 0.000000000000000000, 0.000000000000000000 ) ) ;
#3060 = ADVANCED_FACE ( 'NONE', ( #1222 ), #850, .T. ) ;
#3061 = VECTOR ( 'NONE', #1957, 1000.000000000000000 ) ;
#3062 = ORIENTED_EDGE ( 'NONE', *, *, #3013, .T. ) ;
#3063 = CARTESIAN_POINT ( 'NONE',  ( -34.60000000000000142, 0.000000000000000000, 17.09999999999999432 ) ) ;
#3064 = ORIENTED_EDGE ( 'NONE', *, *, #1565, .T. ) ;
#3065 = CARTESIAN_POINT ( 'NONE',  ( -8.000000000000021316, -0.8999999999999998002, 20.89999999999998082 ) ) ;
#3066 = CARTESIAN_POINT ( 'NONE',  ( -12.90000000000002345, 0.000000000000000000, 19.09999999999999432 ) ) ;
#3067 = CARTESIAN_POINT ( 'NONE',  ( -11.00000000000001776, 1.999999999999998224, 19.99999999999998224 ) ) ;
#3068 = VECTOR ( 'NONE', #1600, 1000.000000000000000 ) ;
#3069 = DIRECTION ( 'NONE',  ( 0.000000000000000000, -1.000000000000000000, 0.000000000000000000 ) ) ;
#3070 = VECTOR ( 'NONE', #2484, 1000.000000000000000 ) ;
#3071 = AXIS2_PLACEMENT_3D ( 'NONE', #2249, #2536, #3210 ) ;
#3072 = EDGE_LOOP ( 'NONE', ( #574, #3626, #1240, #1581 ) ) ;
#3073 = VECTOR ( 'NONE', #2531, 1000.000000000000114 ) ;
#3074 = ORIENTED_EDGE ( 'NONE', *, *, #2195, .F. ) ;
#3075 = DIRECTION ( 'NONE',  ( -0.09950371902099412746, 0.9950371902099895971, 0.000000000000000000 ) ) ;
#3076 = AXIS2_PLACEMENT_3D ( 'NONE', #864, #233, #2707 ) ;
#3077 = DIRECTION ( 'NONE',  ( -0.000000000000000000, 1.000000000000000000, -0.000000000000000000 ) ) ;
#3078 = FACE_OUTER_BOUND ( 'NONE', #1263, .T. ) ;
#3079 = EDGE_LOOP ( 'NONE', ( #7, #2685, #3201, #810 ) ) ;
#3080 = CYLINDRICAL_SURFACE ( 'NONE', #2529, 0.5000000000000004441 ) ;
#3081 = VERTEX_POINT ( 'NONE', #1485 ) ;
#3082 = AXIS2_PLACEMENT_3D ( 'NONE', #765, #721, #3149 ) ;
#3083 = DIRECTION ( 'NONE',  ( -0.000000000000000000, -1.000000000000000000, -0.000000000000000000 ) ) ;
#3084 = ORIENTED_EDGE ( 'NONE', *, *, #1998, .F. ) ;
#3085 = ADVANCED_FACE ( 'NONE', ( #598 ), #2444, .F. ) ;
#3086 = DIRECTION ( 'NONE',  ( 0.000000000000000000, -1.000000000000000000, 0.000000000000000000 ) ) ;
#3087 = DIRECTION ( 'NONE',  ( 0.000000000000000000, -1.000000000000000000, 0.000000000000000000 ) ) ;
#3088 = CARTESIAN_POINT ( 'NONE',  ( -7.379190561164135964, -1.399999999999999911, -19.99999999999928590 ) ) ;
#3089 = DIRECTION ( 'NONE',  ( 0.000000000000000000, -1.000000000000000000, 0.000000000000000000 ) ) ;
#3090 = ADVANCED_FACE ( 'NONE', ( #2116 ), #2730, .T. ) ;
#3091 = ORIENTED_EDGE ( 'NONE', *, *, #1840, .F. ) ;
#3092 = VERTEX_POINT ( 'NONE', #3980 ) ;
#3093 = DIRECTION ( 'NONE',  ( 0.000000000000000000, -0.09950371902100510479, 0.9950371902099885979 ) ) ;
#3094 = VECTOR ( 'NONE', #3637, 1000.000000000000000 ) ;
#3095 = DIRECTION ( 'NONE',  ( -0.000000000000000000, -1.000000000000000000, -0.000000000000000000 ) ) ;
#3096 = DIRECTION ( 'NONE',  ( 0.000000000000000000, -1.000000000000000000, 0.000000000000000000 ) ) ;
#3097 = FACE_OUTER_BOUND ( 'NONE', #507, .T. ) ;
#3098 = VERTEX_POINT ( 'NONE', #3325 ) ;
#3099 = CARTESIAN_POINT ( 'NONE',  ( 8.000000000000024869, 0.000000000000000000, -20.10000000000000142 ) ) ;
#3100 = LINE ( 'NONE', #2815, #1571 ) ;
#3101 = AXIS2_PLACEMENT_3D ( 'NONE', #3099, #2539, #3814 ) ;
#3102 = ORIENTED_EDGE ( 'NONE', *, *, #1479, .F. ) ;
#3103 = CONICAL_SURFACE ( 'NONE', #1363, 1.200000000000003064, 0.09966865249115938741 ) ;
#3104 = EDGE_CURVE ( 'NONE', #2754, #3301, #619, .T. ) ;
#3105 = DIRECTION ( 'NONE',  ( 0.000000000000000000, 0.000000000000000000, -1.000000000000000000 ) ) ;
#3106 = CARTESIAN_POINT ( 'NONE',  ( -11.00000000000001776, 4.000000000000000000, 19.99999999999998224 ) ) ;
#3107 = EDGE_CURVE ( 'NONE', #475, #3484, #3941, .T. ) ;
#3108 = CIRCLE ( 'NONE', #2401, 1.200000000000013500 ) ;
#3109 = LINE ( 'NONE', #348, #1811 ) ;
#3110 = CARTESIAN_POINT ( 'NONE',  ( -7.000000000000024869, 1.999999999999998224, -19.10000000000001208 ) ) ;
#3111 = EDGE_CURVE ( 'NONE', #355, #1915, #832, .T. ) ;
#3112 = VERTEX_POINT ( 'NONE', #525 ) ;
#3113 = ORIENTED_EDGE ( 'NONE', *, *, #1888, .F. ) ;
#3114 = CARTESIAN_POINT ( 'NONE',  ( -8.000000000000015987, -0.8999999999999998002, -20.89999999999998082 ) ) ;
#3115 = CARTESIAN_POINT ( 'NONE',  ( 11.90000000000001634, 1.999999999999998224, 19.99999999999999645 ) ) ;
#3116 = CYLINDRICAL_SURFACE ( 'NONE', #2489, 1.000000000000000888 ) ;
#3117 = CARTESIAN_POINT ( 'NONE',  ( -7.000000000000021316, 9.643580423808986168, 0.000000000000000000 ) ) ;
#3118 = DIRECTION ( 'NONE',  ( 1.040834085586101454E-14, 0.000000000000000000, -1.000000000000000000 ) ) ;
#3119 = ORIENTED_EDGE ( 'NONE', *, *, #2697, .F. ) ;
#3120 = DIRECTION ( 'NONE',  ( -0.000000000000000000, 1.000000000000000000, -0.000000000000000000 ) ) ;
#3121 = AXIS2_PLACEMENT_3D ( 'NONE', #3160, #1350, #1307 ) ;
#3122 = DIRECTION ( 'NONE',  ( 1.000000000000000000, 0.000000000000000000, 0.000000000000000000 ) ) ;
#3123 = ORIENTED_EDGE ( 'NONE', *, *, #1476, .F. ) ;
#3124 = DIRECTION ( 'NONE',  ( 0.000000000000000000, -1.000000000000000000, 0.000000000000000000 ) ) ;
#3125 = DIRECTION ( 'NONE',  ( -1.000000000000000000, -0.000000000000000000, -0.000000000000000000 ) ) ;
#3126 = LINE ( 'NONE', #3709, #3594 ) ;
#3127 = CARTESIAN_POINT ( 'NONE',  ( 34.39999999999999147, 4.000000000000000000, -16.90000000000000213 ) ) ;
#3128 = ORIENTED_EDGE ( 'NONE', *, *, #768, .F. ) ;
#3129 = EDGE_CURVE ( 'NONE', #1849, #1613, #1752, .T. ) ;
#3130 = EDGE_LOOP ( 'NONE', ( #2912, #2768, #2473, #3074 ) ) ;
#3131 = ORIENTED_EDGE ( 'NONE', *, *, #1140, .F. ) ;
#3132 = LINE ( 'NONE', #964, #3766 ) ;
#3133 = CIRCLE ( 'NONE', #1388, 0.5000000000000004441 ) ;
#3134 = ADVANCED_FACE ( 'NONE', ( #1445 ), #651, .T. ) ;
#3135 = VECTOR ( 'NONE', #802, 1000.000000000000000 ) ;
#3136 = DIRECTION ( 'NONE',  ( 0.000000000000000000, 0.000000000000000000, -1.000000000000000000 ) ) ;
#3137 = LINE ( 'NONE', #358, #3343 ) ;
#3138 = VERTEX_POINT ( 'NONE', #72 ) ;
#3139 = EDGE_CURVE ( 'NONE', #2281, #2346, #471, .T. ) ;
#3140 = AXIS2_PLACEMENT_3D ( 'NONE', #3743, #1200, #3436 ) ;
#3141 = AXIS2_PLACEMENT_3D ( 'NONE', #1814, #2159, #2830 ) ;
#3142 = VECTOR ( 'NONE', #2392, 1000.000000000000114 ) ;
#3143 = DIRECTION ( 'NONE',  ( 1.000000000000000000, 0.000000000000000000, 0.000000000000000000 ) ) ;
#3144 = EDGE_CURVE ( 'NONE', #2589, #3433, #2866, .T. ) ;
#3145 = CARTESIAN_POINT ( 'NONE',  ( -11.00000000000001776, 9.643580423808986168, 19.99999999999998224 ) ) ;
#3146 = VERTEX_POINT ( 'NONE', #3771 ) ;
#3147 = ADVANCED_FACE ( 'NONE', ( #3727 ), #919, .T. ) ;
#3148 = CARTESIAN_POINT ( 'NONE',  ( 11.00000000000002487, -0.8999999999999998002, -19.99999999999999645 ) ) ;
#3149 = DIRECTION ( 'NONE',  ( 0.000000000000000000, 0.000000000000000000, 1.000000000000000000 ) ) ;
#3150 = ORIENTED_EDGE ( 'NONE', *, *, #236, .F. ) ;
#3151 = AXIS2_PLACEMENT_3D ( 'NONE', #3239, #1085, #459 ) ;
#3152 = CARTESIAN_POINT ( 'NONE',  ( -11.00000000000002487, 4.000000000000000000, -20.69999999999996732 ) ) ;
#3153 = CARTESIAN_POINT ( 'NONE',  ( -8.000000000000015987, 1.999999999999998224, -20.89999999999998082 ) ) ;
#3154 = FACE_OUTER_BOUND ( 'NONE', #3893, .T. ) ;
#3155 = LINE ( 'NONE', #2844, #3869 ) ;
#3156 = AXIS2_PLACEMENT_3D ( 'NONE', #1636, #1570, #2814 ) ;
#3157 = ORIENTED_EDGE ( 'NONE', *, *, #582, .F. ) ;
#3158 = ORIENTED_EDGE ( 'NONE', *, *, #3996, .F. ) ;
#3159 = EDGE_LOOP ( 'NONE', ( #445, #280, #3542, #1215 ) ) ;
#3160 = CARTESIAN_POINT ( 'NONE',  ( -33.40000000000000568, 1.500000000000000000, -16.40000000000000213 ) ) ;
#3161 = LINE ( 'NONE', #3115, #3070 ) ;
#3162 = CARTESIAN_POINT ( 'NONE',  ( -35.60000000000000853, 1.999999999999998668, -18.10000000000000142 ) ) ;
#3163 = CARTESIAN_POINT ( 'NONE',  ( 33.39999999999999147, 4.000000000000000000, 15.89999999999999325 ) ) ;
#3164 = ORIENTED_EDGE ( 'NONE', *, *, #1274, .T. ) ;
#3165 = AXIS2_PLACEMENT_3D ( 'NONE', #1257, #3513, #1861 ) ;
#3166 = CARTESIAN_POINT ( 'NONE',  ( 8.000000000000007105, -1.399999999999999911, 20.10000000000000142 ) ) ;
#3167 = EDGE_CURVE ( 'NONE', #2346, #1724, #680, .T. ) ;
#3168 = DIRECTION ( 'NONE',  ( -1.387778780781449462E-14, 0.000000000000000000, 1.000000000000000000 ) ) ;
#3169 = ORIENTED_EDGE ( 'NONE', *, *, #1246, .T. ) ;
#3170 = FACE_OUTER_BOUND ( 'NONE', #18, .T. ) ;
#3171 = CYLINDRICAL_SURFACE ( 'NONE', #4005, 1.000000000000000888 ) ;
#3172 = EDGE_CURVE ( 'NONE', #2616, #2247, #2726, .T. ) ;
#3173 = VERTEX_POINT ( 'NONE', #2239 ) ;
#3174 = CARTESIAN_POINT ( 'NONE',  ( 33.39999999999999147, 4.000000000000000000, 17.09999999999999432 ) ) ;
#3175 = LINE ( 'NONE', #1045, #968 ) ;
#3176 = DIRECTION ( 'NONE',  ( 0.000000000000000000, -1.000000000000000000, 0.000000000000000000 ) ) ;
#3177 = ORIENTED_EDGE ( 'NONE', *, *, #2516, .T. ) ;
#3178 = VERTEX_POINT ( 'NONE', #2797 ) ;
#3179 = ORIENTED_EDGE ( 'NONE', *, *, #1747, .T. ) ;
#3180 = CARTESIAN_POINT ( 'NONE',  ( 7.510102051443373838, -1.399999999999999911, 19.99999999999998934 ) ) ;
#3181 = AXIS2_PLACEMENT_3D ( 'NONE', #726, #1953, #1644 ) ;
#3182 = CARTESIAN_POINT ( 'NONE',  ( 11.00000000000002487, -0.9000000000000000222, -19.59999999999999787 ) ) ;
#3183 = CARTESIAN_POINT ( 'NONE',  ( -11.70000000000000817, 4.000000000000000000, 19.09999999999998721 ) ) ;
#3184 = DIRECTION ( 'NONE',  ( 0.000000000000000000, -0.9950371902099894861, 0.09950371902099584831 ) ) ;
#3185 = EDGE_LOOP ( 'NONE', ( #3933, #3948, #388, #3468 ) ) ;
#3186 = DIRECTION ( 'NONE',  ( 1.000000000000000000, 0.000000000000000000, 0.000000000000000000 ) ) ;
#3187 = CARTESIAN_POINT ( 'NONE',  ( 33.39999999999999147, 4.000000000000000000, 15.89999999999999325 ) ) ;
#3188 = EDGE_LOOP ( 'NONE', ( #1931, #1389, #2652, #2896 ) ) ;
#3189 = EDGE_CURVE ( 'NONE', #1573, #2959, #1324, .T. ) ;
#3190 = LINE ( 'NONE', #632, #1589 ) ;
#3191 = ADVANCED_FACE ( 'NONE', ( #3154 ), #1599, .T. ) ;
#3192 = CARTESIAN_POINT ( 'NONE',  ( -34.60000000000000853, 4.000000000000000000, -17.10000000000000142 ) ) ;
#3193 = ORIENTED_EDGE ( 'NONE', *, *, #3104, .T. ) ;
#3194 = EDGE_CURVE ( 'NONE', #1849, #2975, #3108, .T. ) ;
#3195 = EDGE_CURVE ( 'NONE', #860, #1815, #3126, .T. ) ;
#3196 = FACE_OUTER_BOUND ( 'NONE', #1475, .T. ) ;
#3197 = LINE ( 'NONE', #2238, #2895 ) ;
#3198 = EDGE_CURVE ( 'NONE', #857, #2739, #3109, .T. ) ;
#3199 = AXIS2_PLACEMENT_3D ( 'NONE', #3340, #1765, #3009 ) ;
#3200 = DIRECTION ( 'NONE',  ( 0.000000000000000000, -0.9950371902099884869, 0.09950371902100506316 ) ) ;
#3201 = ORIENTED_EDGE ( 'NONE', *, *, #2603, .T. ) ;
#3202 = ORIENTED_EDGE ( 'NONE', *, *, #2035, .T. ) ;
#3203 = ORIENTED_EDGE ( 'NONE', *, *, #2491, .F. ) ;
#3204 = DIRECTION ( 'NONE',  ( 0.000000000000000000, -0.9950371902099884869, 0.09950371902100509092 ) ) ;
#3205 = DIRECTION ( 'NONE',  ( 0.000000000000000000, 0.000000000000000000, -1.000000000000000000 ) ) ;
#3206 = CARTESIAN_POINT ( 'NONE',  ( -6.000000000000023981, 9.643580423808986168, -19.10000000000000142 ) ) ;
#3207 = DIRECTION ( 'NONE',  ( 0.000000000000000000, 0.000000000000000000, -1.000000000000000000 ) ) ;
#3208 = ORIENTED_EDGE ( 'NONE', *, *, #2056, .T. ) ;
#3209 = CIRCLE ( 'NONE', #2875, 0.8999999999999980238 ) ;
#3210 = DIRECTION ( 'NONE',  ( 0.000000000000000000, 0.000000000000000000, -1.000000000000000000 ) ) ;
#3211 = DIRECTION ( 'NONE',  ( 0.000000000000000000, 0.000000000000000000, 1.000000000000000000 ) ) ;
#3212 = CIRCLE ( 'NONE', #2160, 0.8999999999999980238 ) ;
#3213 = ORIENTED_EDGE ( 'NONE', *, *, #1928, .T. ) ;
#3214 = AXIS2_PLACEMENT_3D ( 'NONE', #730, #2331, #3205 ) ;
#3215 = CARTESIAN_POINT ( 'NONE',  ( -7.510102051443387161, -1.399999999999999911, 19.99999999999998934 ) ) ;
#3216 = CIRCLE ( 'NONE', #2811, 1.000000000000000888 ) ;
#3217 = AXIS2_PLACEMENT_3D ( 'NONE', #3455, #668, #1895 ) ;
#3218 = PLANE ( 'NONE',  #3082 ) ;
#3219 = ORIENTED_EDGE ( 'NONE', *, *, #331, .F. ) ;
#3220 = CARTESIAN_POINT ( 'NONE',  ( -33.40000000000000568, 1.500000000000000000, 16.39999999999999503 ) ) ;
#3221 = DIRECTION ( 'NONE',  ( 6.391086490440884227E-15, 0.000000000000000000, -1.000000000000000000 ) ) ;
#3222 = EDGE_CURVE ( 'NONE', #2091, #728, #1556, .T. ) ;
#3223 = DIRECTION ( 'NONE',  ( -1.000000000000000000, 0.000000000000000000, 0.000000000000000000 ) ) ;
#3224 = ORIENTED_EDGE ( 'NONE', *, *, #3833, .F. ) ;
#3225 = ADVANCED_FACE ( 'NONE', ( #2478 ), #3794, .F. ) ;
#3226 = EDGE_LOOP ( 'NONE', ( #157, #150, #2985, #1979, #3289 ) ) ;
#3227 = VECTOR ( 'NONE', #1440, 1000.000000000000000 ) ;
#3228 = ORIENTED_EDGE ( 'NONE', *, *, #1479, .T. ) ;
#3229 = LINE ( 'NONE', #446, #2526 ) ;
#3230 = DIRECTION ( 'NONE',  ( 0.000000000000000000, 0.000000000000000000, -1.000000000000000000 ) ) ;
#3231 =( LENGTH_UNIT ( ) NAMED_UNIT ( * ) SI_UNIT ( .MILLI., .METRE. ) );
#3232 = CARTESIAN_POINT ( 'NONE',  ( 7.000000000000024869, 9.643580423808986168, -19.89999999999999503 ) ) ;
#3233 = EDGE_CURVE ( 'NONE', #366, #3413, #1116, .T. ) ;
#3234 = VERTEX_POINT ( 'NONE', #705 ) ;
#3235 = CARTESIAN_POINT ( 'NONE',  ( 8.000000000000024869, 9.643580423808986168, -20.10000000000000142 ) ) ;
#3236 = FACE_OUTER_BOUND ( 'NONE', #3352, .T. ) ;
#3237 = CARTESIAN_POINT ( 'NONE',  ( -35.60000000000000142, 1.999999999999998668, 18.09999999999999432 ) ) ;
#3238 = ORIENTED_EDGE ( 'NONE', *, *, #522, .F. ) ;
#3239 = CARTESIAN_POINT ( 'NONE',  ( 6.000000000000021316, 0.000000000000000000, 19.09999999999999432 ) ) ;
#3240 = CIRCLE ( 'NONE', #3165, 1.000000000000000888 ) ;
#3241 = CARTESIAN_POINT ( 'NONE',  ( -35.39999999999999147, 4.000000000000000000, -17.10000000000000142 ) ) ;
#3242 = AXIS2_PLACEMENT_3D ( 'NONE', #2598, #3504, #2227 ) ;
#3243 = DIRECTION ( 'NONE',  ( -0.000000000000000000, 1.000000000000000000, -0.000000000000000000 ) ) ;
#3244 = DIRECTION ( 'NONE',  ( -0.000000000000000000, 1.000000000000000000, -0.000000000000000000 ) ) ;
#3245 = EDGE_LOOP ( 'NONE', ( #2154, #1225, #1639, #3784 ) ) ;
#3246 = EDGE_CURVE ( 'NONE', #4018, #1412, #3770, .T. ) ;
#3247 = EDGE_LOOP ( 'NONE', ( #1305, #1810, #1421, #3312 ) ) ;
#3248 = AXIS2_PLACEMENT_3D ( 'NONE', #1001, #3838, #2520 ) ;
#3249 = EDGE_CURVE ( 'NONE', #893, #366, #3700, .T. ) ;
#3250 = CARTESIAN_POINT ( 'NONE',  ( -8.000000000000015987, 1.999999999999998224, -20.89999999999998082 ) ) ;
#3251 = LINE ( 'NONE', #2612, #1289 ) ;
#3252 = CARTESIAN_POINT ( 'NONE',  ( 11.00000000000002487, -0.8999999999999998002, -20.89999999999999503 ) ) ;
#3253 = DIRECTION ( 'NONE',  ( -0.09950371902100590971, -0.9950371902099883759, 0.000000000000000000 ) ) ;
#3254 = EDGE_CURVE ( 'NONE', #1097, #2769, #2781, .T. ) ;
#3255 = DIRECTION ( 'NONE',  ( -1.040834085586101454E-14, 0.000000000000000000, 1.000000000000000000 ) ) ;
#3256 = ORIENTED_EDGE ( 'NONE', *, *, #3508, .F. ) ;
#3257 = VECTOR ( 'NONE', #3075, 1000.000000000000227 ) ;
#3258 = AXIS2_PLACEMENT_3D ( 'NONE', #2810, #1816, #3431 ) ;
#3259 = VERTEX_POINT ( 'NONE', #419 ) ;
#3260 = EDGE_CURVE ( 'NONE', #2084, #2595, #71, .T. ) ;
#3261 = AXIS2_PLACEMENT_3D ( 'NONE', #2566, #2257, #1951 ) ;
#3262 = CARTESIAN_POINT ( 'NONE',  ( 33.39999999999999147, 4.000000000000000000, -17.10000000000000497 ) ) ;
#3263 = CARTESIAN_POINT ( 'NONE',  ( 7.200000000000039257, 4.000000000000000000, -19.89999999999999503 ) ) ;
#3264 = VECTOR ( 'NONE', #441, 1000.000000000000000 ) ;
#3265 = ORIENTED_EDGE ( 'NONE', *, *, #146, .T. ) ;
#3266 = DIRECTION ( 'NONE',  ( -0.000000000000000000, 1.000000000000000000, -0.000000000000000000 ) ) ;
#3267 = CYLINDRICAL_SURFACE ( 'NONE', #3551, 1.000000000000000888 ) ;
#3268 = CARTESIAN_POINT ( 'NONE',  ( 11.70000000000000817, 4.000000000000000000, 19.09999999999998721 ) ) ;
#3269 = VERTEX_POINT ( 'NONE', #2038 ) ;
#3270 = VERTEX_POINT ( 'NONE', #136 ) ;
#3271 = VERTEX_POINT ( 'NONE', #2933 ) ;
#3272 = DIRECTION ( 'NONE',  ( -2.739037067331827248E-15, 0.000000000000000000, 1.000000000000000000 ) ) ;
#3273 = DIRECTION ( 'NONE',  ( 0.000000000000000000, 0.000000000000000000, -1.000000000000000000 ) ) ;
#3274 = CIRCLE ( 'NONE', #3121, 0.5000000000000004441 ) ;
#3275 = FACE_OUTER_BOUND ( 'NONE', #2335, .T. ) ;
#3276 = ORIENTED_EDGE ( 'NONE', *, *, #1119, .T. ) ;
#3277 = ORIENTED_EDGE ( 'NONE', *, *, #3172, .F. ) ;
#3278 = CARTESIAN_POINT ( 'NONE',  ( -33.40000000000000568, 1.999999999999914957, -16.90000000000000213 ) ) ;
#3279 = ORIENTED_EDGE ( 'NONE', *, *, #2395, .F. ) ;
#3280 = EDGE_CURVE ( 'NONE', #1721, #1613, #1387, .T. ) ;
#3281 = PLANE ( 'NONE',  #1265 ) ;
#3282 = CONICAL_SURFACE ( 'NONE', #2365, 0.7999999999999847233, 0.09966865249116907410 ) ;
#3283 = LINE ( 'NONE', #2971, #563 ) ;
#3284 = AXIS2_PLACEMENT_3D ( 'NONE', #97, #3453, #712 ) ;
#3285 = AXIS2_PLACEMENT_3D ( 'NONE', #3593, #3300, #2072 ) ;
#3286 = AXIS2_PLACEMENT_3D ( 'NONE', #3067, #293, #1523 ) ;
#3287 = DIRECTION ( 'NONE',  ( 0.000000000000000000, 0.000000000000000000, 1.000000000000000000 ) ) ;
#3288 = PRODUCT_DEFINITION_FORMATION_WITH_SPECIFIED_SOURCE ( '任何', '', #1214, .NOT_KNOWN. ) ;
#3289 = ORIENTED_EDGE ( 'NONE', *, *, #1763, .T. ) ;
#3290 = VERTEX_POINT ( 'NONE', #2956 ) ;
#3291 = ORIENTED_EDGE ( 'NONE', *, *, #2491, .T. ) ;
#3292 = CARTESIAN_POINT ( 'NONE',  ( -34.60000000000000853, 4.000000000000000000, -18.10000000000000142 ) ) ;
#3293 = DIRECTION ( 'NONE',  ( -1.000000000000000000, -0.000000000000000000, -0.000000000000000000 ) ) ;
#3294 = PRESENTATION_STYLE_ASSIGNMENT (( #3945 ) ) ;
#3295 = DIRECTION ( 'NONE',  ( -0.000000000000000000, 1.000000000000000000, -0.000000000000000000 ) ) ;
#3296 = VECTOR ( 'NONE', #2543, 1000.000000000000000 ) ;
#3297 = ORIENTED_EDGE ( 'NONE', *, *, #3582, .F. ) ;
#3298 = ORIENTED_EDGE ( 'NONE', *, *, #1199, .F. ) ;
#3299 = DIRECTION ( 'NONE',  ( -0.000000000000000000, 1.000000000000000000, -0.000000000000000000 ) ) ;
#3300 = DIRECTION ( 'NONE',  ( 0.000000000000000000, -1.000000000000000000, 0.000000000000000000 ) ) ;
#3301 = VERTEX_POINT ( 'NONE', #3820 ) ;
#3302 = ORIENTED_EDGE ( 'NONE', *, *, #3833, .T. ) ;
#3303 = EDGE_CURVE ( 'NONE', #2739, #2187, #3598, .T. ) ;
#3304 = DIRECTION ( 'NONE',  ( 0.000000000000000000, 1.000000000000000000, 0.000000000000000000 ) ) ;
#3305 = DIRECTION ( 'NONE',  ( 1.000000000000000000, 0.000000000000000000, 0.000000000000000000 ) ) ;
#3306 = VECTOR ( 'NONE', #1220, 1000.000000000000114 ) ;
#3307 = ORIENTED_EDGE ( 'NONE', *, *, #1820, .F. ) ;
#3308 = DIRECTION ( 'NONE',  ( 0.000000000000000000, -1.000000000000000000, 0.000000000000000000 ) ) ;
#3309 = FACE_OUTER_BOUND ( 'NONE', #1762, .T. ) ;
#3310 = DIRECTION ( 'NONE',  ( 1.000000000000000000, -0.000000000000000000, -0.000000000000000000 ) ) ;
#3311 = CARTESIAN_POINT ( 'NONE',  ( 34.60000000000000142, 4.000000000000000000, 17.09999999999999432 ) ) ;
#3312 = ORIENTED_EDGE ( 'NONE', *, *, #100, .F. ) ;
#3313 = VERTEX_POINT ( 'NONE', #2279 ) ;
#3314 = CARTESIAN_POINT ( 'NONE',  ( -11.90000000000002345, 0.000000000000000000, -19.99999999999998224 ) ) ;
#3315 = LINE ( 'NONE', #532, #875 ) ;
#3316 = ORIENTED_EDGE ( 'NONE', *, *, #1775, .T. ) ;
#3317 = FACE_OUTER_BOUND ( 'NONE', #2560, .T. ) ;
#3318 = AXIS2_PLACEMENT_3D ( 'NONE', #2666, #608, #2454 ) ;
#3319 = DIRECTION ( 'NONE',  ( -0.000000000000000000, 1.000000000000000000, -0.000000000000000000 ) ) ;
#3320 = EDGE_CURVE ( 'NONE', #1349, #1693, #1489, .T. ) ;
#3321 = ORIENTED_EDGE ( 'NONE', *, *, #3503, .F. ) ;
#3322 = EDGE_CURVE ( 'NONE', #664, #3892, #260, .T. ) ;
#3323 = VERTEX_POINT ( 'NONE', #2630 ) ;
#3324 = CARTESIAN_POINT ( 'NONE',  ( 6.000000000000025757, 0.000000000000000000, -18.10000000000000142 ) ) ;
#3325 = CARTESIAN_POINT ( 'NONE',  ( 7.510102051443389826, -1.399999999999999911, -19.99999999999999645 ) ) ;
#3326 = LINE ( 'NONE', #1768, #2039 ) ;
#3327 = EDGE_CURVE ( 'NONE', #2894, #326, #3576, .T. ) ;
#3328 = ORIENTED_EDGE ( 'NONE', *, *, #67, .F. ) ;
#3329 = ORIENTED_EDGE ( 'NONE', *, *, #3663, .T. ) ;
#3330 = LINE ( 'NONE', #1795, #3474 ) ;
#3331 = FACE_OUTER_BOUND ( 'NONE', #747, .T. ) ;
#3332 = ORIENTED_EDGE ( 'NONE', *, *, #3533, .T. ) ;
#3333 = CARTESIAN_POINT ( 'NONE',  ( -34.40000000000000568, 1.999999999999914957, -15.90000000000000036 ) ) ;
#3334 = CONICAL_SURFACE ( 'NONE', #2096, 0.8999999999999980238, 0.09966865249116821368 ) ;
#3335 = AXIS2_PLACEMENT_3D ( 'NONE', #1233, #1273, #633 ) ;
#3336 = ORIENTED_EDGE ( 'NONE', *, *, #842, .T. ) ;
#3337 = AXIS2_PLACEMENT_3D ( 'NONE', #1651, #143, #448 ) ;
#3338 = ADVANCED_FACE ( 'NONE', ( #3534 ), #1665, .F. ) ;
#3339 = CARTESIAN_POINT ( 'NONE',  ( -7.000000000000021316, 1.999999999999998224, 19.89999999999998082 ) ) ;
#3340 = CARTESIAN_POINT ( 'NONE',  ( 8.000000000000010658, -1.399999999999999911, 19.89999999999999503 ) ) ;
#3341 = TOROIDAL_SURFACE ( 'NONE', #3141, 0.3999999999999980238, 0.5000000000000000000 ) ;
#3342 = DIRECTION ( 'NONE',  ( 0.000000000000000000, 0.000000000000000000, -1.000000000000000000 ) ) ;
#3343 = VECTOR ( 'NONE', #1985, 1000.000000000000227 ) ;
#3344 = PLANE ( 'NONE',  #2423 ) ;
#3345 = EDGE_CURVE ( 'NONE', #422, #3138, #1616, .T. ) ;
#3346 = ORIENTED_EDGE ( 'NONE', *, *, #1790, .T. ) ;
#3347 = VERTEX_POINT ( 'NONE', #3268 ) ;
#3348 = CARTESIAN_POINT ( 'NONE',  ( -8.000000000000012434, -0.9000000000000000222, -19.59999999999999787 ) ) ;
#3349 = EDGE_CURVE ( 'NONE', #922, #385, #1366, .T. ) ;
#3350 = CARTESIAN_POINT ( 'NONE',  ( -35.60000000000000853, 0.000000000000000000, -18.10000000000000142 ) ) ;
#3351 = VECTOR ( 'NONE', #1952, 1000.000000000000000 ) ;
#3352 = EDGE_LOOP ( 'NONE', ( #2384, #2023, #1602, #800, #3329, #816 ) ) ;
#3353 = ADVANCED_FACE ( 'NONE', ( #1691 ), #587, .F. ) ;
#3354 = VECTOR ( 'NONE', #50, 1000.000000000000000 ) ;
#3355 = CONICAL_SURFACE ( 'NONE', #766, 0.6999999999999853006, 0.09966865249116907410 ) ;
#3356 = VECTOR ( 'NONE', #1593, 1000.000000000000000 ) ;
#3357 = CARTESIAN_POINT ( 'NONE',  ( 0.000000000000000000, 4.000000000000000000, 20.69999999999998153 ) ) ;
#3358 = DIRECTION ( 'NONE',  ( -0.000000000000000000, 1.000000000000000000, -0.000000000000000000 ) ) ;
#3359 = ORIENTED_EDGE ( 'NONE', *, *, #861, .T. ) ;
#3360 = AXIS2_PLACEMENT_3D ( 'NONE', #3863, #2992, #2369 ) ;
#3361 = FACE_OUTER_BOUND ( 'NONE', #3488, .T. ) ;
#3362 = DIRECTION ( 'NONE',  ( 0.000000000000000000, -0.000000000000000000, -1.000000000000000000 ) ) ;
#3363 = DIRECTION ( 'NONE',  ( -1.916821520416361651E-16, 0.000000000000000000, -1.000000000000000000 ) ) ;
#3364 = CARTESIAN_POINT ( 'NONE',  ( 7.060142256157821095, -1.162584027163197531, -19.99999999999999645 ) ) ;
#3365 = EDGE_CURVE ( 'NONE', #3484, #1964, #1997, .T. ) ;
#3366 = EDGE_CURVE ( 'NONE', #1158, #326, #529, .T. ) ;
#3367 = EDGE_LOOP ( 'NONE', ( #3478, #2407, #2525, #134 ) ) ;
#3368 = ORIENTED_EDGE ( 'NONE', *, *, #13, .T. ) ;
#3369 = EDGE_CURVE ( 'NONE', #486, #25, #485, .T. ) ;
#3370 = DIRECTION ( 'NONE',  ( 0.000000000000000000, 0.000000000000000000, -1.000000000000000000 ) ) ;
#3371 = LINE ( 'NONE', #4004, #102 ) ;
#3372 = ORIENTED_EDGE ( 'NONE', *, *, #565, .F. ) ;
#3373 = LINE ( 'NONE', #1920, #1779 ) ;
#3374 = ORIENTED_EDGE ( 'NONE', *, *, #3830, .T. ) ;
#3375 = AXIS2_PLACEMENT_3D ( 'NONE', #2937, #2283, #1982 ) ;
#3376 = AXIS2_PLACEMENT_3D ( 'NONE', #3872, #2269, #3811 ) ;
#3377 = FACE_OUTER_BOUND ( 'NONE', #156, .T. ) ;
#3378 = ORIENTED_EDGE ( 'NONE', *, *, #1998, .T. ) ;
#3379 = PLANE ( 'NONE',  #3635 ) ;
#3380 = DIRECTION ( 'NONE',  ( 0.000000000000000000, 0.000000000000000000, -1.000000000000000000 ) ) ;
#3381 = DIRECTION ( 'NONE',  ( 0.000000000000000000, -1.000000000000000000, 0.000000000000000000 ) ) ;
#3382 = CARTESIAN_POINT ( 'NONE',  ( -11.00000000000002487, -0.8999999999999998002, -19.99999999999998224 ) ) ;
#3383 = ORIENTED_EDGE ( 'NONE', *, *, #2188, .T. ) ;
#3384 = ORIENTED_EDGE ( 'NONE', *, *, #1203, .T. ) ;
#3385 = DIRECTION ( 'NONE',  ( 0.09950371902100509092, -0.9950371902099884869, 0.000000000000000000 ) ) ;
#3386 = PLANE ( 'NONE',  #677 ) ;
#3387 = CARTESIAN_POINT ( 'NONE',  ( -35.60000000000000853, 0.000000000000000000, -18.10000000000000142 ) ) ;
#3388 = ORIENTED_EDGE ( 'NONE', *, *, #1725, .T. ) ;
#3389 = VECTOR ( 'NONE', #3944, 1000.000000000000000 ) ;
#3390 = DIRECTION ( 'NONE',  ( 0.000000000000000000, 0.000000000000000000, 1.000000000000000000 ) ) ;
#3391 = ORIENTED_EDGE ( 'NONE', *, *, #616, .T. ) ;
#3392 = ADVANCED_FACE ( 'NONE', ( #1710 ), #912, .F. ) ;
#3393 = DIRECTION ( 'NONE',  ( 0.09950371902100590971, -0.9950371902099883759, 0.000000000000000000 ) ) ;
#3394 = B_SPLINE_CURVE_WITH_KNOTS ( 'NONE', 3,
 ( #3215, #1126, #2321, #3856, #805, #762 ),
 .UNSPECIFIED., .F., .F.,
 ( 4, 2, 4 ),
 ( -7.143769264597866772E-06, 0.0003888470756610467628, 0.0007848379205866913306 ),
 .UNSPECIFIED. ) ;
#3395 = EDGE_CURVE ( 'NONE', #2260, #138, #2345, .T. ) ;
#3396 = ORIENTED_EDGE ( 'NONE', *, *, #397, .F. ) ;
#3397 = EDGE_CURVE ( 'NONE', #1097, #2194, #321, .T. ) ;
#3398 = AXIS2_PLACEMENT_3D ( 'NONE', #2691, #3295, #3946 ) ;
#3399 = LINE ( 'NONE', #4013, #3428 ) ;
#3400 = CARTESIAN_POINT ( 'NONE',  ( -8.000000000000015987, -0.8999999999999998002, -19.89999999999998082 ) ) ;
#3401 = CARTESIAN_POINT ( 'NONE',  ( -7.005012562893393024, -1.032795409528606712, -19.99999999999997158 ) ) ;
#3402 = VECTOR ( 'NONE', #2030, 1000.000000000000000 ) ;
#3403 = FACE_OUTER_BOUND ( 'NONE', #2606, .T. ) ;
#3404 = EDGE_LOOP ( 'NONE', ( #1544, #1048, #1756, #1458 ) ) ;
#3405 = AXIS2_PLACEMENT_3D ( 'NONE', #337, #1229, #3717 ) ;
#3406 = EDGE_LOOP ( 'NONE', ( #644, #2029, #3751, #3517 ) ) ;
#3407 = CARTESIAN_POINT ( 'NONE',  ( 35.39999999999998437, 4.000000000000000000, 17.09999999999999432 ) ) ;
#3408 = VECTOR ( 'NONE', #1696, 1000.000000000000000 ) ;
#3409 = DIRECTION ( 'NONE',  ( -0.000000000000000000, 1.000000000000000000, -0.000000000000000000 ) ) ;
#3410 = LINE ( 'NONE', #3756, #1716 ) ;
#3411 = FACE_OUTER_BOUND ( 'NONE', #3607, .T. ) ;
#3412 = ADVANCED_FACE ( 'NONE', ( #1345 ), #1686, .T. ) ;
#3413 = VERTEX_POINT ( 'NONE', #1428 ) ;
#3414 = ADVANCED_FACE ( 'NONE', ( #2364 ), #2596, .T. ) ;
#3415 = VECTOR ( 'NONE', #1744, 1000.000000000000000 ) ;
#3416 = EDGE_CURVE ( 'NONE', #415, #2711, #1531, .T. ) ;
#3417 = ADVANCED_FACE ( 'NONE', ( #1835 ), #3080, .F. ) ;
#3418 = CARTESIAN_POINT ( 'NONE',  ( -6.000000000000023981, 4.000000000000000000, -19.10000000000000142 ) ) ;
#3419 = ORIENTED_EDGE ( 'NONE', *, *, #3013, .F. ) ;
#3420 = ADVANCED_FACE ( 'NONE', ( #969 ), #1290, .T. ) ;
#3421 = DIRECTION ( 'NONE',  ( -0.000000000000000000, 1.000000000000000000, -0.000000000000000000 ) ) ;
#3422 = DIRECTION ( 'NONE',  ( 0.000000000000000000, 0.000000000000000000, 1.000000000000000000 ) ) ;
#3423 = DIRECTION ( 'NONE',  ( 1.000000000000000000, 0.000000000000000000, -0.000000000000000000 ) ) ;
#3424 = DIRECTION ( 'NONE',  ( -0.000000000000000000, 1.000000000000000000, -0.000000000000000000 ) ) ;
#3425 = ORIENTED_EDGE ( 'NONE', *, *, #2688, .T. ) ;
#3426 = ORIENTED_EDGE ( 'NONE', *, *, #501, .T. ) ;
#3427 = DIRECTION ( 'NONE',  ( -0.000000000000000000, 1.000000000000000000, -0.000000000000000000 ) ) ;
#3428 = VECTOR ( 'NONE', #230, 1000.000000000000000 ) ;
#3429 = VECTOR ( 'NONE', #3186, 1000.000000000000000 ) ;
#3430 = DIRECTION ( 'NONE',  ( -0.000000000000000000, -1.000000000000000000, -0.000000000000000000 ) ) ;
#3431 = DIRECTION ( 'NONE',  ( 0.000000000000000000, 0.000000000000000000, -1.000000000000000000 ) ) ;
#3432 = PRODUCT_DEFINITION_CONTEXT ( 'detailed design', #2232, 'design' ) ;
#3433 = VERTEX_POINT ( 'NONE', #671 ) ;
#3434 = VECTOR ( 'NONE', #2173, 1000.000000000000227 ) ;
#3435 = DIRECTION ( 'NONE',  ( 0.000000000000000000, -0.09950371902100510479, 0.9950371902099885979 ) ) ;
#3436 = DIRECTION ( 'NONE',  ( -2.739037067331827248E-15, 0.000000000000000000, 1.000000000000000000 ) ) ;
#3437 = EDGE_CURVE ( 'NONE', #860, #2091, #788, .T. ) ;
#3438 = ORIENTED_EDGE ( 'NONE', *, *, #2326, .T. ) ;
#3439 = CIRCLE ( 'NONE', #1612, 1.000000000000000888 ) ;
#3440 = EDGE_CURVE ( 'NONE', #2869, #702, #947, .T. ) ;
#3441 = DIRECTION ( 'NONE',  ( -0.000000000000000000, 1.000000000000000000, -0.000000000000000000 ) ) ;
#3442 = CARTESIAN_POINT ( 'NONE',  ( -12.90000000000002522, 1.999999999999998668, -18.10000000000000142 ) ) ;
#3443 = CIRCLE ( 'NONE', #70, 0.5000000000000004441 ) ;
#3444 = AXIS2_PLACEMENT_3D ( 'NONE', #640, #1864, #1624 ) ;
#3445 = DIRECTION ( 'NONE',  ( 1.916821520416361651E-16, 0.000000000000000000, 1.000000000000000000 ) ) ;
#3446 = ADVANCED_FACE ( 'NONE', ( #1231 ), #913, .T. ) ;
#3447 = DIRECTION ( 'NONE',  ( 0.000000000000000000, 0.000000000000000000, -1.000000000000000000 ) ) ;
#3448 = ORIENTED_EDGE ( 'NONE', *, *, #3222, .T. ) ;
#3449 = ADVANCED_FACE ( 'NONE', ( #3411 ), #1877, .F. ) ;
#3450 = ORIENTED_EDGE ( 'NONE', *, *, #10, .F. ) ;
#3451 = ORIENTED_EDGE ( 'NONE', *, *, #1182, .F. ) ;
#3452 = DIRECTION ( 'NONE',  ( 0.000000000000000000, 0.000000000000000000, -1.000000000000000000 ) ) ;
#3453 = DIRECTION ( 'NONE',  ( -1.000000000000000000, 0.000000000000000000, 0.000000000000000000 ) ) ;
#3454 = DIRECTION ( 'NONE',  ( 0.000000000000000000, -1.000000000000000000, 0.000000000000000000 ) ) ;
#3455 = CARTESIAN_POINT ( 'NONE',  ( 33.39999999999999147, 1.000000000000000000, -15.90000000000000036 ) ) ;
#3456 = ADVANCED_FACE ( 'NONE', ( #2834 ), #1899, .T. ) ;
#3457 = CARTESIAN_POINT ( 'NONE',  ( -33.90000000000001279, 1.000000000000000000, -19.10000000000000142 ) ) ;
#3458 = DIRECTION ( 'NONE',  ( 0.000000000000000000, 0.000000000000000000, -1.000000000000000000 ) ) ;
#3459 = ORIENTED_EDGE ( 'NONE', *, *, #1536, .T. ) ;
#3460 = CARTESIAN_POINT ( 'NONE',  ( 34.39999999999999147, 0.000000000000000000, -15.90000000000000036 ) ) ;
#3461 = AXIS2_PLACEMENT_3D ( 'NONE', #120, #2591, #3538 ) ;
#3462 = CARTESIAN_POINT ( 'NONE',  ( -35.60000000000000853, 4.000000000000000000, -17.10000000000000142 ) ) ;
#3463 = ORIENTED_EDGE ( 'NONE', *, *, #2399, .T. ) ;
#3464 = DIRECTION ( 'NONE',  ( 0.000000000000000000, 0.09950371902099584831, -0.9950371902099894861 ) ) ;
#3465 = CARTESIAN_POINT ( 'NONE',  ( 7.200000000000025047, 4.000000000000000000, 19.89999999999998437 ) ) ;
#3466 = CARTESIAN_POINT ( 'NONE',  ( 0.000000000000000000, 9.643580423808986168, -20.89999999999998082 ) ) ;
#3467 = DIRECTION ( 'NONE',  ( -1.000000000000000000, 0.000000000000000000, 0.000000000000000000 ) ) ;
#3468 = ORIENTED_EDGE ( 'NONE', *, *, #1119, .F. ) ;
#3469 = ADVANCED_FACE ( 'NONE', ( #3097 ), #1549, .T. ) ;
#3470 = VERTEX_POINT ( 'NONE', #1288 ) ;
#3471 = EDGE_LOOP ( 'NONE', ( #2527, #400, #2775, #2244 ) ) ;
#3472 = CARTESIAN_POINT ( 'NONE',  ( -11.90000000000002345, 1.999999999999998224, -19.99999999999998224 ) ) ;
#3473 = VECTOR ( 'NONE', #3981, 1000.000000000000114 ) ;
#3474 = VECTOR ( 'NONE', #220, 1000.000000000000227 ) ;
#3475 = FACE_OUTER_BOUND ( 'NONE', #1006, .T. ) ;
#3476 = APPLICATION_PROTOCOL_DEFINITION ( 'draft international standard', 'automotive_design', 1998, #1194 ) ;
#3477 = DIRECTION ( 'NONE',  ( 0.000000000000000000, 0.000000000000000000, 1.000000000000000000 ) ) ;
#3478 = ORIENTED_EDGE ( 'NONE', *, *, #2722, .T. ) ;
#3479 = AXIS2_PLACEMENT_3D ( 'NONE', #945, #3054, #2773 ) ;
#3480 = VECTOR ( 'NONE', #3310, 1000.000000000000000 ) ;
#3481 = DIRECTION ( 'NONE',  ( 0.000000000000000000, 0.000000000000000000, 1.000000000000000000 ) ) ;
#3482 = EDGE_CURVE ( 'NONE', #1488, #1097, #2790, .T. ) ;
#3483 = DIRECTION ( 'NONE',  ( -0.000000000000000000, 1.000000000000000000, -0.000000000000000000 ) ) ;
#3484 = VERTEX_POINT ( 'NONE', #1269 ) ;
#3485 = CYLINDRICAL_SURFACE ( 'NONE', #3156, 0.5000000000000004441 ) ;
#3486 = CARTESIAN_POINT ( 'NONE',  ( -11.00000000000002487, -1.399999999999999911, -20.39999999999998082 ) ) ;
#3487 = AXIS2_PLACEMENT_3D ( 'NONE', #1638, #1948, #3835 ) ;
#3488 = EDGE_LOOP ( 'NONE', ( #2242, #3685, #2880, #2550 ) ) ;
#3489 = LINE ( 'NONE', #703, #3972 ) ;
#3490 = DIRECTION ( 'NONE',  ( 1.000000000000000000, -0.000000000000000000, 6.391086490440884227E-15 ) ) ;
#3491 = DIRECTION ( 'NONE',  ( -0.09950371902100590971, -0.9950371902099883759, -1.726114373327264784E-15 ) ) ;
#3492 = DIRECTION ( 'NONE',  ( 1.000000000000000000, 0.000000000000000000, -0.000000000000000000 ) ) ;
#3493 = CIRCLE ( 'NONE', #3565, 0.5000000000000004441 ) ;
#3494 = VERTEX_POINT ( 'NONE', #2488 ) ;
#3495 = ORIENTED_EDGE ( 'NONE', *, *, #2059, .F. ) ;
#3496 = ORIENTED_EDGE ( 'NONE', *, *, #442, .F. ) ;
#3497 = CARTESIAN_POINT ( 'NONE',  ( -7.000000000000015987, 1.999999999999998224, -19.89999999999997016 ) ) ;
#3498 = DIRECTION ( 'NONE',  ( 0.000000000000000000, 0.000000000000000000, 1.000000000000000000 ) ) ;
#3499 = DIRECTION ( 'NONE',  ( 0.9950371902099884869, -0.09950371902100592358, -6.359368743837361082E-15 ) ) ;
#3500 = CARTESIAN_POINT ( 'NONE',  ( -33.40000000000000568, 0.000000000000000000, -16.90000000000000213 ) ) ;
#3501 = ORIENTED_EDGE ( 'NONE', *, *, #499, .T. ) ;
#3502 = EDGE_CURVE ( 'NONE', #2556, #2580, #2206, .T. ) ;
#3503 = EDGE_CURVE ( 'NONE', #1488, #2754, #2181, .T. ) ;
#3504 = DIRECTION ( 'NONE',  ( 0.000000000000000000, -1.000000000000000000, 0.000000000000000000 ) ) ;
#3505 = CARTESIAN_POINT ( 'NONE',  ( -33.40000000000000568, 4.000000000000000000, 15.89999999999999325 ) ) ;
#3506 = ORIENTED_EDGE ( 'NONE', *, *, #1242, .T. ) ;
#3507 = EDGE_CURVE ( 'NONE', #2538, #1180, #1216, .T. ) ;
#3508 = EDGE_CURVE ( 'NONE', #3112, #3773, #364, .T. ) ;
#3509 = EDGE_CURVE ( 'NONE', #3234, #2129, #993, .T. ) ;
#3510 = DIRECTION ( 'NONE',  ( 1.000000000000000000, 0.000000000000000000, 0.000000000000000000 ) ) ;
#3511 = DIRECTION ( 'NONE',  ( 0.000000000000000000, -1.000000000000000000, 0.000000000000000000 ) ) ;
#3512 = VERTEX_POINT ( 'NONE', #4007 ) ;
#3513 = DIRECTION ( 'NONE',  ( 0.000000000000000000, -1.000000000000000000, 0.000000000000000000 ) ) ;
#3514 = CARTESIAN_POINT ( 'NONE',  ( 11.90000000000014424, 0.000000000000000000, 7.605392923624744015E-14 ) ) ;
#3515 = DIRECTION ( 'NONE',  ( 1.000000000000000000, -0.000000000000000000, -0.000000000000000000 ) ) ;
#3516 = EDGE_LOOP ( 'NONE', ( #2379, #1286, #1550, #199 ) ) ;
#3517 = ORIENTED_EDGE ( 'NONE', *, *, #744, .F. ) ;
#3518 = LINE ( 'NONE', #381, #669 ) ;
#3519 = AXIS2_PLACEMENT_3D ( 'NONE', #1025, #2302, #769 ) ;
#3520 = CARTESIAN_POINT ( 'NONE',  ( 7.200000000000300382, 4.000000000000000000, 9.992007221626854412E-14 ) ) ;
#3521 = CARTESIAN_POINT ( 'NONE',  ( -10.99999999999997335, -1.399999999999999911, 20.39999999999998082 ) ) ;
#3522 = VERTEX_POINT ( 'NONE', #2642 ) ;
#3523 = DIRECTION ( 'NONE',  ( 0.000000000000000000, 1.000000000000000000, 0.000000000000000000 ) ) ;
#3524 = CYLINDRICAL_SURFACE ( 'NONE', #723, 1.000000000000000888 ) ;
#3525 = ORIENTED_EDGE ( 'NONE', *, *, #3719, .F. ) ;
#3526 = VECTOR ( 'NONE', #670, 1000.000000000000000 ) ;
#3527 = DIRECTION ( 'NONE',  ( 0.000000000000000000, 0.000000000000000000, -1.000000000000000000 ) ) ;
#3528 = CARTESIAN_POINT ( 'NONE',  ( 8.000000000000010658, -0.8999999999999998002, 19.89999999999999503 ) ) ;
#3529 = ADVANCED_FACE ( 'NONE', ( #457 ), #1926, .T. ) ;
#3530 = VERTEX_POINT ( 'NONE', #1314 ) ;
#3531 = DIRECTION ( 'NONE',  ( 1.000000000000000000, 0.000000000000000000, -0.000000000000000000 ) ) ;
#3532 = LINE ( 'NONE', #418, #3351 ) ;
#3533 = EDGE_CURVE ( 'NONE', #1311, #2411, #971, .T. ) ;
#3534 = FACE_OUTER_BOUND ( 'NONE', #2825, .T. ) ;
#3535 = ORIENTED_EDGE ( 'NONE', *, *, #3649, .F. ) ;
#3536 = ORIENTED_EDGE ( 'NONE', *, *, #1163, .F. ) ;
#3537 = ORIENTED_EDGE ( 'NONE', *, *, #2297, .F. ) ;
#3538 = DIRECTION ( 'NONE',  ( 0.000000000000000000, 0.000000000000000000, -1.000000000000000000 ) ) ;
#3539 = PLANE ( 'NONE',  #103 ) ;
#3540 = DIRECTION ( 'NONE',  ( 0.000000000000000000, 0.000000000000000000, -1.000000000000000000 ) ) ;
#3541 = DIRECTION ( 'NONE',  ( 2.739037067331807526E-15, 0.000000000000000000, 1.000000000000000000 ) ) ;
#3542 = ORIENTED_EDGE ( 'NONE', *, *, #477, .F. ) ;
#3543 = VECTOR ( 'NONE', #1630, 1000.000000000000000 ) ;
#3544 = CARTESIAN_POINT ( 'NONE',  ( 11.00000000000002487, 1.999999999999998224, -20.89999999999999503 ) ) ;
#3545 = CARTESIAN_POINT ( 'NONE',  ( -11.00000000000001776, -0.8999999999999998002, 19.99999999999998224 ) ) ;
#3546 = CARTESIAN_POINT ( 'NONE',  ( 8.000000000000007105, 0.000000000000000000, 20.10000000000000142 ) ) ;
#3547 = AXIS2_PLACEMENT_3D ( 'NONE', #653, #3043, #3723 ) ;
#3548 = ORIENTED_EDGE ( 'NONE', *, *, #1497, .F. ) ;
#3549 = CARTESIAN_POINT ( 'NONE',  ( 0.000000000000000000, 9.643580423808986168, 20.89999999999999503 ) ) ;
#3550 = VECTOR ( 'NONE', #3986, 1000.000000000000000 ) ;
#3551 = AXIS2_PLACEMENT_3D ( 'NONE', #483, #2037, #53 ) ;
#3552 = FACE_OUTER_BOUND ( 'NONE', #3657, .T. ) ;
#3553 = EDGE_CURVE ( 'NONE', #2194, #180, #1703, .T. ) ;
#3554 = EDGE_CURVE ( 'NONE', #1672, #2336, #1110, .T. ) ;
#3555 = COLOUR_RGB ( '',1.000000000000000000, 1.000000000000000000, 1.000000000000000000 ) ;
#3556 = EDGE_CURVE ( 'NONE', #1158, #889, #2013, .T. ) ;
#3557 = DIRECTION ( 'NONE',  ( 0.000000000000000000, 0.000000000000000000, 1.000000000000000000 ) ) ;
#3558 = AXIS2_PLACEMENT_3D ( 'NONE', #2864, #3125, #2278 ) ;
#3559 = VECTOR ( 'NONE', #210, 1000.000000000000000 ) ;
#3560 = VERTEX_POINT ( 'NONE', #3263 ) ;
#3561 = VERTEX_POINT ( 'NONE', #434 ) ;
#3562 = AXIS2_PLACEMENT_3D ( 'NONE', #3117, #714, #3477 ) ;
#3563 = ORIENTED_EDGE ( 'NONE', *, *, #3416, .T. ) ;
#3564 = CARTESIAN_POINT ( 'NONE',  ( -34.40000000000000568, 0.000000000000000000, 15.89999999999999325 ) ) ;
#3565 = AXIS2_PLACEMENT_3D ( 'NONE', #107, #3741, #2859 ) ;
#3566 = CARTESIAN_POINT ( 'NONE',  ( -35.60000000000000142, 4.000000000000000000, 17.09999999999999432 ) ) ;
#3567 = CARTESIAN_POINT ( 'NONE',  ( 7.246746445442456164, -1.346739614506614169, 19.99999999999997868 ) ) ;
#3568 = ORIENTED_EDGE ( 'NONE', *, *, #840, .F. ) ;
#3569 = ORIENTED_EDGE ( 'NONE', *, *, #3482, .T. ) ;
#3570 = LINE ( 'NONE', #478, #1904 ) ;
#3571 = CARTESIAN_POINT ( 'NONE',  ( 11.90000000000001634, 9.643580423808986168, 19.99999999999999645 ) ) ;
#3572 = ORIENTED_EDGE ( 'NONE', *, *, #314, .T. ) ;
#3573 = CARTESIAN_POINT ( 'NONE',  ( 7.200000000000025047, 4.000000000000000000, 19.89999999999998437 ) ) ;
#3574 = CARTESIAN_POINT ( 'NONE',  ( 35.59999999999999432, 1.999999999999998668, -18.10000000000000142 ) ) ;
#3575 = VECTOR ( 'NONE', #716, 1000.000000000000227 ) ;
#3576 = LINE ( 'NONE', #1046, #2855 ) ;
#3577 = VERTEX_POINT ( 'NONE', #1037 ) ;
#3578 = ORIENTED_EDGE ( 'NONE', *, *, #1016, .T. ) ;
#3579 = AXIS2_PLACEMENT_3D ( 'NONE', #2745, #1521, #2763 ) ;
#3580 = ORIENTED_EDGE ( 'NONE', *, *, #474, .F. ) ;
#3581 = LINE ( 'NONE', #3905, #410 ) ;
#3582 = EDGE_CURVE ( 'NONE', #1054, #3589, #1082, .T. ) ;
#3583 = DIRECTION ( 'NONE',  ( 0.000000000000000000, 0.000000000000000000, -1.000000000000000000 ) ) ;
#3584 = CARTESIAN_POINT ( 'NONE',  ( 11.90000000000002878, 9.643580423808986168, -18.10000000000000142 ) ) ;
#3585 = ADVANCED_FACE ( 'NONE', ( #129 ), #3524, .F. ) ;
#3586 = ORIENTED_EDGE ( 'NONE', *, *, #2514, .F. ) ;
#3587 = CIRCLE ( 'NONE', #970, 1.000000000000000888 ) ;
#3588 = VECTOR ( 'NONE', #2755, 1000.000000000000000 ) ;
#3589 = VERTEX_POINT ( 'NONE', #2290 ) ;
#3590 = CIRCLE ( 'NONE', #1688, 1.000000000000000888 ) ;
#3591 = CARTESIAN_POINT ( 'NONE',  ( 8.000000000000007105, -1.399999999999999911, 19.09999999999999787 ) ) ;
#3592 = EDGE_CURVE ( 'NONE', #119, #1613, #3439, .T. ) ;
#3593 = CARTESIAN_POINT ( 'NONE',  ( 12.90000000000001634, 4.000000000000000000, 19.09999999999999432 ) ) ;
#3594 = VECTOR ( 'NONE', #2822, 1000.000000000000114 ) ;
#3595 = ORIENTED_EDGE ( 'NONE', *, *, #3976, .F. ) ;
#3596 = CARTESIAN_POINT ( 'NONE',  ( -7.000000000000021316, 1.999999999999998224, 0.000000000000000000 ) ) ;
#3597 = CARTESIAN_POINT ( 'NONE',  ( 11.00000000000002487, 0.000000000000000000, -19.09999999999999787 ) ) ;
#3598 = LINE ( 'NONE', #1411, #3264 ) ;
#3599 = ORIENTED_EDGE ( 'NONE', *, *, #859, .F. ) ;
#3600 = ORIENTED_EDGE ( 'NONE', *, *, #1201, .F. ) ;
#3601 = CIRCLE ( 'NONE', #600, 0.6999999999999853006 ) ;
#3602 = DIRECTION ( 'NONE',  ( 0.000000000000000000, 0.000000000000000000, -1.000000000000000000 ) ) ;
#3603 = CARTESIAN_POINT ( 'NONE',  ( -11.70000000000001172, 4.000000000000000000, -19.09999999999999787 ) ) ;
#3604 = CARTESIAN_POINT ( 'NONE',  ( -11.00000000000001776, -0.8999999999999998002, 19.99999999999998224 ) ) ;
#3605 = FACE_OUTER_BOUND ( 'NONE', #1956, .T. ) ;
#3606 = EDGE_CURVE ( 'NONE', #1815, #119, #479, .T. ) ;
#3607 = EDGE_LOOP ( 'NONE', ( #229, #3501, #3572, #2858 ) ) ;
#3608 = EDGE_LOOP ( 'NONE', ( #492, #1453, #2427, #2874, #76 ) ) ;
#3609 = CARTESIAN_POINT ( 'NONE',  ( 0.000000000000000000, 4.000000000000000000, 17.89999999999998082 ) ) ;
#3610 = CARTESIAN_POINT ( 'NONE',  ( 35.60000000000000142, 4.000000000000000000, 17.09999999999999432 ) ) ;
#3611 = ORIENTED_EDGE ( 'NONE', *, *, #1561, .T. ) ;
#3612 = ORIENTED_EDGE ( 'NONE', *, *, #1680, .T. ) ;
#3613 = ADVANCED_FACE ( 'NONE', ( #1017 ), #735, .F. ) ;
#3614 = DIRECTION ( 'NONE',  ( -1.000000000000000000, 0.000000000000000000, 0.000000000000000000 ) ) ;
#3615 = VECTOR ( 'NONE', #1541, 1000.000000000000000 ) ;
#3616 = DIRECTION ( 'NONE',  ( 0.000000000000000000, 0.000000000000000000, -1.000000000000000000 ) ) ;
#3617 = VECTOR ( 'NONE', #666, 1000.000000000000000 ) ;
#3618 = VECTOR ( 'NONE', #1175, 1000.000000000000227 ) ;
#3619 = DIRECTION ( 'NONE',  ( 0.000000000000000000, 0.000000000000000000, -1.000000000000000000 ) ) ;
#3620 = ORIENTED_EDGE ( 'NONE', *, *, #827, .F. ) ;
#3621 = DIRECTION ( 'NONE',  ( 0.000000000000000000, -1.000000000000000000, 0.000000000000000000 ) ) ;
#3622 = CARTESIAN_POINT ( 'NONE',  ( -12.90000000000002522, 0.000000000000000000, -19.10000000000000142 ) ) ;
#3623 = LINE ( 'NONE', #1469, #1133 ) ;
#3624 = VECTOR ( 'NONE', #674, 1000.000000000000000 ) ;
#3625 = ORIENTED_EDGE ( 'NONE', *, *, #560, .T. ) ;
#3626 = ORIENTED_EDGE ( 'NONE', *, *, #2211, .F. ) ;
#3627 = CARTESIAN_POINT ( 'NONE',  ( -33.40000000000000568, 4.000000000000000000, -17.10000000000000497 ) ) ;
#3628 = DIRECTION ( 'NONE',  ( 0.000000000000000000, -1.000000000000000000, 0.000000000000000000 ) ) ;
#3629 = ADVANCED_FACE ( 'NONE', ( #2251 ), #3103, .F. ) ;
#3630 = VERTEX_POINT ( 'NONE', #1337 ) ;
#3631 = ADVANCED_FACE ( 'NONE', ( #1657 ), #1872, .F. ) ;
#3632 = DIRECTION ( 'NONE',  ( 0.000000000000000000, 0.9950371902099884869, 0.09950371902100509092 ) ) ;
#3633 = DIRECTION ( 'NONE',  ( -0.000000000000000000, 1.000000000000000000, -0.000000000000000000 ) ) ;
#3634 = ADVANCED_FACE ( 'NONE', ( #1963 ), #649, .F. ) ;
#3635 = AXIS2_PLACEMENT_3D ( 'NONE', #247, #309, #3008 ) ;
#3636 = VERTEX_POINT ( 'NONE', #1104 ) ;
#3637 = DIRECTION ( 'NONE',  ( 1.000000000000000000, 0.000000000000000000, 0.000000000000000000 ) ) ;
#3638 = DIRECTION ( 'NONE',  ( 0.000000000000000000, -1.000000000000000000, 0.000000000000000000 ) ) ;
#3639 = PLANE ( 'NONE',  #1717 ) ;
#3640 = DIRECTION ( 'NONE',  ( 0.09950371902100590971, 0.9950371902099883759, 0.000000000000000000 ) ) ;
#3641 = ORIENTED_EDGE ( 'NONE', *, *, #1245, .T. ) ;
#3642 = ORIENTED_EDGE ( 'NONE', *, *, #739, .T. ) ;
#3643 = CARTESIAN_POINT ( 'NONE',  ( -8.000000000000021316, 1.999999999999998224, 20.89999999999998082 ) ) ;
#3644 = CARTESIAN_POINT ( 'NONE',  ( 0.000000000000000000, -1.399999999999999911, 19.09999999999999787 ) ) ;
#3645 = VERTEX_POINT ( 'NONE', #696 ) ;
#3646 = AXIS2_PLACEMENT_3D ( 'NONE', #2175, #1911, #1002 ) ;
#3647 = DIRECTION ( 'NONE',  ( -1.000000000000000000, 0.000000000000000000, 0.000000000000000000 ) ) ;
#3648 = ADVANCED_FACE ( 'NONE', ( #2904 ), #1359, .T. ) ;
#3649 = EDGE_CURVE ( 'NONE', #2817, #273, #2619, .T. ) ;
#3650 = ORIENTED_EDGE ( 'NONE', *, *, #1790, .F. ) ;
#3651 = ADVANCED_FACE ( 'NONE', ( #1457 ), #2699, .F. ) ;
#3652 = CARTESIAN_POINT ( 'NONE',  ( -11.00000000000002487, 1.999999999999998224, -20.89999999999998082 ) ) ;
#3653 = DIRECTION ( 'NONE',  ( 0.000000000000000000, 0.000000000000000000, -1.000000000000000000 ) ) ;
#3654 = DIRECTION ( 'NONE',  ( 0.000000000000000000, 0.000000000000000000, -1.000000000000000000 ) ) ;
#3655 = DIRECTION ( 'NONE',  ( -0.000000000000000000, -1.000000000000000000, -0.000000000000000000 ) ) ;
#3656 = VERTEX_POINT ( 'NONE', #1157 ) ;
#3657 = EDGE_LOOP ( 'NONE', ( #3681, #3017, #3332, #3298 ) ) ;
#3658 = AXIS2_PLACEMENT_3D ( 'NONE', #2370, #1787, #489 ) ;
#3659 = CARTESIAN_POINT ( 'NONE',  ( 12.90000000000001634, 0.000000000000000000, 19.09999999999999432 ) ) ;
#3660 = LINE ( 'NONE', #1758, #3618 ) ;
#3661 = EDGE_LOOP ( 'NONE', ( #595, #1678, #3563, #4008, #755, #2727, #2736, #1154 ) ) ;
#3662 = DIRECTION ( 'NONE',  ( 0.000000000000000000, 0.000000000000000000, 1.000000000000000000 ) ) ;
#3663 = EDGE_CURVE ( 'NONE', #2021, #2959, #618, .T. ) ;
#3664 = CIRCLE ( 'NONE', #746, 0.5000000000000004441 ) ;
#3665 = CIRCLE ( 'NONE', #1972, 0.8999999999999980238 ) ;
#3666 = EDGE_CURVE ( 'NONE', #117, #2541, #1142, .T. ) ;
#3667 = DIRECTION ( 'NONE',  ( 0.000000000000000000, 0.000000000000000000, -1.000000000000000000 ) ) ;
#3668 = EDGE_CURVE ( 'NONE', #1434, #2221, #2661, .T. ) ;
#3669 = VECTOR ( 'NONE', #759, 1000.000000000000000 ) ;
#3670 = ORIENTED_EDGE ( 'NONE', *, *, #771, .F. ) ;
#3671 = VECTOR ( 'NONE', #1205, 1000.000000000000114 ) ;
#3672 = ADVANCED_FACE ( 'NONE', ( #1776 ), #1124, .T. ) ;
#3673 = CARTESIAN_POINT ( 'NONE',  ( 12.90000000000001634, 4.000000000000000000, 19.09999999999999432 ) ) ;
#3674 = FACE_OUTER_BOUND ( 'NONE', #3516, .T. ) ;
#3675 = FACE_OUTER_BOUND ( 'NONE', #3367, .T. ) ;
#3676 = CARTESIAN_POINT ( 'NONE',  ( 35.60000000000000142, 0.000000000000000000, 17.09999999999999432 ) ) ;
#3677 = VERTEX_POINT ( 'NONE', #255 ) ;
#3678 = ORIENTED_EDGE ( 'NONE', *, *, #3395, .T. ) ;
#3679 = FACE_OUTER_BOUND ( 'NONE', #1666, .T. ) ;
#3680 = CIRCLE ( 'NONE', #1405, 1.200000000000013500 ) ;
#3681 = ORIENTED_EDGE ( 'NONE', *, *, #2326, .F. ) ;
#3682 = TOROIDAL_SURFACE ( 'NONE', #2498, 0.5000000000000000000, 0.5000000000000000000 ) ;
#3683 = AXIS2_PLACEMENT_3D ( 'NONE', #2231, #173, #1425 ) ;
#3684 = PLANE ( 'NONE',  #3562 ) ;
#3685 = ORIENTED_EDGE ( 'NONE', *, *, #1034, .F. ) ;
#3686 = DIRECTION ( 'NONE',  ( -0.000000000000000000, 1.000000000000000000, -0.000000000000000000 ) ) ;
#3687 = ORIENTED_EDGE ( 'NONE', *, *, #1763, .F. ) ;
#3688 = VECTOR ( 'NONE', #1482, 1000.000000000000000 ) ;
#3689 = DIRECTION ( 'NONE',  ( 0.000000000000000000, 0.9950371902099884869, 0.09950371902100509092 ) ) ;
#3690 = DIRECTION ( 'NONE',  ( 0.000000000000000000, 0.000000000000000000, 1.000000000000000000 ) ) ;
#3691 = CARTESIAN_POINT ( 'NONE',  ( -34.40000000000000568, 1.500000000000000000, -16.90000000000000213 ) ) ;
#3692 = DIRECTION ( 'NONE',  ( 0.000000000000000000, 0.000000000000000000, -1.000000000000000000 ) ) ;
#3693 = ORIENTED_EDGE ( 'NONE', *, *, #3556, .T. ) ;
#3694 = EDGE_LOOP ( 'NONE', ( #1342, #3051, #2997, #1443 ) ) ;
#3695 = CARTESIAN_POINT ( 'NONE',  ( 11.90000000000002345, 1.999999999999998224, 19.09999999999998721 ) ) ;
#3696 = EDGE_CURVE ( 'NONE', #1191, #1986, #2338, .T. ) ;
#3697 = CARTESIAN_POINT ( 'NONE',  ( 8.000000000000010658, 0.000000000000000000, 19.89999999999999503 ) ) ;
#3698 = CARTESIAN_POINT ( 'NONE',  ( -7.000000000000021316, 9.643580423808986168, 19.89999999999998082 ) ) ;
#3699 = ORIENTED_EDGE ( 'NONE', *, *, #744, .T. ) ;
#3700 = B_SPLINE_CURVE_WITH_KNOTS ( 'NONE', 3,
 ( #91, #3401, #622, #1847, #3088, #311 ),
 .UNSPECIFIED., .F., .F.,
 ( 4, 2, 4 ),
 ( 1.084202172485504434E-19, 0.0003927252244376915405, 0.0007854504488753829726 ),
 .UNSPECIFIED. ) ;
#3701 = EDGE_CURVE ( 'NONE', #1180, #2556, #3216, .T. ) ;
#3702 = DIRECTION ( 'NONE',  ( 0.000000000000000000, 0.000000000000000000, -1.000000000000000000 ) ) ;
#3703 = ORIENTED_EDGE ( 'NONE', *, *, #3303, .F. ) ;
#3704 = VECTOR ( 'NONE', #3059, 1000.000000000000000 ) ;
#3705 = DIRECTION ( 'NONE',  ( -0.000000000000000000, -1.000000000000000000, -0.000000000000000000 ) ) ;
#3706 = ORIENTED_EDGE ( 'NONE', *, *, #1378, .T. ) ;
#3707 = CARTESIAN_POINT ( 'NONE',  ( -6.000000000000019540, 1.999999999999998668, 18.09999999999999432 ) ) ;
#3708 = DIRECTION ( 'NONE',  ( 0.000000000000000000, 0.09950371902099584831, 0.9950371902099894861 ) ) ;
#3709 = CARTESIAN_POINT ( 'NONE',  ( 6.000000000000019540, 4.000000000000000000, 17.89999999999998082 ) ) ;
#3710 = DIRECTION ( 'NONE',  ( 0.000000000000000000, 0.000000000000000000, -1.000000000000000000 ) ) ;
#3711 = ORIENTED_EDGE ( 'NONE', *, *, #416, .T. ) ;
#3712 = ORIENTED_EDGE ( 'NONE', *, *, #790, .T. ) ;
#3713 = PLANE ( 'NONE',  #257 ) ;
#3714 = ADVANCED_FACE ( 'NONE', ( #3331 ), #2714, .T. ) ;
#3715 = EDGE_CURVE ( 'NONE', #2009, #422, #2360, .T. ) ;
#3716 = DIRECTION ( 'NONE',  ( -1.000000000000000000, 0.000000000000000000, 0.000000000000000000 ) ) ;
#3717 = DIRECTION ( 'NONE',  ( 1.000000000000000000, 0.000000000000000000, 0.000000000000000000 ) ) ;
#3718 = ADVANCED_FACE ( 'NONE', ( #2984 ), #1004, .T. ) ;
#3719 = EDGE_CURVE ( 'NONE', #2040, #3178, #431, .T. ) ;
#3720 = AXIS2_PLACEMENT_3D ( 'NONE', #1751, #863, #2993 ) ;
#3721 = DIRECTION ( 'NONE',  ( 1.000000000000000000, 0.000000000000000000, 0.000000000000000000 ) ) ;
#3722 = ORIENTED_EDGE ( 'NONE', *, *, #3040, .T. ) ;
#3723 = DIRECTION ( 'NONE',  ( 1.000000000000000000, 0.000000000000000000, 0.000000000000000000 ) ) ;
#3724 = ORIENTED_EDGE ( 'NONE', *, *, #2867, .F. ) ;
#3725 = DIRECTION ( 'NONE',  ( 0.000000000000000000, 0.000000000000000000, -1.000000000000000000 ) ) ;
#3726 = PLANE ( 'NONE',  #1500 ) ;
#3727 = FACE_OUTER_BOUND ( 'NONE', #3798, .T. ) ;
#3728 = VECTOR ( 'NONE', #2641, 1000.000000000000000 ) ;
#3729 = LINE ( 'NONE', #2176, #872 ) ;
#3730 = VECTOR ( 'NONE', #4020, 1000.000000000000000 ) ;
#3731 = EDGE_LOOP ( 'NONE', ( #1049, #3219, #854, #2928 ) ) ;
#3732 = VECTOR ( 'NONE', #966, 1000.000000000000000 ) ;
#3733 = ORIENTED_EDGE ( 'NONE', *, *, #3345, .F. ) ;
#3734 = CARTESIAN_POINT ( 'NONE',  ( 34.59999999999999432, 4.000000000000000000, -18.10000000000000142 ) ) ;
#3735 = VECTOR ( 'NONE', #3255, 1000.000000000000000 ) ;
#3736 = DIRECTION ( 'NONE',  ( 0.000000000000000000, 0.000000000000000000, -1.000000000000000000 ) ) ;
#3737 = CARTESIAN_POINT ( 'NONE',  ( 11.00000000000002487, -1.399999999999999911, -19.09999999999999787 ) ) ;
#3738 = EDGE_CURVE ( 'NONE', #801, #3470, #3315, .T. ) ;
#3739 = ORIENTED_EDGE ( 'NONE', *, *, #613, .F. ) ;
#3740 = VECTOR ( 'NONE', #3319, 1000.000000000000000 ) ;
#3741 = DIRECTION ( 'NONE',  ( 0.000000000000000000, 0.000000000000000000, -1.000000000000000000 ) ) ;
#3742 = ADVANCED_FACE ( 'NONE', ( #1474 ), #2884, .T. ) ;
#3743 = CARTESIAN_POINT ( 'NONE',  ( -11.90000000000007851, 9.643580423808986168, -3.259454110124895882E-14 ) ) ;
#3744 = EDGE_CURVE ( 'NONE', #486, #1180, #3660, .T. ) ;
#3745 = ORIENTED_EDGE ( 'NONE', *, *, #4012, .T. ) ;
#3746 = LINE ( 'NONE', #1883, #1113 ) ;
#3747 = DIRECTION ( 'NONE',  ( 0.000000000000000000, -1.000000000000000000, 0.000000000000000000 ) ) ;
#3748 = DIRECTION ( 'NONE',  ( -0.09950371902100549337, -0.9950371902099884869, -1.726114373327264981E-15 ) ) ;
#3749 = PLANE ( 'NONE',  #3934 ) ;
#3750 = ORIENTED_EDGE ( 'NONE', *, *, #1565, .F. ) ;
#3751 = ORIENTED_EDGE ( 'NONE', *, *, #3744, .F. ) ;
#3752 = ORIENTED_EDGE ( 'NONE', *, *, #1361, .T. ) ;
#3753 = CARTESIAN_POINT ( 'NONE',  ( -34.40000000000000568, 1.999999999999914957, 15.89999999999999325 ) ) ;
#3754 = VECTOR ( 'NONE', #508, 1000.000000000000000 ) ;
#3755 = DIRECTION ( 'NONE',  ( -0.9950371902099884869, 0.09950371902100592358, -1.380891498661817034E-14 ) ) ;
#3756 = CARTESIAN_POINT ( 'NONE',  ( -10.99999999999997335, -1.399999999999999911, -19.59999999999999787 ) ) ;
#3757 = DIRECTION ( 'NONE',  ( 0.000000000000000000, -1.000000000000000000, 0.000000000000000000 ) ) ;
#3758 = CIRCLE ( 'NONE', #575, 0.5000000000000004441 ) ;
#3759 = CARTESIAN_POINT ( 'NONE',  ( 34.39999999999999147, 1.999999999999914957, -15.90000000000000036 ) ) ;
#3760 = EDGE_LOOP ( 'NONE', ( #3496, #372, #240, #1632 ) ) ;
#3761 = VECTOR ( 'NONE', #704, 1000.000000000000114 ) ;
#3762 = CARTESIAN_POINT ( 'NONE',  ( 11.00000000000002487, -0.9000000000000000222, -20.39999999999999503 ) ) ;
#3763 = DIRECTION ( 'NONE',  ( 0.000000000000000000, 0.000000000000000000, -1.000000000000000000 ) ) ;
#3764 = EDGE_CURVE ( 'NONE', #2733, #2226, #2999, .T. ) ;
#3765 = ORIENTED_EDGE ( 'NONE', *, *, #2901, .F. ) ;
#3766 = VECTOR ( 'NONE', #2199, 1000.000000000000000 ) ;
#3767 = EDGE_CURVE ( 'NONE', #566, #3512, #2104, .T. ) ;
#3768 = DIRECTION ( 'NONE',  ( 1.000000000000000000, 0.000000000000000000, -0.000000000000000000 ) ) ;
#3769 = CARTESIAN_POINT ( 'NONE',  ( 7.000000000000024869, 0.000000000000000000, -20.89999999999999503 ) ) ;
#3770 = CIRCLE ( 'NONE', #2535, 1.000000000000000888 ) ;
#3771 = CARTESIAN_POINT ( 'NONE',  ( -11.70000000000000995, 4.000000000000000000, -19.99999999999998224 ) ) ;
#3772 = CARTESIAN_POINT ( 'NONE',  ( -11.90000000000002700, 0.000000000000000000, -19.09999999999999787 ) ) ;
#3773 = VERTEX_POINT ( 'NONE', #1796 ) ;
#3774 = ADVANCED_FACE ( 'NONE', ( #498 ), #2967, .T. ) ;
#3775 = ORIENTED_EDGE ( 'NONE', *, *, #1590, .T. ) ;
#3776 = VERTEX_POINT ( 'NONE', #605 ) ;
#3777 = DIRECTION ( 'NONE',  ( 1.000000000000000000, 0.000000000000000000, 0.000000000000000000 ) ) ;
#3778 = CARTESIAN_POINT ( 'NONE',  ( 33.89999999999999147, 1.000000000000000000, 15.89999999999999325 ) ) ;
#3779 =( NAMED_UNIT ( * ) PLANE_ANGLE_UNIT ( ) SI_UNIT ( $, .RADIAN. ) );
#3780 = FACE_OUTER_BOUND ( 'NONE', #3247, .T. ) ;
#3781 = ORIENTED_EDGE ( 'NONE', *, *, #2294, .F. ) ;
#3782 = CARTESIAN_POINT ( 'NONE',  ( 6.000000000000025757, 4.000000000000000000, -19.10000000000000142 ) ) ;
#3783 = DIRECTION ( 'NONE',  ( -1.000000000000000000, 0.000000000000000000, 0.000000000000000000 ) ) ;
#3784 = ORIENTED_EDGE ( 'NONE', *, *, #2953, .F. ) ;
#3785 = AXIS2_PLACEMENT_3D ( 'NONE', #2796, #3087, #3048 ) ;
#3786 = FACE_OUTER_BOUND ( 'NONE', #3052, .T. ) ;
#3787 = CIRCLE ( 'NONE', #3658, 0.3999999999999975797 ) ;
#3788 = FACE_OUTER_BOUND ( 'NONE', #303, .T. ) ;
#3789 = ORIENTED_EDGE ( 'NONE', *, *, #3554, .F. ) ;
#3790 = EDGE_CURVE ( 'NONE', #3323, #2981, #30, .T. ) ;
#3791 = DIRECTION ( 'NONE',  ( 0.000000000000000000, 0.000000000000000000, -1.000000000000000000 ) ) ;
#3792 = PLANE ( 'NONE',  #365 ) ;
#3793 = EDGE_CURVE ( 'NONE', #3821, #138, #756, .T. ) ;
#3794 = PLANE ( 'NONE',  #1689 ) ;
#3795 = DIRECTION ( 'NONE',  ( -1.000000000000000000, 0.000000000000000000, 0.000000000000000000 ) ) ;
#3797 = EDGE_LOOP ( 'NONE', ( #35, #399, #2291, #1526 ) ) ;
#3796 = ADVANCED_FACE ( 'NONE', ( #1244 ), #3341, .T. ) ;
#3798 = EDGE_LOOP ( 'NONE', ( #3693, #1365, #1435, #3046 ) ) ;
#3799 = ORIENTED_EDGE ( 'NONE', *, *, #3663, .F. ) ;
#3800 = LINE ( 'NONE', #3497, #1312 ) ;
#3801 = AXIS2_PLACEMENT_3D ( 'NONE', #3826, #754, #1375 ) ;
#3802 = CIRCLE ( 'NONE', #873, 1.000000000000000888 ) ;
#3803 = ADVANCED_FACE ( 'NONE', ( #1190 ), #1195, .F. ) ;
#3804 = CARTESIAN_POINT ( 'NONE',  ( -8.000000000000012434, 0.000000000000000000, -19.09999999999999787 ) ) ;
#3805 = DIRECTION ( 'NONE',  ( 0.000000000000000000, 0.000000000000000000, 1.000000000000000000 ) ) ;
#3806 = LINE ( 'NONE', #3500, #1783 ) ;
#3807 = ORIENTED_EDGE ( 'NONE', *, *, #2989, .F. ) ;
#3808 = AXIS2_PLACEMENT_3D ( 'NONE', #2142, #926, #3136 ) ;
#3809 = CIRCLE ( 'NONE', #1145, 0.3999999999999975797 ) ;
#3810 = DIRECTION ( 'NONE',  ( 0.000000000000000000, 0.000000000000000000, -1.000000000000000000 ) ) ;
#3811 = DIRECTION ( 'NONE',  ( 0.000000000000000000, 0.000000000000000000, 1.000000000000000000 ) ) ;
#3812 = AXIS2_PLACEMENT_3D ( 'NONE', #2671, #1169, #1447 ) ;
#3813 = ORIENTED_EDGE ( 'NONE', *, *, #6, .F. ) ;
#3814 = DIRECTION ( 'NONE',  ( -1.734723475976805517E-15, 0.000000000000000000, -1.000000000000000000 ) ) ;
#3815 = CARTESIAN_POINT ( 'NONE',  ( -8.000000000000015987, -1.399999999999999911, -19.89999999999998082 ) ) ;
#3816 = VECTOR ( 'NONE', #1975, 1000.000000000000114 ) ;
#3817 = ORIENTED_EDGE ( 'NONE', *, *, #3365, .F. ) ;
#3818 = DIRECTION ( 'NONE',  ( -0.000000000000000000, 1.000000000000000000, -0.000000000000000000 ) ) ;
#3819 = CARTESIAN_POINT ( 'NONE',  ( 12.90000000000002522, 9.643580423808986168, -19.10000000000000142 ) ) ;
#3820 = CARTESIAN_POINT ( 'NONE',  ( -11.90000000000001634, 1.999999999999998224, 19.99999999999998224 ) ) ;
#3821 = VERTEX_POINT ( 'NONE', #2180 ) ;
#3822 = ORIENTED_EDGE ( 'NONE', *, *, #335, .T. ) ;
#3823 = LINE ( 'NONE', #1029, #3061 ) ;
#3824 = FACE_OUTER_BOUND ( 'NONE', #1625, .T. ) ;
#3825 = DIRECTION ( 'NONE',  ( 0.000000000000000000, 0.9950371902099884869, 0.09950371902100506316 ) ) ;
#3826 = CARTESIAN_POINT ( 'NONE',  ( -8.000000000000021316, 1.999999999999998224, 19.89999999999998082 ) ) ;
#3827 = ORIENTED_EDGE ( 'NONE', *, *, #953, .T. ) ;
#3828 = TOROIDAL_SURFACE ( 'NONE', #2389, 0.5000000000000000000, 0.5000000000000000000 ) ;
#3829 = DIRECTION ( 'NONE',  ( 1.000000000000000000, -0.000000000000000000, -0.000000000000000000 ) ) ;
#3830 = EDGE_CURVE ( 'NONE', #180, #2272, #2432, .T. ) ;
#3831 = DIRECTION ( 'NONE',  ( 0.000000000000000000, 0.000000000000000000, 1.000000000000000000 ) ) ;
#3832 = ORIENTED_EDGE ( 'NONE', *, *, #3233, .F. ) ;
#3833 = EDGE_CURVE ( 'NONE', #2644, #1964, #1395, .T. ) ;
#3834 = CARTESIAN_POINT ( 'NONE',  ( 6.000000000000021316, 4.000000000000000000, 19.09999999999999432 ) ) ;
#3835 = DIRECTION ( 'NONE',  ( 0.000000000000000000, 0.000000000000000000, 1.000000000000000000 ) ) ;
#3836 = EDGE_LOOP ( 'NONE', ( #1009, #1701, #3164, #443 ) ) ;
#3837 = CARTESIAN_POINT ( 'NONE',  ( -6.000000000000019540, 4.000000000000000000, 19.09999999999999432 ) ) ;
#3838 = DIRECTION ( 'NONE',  ( 0.000000000000000000, -1.000000000000000000, 0.000000000000000000 ) ) ;
#3839 = CARTESIAN_POINT ( 'NONE',  ( 11.00000000000002487, 4.000000000000000000, -19.99999999999999645 ) ) ;
#3840 = VERTEX_POINT ( 'NONE', #1509 ) ;
#3841 = ORIENTED_EDGE ( 'NONE', *, *, #1949, .T. ) ;
#3842 = ORIENTED_EDGE ( 'NONE', *, *, #3853, .T. ) ;
#3843 = CARTESIAN_POINT ( 'NONE',  ( -8.000000000000021316, 0.000000000000000000, 19.09999999999999787 ) ) ;
#3844 = VECTOR ( 'NONE', #1683, 1000.000000000000227 ) ;
#3845 = FACE_OUTER_BOUND ( 'NONE', #1828, .T. ) ;
#3846 = CARTESIAN_POINT ( 'NONE',  ( -34.60000000000000142, 4.000000000000000000, 17.09999999999999432 ) ) ;
#3847 = FACE_OUTER_BOUND ( 'NONE', #820, .T. ) ;
#3848 = ORIENTED_EDGE ( 'NONE', *, *, #1798, .F. ) ;
#3849 = CARTESIAN_POINT ( 'NONE',  ( 11.90000000000002345, 0.000000000000000000, 19.09999999999998721 ) ) ;
#3850 = EDGE_CURVE ( 'NONE', #3413, #3259, #3410, .T. ) ;
#3851 = DIRECTION ( 'NONE',  ( 0.000000000000000000, 0.000000000000000000, 1.000000000000000000 ) ) ;
#3852 = CARTESIAN_POINT ( 'NONE',  ( 7.000000000000285993, 9.643580423808986168, 9.714451465470542558E-14 ) ) ;
#3853 = EDGE_CURVE ( 'NONE', #2054, #3055, #276, .T. ) ;
#3854 = EDGE_LOOP ( 'NONE', ( #1346, #2101, #2565, #2391 ) ) ;
#3855 = ADVANCED_FACE ( 'NONE', ( #2753 ), #2805, .T. ) ;
#3856 = CARTESIAN_POINT ( 'NONE',  ( -7.060133330327897916, -1.162564261640863128, 19.99999999999998579 ) ) ;
#3857 = DIRECTION ( 'NONE',  ( 0.000000000000000000, -1.000000000000000000, 0.000000000000000000 ) ) ;
#3858 = ORIENTED_EDGE ( 'NONE', *, *, #3509, .T. ) ;
#3859 = LINE ( 'NONE', #3769, #2012 ) ;
#3860 = CARTESIAN_POINT ( 'NONE',  ( -10.99999999999997335, -0.9000000000000000222, 19.59999999999999787 ) ) ;
#3861 = ORIENTED_EDGE ( 'NONE', *, *, #3349, .T. ) ;
#3862 = ORIENTED_EDGE ( 'NONE', *, *, #520, .T. ) ;
#3863 = CARTESIAN_POINT ( 'NONE',  ( 0.000000000000000000, -0.9000000000000000222, 19.59999999999999787 ) ) ;
#3864 = CYLINDRICAL_SURFACE ( 'NONE', #1706, 1.000000000000000888 ) ;
#3865 = DIRECTION ( 'NONE',  ( -0.000000000000000000, 1.000000000000000000, -0.000000000000000000 ) ) ;
#3866 = DIRECTION ( 'NONE',  ( 6.391086490440931559E-15, 0.000000000000000000, 1.000000000000000000 ) ) ;
#3867 = LINE ( 'NONE', #1808, #3473 ) ;
#3868 = ORIENTED_EDGE ( 'NONE', *, *, #520, .F. ) ;
#3869 = VECTOR ( 'NONE', #1238, 1000.000000000000114 ) ;
#3870 = DIRECTION ( 'NONE',  ( 1.000000000000000000, 0.000000000000000000, 0.000000000000000000 ) ) ;
#3871 = FACE_OUTER_BOUND ( 'NONE', #3185, .T. ) ;
#3872 = CARTESIAN_POINT ( 'NONE',  ( 0.000000000000000000, -0.8999999999999998002, -20.39999999999998082 ) ) ;
#3873 = CIRCLE ( 'NONE', #2100, 0.7999999999999882760 ) ;
#3874 = ORIENTED_EDGE ( 'NONE', *, *, #2294, .T. ) ;
#3875 = CIRCLE ( 'NONE', #1645, 0.7999999999999847233 ) ;
#3876 = FACE_OUTER_BOUND ( 'NONE', #3965, .T. ) ;
#3877 = VECTOR ( 'NONE', #1374, 1000.000000000000000 ) ;
#3878 = EDGE_CURVE ( 'NONE', #138, #2769, #2125, .T. ) ;
#3879 = CARTESIAN_POINT ( 'NONE',  ( 6.000000000000025757, 4.000000000000000000, -19.10000000000000142 ) ) ;
#3880 = ADVANCED_FACE ( 'NONE', ( #3078 ), #3116, .T. ) ;
#3881 = EDGE_CURVE ( 'NONE', #2570, #169, #3371, .T. ) ;
#3882 = DIRECTION ( 'NONE',  ( 0.000000000000000000, 0.000000000000000000, 1.000000000000000000 ) ) ;
#3883 = VECTOR ( 'NONE', #2381, 1000.000000000000000 ) ;
#3884 = ORIENTED_EDGE ( 'NONE', *, *, #3767, .F. ) ;
#3885 = EDGE_LOOP ( 'NONE', ( #3495, #564, #3670, #3193, #110, #219 ) ) ;
#3886 = AXIS2_PLACEMENT_3D ( 'NONE', #3357, #2412, #692 ) ;
#3887 = ORIENTED_EDGE ( 'NONE', *, *, #499, .F. ) ;
#3888 = DIRECTION ( 'NONE',  ( 0.000000000000000000, 0.000000000000000000, -1.000000000000000000 ) ) ;
#3889 = CONICAL_SURFACE ( 'NONE', #370, 1.200000000000013500, 0.09966865249116864389 ) ;
#3890 = DIRECTION ( 'NONE',  ( 0.000000000000000000, 0.000000000000000000, 1.000000000000000000 ) ) ;
#3891 = DIRECTION ( 'NONE',  ( 0.000000000000000000, 0.000000000000000000, -1.000000000000000000 ) ) ;
#3892 = VERTEX_POINT ( 'NONE', #1529 ) ;
#3893 = EDGE_LOOP ( 'NONE', ( #2408, #2893, #1188, #3450 ) ) ;
#3894 = LINE ( 'NONE', #2337, #3402 ) ;
#3895 = DIRECTION ( 'NONE',  ( -0.000000000000000000, 1.000000000000000000, 0.000000000000000000 ) ) ;
#3896 = ORIENTED_EDGE ( 'NONE', *, *, #1207, .F. ) ;
#3897 = VECTOR ( 'NONE', #1430, 1000.000000000000000 ) ;
#3898 = LINE ( 'NONE', #2970, #3022 ) ;
#3899 = CARTESIAN_POINT ( 'NONE',  ( -12.90000000000002345, 1.999999999999998224, 19.09999999999999432 ) ) ;
#3900 = ADVANCED_FACE ( 'NONE', ( #4021 ), #1547, .F. ) ;
#3901 = DIRECTION ( 'NONE',  ( 0.000000000000000000, 0.000000000000000000, 1.000000000000000000 ) ) ;
#3902 = EDGE_LOOP ( 'NONE', ( #2990, #1391, #3131, #1999 ) ) ;
#3903 = ORIENTED_EDGE ( 'NONE', *, *, #798, .F. ) ;
#3904 = ORIENTED_EDGE ( 'NONE', *, *, #2415, .F. ) ;
#3905 = CARTESIAN_POINT ( 'NONE',  ( -35.60000000000000142, 1.999999999999998668, 18.09999999999999432 ) ) ;
#3906 = CARTESIAN_POINT ( 'NONE',  ( 6.000000000000021316, 1.999999999999998224, 19.09999999999999432 ) ) ;
#3907 = DIRECTION ( 'NONE',  ( -0.000000000000000000, 1.000000000000000000, -0.000000000000000000 ) ) ;
#3908 = ADVANCED_FACE ( 'NONE', ( #584 ), #1267, .F. ) ;
#3909 = VERTEX_POINT ( 'NONE', #1894 ) ;
#3910 = VECTOR ( 'NONE', #841, 1000.000000000000000 ) ;
#3911 = ORIENTED_EDGE ( 'NONE', *, *, #1136, .F. ) ;
#3912 = DIRECTION ( 'NONE',  ( 0.000000000000000000, -1.000000000000000000, 0.000000000000000000 ) ) ;
#3913 = DIRECTION ( 'NONE',  ( 0.000000000000000000, -1.000000000000000000, 0.000000000000000000 ) ) ;
#3914 = AXIS2_PLACEMENT_3D ( 'NONE', #2020, #2568, #3882 ) ;
#3915 = EDGE_LOOP ( 'NONE', ( #868, #2534, #3307, #3896 ) ) ;
#3916 = CARTESIAN_POINT ( 'NONE',  ( 7.000000000000021316, 1.999999999999998224, 19.10000000000000853 ) ) ;
#3917 = DIRECTION ( 'NONE',  ( 0.000000000000000000, 0.000000000000000000, -1.000000000000000000 ) ) ;
#3918 = CARTESIAN_POINT ( 'NONE',  ( -11.00000000000002487, 4.000000000000000000, -19.99999999999998224 ) ) ;
#3919 = EDGE_LOOP ( 'NONE', ( #3425, #2350, #2070, #606 ) ) ;
#3920 = AXIS2_PLACEMENT_3D ( 'NONE', #557, #1734, #2977 ) ;
#3921 = ADVANCED_FACE ( 'NONE', ( #357 ), #1585, .F. ) ;
#3922 = ORIENTED_EDGE ( 'NONE', *, *, #172, .T. ) ;
#3923 = CARTESIAN_POINT ( 'NONE',  ( 33.89999999999999147, 1.000000000000000000, -15.90000000000000036 ) ) ;
#3924 = DIRECTION ( 'NONE',  ( -0.000000000000000000, 1.000000000000000000, -0.000000000000000000 ) ) ;
#3925 = EDGE_CURVE ( 'NONE', #2226, #2009, #228, .T. ) ;
#3926 = LINE ( 'NONE', #562, #612 ) ;
#3927 = EDGE_LOOP ( 'NONE', ( #1684, #3536, #3620, #513 ) ) ;
#3928 = EDGE_LOOP ( 'NONE', ( #2480, #3745, #359, #3842 ) ) ;
#3929 = ADVANCED_FACE ( 'NONE', ( #1629 ), #2593, .F. ) ;
#3930 = EDGE_CURVE ( 'NONE', #2935, #206, #2554, .T. ) ;
#3931 = CARTESIAN_POINT ( 'NONE',  ( 8.000000000000010658, 9.643580423808986168, 19.89999999999999503 ) ) ;
#3932 = DIRECTION ( 'NONE',  ( 6.938893903907222067E-15, 0.000000000000000000, -1.000000000000000000 ) ) ;
#3933 = ORIENTED_EDGE ( 'NONE', *, *, #195, .T. ) ;
#3934 = AXIS2_PLACEMENT_3D ( 'NONE', #3127, #2765, #599 ) ;
#3935 = DIRECTION ( 'NONE',  ( 1.000000000000000000, 0.000000000000000000, 0.000000000000000000 ) ) ;
#3936 = AXIS2_PLACEMENT_3D ( 'NONE', #1722, #779, #1436 ) ;
#3937 = DIRECTION ( 'NONE',  ( -0.000000000000000000, 1.000000000000000000, -0.000000000000000000 ) ) ;
#3938 = CIRCLE ( 'NONE', #2161, 1.000000000000000888 ) ;
#3939 = AXIS2_PLACEMENT_3D ( 'NONE', #127, #433, #2903 ) ;
#3940 = VECTOR ( 'NONE', #3253, 1000.000000000000227 ) ;
#3941 = CIRCLE ( 'NONE', #2955, 1.000000000000000888 ) ;
#3942 = VERTEX_POINT ( 'NONE', #2006 ) ;
#3943 = ORIENTED_EDGE ( 'NONE', *, *, #642, .T. ) ;
#3944 = DIRECTION ( 'NONE',  ( 0.000000000000000000, -1.000000000000000000, 0.000000000000000000 ) ) ;
#3945 = SURFACE_STYLE_USAGE ( .BOTH. , #1753 ) ;
#3946 = DIRECTION ( 'NONE',  ( 0.000000000000000000, 0.000000000000000000, -1.000000000000000000 ) ) ;
#3947 = CIRCLE ( 'NONE', #1147, 1.000000000000000888 ) ;
#3948 = ORIENTED_EDGE ( 'NONE', *, *, #1227, .F. ) ;
#3949 = ORIENTED_EDGE ( 'NONE', *, *, #1062, .T. ) ;
#3950 = ADVANCED_FACE ( 'NONE', ( #122 ), #449, .T. ) ;
#3951 = LINE ( 'NONE', #1212, #2952 ) ;
#3952 = DIRECTION ( 'NONE',  ( 0.000000000000000000, 0.000000000000000000, -1.000000000000000000 ) ) ;
#3953 = ORIENTED_EDGE ( 'NONE', *, *, #3719, .T. ) ;
#3954 = EDGE_CURVE ( 'NONE', #889, #3530, #2165, .T. ) ;
#3955 = LINE ( 'NONE', #907, #1584 ) ;
#3956 = LINE ( 'NONE', #2383, #2812 ) ;
#3957 = ADVANCED_FACE ( 'NONE', ( #1675 ), #428, .T. ) ;
#3958 = CIRCLE ( 'NONE', #896, 1.000000000000000888 ) ;
#3959 = ORIENTED_EDGE ( 'NONE', *, *, #2991, .T. ) ;
#3960 = LINE ( 'NONE', #1786, #3688 ) ;
#3961 = FACE_OUTER_BOUND ( 'NONE', #1400, .T. ) ;
#3962 = LINE ( 'NONE', #249, #3671 ) ;
#3963 = CARTESIAN_POINT ( 'NONE',  ( 7.510102051443389826, -1.399999999999999911, -19.99999999999999645 ) ) ;
#3964 = ORIENTED_EDGE ( 'NONE', *, *, #67, .T. ) ;
#3965 = EDGE_LOOP ( 'NONE', ( #2602, #179, #2050, #962 ) ) ;
#3966 = LINE ( 'NONE', #2085, #165 ) ;
#3967 = CARTESIAN_POINT ( 'NONE',  ( -8.000000000000021316, -0.8999999999999998002, 20.10000000000000142 ) ) ;
#3968 = EDGE_LOOP ( 'NONE', ( #2435, #2049, #3316, #2261 ) ) ;
#3969 = VECTOR ( 'NONE', #224, 1000.000000000000000 ) ;
#3970 = VECTOR ( 'NONE', #718, 1000.000000000000000 ) ;
#3971 = EDGE_CURVE ( 'NONE', #2346, #1882, #403, .T. ) ;
#3972 = VECTOR ( 'NONE', #2585, 1000.000000000000000 ) ;
#3973 = EDGE_CURVE ( 'NONE', #1970, #4001, #1652, .T. ) ;
#3974 = AXIS2_PLACEMENT_3D ( 'NONE', #1259, #939, #980 ) ;
#3975 = DIRECTION ( 'NONE',  ( 0.000000000000000000, -1.000000000000000000, 0.000000000000000000 ) ) ;
#3976 = EDGE_CURVE ( 'NONE', #829, #1693, #1697, .T. ) ;
#3977 = ORIENTED_EDGE ( 'NONE', *, *, #1357, .T. ) ;
#3978 = DIRECTION ( 'NONE',  ( 0.000000000000000000, 0.000000000000000000, -1.000000000000000000 ) ) ;
#3979 = FACE_OUTER_BOUND ( 'NONE', #3694, .T. ) ;
#3980 = CARTESIAN_POINT ( 'NONE',  ( -11.70000000000000284, 4.000000000000000000, 19.99999999999998224 ) ) ;
#3981 = DIRECTION ( 'NONE',  ( 0.000000000000000000, 0.9950371902099884869, -0.09950371902100509092 ) ) ;
#3982 = EDGE_LOOP ( 'NONE', ( #332, #1901, #2716, #2777 ) ) ;
#3983 = VERTEX_POINT ( 'NONE', #1606 ) ;
#3984 = CIRCLE ( 'NONE', #2738, 1.000000000000000888 ) ;
#3985 = CARTESIAN_POINT ( 'NONE',  ( 11.00000000000002487, 0.000000000000000000, -19.09999999999999787 ) ) ;
#3986 = DIRECTION ( 'NONE',  ( 0.000000000000000000, -1.000000000000000000, 0.000000000000000000 ) ) ;
#3987 = ORIENTED_EDGE ( 'NONE', *, *, #238, .T. ) ;
#3988 = DIRECTION ( 'NONE',  ( 1.000000000000000000, 0.000000000000000000, -0.000000000000000000 ) ) ;
#3989 = ORIENTED_EDGE ( 'NONE', *, *, #1270, .T. ) ;
#3990 = VECTOR ( 'NONE', #960, 1000.000000000000000 ) ;
#3991 = VECTOR ( 'NONE', #2530, 1000.000000000000000 ) ;
#3992 = PLANE ( 'NONE',  #3547 ) ;
#3993 = ORIENTED_EDGE ( 'NONE', *, *, #3280, .F. ) ;
#3994 = AXIS2_PLACEMENT_3D ( 'NONE', #243, #2678, #3932 ) ;
#3995 = AXIS2_PLACEMENT_3D ( 'NONE', #3604, #1351, #3273 ) ;
#3996 = EDGE_CURVE ( 'NONE', #3630, #3138, #2224, .T. ) ;
#3997 = LINE ( 'NONE', #880, #1667 ) ;
#3998 = PLANE ( 'NONE',  #3579 ) ;
#3999 = DIRECTION ( 'NONE',  ( 0.000000000000000000, 0.000000000000000000, -1.000000000000000000 ) ) ;
#4000 = FACE_OUTER_BOUND ( 'NONE', #1793, .T. ) ;
#4001 = VERTEX_POINT ( 'NONE', #753 ) ;
#4002 = ORIENTED_EDGE ( 'NONE', *, *, #1062, .F. ) ;
#4003 = CARTESIAN_POINT ( 'NONE',  ( 8.000000000000010658, 4.000000000000000000, 19.89999999999999503 ) ) ;
#4004 = CARTESIAN_POINT ( 'NONE',  ( 33.39999999999996305, 1.999999999999914957, 16.89999999999999503 ) ) ;
#4005 = AXIS2_PLACEMENT_3D ( 'NONE', #3192, #1041, #2275 ) ;
#4006 = ORIENTED_EDGE ( 'NONE', *, *, #1386, .F. ) ;
#4007 = CARTESIAN_POINT ( 'NONE',  ( -6.000000000000025757, 0.000000000000000000, -18.10000000000000142 ) ) ;
#4008 = ORIENTED_EDGE ( 'NONE', *, *, #2123, .T. ) ;
#4009 = DIRECTION ( 'NONE',  ( -0.000000000000000000, 1.000000000000000000, -0.000000000000000000 ) ) ;
#4010 = ORIENTED_EDGE ( 'NONE', *, *, #2890, .F. ) ;
#4011 = CIRCLE ( 'NONE', #1026, 0.5000000000000004441 ) ;
#4012 = EDGE_CURVE ( 'NONE', #2411, #1429, #2264, .T. ) ;
#4013 = CARTESIAN_POINT ( 'NONE',  ( 0.000000000000000000, -0.8999999999999998002, -20.89999999999998082 ) ) ;
#4014 = DIRECTION ( 'NONE',  ( 1.734723475976805517E-15, 0.000000000000000000, -1.000000000000000000 ) ) ;
#4015 = DIRECTION ( 'NONE',  ( -1.000000000000000000, 0.000000000000000000, 0.000000000000000000 ) ) ;
#4016 = CARTESIAN_POINT ( 'NONE',  ( 34.60000000000000142, 4.000000000000000000, 17.89999999999998082 ) ) ;
#4017 = ORIENTED_EDGE ( 'NONE', *, *, #2989, .T. ) ;
#4018 = VERTEX_POINT ( 'NONE', #691 ) ;
#4019 = DIRECTION ( 'NONE',  ( 1.000000000000000000, 0.000000000000000000, 0.000000000000000000 ) ) ;
#4020 = DIRECTION ( 'NONE',  ( -1.000000000000000000, 0.000000000000000000, 0.000000000000000000 ) ) ;
#4021 = FACE_OUTER_BOUND ( 'NONE', #2760, .T. ) ;
#4022 = CARTESIAN_POINT ( 'NONE',  ( 34.60000000000000142, 4.000000000000000000, 18.09999999999999432 ) ) ;
#4023 = ORIENTED_EDGE ( 'NONE', *, *, #3233, .T. ) ;
#4024 = DIRECTION ( 'NONE',  ( -0.000000000000000000, 1.000000000000000000, -0.000000000000000000 ) ) ;
ENDSEC;
END-ISO-10303-21;
