ISO-10303-21;
HEADER;
FILE_DESCRIPTION (( 'STEP AP214' ),
    '1' );
FILE_NAME ('电池盒限位small.STEP',
    '2025-11-04T01:36:33',
    ( '' ),
    ( '' ),
    'SwSTEP 2.0',
    'SolidWorks 2020',
    '' );
FILE_SCHEMA (( 'AUTOMOTIVE_DESIGN' ));
ENDSEC;

DATA;
#1 = AXIS2_PLACEMENT_3D ( 'NONE', #2684, #3923, #2366 ) ;
#2 = DIRECTION ( 'NONE',  ( -8.673617379884138024E-15, 0.000000000000000000, 1.000000000000000000 ) ) ;
#3 = DIRECTION ( 'NONE',  ( 0.000000000000000000, 0.000000000000000000, 1.000000000000000000 ) ) ;
#4 = FACE_OUTER_BOUND ( 'NONE', #1569, .T. ) ;
#5 = VERTEX_POINT ( 'NONE', #382 ) ;
#6 = AXIS2_PLACEMENT_3D ( 'NONE', #3833, #3141, #1596 ) ;
#7 = ORIENTED_EDGE ( 'NONE', *, *, #1564, .T. ) ;
#8 = CARTESIAN_POINT ( 'NONE',  ( -35.19999999999999574, 4.000000000000000000, 17.89999999999999858 ) ) ;
#9 = CARTESIAN_POINT ( 'NONE',  ( -33.49999999999999289, 1.500000000000000000, 15.69999999999999929 ) ) ;
#10 = EDGE_CURVE ( 'NONE', #1039, #2803, #641, .T. ) ;
#11 = CARTESIAN_POINT ( 'NONE',  ( -33.00000000000000000, 4.000000000000000000, -16.89999999999999858 ) ) ;
#12 = AXIS2_PLACEMENT_3D ( 'NONE', #2556, #1926, #3192 ) ;
#13 = ORIENTED_EDGE ( 'NONE', *, *, #3179, .F. ) ;
#14 = CARTESIAN_POINT ( 'NONE',  ( -34.00000000000000000, 1.999999999999914957, -16.69999999999999929 ) ) ;
#15 = ORIENTED_EDGE ( 'NONE', *, *, #2656, .F. ) ;
#16 = VERTEX_POINT ( 'NONE', #2547 ) ;
#17 = DIRECTION ( 'NONE',  ( 0.000000000000000000, 1.000000000000000000, 0.000000000000000000 ) ) ;
#18 = DIRECTION ( 'NONE',  ( -0.09950371902099071353, 0.9950371902099899302, 0.000000000000000000 ) ) ;
#19 = LINE ( 'NONE', #2854, #2576 ) ;
#20 = DIRECTION ( 'NONE',  ( -0.000000000000000000, 1.000000000000000000, -0.000000000000000000 ) ) ;
#21 = VERTEX_POINT ( 'NONE', #2874 ) ;
#22 = EDGE_CURVE ( 'NONE', #3591, #2186, #3479, .T. ) ;
#23 = LINE ( 'NONE', #1890, #294 ) ;
#24 = EDGE_CURVE ( 'NONE', #1087, #3400, #447, .T. ) ;
#25 = LINE ( 'NONE', #2565, #3874 ) ;
#26 = AXIS2_PLACEMENT_3D ( 'NONE', #1749, #1825, #1527 ) ;
#27 = CARTESIAN_POINT ( 'NONE',  ( 12.90000000000002345, 4.000000000000000000, 18.89999999999999858 ) ) ;
#28 = LINE ( 'NONE', #1073, #207 ) ;
#29 = ORIENTED_EDGE ( 'NONE', *, *, #2418, .F. ) ;
#30 = PRODUCT ( '电池盒限位small', '电池盒限位small', '', ( #508 ) ) ;
#31 = DIRECTION ( 'NONE',  ( 0.000000000000000000, -1.000000000000000000, 0.000000000000000000 ) ) ;
#32 = ORIENTED_EDGE ( 'NONE', *, *, #3065, .F. ) ;
#33 = EDGE_CURVE ( 'NONE', #3041, #1183, #3748, .T. ) ;
#34 = EDGE_LOOP ( 'NONE', ( #130, #3578, #478, #1070 ) ) ;
#35 = ORIENTED_EDGE ( 'NONE', *, *, #3413, .T. ) ;
#36 = DIRECTION ( 'NONE',  ( 0.000000000000000000, 0.000000000000000000, 1.000000000000000000 ) ) ;
#37 = AXIS2_PLACEMENT_3D ( 'NONE', #3924, #2944, #2038 ) ;
#38 = AXIS2_PLACEMENT_3D ( 'NONE', #2274, #415, #705 ) ;
#39 = CYLINDRICAL_SURFACE ( 'NONE', #2790, 1.000000000000000888 ) ;
#40 = EDGE_LOOP ( 'NONE', ( #1304, #546, #423, #694 ) ) ;
#41 = VECTOR ( 'NONE', #1095, 1000.000000000000000 ) ;
#42 = ORIENTED_EDGE ( 'NONE', *, *, #645, .F. ) ;
#43 = FACE_OUTER_BOUND ( 'NONE', #1700, .T. ) ;
#44 = VECTOR ( 'NONE', #2693, 1000.000000000000000 ) ;
#45 = EDGE_CURVE ( 'NONE', #1642, #1781, #2296, .T. ) ;
#46 = AXIS2_PLACEMENT_3D ( 'NONE', #3897, #2254, #3542 ) ;
#47 = CARTESIAN_POINT ( 'NONE',  ( 8.000000000000024869, -0.8999999999999998002, -20.89999999999999503 ) ) ;
#48 = ORIENTED_EDGE ( 'NONE', *, *, #2341, .T. ) ;
#49 = VECTOR ( 'NONE', #2585, 1000.000000000000114 ) ;
#50 = EDGE_CURVE ( 'NONE', #3820, #2516, #3540, .T. ) ;
#51 = LINE ( 'NONE', #3460, #754 ) ;
#52 = VERTEX_POINT ( 'NONE', #2275 ) ;
#53 = DIRECTION ( 'NONE',  ( 0.000000000000000000, 0.000000000000000000, 1.000000000000000000 ) ) ;
#54 = CIRCLE ( 'NONE', #1105, 1.000000000000000888 ) ;
#55 = ADVANCED_FACE ( 'NONE', ( #3519 ), #3217, .T. ) ;
#56 = PLANE ( 'NONE',  #3437 ) ;
#57 = ORIENTED_EDGE ( 'NONE', *, *, #1478, .F. ) ;
#58 = CARTESIAN_POINT ( 'NONE',  ( 34.20000000000000284, 4.000000000000000000, -15.69999999999999929 ) ) ;
#59 = VECTOR ( 'NONE', #3166, 1000.000000000000000 ) ;
#60 = CARTESIAN_POINT ( 'NONE',  ( 11.00000000000002487, -0.9000000000000000222, 19.09999999999999787 ) ) ;
#61 = ORIENTED_EDGE ( 'NONE', *, *, #3562, .F. ) ;
#62 = VERTEX_POINT ( 'NONE', #440 ) ;
#63 = DIRECTION ( 'NONE',  ( -0.000000000000000000, 1.000000000000000000, 0.000000000000000000 ) ) ;
#64 = EDGE_CURVE ( 'NONE', #3253, #3259, #416, .T. ) ;
#65 = DIRECTION ( 'NONE',  ( -0.000000000000000000, 1.000000000000000000, -0.000000000000000000 ) ) ;
#66 = EDGE_CURVE ( 'NONE', #3998, #2829, #2509, .T. ) ;
#67 = ORIENTED_EDGE ( 'NONE', *, *, #2771, .T. ) ;
#68 = ORIENTED_EDGE ( 'NONE', *, *, #238, .F. ) ;
#69 = CARTESIAN_POINT ( 'NONE',  ( -8.000000000000021316, -0.8999999999999998002, 19.59999999999999787 ) ) ;
#70 = AXIS2_PLACEMENT_3D ( 'NONE', #301, #1818, #1541 ) ;
#71 = DIRECTION ( 'NONE',  ( 0.000000000000000000, 0.000000000000000000, -1.000000000000000000 ) ) ;
#72 = ORIENTED_EDGE ( 'NONE', *, *, #24, .F. ) ;
#73 = DIRECTION ( 'NONE',  ( 0.000000000000000000, 0.000000000000000000, -1.000000000000000000 ) ) ;
#74 = EDGE_CURVE ( 'NONE', #1039, #3111, #3552, .T. ) ;
#75 = DIRECTION ( 'NONE',  ( -0.000000000000000000, -0.000000000000000000, -1.000000000000000000 ) ) ;
#76 = ORIENTED_EDGE ( 'NONE', *, *, #3739, .T. ) ;
#77 = CARTESIAN_POINT ( 'NONE',  ( -10.99999999999997335, -1.399999999999999911, -19.59999999999999787 ) ) ;
#78 = LINE ( 'NONE', #2597, #642 ) ;
#79 = ORIENTED_EDGE ( 'NONE', *, *, #2460, .F. ) ;
#80 = DIRECTION ( 'NONE',  ( 0.000000000000000000, -0.9950371902099883759, -0.09950371902100681176 ) ) ;
#81 = DIRECTION ( 'NONE',  ( -0.000000000000000000, -1.000000000000000000, -0.000000000000000000 ) ) ;
#82 = ORIENTED_EDGE ( 'NONE', *, *, #984, .T. ) ;
#83 = DIRECTION ( 'NONE',  ( 0.000000000000000000, 0.000000000000000000, -1.000000000000000000 ) ) ;
#84 = CARTESIAN_POINT ( 'NONE',  ( 11.70000000000001172, 4.000000000000000000, -18.89999999999999503 ) ) ;
#85 = DIRECTION ( 'NONE',  ( 0.000000000000000000, 0.000000000000000000, -1.000000000000000000 ) ) ;
#86 = EDGE_CURVE ( 'NONE', #3526, #3721, #1327, .T. ) ;
#87 = CARTESIAN_POINT ( 'NONE',  ( -11.00000000000001776, -0.9000000000000000222, 20.39999999999998082 ) ) ;
#88 = FACE_OUTER_BOUND ( 'NONE', #34, .T. ) ;
#89 = DIRECTION ( 'NONE',  ( 0.000000000000000000, 0.000000000000000000, 1.000000000000000000 ) ) ;
#90 = EDGE_LOOP ( 'NONE', ( #2102, #1086, #1129, #1747 ) ) ;
#91 = CARTESIAN_POINT ( 'NONE',  ( 35.20000000000000995, 0.000000000000000000, 16.89999999999998437 ) ) ;
#92 = CARTESIAN_POINT ( 'NONE',  ( -11.90000000000002345, 1.999999999999998224, 18.89999999999999147 ) ) ;
#93 = ORIENTED_EDGE ( 'NONE', *, *, #3114, .T. ) ;
#94 = AXIS2_PLACEMENT_3D ( 'NONE', #3590, #496, #1719 ) ;
#95 = DIRECTION ( 'NONE',  ( 0.000000000000000000, -1.000000000000000000, 0.000000000000000000 ) ) ;
#96 = ORIENTED_EDGE ( 'NONE', *, *, #1328, .F. ) ;
#97 = DIRECTION ( 'NONE',  ( 2.077513144882403750E-16, 0.000000000000000000, 1.000000000000000000 ) ) ;
#98 = PRODUCT_DEFINITION_FORMATION_WITH_SPECIFIED_SOURCE ( '任何', '', #30, .NOT_KNOWN. ) ;
#99 = CONICAL_SURFACE ( 'NONE', #3220, 0.6999999999999853006, 0.09966865249116907410 ) ;
#100 = ORIENTED_EDGE ( 'NONE', *, *, #856, .F. ) ;
#101 = CYLINDRICAL_SURFACE ( 'NONE', #1161, 1.000000000000000888 ) ;
#102 = DIRECTION ( 'NONE',  ( 0.000000000000000000, 0.000000000000000000, -1.000000000000000000 ) ) ;
#103 = DIRECTION ( 'NONE',  ( -0.000000000000000000, 1.000000000000000000, -0.000000000000000000 ) ) ;
#104 = VECTOR ( 'NONE', #2881, 1000.000000000000000 ) ;
#105 = ORIENTED_EDGE ( 'NONE', *, *, #3061, .F. ) ;
#106 = LINE ( 'NONE', #1050, #2778 ) ;
#107 = VECTOR ( 'NONE', #2, 1000.000000000000000 ) ;
#108 = CARTESIAN_POINT ( 'NONE',  ( 12.90000000000002700, 4.000000000000000000, -17.69999999999998508 ) ) ;
#109 = AXIS2_PLACEMENT_3D ( 'NONE', #3798, #1317, #2843 ) ;
#110 = EDGE_CURVE ( 'NONE', #2025, #473, #3827, .T. ) ;
#111 = AXIS2_PLACEMENT_3D ( 'NONE', #3152, #618, #3091 ) ;
#112 = ADVANCED_FACE ( 'NONE', ( #1380 ), #3465, .F. ) ;
#113 = CARTESIAN_POINT ( 'NONE',  ( 0.000000000000000000, 0.000000000000000000, 19.09999999999999787 ) ) ;
#114 = CARTESIAN_POINT ( 'NONE',  ( 11.90000000000001634, 0.000000000000000000, 19.99999999999999645 ) ) ;
#115 = EDGE_LOOP ( 'NONE', ( #328, #2884, #1746, #3984 ) ) ;
#116 = LINE ( 'NONE', #1300, #1848 ) ;
#117 = FACE_OUTER_BOUND ( 'NONE', #3980, .T. ) ;
#118 = VERTEX_POINT ( 'NONE', #691 ) ;
#119 = DIRECTION ( 'NONE',  ( 0.000000000000000000, 0.000000000000000000, -1.000000000000000000 ) ) ;
#120 = VECTOR ( 'NONE', #937, 1000.000000000000000 ) ;
#121 = ORIENTED_EDGE ( 'NONE', *, *, #1611, .T. ) ;
#122 = CARTESIAN_POINT ( 'NONE',  ( 11.00000000000002487, -1.399999999999999911, -20.39999999999999503 ) ) ;
#123 = VERTEX_POINT ( 'NONE', #2552 ) ;
#124 = ORIENTED_EDGE ( 'NONE', *, *, #1083, .T. ) ;
#125 = EDGE_CURVE ( 'NONE', #3800, #2918, #2380, .T. ) ;
#126 = DIRECTION ( 'NONE',  ( 0.000000000000000000, -1.000000000000000000, 0.000000000000000000 ) ) ;
#127 = DIRECTION ( 'NONE',  ( -0.000000000000000000, 1.000000000000000000, -0.000000000000000000 ) ) ;
#128 = DIRECTION ( 'NONE',  ( 0.000000000000000000, 0.000000000000000000, -1.000000000000000000 ) ) ;
#129 = CARTESIAN_POINT ( 'NONE',  ( 33.00000000000000000, 1.999999999999914957, -15.69999999999999929 ) ) ;
#130 = ORIENTED_EDGE ( 'NONE', *, *, #4011, .T. ) ;
#131 = CIRCLE ( 'NONE', #1364, 1.000000000000000888 ) ;
#132 = AXIS2_PLACEMENT_3D ( 'NONE', #2899, #1638, #1011 ) ;
#133 = CARTESIAN_POINT ( 'NONE',  ( 33.00000000000000711, 4.000000000000000000, 16.89999999999999858 ) ) ;
#134 = LINE ( 'NONE', #2323, #1245 ) ;
#135 = AXIS2_PLACEMENT_3D ( 'NONE', #1251, #3401, #917 ) ;
#136 = FACE_OUTER_BOUND ( 'NONE', #1758, .T. ) ;
#137 = DIRECTION ( 'NONE',  ( 1.000000000000000000, 0.000000000000000000, -0.000000000000000000 ) ) ;
#138 = CARTESIAN_POINT ( 'NONE',  ( 11.00000000000002487, -0.8999999999999998002, -19.09999999999999787 ) ) ;
#139 = DIRECTION ( 'NONE',  ( -2.077513144882403750E-16, 0.000000000000000000, -1.000000000000000000 ) ) ;
#140 = EDGE_CURVE ( 'NONE', #3198, #1292, #1897, .T. ) ;
#141 = ORIENTED_EDGE ( 'NONE', *, *, #436, .F. ) ;
#142 = CARTESIAN_POINT ( 'NONE',  ( -11.00000000000002487, -1.399999999999999911, -20.39999999999998082 ) ) ;
#143 = ORIENTED_EDGE ( 'NONE', *, *, #2460, .T. ) ;
#144 = DIRECTION ( 'NONE',  ( 0.000000000000000000, 0.000000000000000000, 1.000000000000000000 ) ) ;
#145 = ORIENTED_EDGE ( 'NONE', *, *, #715, .T. ) ;
#146 = ORIENTED_EDGE ( 'NONE', *, *, #3598, .F. ) ;
#147 = CARTESIAN_POINT ( 'NONE',  ( 7.000000000000024869, 4.000000000000000000, -18.89999999999999858 ) ) ;
#148 = LINE ( 'NONE', #1591, #3214 ) ;
#149 = CARTESIAN_POINT ( 'NONE',  ( -35.20000000000000284, 0.000000000000000000, -17.89999999999999858 ) ) ;
#150 = DIRECTION ( 'NONE',  ( -1.000000000000000000, 0.000000000000000000, 0.000000000000000000 ) ) ;
#151 = DIRECTION ( 'NONE',  ( 0.000000000000000000, 0.000000000000000000, 1.000000000000000000 ) ) ;
#152 = EDGE_CURVE ( 'NONE', #3049, #2785, #1668, .T. ) ;
#153 = DIRECTION ( 'NONE',  ( 0.000000000000000000, 0.000000000000000000, 1.000000000000000000 ) ) ;
#154 = DIRECTION ( 'NONE',  ( -1.000000000000000000, -0.000000000000000000, -0.000000000000000000 ) ) ;
#155 = PLANE ( 'NONE',  #2326 ) ;
#156 = ORIENTED_EDGE ( 'NONE', *, *, #3139, .F. ) ;
#157 = CARTESIAN_POINT ( 'NONE',  ( 7.510102051443376503, -1.399999999999999911, 19.99999999999999289 ) ) ;
#158 = LINE ( 'NONE', #1142, #561 ) ;
#159 = EDGE_LOOP ( 'NONE', ( #1296, #2406, #3638, #2646 ) ) ;
#160 = VECTOR ( 'NONE', #545, 1000.000000000000227 ) ;
#161 = EDGE_CURVE ( 'NONE', #1889, #981, #1977, .T. ) ;
#162 = CARTESIAN_POINT ( 'NONE',  ( 34.20000000000000995, 1.999999999999998668, 16.89999999999999858 ) ) ;
#163 = ORIENTED_EDGE ( 'NONE', *, *, #3179, .T. ) ;
#164 = CARTESIAN_POINT ( 'NONE',  ( -34.20000000000000284, 4.000000000000000000, -17.69999999999998508 ) ) ;
#165 = VECTOR ( 'NONE', #608, 1000.000000000000000 ) ;
#166 = CARTESIAN_POINT ( 'NONE',  ( -11.00000000000001776, 1.999999999999998224, 19.99999999999998224 ) ) ;
#167 = DIRECTION ( 'NONE',  ( 1.000000000000000000, 0.000000000000000000, 0.000000000000000000 ) ) ;
#168 = LINE ( 'NONE', #2588, #2773 ) ;
#169 = EDGE_CURVE ( 'NONE', #739, #2007, #1034, .T. ) ;
#170 = CIRCLE ( 'NONE', #2832, 1.000000000000000888 ) ;
#171 = DIRECTION ( 'NONE',  ( -0.09950371902100506316, -0.9950371902099884869, 0.000000000000000000 ) ) ;
#172 = CARTESIAN_POINT ( 'NONE',  ( 8.000000000000012434, 9.745432968889293335, 19.89999999999999503 ) ) ;
#173 = CIRCLE ( 'NONE', #2711, 0.5000000000000004441 ) ;
#174 = EDGE_CURVE ( 'NONE', #1600, #1087, #3143, .T. ) ;
#175 = APPLICATION_PROTOCOL_DEFINITION ( 'draft international standard', 'automotive_design', 1998, #2931 ) ;
#176 = VERTEX_POINT ( 'NONE', #367 ) ;
#177 = AXIS2_PLACEMENT_3D ( 'NONE', #3313, #1110, #787 ) ;
#178 = CIRCLE ( 'NONE', #2906, 1.000000000000000888 ) ;
#179 = FACE_OUTER_BOUND ( 'NONE', #2135, .T. ) ;
#180 = AXIS2_PLACEMENT_3D ( 'NONE', #442, #1375, #150 ) ;
#181 = CARTESIAN_POINT ( 'NONE',  ( -11.00000000000002487, 4.000000000000000000, -19.99999999999998224 ) ) ;
#182 = EDGE_LOOP ( 'NONE', ( #785, #1343, #2227, #2426 ) ) ;
#183 = AXIS2_PLACEMENT_3D ( 'NONE', #287, #1581, #2491 ) ;
#184 = EDGE_CURVE ( 'NONE', #995, #734, #2171, .T. ) ;
#185 = VERTEX_POINT ( 'NONE', #138 ) ;
#186 = DIRECTION ( 'NONE',  ( 1.000000000000000000, -0.000000000000000000, -0.000000000000000000 ) ) ;
#187 = EDGE_LOOP ( 'NONE', ( #2642, #3784, #2775, #3069 ) ) ;
#188 = ORIENTED_EDGE ( 'NONE', *, *, #682, .T. ) ;
#189 = DIRECTION ( 'NONE',  ( 0.000000000000000000, -1.000000000000000000, 0.000000000000000000 ) ) ;
#190 = EDGE_CURVE ( 'NONE', #693, #2226, #2502, .T. ) ;
#191 = EDGE_CURVE ( 'NONE', #2226, #1193, #2261, .T. ) ;
#192 = LINE ( 'NONE', #867, #3870 ) ;
#193 = LINE ( 'NONE', #2677, #3944 ) ;
#194 = AXIS2_PLACEMENT_3D ( 'NONE', #1898, #368, #3799 ) ;
#195 = PRODUCT_DEFINITION_CONTEXT ( 'detailed design', #2931, 'design' ) ;
#196 = DIRECTION ( 'NONE',  ( -0.000000000000000000, 1.000000000000000000, -0.000000000000000000 ) ) ;
#197 = VECTOR ( 'NONE', #1002, 1000.000000000000000 ) ;
#198 = AXIS2_PLACEMENT_3D ( 'NONE', #3816, #1032, #2618 ) ;
#199 = CARTESIAN_POINT ( 'NONE',  ( 33.00000000000000000, 4.000000000000000000, -16.69999999999999929 ) ) ;
#200 = CIRCLE ( 'NONE', #2265, 1.000000000000000888 ) ;
#201 = CARTESIAN_POINT ( 'NONE',  ( -32.99999999999999289, 1.500000000000000000, 15.69999999999999929 ) ) ;
#202 = CARTESIAN_POINT ( 'NONE',  ( 34.00000000000000000, 1.999999999999914957, -16.69999999999999929 ) ) ;
#203 = ORIENTED_EDGE ( 'NONE', *, *, #152, .T. ) ;
#204 = ORIENTED_EDGE ( 'NONE', *, *, #225, .T. ) ;
#205 = EDGE_CURVE ( 'NONE', #123, #3998, #404, .T. ) ;
#206 = DIRECTION ( 'NONE',  ( 0.09950371902100590971, -0.9950371902099883759, 0.000000000000000000 ) ) ;
#207 = VECTOR ( 'NONE', #3119, 1000.000000000000000 ) ;
#208 = EDGE_LOOP ( 'NONE', ( #3891, #3468, #1202, #744 ) ) ;
#209 = ORIENTED_EDGE ( 'NONE', *, *, #911, .F. ) ;
#210 = ORIENTED_EDGE ( 'NONE', *, *, #1891, .F. ) ;
#211 = FACE_OUTER_BOUND ( 'NONE', #319, .T. ) ;
#212 = DIRECTION ( 'NONE',  ( 0.000000000000000000, -1.000000000000000000, 0.000000000000000000 ) ) ;
#213 = CARTESIAN_POINT ( 'NONE',  ( -6.000000000000025757, 4.000000000000000000, -18.89999999999999858 ) ) ;
#214 = DIRECTION ( 'NONE',  ( 0.000000000000000000, -1.000000000000000000, 0.000000000000000000 ) ) ;
#215 = VECTOR ( 'NONE', #3846, 1000.000000000000000 ) ;
#216 = CARTESIAN_POINT ( 'NONE',  ( 33.50000000000000000, 1.000000000000000000, -15.69999999999999929 ) ) ;
#217 = ORIENTED_EDGE ( 'NONE', *, *, #725, .F. ) ;
#218 = PLANE ( 'NONE',  #1474 ) ;
#219 = VERTEX_POINT ( 'NONE', #1640 ) ;
#220 = CARTESIAN_POINT ( 'NONE',  ( 11.90000000000001634, 1.999999999999998224, 19.99999999999999645 ) ) ;
#221 = LINE ( 'NONE', #860, #1152 ) ;
#222 = DIRECTION ( 'NONE',  ( -0.000000000000000000, -1.000000000000000000, -0.000000000000000000 ) ) ;
#223 = ORIENTED_EDGE ( 'NONE', *, *, #3340, .T. ) ;
#224 = FACE_OUTER_BOUND ( 'NONE', #1707, .T. ) ;
#225 = EDGE_CURVE ( 'NONE', #3654, #1516, #116, .T. ) ;
#226 = EDGE_LOOP ( 'NONE', ( #434, #1388, #3515, #2627, #359, #3120, #93, #2335, #3974, #2712, #2286, #1650, #2454, #2387, #1534, #384, #1457, #2663, #370, #695, #1849, #536, #2078, #2057, #3272, #3082, #497, #2581, #1654, #2316, #756, #3689, #1761, #82, #1106, #1156, #2352, #1780, #2837, #343 ) ) ;
#227 = ORIENTED_EDGE ( 'NONE', *, *, #3340, .F. ) ;
#228 = DIRECTION ( 'NONE',  ( -5.204170427930416550E-15, 0.000000000000000000, -1.000000000000000000 ) ) ;
#229 = EDGE_CURVE ( 'NONE', #915, #1579, #1957, .T. ) ;
#230 = DIRECTION ( 'NONE',  ( 0.000000000000000000, -0.000000000000000000, -1.000000000000000000 ) ) ;
#231 = CARTESIAN_POINT ( 'NONE',  ( -7.510102051443382720, -1.399999999999999911, -19.99999999999998579 ) ) ;
#232 = SURFACE_STYLE_FILL_AREA ( #3972 ) ;
#233 = CIRCLE ( 'NONE', #2493, 0.8999999999999980238 ) ;
#234 = DIRECTION ( 'NONE',  ( -1.000000000000000000, 0.000000000000000000, 0.000000000000000000 ) ) ;
#235 = VERTEX_POINT ( 'NONE', #91 ) ;
#236 = AXIS2_PLACEMENT_3D ( 'NONE', #9, #1832, #265 ) ;
#237 = CIRCLE ( 'NONE', #1979, 1.000000000000000888 ) ;
#238 = EDGE_CURVE ( 'NONE', #2003, #52, #3203, .T. ) ;
#239 = CARTESIAN_POINT ( 'NONE',  ( 11.00000000000001776, -0.8999999999999998002, 19.99999999999999645 ) ) ;
#240 = EDGE_CURVE ( 'NONE', #2271, #176, #2377, .T. ) ;
#241 = AXIS2_PLACEMENT_3D ( 'NONE', #855, #3324, #2077 ) ;
#242 = DIRECTION ( 'NONE',  ( 0.000000000000000000, -0.000000000000000000, -1.000000000000000000 ) ) ;
#243 = CIRCLE ( 'NONE', #1669, 0.8999999999999980238 ) ;
#244 = CIRCLE ( 'NONE', #3034, 0.5000000000000004441 ) ;
#245 = CARTESIAN_POINT ( 'NONE',  ( -12.90000000000002345, 1.999999999999998224, 18.89999999999999858 ) ) ;
#246 = EDGE_LOOP ( 'NONE', ( #3752, #1720, #2469, #3191 ) ) ;
#247 = AXIS2_PLACEMENT_3D ( 'NONE', #3197, #2253, #1027 ) ;
#248 = AXIS2_PLACEMENT_3D ( 'NONE', #429, #1385, #1061 ) ;
#249 = DIRECTION ( 'NONE',  ( 0.000000000000000000, 0.000000000000000000, -1.000000000000000000 ) ) ;
#250 = VERTEX_POINT ( 'NONE', #996 ) ;
#251 = ORIENTED_EDGE ( 'NONE', *, *, #1196, .T. ) ;
#252 = CARTESIAN_POINT ( 'NONE',  ( 11.00000000000002487, -0.9000000000000000222, -19.09999999999999787 ) ) ;
#253 = CARTESIAN_POINT ( 'NONE',  ( 0.000000000000000000, 4.000000000000000000, -17.69999999999998508 ) ) ;
#254 = DIRECTION ( 'NONE',  ( -0.000000000000000000, 1.000000000000000000, -0.000000000000000000 ) ) ;
#255 = ADVANCED_FACE ( 'NONE', ( #3838 ), #2284, .F. ) ;
#256 = VECTOR ( 'NONE', #335, 1000.000000000000227 ) ;
#257 = CARTESIAN_POINT ( 'NONE',  ( 11.00000000000001776, -1.399999999999999911, 19.99999999999999645 ) ) ;
#258 = PLANE ( 'NONE',  #2424 ) ;
#259 = VECTOR ( 'NONE', #2802, 1000.000000000000000 ) ;
#260 = ORIENTED_EDGE ( 'NONE', *, *, #2815, .F. ) ;
#261 = VERTEX_POINT ( 'NONE', #453 ) ;
#262 = DIRECTION ( 'NONE',  ( 0.000000000000000000, 0.000000000000000000, -1.000000000000000000 ) ) ;
#263 = EDGE_CURVE ( 'NONE', #3513, #1191, #1155, .T. ) ;
#264 = EDGE_CURVE ( 'NONE', #2271, #62, #3449, .T. ) ;
#265 = DIRECTION ( 'NONE',  ( -1.000000000000000000, 0.000000000000000000, 0.000000000000000000 ) ) ;
#266 = AXIS2_PLACEMENT_3D ( 'NONE', #1833, #2159, #3081 ) ;
#267 = CARTESIAN_POINT ( 'NONE',  ( -33.49999999999999289, 1.000000000000000000, 15.69999999999999929 ) ) ;
#268 = ORIENTED_EDGE ( 'NONE', *, *, #2974, .T. ) ;
#269 = EDGE_CURVE ( 'NONE', #1579, #2007, #2714, .T. ) ;
#270 = CARTESIAN_POINT ( 'NONE',  ( -10.99999999999997335, -0.9000000000000000222, 19.59999999999999787 ) ) ;
#271 = ORIENTED_EDGE ( 'NONE', *, *, #1016, .F. ) ;
#272 = ORIENTED_EDGE ( 'NONE', *, *, #1323, .T. ) ;
#273 = DIRECTION ( 'NONE',  ( -1.000000000000000000, 0.000000000000000000, 2.478176394252584494E-15 ) ) ;
#274 = FACE_OUTER_BOUND ( 'NONE', #1389, .T. ) ;
#275 = DIRECTION ( 'NONE',  ( -1.000000000000000000, 0.000000000000000000, 0.000000000000000000 ) ) ;
#276 = CARTESIAN_POINT ( 'NONE',  ( -7.200000000000035705, 4.000000000000000000, 18.89999999999999858 ) ) ;
#277 = DIRECTION ( 'NONE',  ( 0.000000000000000000, 0.000000000000000000, -1.000000000000000000 ) ) ;
#278 = ORIENTED_EDGE ( 'NONE', *, *, #2412, .T. ) ;
#279 = ORIENTED_EDGE ( 'NONE', *, *, #1742, .T. ) ;
#280 = CARTESIAN_POINT ( 'NONE',  ( 7.200000000000039257, 4.000000000000000000, 0.000000000000000000 ) ) ;
#281 = CYLINDRICAL_SURFACE ( 'NONE', #3410, 0.5000000000000004441 ) ;
#282 = CARTESIAN_POINT ( 'NONE',  ( -8.000000000000021316, 1.999999999999998224, 19.89999999999998082 ) ) ;
#283 = EDGE_LOOP ( 'NONE', ( #1522, #1888, #2349, #824 ) ) ;
#284 = DIRECTION ( 'NONE',  ( -1.000000000000000000, -0.000000000000000000, -0.000000000000000000 ) ) ;
#285 = ORIENTED_EDGE ( 'NONE', *, *, #2479, .F. ) ;
#286 = ORIENTED_EDGE ( 'NONE', *, *, #110, .F. ) ;
#287 = CARTESIAN_POINT ( 'NONE',  ( -8.000000000000015987, -0.9000000000000000222, -20.10000000000000142 ) ) ;
#288 = DIRECTION ( 'NONE',  ( 1.000000000000000000, -0.000000000000000000, -0.000000000000000000 ) ) ;
#289 = EDGE_CURVE ( 'NONE', #3526, #693, #2114, .T. ) ;
#290 = CARTESIAN_POINT ( 'NONE',  ( 6.000000000000025757, 1.999999999999998668, -17.89999999999999858 ) ) ;
#291 = DIRECTION ( 'NONE',  ( -1.000000000000000000, 0.000000000000000000, 0.000000000000000000 ) ) ;
#292 = EDGE_LOOP ( 'NONE', ( #2744, #61, #217, #2763 ) ) ;
#293 = EDGE_CURVE ( 'NONE', #3456, #769, #1204, .T. ) ;
#294 = VECTOR ( 'NONE', #3538, 1000.000000000000000 ) ;
#295 = ORIENTED_EDGE ( 'NONE', *, *, #2637, .T. ) ;
#296 = LINE ( 'NONE', #2758, #2073 ) ;
#297 = MECHANICAL_DESIGN_GEOMETRIC_PRESENTATION_REPRESENTATION (  '', ( #826 ), #565 ) ;
#298 = DIRECTION ( 'NONE',  ( 0.000000000000000000, 0.000000000000000000, -1.000000000000000000 ) ) ;
#299 = CIRCLE ( 'NONE', #829, 1.000000000000000888 ) ;
#300 = ADVANCED_FACE ( 'NONE', ( #1811 ), #3603, .T. ) ;
#301 = CARTESIAN_POINT ( 'NONE',  ( 11.90000000000002878, 1.999999999999998224, -17.89999999999999858 ) ) ;
#302 = ORIENTED_EDGE ( 'NONE', *, *, #3472, .T. ) ;
#303 = DIRECTION ( 'NONE',  ( 0.000000000000000000, -1.000000000000000000, 0.000000000000000000 ) ) ;
#304 = EDGE_CURVE ( 'NONE', #409, #2768, #883, .T. ) ;
#305 = VERTEX_POINT ( 'NONE', #3056 ) ;
#306 = AXIS2_PLACEMENT_3D ( 'NONE', #3835, #1297, #53 ) ;
#307 = ORIENTED_EDGE ( 'NONE', *, *, #727, .F. ) ;
#308 = AXIS2_PLACEMENT_3D ( 'NONE', #213, #1453, #2695 ) ;
#309 = CARTESIAN_POINT ( 'NONE',  ( -11.90000000000001634, 0.000000000000000000, 20.00000000000000355 ) ) ;
#310 = CIRCLE ( 'NONE', #177, 0.7999999999999847233 ) ;
#311 = AXIS2_PLACEMENT_3D ( 'NONE', #825, #1563, #2519 ) ;
#312 = DIRECTION ( 'NONE',  ( 0.000000000000000000, 0.000000000000000000, -1.000000000000000000 ) ) ;
#313 = AXIS2_PLACEMENT_3D ( 'NONE', #314, #1610, #3382 ) ;
#314 = CARTESIAN_POINT ( 'NONE',  ( 11.70000000000011831, 4.000000000000000000, 6.765421556309624661E-14 ) ) ;
#315 = DIRECTION ( 'NONE',  ( 0.000000000000000000, -1.000000000000000000, 0.000000000000000000 ) ) ;
#316 = ORIENTED_EDGE ( 'NONE', *, *, #790, .F. ) ;
#317 = ADVANCED_FACE ( 'NONE', ( #872 ), #3992, .F. ) ;
#318 = AXIS2_PLACEMENT_3D ( 'NONE', #3047, #1224, #1560 ) ;
#319 = EDGE_LOOP ( 'NONE', ( #1320, #3323, #3122, #406 ) ) ;
#320 = LINE ( 'NONE', #3691, #1118 ) ;
#321 = CARTESIAN_POINT ( 'NONE',  ( 12.90000000000002700, 1.000000000000000000, -18.89999999999999858 ) ) ;
#322 = CYLINDRICAL_SURFACE ( 'NONE', #979, 0.5000000000000004441 ) ;
#323 = ORIENTED_EDGE ( 'NONE', *, *, #3303, .T. ) ;
#324 = PLANE ( 'NONE',  #2968 ) ;
#325 = VECTOR ( 'NONE', #1565, 1000.000000000000000 ) ;
#326 = ORIENTED_EDGE ( 'NONE', *, *, #263, .F. ) ;
#327 = VECTOR ( 'NONE', #837, 1000.000000000000000 ) ;
#328 = ORIENTED_EDGE ( 'NONE', *, *, #1075, .T. ) ;
#329 = CARTESIAN_POINT ( 'NONE',  ( 34.99999999999999289, 4.000000000000000000, 16.89999999999999858 ) ) ;
#330 = TOROIDAL_SURFACE ( 'NONE', #530, 0.5000000000000000000, 0.5000000000000000000 ) ;
#331 = ADVANCED_FACE ( 'NONE', ( #1790 ), #888, .F. ) ;
#332 = CARTESIAN_POINT ( 'NONE',  ( 12.90000000000002700, 1.000000000000000000, -16.19999999999999929 ) ) ;
#333 = DIRECTION ( 'NONE',  ( 0.000000000000000000, 0.000000000000000000, -1.000000000000000000 ) ) ;
#334 = ADVANCED_FACE ( 'NONE', ( #2055 ), #2233, .T. ) ;
#335 = DIRECTION ( 'NONE',  ( 0.09950371902100595134, -0.9950371902099883759, 0.000000000000000000 ) ) ;
#336 = ORIENTED_EDGE ( 'NONE', *, *, #2643, .T. ) ;
#337 = VECTOR ( 'NONE', #3927, 1000.000000000000000 ) ;
#338 = FACE_OUTER_BOUND ( 'NONE', #788, .T. ) ;
#339 = EDGE_CURVE ( 'NONE', #1869, #2143, #2997, .T. ) ;
#340 = CARTESIAN_POINT ( 'NONE',  ( -7.000000000000017764, 1.999999999999998224, -19.89999999999997016 ) ) ;
#341 = DIRECTION ( 'NONE',  ( 0.000000000000000000, 0.000000000000000000, -1.000000000000000000 ) ) ;
#342 = CARTESIAN_POINT ( 'NONE',  ( -11.70000000000011831, 4.000000000000000000, 6.765421556309668837E-14 ) ) ;
#343 = ORIENTED_EDGE ( 'NONE', *, *, #962, .T. ) ;
#344 = DIRECTION ( 'NONE',  ( -1.000000000000000000, 4.857225732735059233E-14, 0.000000000000000000 ) ) ;
#345 = ORIENTED_EDGE ( 'NONE', *, *, #1508, .T. ) ;
#346 = EDGE_CURVE ( 'NONE', #3328, #347, #498, .T. ) ;
#347 = VERTEX_POINT ( 'NONE', #216 ) ;
#348 = CYLINDRICAL_SURFACE ( 'NONE', #903, 0.5000000000000004441 ) ;
#349 = LINE ( 'NONE', #2190, #3830 ) ;
#350 = ORIENTED_EDGE ( 'NONE', *, *, #2359, .F. ) ;
#351 = EDGE_LOOP ( 'NONE', ( #906, #4017, #1159, #1777 ) ) ;
#352 = ADVANCED_FACE ( 'NONE', ( #1137 ), #357, .F. ) ;
#353 = CARTESIAN_POINT ( 'NONE',  ( -34.19999999999999574, 1.999999999999998668, 17.89999999999999858 ) ) ;
#354 = CARTESIAN_POINT ( 'NONE',  ( -6.000000000000019540, 4.000000000000000000, 17.69999999999998508 ) ) ;
#355 = VERTEX_POINT ( 'NONE', #1190 ) ;
#356 = ORIENTED_EDGE ( 'NONE', *, *, #2840, .F. ) ;
#357 = CONICAL_SURFACE ( 'NONE', #2631, 1.200000000000013500, 0.09966865249116864389 ) ;
#358 = DIRECTION ( 'NONE',  ( 0.000000000000000000, 0.000000000000000000, -1.000000000000000000 ) ) ;
#359 = ORIENTED_EDGE ( 'NONE', *, *, #1868, .T. ) ;
#360 = DIRECTION ( 'NONE',  ( 0.000000000000000000, -1.000000000000000000, 0.000000000000000000 ) ) ;
#361 = EDGE_CURVE ( 'NONE', #586, #185, #2821, .T. ) ;
#362 = AXIS2_PLACEMENT_3D ( 'NONE', #1092, #1670, #3751 ) ;
#363 = ADVANCED_FACE ( 'NONE', ( #2383 ), #3038, .F. ) ;
#364 = CARTESIAN_POINT ( 'NONE',  ( -11.70000000000000995, 4.000000000000000000, 18.89999999999999147 ) ) ;
#365 = CARTESIAN_POINT ( 'NONE',  ( -34.19999999999999574, 0.000000000000000000, 16.89999999999999858 ) ) ;
#366 = ORIENTED_EDGE ( 'NONE', *, *, #3461, .F. ) ;
#367 = CARTESIAN_POINT ( 'NONE',  ( 34.20000000000000284, 4.000000000000000000, -17.69999999999998153 ) ) ;
#368 = DIRECTION ( 'NONE',  ( 0.000000000000000000, -0.000000000000000000, 1.000000000000000000 ) ) ;
#369 = ORIENTED_EDGE ( 'NONE', *, *, #1265, .F. ) ;
#370 = ORIENTED_EDGE ( 'NONE', *, *, #1384, .T. ) ;
#371 = LINE ( 'NONE', #329, #2839 ) ;
#372 = AXIS2_PLACEMENT_3D ( 'NONE', #321, #3423, #242 ) ;
#373 = AXIS2_PLACEMENT_3D ( 'NONE', #2252, #1995, #1068 ) ;
#374 = LINE ( 'NONE', #2851, #1954 ) ;
#375 = ORIENTED_EDGE ( 'NONE', *, *, #3236, .F. ) ;
#376 = CIRCLE ( 'NONE', #1728, 1.000000000000000888 ) ;
#377 = EDGE_LOOP ( 'NONE', ( #32, #3375, #3792, #3427 ) ) ;
#378 = DIRECTION ( 'NONE',  ( 0.000000000000000000, -1.000000000000000000, 0.000000000000000000 ) ) ;
#379 = VECTOR ( 'NONE', #804, 1000.000000000000000 ) ;
#380 = AXIS2_PLACEMENT_3D ( 'NONE', #1290, #659, #333 ) ;
#381 = AXIS2_PLACEMENT_3D ( 'NONE', #2132, #214, #560 ) ;
#382 = CARTESIAN_POINT ( 'NONE',  ( -33.00000000000000000, 1.500000000000000000, -16.69999999999999929 ) ) ;
#383 = EDGE_CURVE ( 'NONE', #693, #553, #851, .T. ) ;
#384 = ORIENTED_EDGE ( 'NONE', *, *, #1192, .T. ) ;
#385 = CARTESIAN_POINT ( 'NONE',  ( 12.90000000000002345, 1.999999999999998668, 17.89999999999999858 ) ) ;
#386 = LINE ( 'NONE', #1620, #2336 ) ;
#387 = ORIENTED_EDGE ( 'NONE', *, *, #568, .F. ) ;
#388 = CARTESIAN_POINT ( 'NONE',  ( -35.20000000000000284, 0.000000000000000000, -17.89999999999999858 ) ) ;
#389 = CIRCLE ( 'NONE', #458, 1.000000000000000888 ) ;
#390 = DIRECTION ( 'NONE',  ( -4.315285933318163439E-16, -0.9950371902099884869, 0.09950371902100509092 ) ) ;
#391 = ORIENTED_EDGE ( 'NONE', *, *, #269, .F. ) ;
#392 = DIRECTION ( 'NONE',  ( 0.000000000000000000, -1.000000000000000000, 0.000000000000000000 ) ) ;
#393 = ADVANCED_FACE ( 'NONE', ( #1769 ), #258, .F. ) ;
#394 = DIRECTION ( 'NONE',  ( 1.000000000000000000, -0.000000000000000000, -0.000000000000000000 ) ) ;
#395 = CIRCLE ( 'NONE', #266, 0.3999999999999975797 ) ;
#396 = ORIENTED_EDGE ( 'NONE', *, *, #1139, .F. ) ;
#397 = PLANE ( 'NONE',  #3158 ) ;
#398 = VECTOR ( 'NONE', #1178, 1000.000000000000000 ) ;
#399 = DIRECTION ( 'NONE',  ( -1.000000000000000000, -0.000000000000000000, -0.000000000000000000 ) ) ;
#400 = ORIENTED_EDGE ( 'NONE', *, *, #1196, .F. ) ;
#401 = CARTESIAN_POINT ( 'NONE',  ( -7.378101995372688293, -1.399999999999999689, 19.99999999999999289 ) ) ;
#402 = CARTESIAN_POINT ( 'NONE',  ( 6.000000000000025757, 4.000000000000000000, -18.89999999999999858 ) ) ;
#403 = ORIENTED_EDGE ( 'NONE', *, *, #2092, .T. ) ;
#404 = LINE ( 'NONE', #77, #3030 ) ;
#405 = CARTESIAN_POINT ( 'NONE',  ( -7.000000000000025757, 0.000000000000000000, -18.90000000000000924 ) ) ;
#406 = ORIENTED_EDGE ( 'NONE', *, *, #2730, .F. ) ;
#407 = FACE_OUTER_BOUND ( 'NONE', #2945, .T. ) ;
#408 = CIRCLE ( 'NONE', #12, 1.000000000000000888 ) ;
#409 = VERTEX_POINT ( 'NONE', #3973 ) ;
#410 = ORIENTED_EDGE ( 'NONE', *, *, #3804, .T. ) ;
#411 = CARTESIAN_POINT ( 'NONE',  ( 11.00000000000001776, 4.000000000000000000, 20.69999999999998153 ) ) ;
#412 = ORIENTED_EDGE ( 'NONE', *, *, #1570, .F. ) ;
#413 = DIRECTION ( 'NONE',  ( 6.938893903907222067E-15, 0.000000000000000000, -1.000000000000000000 ) ) ;
#414 = EDGE_CURVE ( 'NONE', #2003, #1800, #2419, .T. ) ;
#415 = DIRECTION ( 'NONE',  ( 0.000000000000000000, -1.000000000000000000, 0.000000000000000000 ) ) ;
#416 = LINE ( 'NONE', #1950, #961 ) ;
#417 = ORIENTED_EDGE ( 'NONE', *, *, #1090, .F. ) ;
#418 = DIRECTION ( 'NONE',  ( 1.156482317317871764E-14, 0.000000000000000000, -1.000000000000000000 ) ) ;
#419 = EDGE_CURVE ( 'NONE', #672, #1349, #3686, .T. ) ;
#420 = DIRECTION ( 'NONE',  ( -0.000000000000000000, 1.000000000000000000, -0.000000000000000000 ) ) ;
#421 = ADVANCED_FACE ( 'NONE', ( #4 ), #1828, .F. ) ;
#422 = CARTESIAN_POINT ( 'NONE',  ( -33.00000000000000000, 0.000000000000000000, -16.69999999999999929 ) ) ;
#423 = ORIENTED_EDGE ( 'NONE', *, *, #50, .T. ) ;
#424 = DIRECTION ( 'NONE',  ( -1.156482317317871764E-14, 0.000000000000000000, 1.000000000000000000 ) ) ;
#425 = EDGE_CURVE ( 'NONE', #2478, #2971, #3901, .T. ) ;
#426 = DIRECTION ( 'NONE',  ( 0.000000000000000000, -1.000000000000000000, 0.000000000000000000 ) ) ;
#427 = ORIENTED_EDGE ( 'NONE', *, *, #225, .F. ) ;
#428 = CIRCLE ( 'NONE', #2765, 0.5000000000000004441 ) ;
#429 = CARTESIAN_POINT ( 'NONE',  ( 8.000000000000012434, -0.8999999999999998002, 19.89999999999999503 ) ) ;
#430 = ORIENTED_EDGE ( 'NONE', *, *, #4015, .F. ) ;
#431 = FACE_OUTER_BOUND ( 'NONE', #3867, .T. ) ;
#432 = ORIENTED_EDGE ( 'NONE', *, *, #1637, .F. ) ;
#433 = TOROIDAL_SURFACE ( 'NONE', #37, 0.3999999999999980238, 0.5000000000000000000 ) ;
#434 = ORIENTED_EDGE ( 'NONE', *, *, #240, .T. ) ;
#435 = CARTESIAN_POINT ( 'NONE',  ( 0.000000000000000000, -0.9000000000000000222, -19.59999999999999787 ) ) ;
#436 = EDGE_CURVE ( 'NONE', #2268, #3311, #2849, .T. ) ;
#437 = CARTESIAN_POINT ( 'NONE',  ( -7.005012562893401906, 0.000000000000000000, 19.99999999999998934 ) ) ;
#438 = DIRECTION ( 'NONE',  ( 0.000000000000000000, 0.000000000000000000, 1.000000000000000000 ) ) ;
#439 = VECTOR ( 'NONE', #666, 1000.000000000000000 ) ;
#440 = CARTESIAN_POINT ( 'NONE',  ( 35.20000000000000284, 1.999999999999998224, -16.89999999999999858 ) ) ;
#441 = VERTEX_POINT ( 'NONE', #2496 ) ;
#442 = CARTESIAN_POINT ( 'NONE',  ( 0.000000000000000000, 4.000000000000000000, -17.69999999999998508 ) ) ;
#443 = CIRCLE ( 'NONE', #2717, 0.5000000000000004441 ) ;
#444 = CIRCLE ( 'NONE', #3745, 0.8999999999999980238 ) ;
#445 = DIRECTION ( 'NONE',  ( 5.782411586589401421E-15, 0.000000000000000000, 1.000000000000000000 ) ) ;
#446 = EDGE_CURVE ( 'NONE', #3715, #1940, #3990, .T. ) ;
#447 = CIRCLE ( 'NONE', #1794, 1.000000000000000888 ) ;
#448 = VECTOR ( 'NONE', #1531, 1000.000000000000000 ) ;
#449 = EDGE_CURVE ( 'NONE', #3237, #915, #2520, .T. ) ;
#450 = DIRECTION ( 'NONE',  ( 0.000000000000000000, -1.000000000000000000, 0.000000000000000000 ) ) ;
#451 =( NAMED_UNIT ( * ) SI_UNIT ( $, .STERADIAN. ) SOLID_ANGLE_UNIT ( ) );
#452 = DIRECTION ( 'NONE',  ( -0.000000000000000000, 1.000000000000000000, -0.000000000000000000 ) ) ;
#453 = CARTESIAN_POINT ( 'NONE',  ( 7.000000000000012434, 0.000000000000000000, 19.89999999999998437 ) ) ;
#454 = DIRECTION ( 'NONE',  ( 5.782411586589363555E-15, 0.000000000000000000, -1.000000000000000000 ) ) ;
#455 = AXIS2_PLACEMENT_3D ( 'NONE', #3383, #3720, #277 ) ;
#456 = ORIENTED_EDGE ( 'NONE', *, *, #650, .F. ) ;
#457 = FACE_OUTER_BOUND ( 'NONE', #731, .T. ) ;
#458 = AXIS2_PLACEMENT_3D ( 'NONE', #3083, #303, #1035 ) ;
#459 = VERTEX_POINT ( 'NONE', #2169 ) ;
#460 = DIRECTION ( 'NONE',  ( 0.000000000000000000, 0.9950371902099884869, 0.09950371902100509092 ) ) ;
#461 = ORIENTED_EDGE ( 'NONE', *, *, #1980, .T. ) ;
#462 = ORIENTED_EDGE ( 'NONE', *, *, #2040, .T. ) ;
#463 = LINE ( 'NONE', #147, #2382 ) ;
#464 = EDGE_CURVE ( 'NONE', #1688, #3589, #1801, .T. ) ;
#465 = CARTESIAN_POINT ( 'NONE',  ( -8.000000000000017764, -1.399999999999999911, -19.89999999999998082 ) ) ;
#466 = FACE_OUTER_BOUND ( 'NONE', #40, .T. ) ;
#467 = AXIS2_PLACEMENT_3D ( 'NONE', #3886, #2142, #3045 ) ;
#468 = DIRECTION ( 'NONE',  ( 0.000000000000000000, 0.000000000000000000, -1.000000000000000000 ) ) ;
#469 = CARTESIAN_POINT ( 'NONE',  ( -11.90000000000001634, 1.999999999999998224, 19.99999999999998224 ) ) ;
#470 = LINE ( 'NONE', #1396, #1415 ) ;
#471 = EDGE_CURVE ( 'NONE', #1561, #3928, #54, .T. ) ;
#472 = FACE_OUTER_BOUND ( 'NONE', #1988, .T. ) ;
#473 = VERTEX_POINT ( 'NONE', #2437 ) ;
#474 = CARTESIAN_POINT ( 'NONE',  ( 8.000000000000024869, -1.399999999999999911, -19.89999999999999503 ) ) ;
#475 = VERTEX_POINT ( 'NONE', #912 ) ;
#476 = CARTESIAN_POINT ( 'NONE',  ( 11.00000000000002487, -0.8999999999999998002, -20.39999999999999503 ) ) ;
#477 = FILL_AREA_STYLE ('',( #551 ) ) ;
#478 = ORIENTED_EDGE ( 'NONE', *, *, #796, .T. ) ;
#479 = DIRECTION ( 'NONE',  ( 0.000000000000000000, 0.000000000000000000, -1.000000000000000000 ) ) ;
#480 = EDGE_CURVE ( 'NONE', #3928, #2514, #2215, .T. ) ;
#481 = VERTEX_POINT ( 'NONE', #2793 ) ;
#482 = CARTESIAN_POINT ( 'NONE',  ( -8.000000000000017764, 1.999999999999998224, -20.89999999999998082 ) ) ;
#483 = CARTESIAN_POINT ( 'NONE',  ( 11.00000000000002487, 1.999999999999998224, -20.89999999999999503 ) ) ;
#484 = LINE ( 'NONE', #1710, #2050 ) ;
#485 = EDGE_CURVE ( 'NONE', #347, #555, #1117, .T. ) ;
#486 = DIRECTION ( 'NONE',  ( 1.938238520644477406E-16, 0.000000000000000000, 1.000000000000000000 ) ) ;
#487 = CARTESIAN_POINT ( 'NONE',  ( -34.00000000000000000, 1.999999999999914957, -16.69999999999999929 ) ) ;
#488 = ADVANCED_FACE ( 'NONE', ( #2134 ), #1515, .T. ) ;
#489 = CARTESIAN_POINT ( 'NONE',  ( 6.000000000000025757, 1.999999999999998668, -18.89999999999999858 ) ) ;
#490 = ORIENTED_EDGE ( 'NONE', *, *, #240, .F. ) ;
#491 = CARTESIAN_POINT ( 'NONE',  ( -7.005012562893398353, -0.8999999999999998002, -19.99999999999998224 ) ) ;
#492 = DIRECTION ( 'NONE',  ( 0.000000000000000000, 1.000000000000000000, 0.000000000000000000 ) ) ;
#493 = ORIENTED_EDGE ( 'NONE', *, *, #2495, .T. ) ;
#494 = EDGE_CURVE ( 'NONE', #3848, #3715, #2753, .T. ) ;
#495 = ADVANCED_FACE ( 'NONE', ( #2811 ), #2858, .T. ) ;
#496 = DIRECTION ( 'NONE',  ( -0.000000000000000000, 1.000000000000000000, -0.000000000000000000 ) ) ;
#497 = ORIENTED_EDGE ( 'NONE', *, *, #817, .T. ) ;
#498 = CIRCLE ( 'NONE', #2099, 0.5000000000000004441 ) ;
#499 = CARTESIAN_POINT ( 'NONE',  ( 8.000000000000024869, -0.8999999999999998002, -19.89999999999999503 ) ) ;
#500 = VERTEX_POINT ( 'NONE', #354 ) ;
#501 = ORIENTED_EDGE ( 'NONE', *, *, #1611, .F. ) ;
#502 = CARTESIAN_POINT ( 'NONE',  ( 11.00000000000001776, -0.8999999999999998002, 20.89999999999999503 ) ) ;
#503 = DIRECTION ( 'NONE',  ( 0.000000000000000000, -1.000000000000000000, 0.000000000000000000 ) ) ;
#504 = DIRECTION ( 'NONE',  ( 0.000000000000000000, 0.000000000000000000, 1.000000000000000000 ) ) ;
#505 = EDGE_CURVE ( 'NONE', #700, #219, #2831, .T. ) ;
#506 = CARTESIAN_POINT ( 'NONE',  ( 6.000000000000023981, 4.000000000000000000, 18.89999999999999858 ) ) ;
#507 = CARTESIAN_POINT ( 'NONE',  ( -11.70000000000000284, 4.000000000000000000, 19.99999999999998224 ) ) ;
#508 = PRODUCT_CONTEXT ( 'NONE', #1340, 'mechanical' ) ;
#509 = AXIS2_PLACEMENT_3D ( 'NONE', #1827, #3457, #679 ) ;
#510 = CARTESIAN_POINT ( 'NONE',  ( -33.99999999999999289, 1.999999999999914957, 16.69999999999999929 ) ) ;
#511 = STYLED_ITEM ( 'NONE', ( #2363 ), #2443 ) ;
#512 = DIRECTION ( 'NONE',  ( 5.782411586589401421E-15, 0.000000000000000000, 1.000000000000000000 ) ) ;
#513 = ORIENTED_EDGE ( 'NONE', *, *, #1615, .F. ) ;
#514 = CIRCLE ( 'NONE', #1286, 1.000000000000000888 ) ;
#515 = DIRECTION ( 'NONE',  ( -0.000000000000000000, -0.000000000000000000, -1.000000000000000000 ) ) ;
#516 = EDGE_LOOP ( 'NONE', ( #2020, #801, #2539, #889 ) ) ;
#517 = FACE_OUTER_BOUND ( 'NONE', #2185, .T. ) ;
#518 = ORIENTED_EDGE ( 'NONE', *, *, #3134, .T. ) ;
#519 = B_SPLINE_CURVE_WITH_KNOTS ( 'NONE', 3,
 ( #3894, #3335, #3318, #810, #2955, #231 ),
 .UNSPECIFIED., .F., .F.,
 ( 4, 2, 4 ),
 ( 1.084202172485504434E-19, 0.0003927252244376912694, 0.0007854504488753824305 ),
 .UNSPECIFIED. ) ;
#520 = EDGE_LOOP ( 'NONE', ( #2965, #2747, #3991, #204, #3218, #336, #1241, #3946 ) ) ;
#521 = ORIENTED_EDGE ( 'NONE', *, *, #3537, .F. ) ;
#522 = DIRECTION ( 'NONE',  ( 0.000000000000000000, 0.000000000000000000, -1.000000000000000000 ) ) ;
#523 = FACE_OUTER_BOUND ( 'NONE', #953, .T. ) ;
#524 = DIRECTION ( 'NONE',  ( 0.000000000000000000, 0.000000000000000000, -1.000000000000000000 ) ) ;
#525 = UNCERTAINTY_MEASURE_WITH_UNIT (LENGTH_MEASURE( 1.000000000000000082E-05 ), #1473, 'distance_accuracy_value', 'NONE');
#526 = DIRECTION ( 'NONE',  ( 0.000000000000000000, 0.000000000000000000, -1.000000000000000000 ) ) ;
#527 = AXIS2_PLACEMENT_3D ( 'NONE', #1513, #1582, #312 ) ;
#528 = AXIS2_PLACEMENT_3D ( 'NONE', #3425, #1874, #341 ) ;
#529 = CARTESIAN_POINT ( 'NONE',  ( 0.000000000000000000, -0.8999999999999998002, -20.39999999999998082 ) ) ;
#530 = AXIS2_PLACEMENT_3D ( 'NONE', #3017, #2302, #2638 ) ;
#531 = DIRECTION ( 'NONE',  ( 0.000000000000000000, 0.09950371902099414134, -0.9950371902099897081 ) ) ;
#532 = DIRECTION ( 'NONE',  ( 0.000000000000000000, 0.000000000000000000, -1.000000000000000000 ) ) ;
#533 = ORIENTED_EDGE ( 'NONE', *, *, #3869, .F. ) ;
#534 = CARTESIAN_POINT ( 'NONE',  ( 11.90000000000002345, 1.999999999999999112, 18.89999999999999147 ) ) ;
#535 = VECTOR ( 'NONE', #1395, 1000.000000000000000 ) ;
#536 = ORIENTED_EDGE ( 'NONE', *, *, #2119, .T. ) ;
#537 = ORIENTED_EDGE ( 'NONE', *, *, #3044, .F. ) ;
#538 = CARTESIAN_POINT ( 'NONE',  ( -12.90000000000002522, 0.000000000000000000, -17.89999999999999858 ) ) ;
#539 = LINE ( 'NONE', #1432, #2428 ) ;
#540 = DIRECTION ( 'NONE',  ( -0.000000000000000000, 1.000000000000000000, -0.000000000000000000 ) ) ;
#541 = EDGE_CURVE ( 'NONE', #2212, #3493, #1998, .T. ) ;
#542 = CARTESIAN_POINT ( 'NONE',  ( 8.000000000000024869, 9.745432968889293335, -20.10000000000000142 ) ) ;
#543 = EDGE_CURVE ( 'NONE', #3558, #235, #2774, .T. ) ;
#544 = VECTOR ( 'NONE', #171, 1000.000000000000114 ) ;
#545 = DIRECTION ( 'NONE',  ( -0.09950371902100588195, 0.9950371902099883759, 0.000000000000000000 ) ) ;
#546 = ORIENTED_EDGE ( 'NONE', *, *, #2601, .T. ) ;
#547 = CARTESIAN_POINT ( 'NONE',  ( -35.20000000000000284, 0.000000000000000000, -16.89999999999999858 ) ) ;
#548 = ORIENTED_EDGE ( 'NONE', *, *, #3058, .F. ) ;
#549 = PLANE ( 'NONE',  #3182 ) ;
#550 = CARTESIAN_POINT ( 'NONE',  ( 7.000000000000023981, 1.999999999999998224, 18.90000000000000924 ) ) ;
#551 = FILL_AREA_STYLE_COLOUR ( '', #2562 ) ;
#552 = EDGE_CURVE ( 'NONE', #3015, #1689, #2462, .T. ) ;
#553 = VERTEX_POINT ( 'NONE', #84 ) ;
#554 = CYLINDRICAL_SURFACE ( 'NONE', #1416, 1.000000000000000888 ) ;
#555 = VERTEX_POINT ( 'NONE', #792 ) ;
#556 = ORIENTED_EDGE ( 'NONE', *, *, #10, .F. ) ;
#557 = DIRECTION ( 'NONE',  ( 0.000000000000000000, -1.000000000000000000, 0.000000000000000000 ) ) ;
#558 = LINE ( 'NONE', #2047, #1718 ) ;
#559 = CARTESIAN_POINT ( 'NONE',  ( -7.000000000000025757, 9.745432968889293335, -18.90000000000000924 ) ) ;
#560 = DIRECTION ( 'NONE',  ( 0.000000000000000000, 0.000000000000000000, -1.000000000000000000 ) ) ;
#561 = VECTOR ( 'NONE', #819, 1000.000000000000114 ) ;
#562 = EDGE_CURVE ( 'NONE', #3372, #1781, #1088, .T. ) ;
#563 = DIRECTION ( 'NONE',  ( 0.000000000000000000, 0.000000000000000000, 1.000000000000000000 ) ) ;
#564 = VERTEX_POINT ( 'NONE', #3517 ) ;
#565 =( GEOMETRIC_REPRESENTATION_CONTEXT ( 3 ) GLOBAL_UNCERTAINTY_ASSIGNED_CONTEXT ( ( #3898 ) ) GLOBAL_UNIT_ASSIGNED_CONTEXT ( ( #2949, #3653, #451 ) ) REPRESENTATION_CONTEXT ( 'NONE', 'WORKASPACE' ) );
#566 = CONICAL_SURFACE ( 'NONE', #3939, 0.7999999999999847233, 0.09966865249116950431 ) ;
#567 = CIRCLE ( 'NONE', #3736, 1.000000000000000888 ) ;
#568 = EDGE_CURVE ( 'NONE', #2579, #2846, #567, .T. ) ;
#569 = DIRECTION ( 'NONE',  ( -2.478176394252584494E-15, 0.000000000000000000, -1.000000000000000000 ) ) ;
#570 = VECTOR ( 'NONE', #2661, 1000.000000000000000 ) ;
#571 = DIRECTION ( 'NONE',  ( 0.000000000000000000, 0.000000000000000000, -1.000000000000000000 ) ) ;
#572 = AXIS2_PLACEMENT_3D ( 'NONE', #882, #3597, #2107 ) ;
#573 = CIRCLE ( 'NONE', #2442, 1.200000000000013500 ) ;
#574 = CARTESIAN_POINT ( 'NONE',  ( -34.00000000000000000, 1.500000000000000000, -16.19999999999999929 ) ) ;
#575 = ORIENTED_EDGE ( 'NONE', *, *, #609, .T. ) ;
#576 = CARTESIAN_POINT ( 'NONE',  ( -8.000000000000017764, 4.000000000000000000, -20.69999999999996732 ) ) ;
#577 = EDGE_LOOP ( 'NONE', ( #100, #3585, #3573, #2754 ) ) ;
#578 = VERTEX_POINT ( 'NONE', #3176 ) ;
#579 = CYLINDRICAL_SURFACE ( 'NONE', #311, 1.000000000000000888 ) ;
#580 = CARTESIAN_POINT ( 'NONE',  ( -7.000000000000021316, 1.999999999999998224, 19.89999999999998082 ) ) ;
#581 = CARTESIAN_POINT ( 'NONE',  ( 11.90000000000002878, 0.000000000000000000, -17.89999999999999858 ) ) ;
#582 = VECTOR ( 'NONE', #3093, 1000.000000000000114 ) ;
#583 = DIRECTION ( 'NONE',  ( 0.000000000000000000, -1.000000000000000000, 0.000000000000000000 ) ) ;
#584 = DIRECTION ( 'NONE',  ( -0.000000000000000000, 1.000000000000000000, -0.000000000000000000 ) ) ;
#585 = CIRCLE ( 'NONE', #3428, 0.5000000000000004441 ) ;
#586 = VERTEX_POINT ( 'NONE', #2611 ) ;
#587 = ORIENTED_EDGE ( 'NONE', *, *, #3964, .F. ) ;
#588 = DIRECTION ( 'NONE',  ( 2.478176394252600665E-15, 0.000000000000000000, -1.000000000000000000 ) ) ;
#589 = CIRCLE ( 'NONE', #1115, 0.5000000000000004441 ) ;
#590 = DIRECTION ( 'NONE',  ( -0.000000000000000000, 1.000000000000000000, -0.000000000000000000 ) ) ;
#591 = ADVANCED_FACE ( 'NONE', ( #1093 ), #3478, .T. ) ;
#592 = AXIS2_PLACEMENT_3D ( 'NONE', #3201, #3446, #1975 ) ;
#593 = LINE ( 'NONE', #2817, #1555 ) ;
#594 = ORIENTED_EDGE ( 'NONE', *, *, #2058, .F. ) ;
#595 = DIRECTION ( 'NONE',  ( 0.000000000000000000, 0.09950371902099414134, 0.9950371902099897081 ) ) ;
#596 = ORIENTED_EDGE ( 'NONE', *, *, #1139, .T. ) ;
#597 = ORIENTED_EDGE ( 'NONE', *, *, #66, .F. ) ;
#598 = CYLINDRICAL_SURFACE ( 'NONE', #1736, 0.5000000000000004441 ) ;
#599 = LINE ( 'NONE', #3071, #887 ) ;
#600 = EDGE_CURVE ( 'NONE', #2687, #1130, #1026, .T. ) ;
#601 = DIRECTION ( 'NONE',  ( -0.000000000000000000, 1.000000000000000000, -0.000000000000000000 ) ) ;
#602 = EDGE_CURVE ( 'NONE', #3976, #1130, #237, .T. ) ;
#603 = DIRECTION ( 'NONE',  ( -0.000000000000000000, 1.000000000000000000, -0.000000000000000000 ) ) ;
#604 = CARTESIAN_POINT ( 'NONE',  ( -35.19999999999999574, 0.000000000000000000, 17.89999999999999858 ) ) ;
#605 = EDGE_LOOP ( 'NONE', ( #1289, #990, #902, #3095 ) ) ;
#606 = EDGE_CURVE ( 'NONE', #805, #123, #2499, .T. ) ;
#607 = ORIENTED_EDGE ( 'NONE', *, *, #984, .F. ) ;
#608 = DIRECTION ( 'NONE',  ( -1.000000000000000000, 0.000000000000000000, 0.000000000000000000 ) ) ;
#609 = EDGE_CURVE ( 'NONE', #1524, #1057, #1270, .T. ) ;
#610 = CARTESIAN_POINT ( 'NONE',  ( 7.200000000000040146, 4.000000000000000000, -18.89999999999999858 ) ) ;
#611 = CARTESIAN_POINT ( 'NONE',  ( -12.90000000000002345, 4.000000000000000000, 17.69999999999998508 ) ) ;
#612 = EDGE_LOOP ( 'NONE', ( #2607, #3822, #2196, #2183 ) ) ;
#613 = DIRECTION ( 'NONE',  ( 0.000000000000000000, 0.000000000000000000, -1.000000000000000000 ) ) ;
#614 = ORIENTED_EDGE ( 'NONE', *, *, #2656, .T. ) ;
#615 = EDGE_LOOP ( 'NONE', ( #2067, #2410, #1316, #1916 ) ) ;
#616 = CYLINDRICAL_SURFACE ( 'NONE', #3361, 0.5000000000000004441 ) ;
#617 = CYLINDRICAL_SURFACE ( 'NONE', #718, 1.000000000000000888 ) ;
#618 = DIRECTION ( 'NONE',  ( -0.000000000000000000, 1.000000000000000000, -0.000000000000000000 ) ) ;
#619 = CARTESIAN_POINT ( 'NONE',  ( 33.00000000000000711, 1.999999999999914957, 16.69999999999999929 ) ) ;
#620 = ORIENTED_EDGE ( 'NONE', *, *, #1809, .F. ) ;
#621 = CIRCLE ( 'NONE', #1008, 0.5000000000000004441 ) ;
#622 = EDGE_LOOP ( 'NONE', ( #3553, #3596, #3983, #2880 ) ) ;
#623 = CARTESIAN_POINT ( 'NONE',  ( 7.510102051443389826, -1.399999999999999911, -19.99999999999999645 ) ) ;
#624 = LINE ( 'NONE', #876, #625 ) ;
#625 = VECTOR ( 'NONE', #1556, 1000.000000000000000 ) ;
#626 = ADVANCED_FACE ( 'NONE', ( #2892 ), #1787, .T. ) ;
#627 = FACE_OUTER_BOUND ( 'NONE', #2283, .T. ) ;
#628 = ORIENTED_EDGE ( 'NONE', *, *, #1056, .T. ) ;
#629 = AXIS2_PLACEMENT_3D ( 'NONE', #3527, #750, #3231 ) ;
#630 = PLANE ( 'NONE',  #1023 ) ;
#631 = ORIENTED_EDGE ( 'NONE', *, *, #464, .T. ) ;
#632 = ORIENTED_EDGE ( 'NONE', *, *, #3708, .F. ) ;
#633 = ADVANCED_FACE ( 'NONE', ( #466 ), #2630, .F. ) ;
#634 = AXIS2_PLACEMENT_3D ( 'NONE', #1495, #3643, #3600 ) ;
#635 = CARTESIAN_POINT ( 'NONE',  ( 7.005012562893391248, 0.000000000000000000, 19.99999999999998934 ) ) ;
#636 = AXIS2_PLACEMENT_3D ( 'NONE', #2570, #3818, #2242 ) ;
#637 = AXIS2_PLACEMENT_3D ( 'NONE', #1647, #1947, #2890 ) ;
#638 = DIRECTION ( 'NONE',  ( 0.000000000000000000, 1.000000000000000000, 0.000000000000000000 ) ) ;
#639 = DIRECTION ( 'NONE',  ( -0.000000000000000000, -1.000000000000000000, -0.000000000000000000 ) ) ;
#640 = CARTESIAN_POINT ( 'NONE',  ( -8.000000000000017764, 0.000000000000000000, -19.89999999999998082 ) ) ;
#641 = LINE ( 'NONE', #2856, #1481 ) ;
#642 = VECTOR ( 'NONE', #1014, 1000.000000000000000 ) ;
#643 = CARTESIAN_POINT ( 'NONE',  ( 7.200000000000256861, 4.000000000000000000, 8.326672684688973189E-14 ) ) ;
#644 = LINE ( 'NONE', #3692, #2370 ) ;
#645 = EDGE_CURVE ( 'NONE', #3259, #2652, #2938, .T. ) ;
#646 = FACE_OUTER_BOUND ( 'NONE', #3167, .T. ) ;
#647 = CARTESIAN_POINT ( 'NONE',  ( -33.00000000000000000, 1.500000000000000000, -16.19999999999999929 ) ) ;
#648 = ORIENTED_EDGE ( 'NONE', *, *, #3248, .F. ) ;
#649 = ADVANCED_FACE ( 'NONE', ( #742 ), #2915, .T. ) ;
#650 = EDGE_CURVE ( 'NONE', #185, #1057, #1047, .T. ) ;
#651 = CARTESIAN_POINT ( 'NONE',  ( -8.000000000000017764, 1.999999999999998224, -20.89999999999998082 ) ) ;
#652 = ORIENTED_EDGE ( 'NONE', *, *, #2479, .T. ) ;
#653 = AXIS2_PLACEMENT_3D ( 'NONE', #1960, #63, #1338 ) ;
#654 = VERTEX_POINT ( 'NONE', #1968 ) ;
#655 = CARTESIAN_POINT ( 'NONE',  ( -7.510102051443387161, -1.399999999999999911, 19.99999999999998934 ) ) ;
#656 = LINE ( 'NONE', #2770, #853 ) ;
#657 = VERTEX_POINT ( 'NONE', #2560 ) ;
#658 = EDGE_LOOP ( 'NONE', ( #3733, #1922, #15, #3541 ) ) ;
#659 = DIRECTION ( 'NONE',  ( -0.000000000000000000, 1.000000000000000000, -0.000000000000000000 ) ) ;
#660 = CARTESIAN_POINT ( 'NONE',  ( 8.000000000000024869, -0.8999999999999998002, -20.10000000000000142 ) ) ;
#661 = ORIENTED_EDGE ( 'NONE', *, *, #152, .F. ) ;
#662 = EDGE_CURVE ( 'NONE', #2794, #3493, #3539, .T. ) ;
#663 = EDGE_CURVE ( 'NONE', #3493, #250, #1612, .T. ) ;
#664 = ORIENTED_EDGE ( 'NONE', *, *, #541, .T. ) ;
#665 = DIRECTION ( 'NONE',  ( -0.000000000000000000, -1.000000000000000000, -0.000000000000000000 ) ) ;
#666 = DIRECTION ( 'NONE',  ( -1.000000000000000000, 0.000000000000000000, 0.000000000000000000 ) ) ;
#667 = PLANE ( 'NONE',  #592 ) ;
#668 = FACE_OUTER_BOUND ( 'NONE', #1741, .T. ) ;
#669 = ORIENTED_EDGE ( 'NONE', *, *, #3206, .T. ) ;
#670 = CARTESIAN_POINT ( 'NONE',  ( 34.99999999999999289, 4.000000000000000000, -16.89999999999999858 ) ) ;
#671 = FACE_OUTER_BOUND ( 'NONE', #2026, .T. ) ;
#672 = VERTEX_POINT ( 'NONE', #1311 ) ;
#673 = ORIENTED_EDGE ( 'NONE', *, *, #50, .F. ) ;
#674 = LINE ( 'NONE', #1605, #2510 ) ;
#675 = ADVANCED_FACE ( 'NONE', ( #3791 ), #1005, .F. ) ;
#676 = CARTESIAN_POINT ( 'NONE',  ( -12.90000000000002522, 4.000000000000000000, -18.89999999999999858 ) ) ;
#677 = ORIENTED_EDGE ( 'NONE', *, *, #2840, .T. ) ;
#678 = ORIENTED_EDGE ( 'NONE', *, *, #1530, .T. ) ;
#679 = DIRECTION ( 'NONE',  ( 0.000000000000000000, 0.000000000000000000, -1.000000000000000000 ) ) ;
#680 = CARTESIAN_POINT ( 'NONE',  ( 12.90000000000002700, 9.745432968889293335, -18.89999999999999858 ) ) ;
#681 = ORIENTED_EDGE ( 'NONE', *, *, #3112, .T. ) ;
#682 = EDGE_CURVE ( 'NONE', #3788, #1896, #3808, .T. ) ;
#683 = AXIS2_PLACEMENT_3D ( 'NONE', #813, #3583, #2033 ) ;
#684 = DIRECTION ( 'NONE',  ( 0.000000000000000000, 0.000000000000000000, -1.000000000000000000 ) ) ;
#685 = ORIENTED_EDGE ( 'NONE', *, *, #86, .T. ) ;
#686 = CARTESIAN_POINT ( 'NONE',  ( -10.99999999999997335, -1.399999999999999911, 19.09999999999999787 ) ) ;
#687 = ADVANCED_FACE ( 'NONE', ( #849 ), #3971, .T. ) ;
#688 = VECTOR ( 'NONE', #2715, 1000.000000000000000 ) ;
#689 = CARTESIAN_POINT ( 'NONE',  ( 11.00000000000002487, 1.999999999999998224, -19.99999999999999645 ) ) ;
#690 = ORIENTED_EDGE ( 'NONE', *, *, #304, .T. ) ;
#691 = CARTESIAN_POINT ( 'NONE',  ( -35.20000000000000284, 1.999999999999998668, -16.89999999999999858 ) ) ;
#692 = LINE ( 'NONE', #2262, #2586 ) ;
#693 = VERTEX_POINT ( 'NONE', #3301 ) ;
#694 = ORIENTED_EDGE ( 'NONE', *, *, #1064, .T. ) ;
#695 = ORIENTED_EDGE ( 'NONE', *, *, #3461, .T. ) ;
#696 = DIRECTION ( 'NONE',  ( 0.000000000000000000, 0.000000000000000000, -1.000000000000000000 ) ) ;
#697 = AXIS2_PLACEMENT_3D ( 'NONE', #2620, #1400, #816 ) ;
#698 = CARTESIAN_POINT ( 'NONE',  ( -7.000000000000021316, 0.000000000000000000, -0.000000000000000000 ) ) ;
#699 = AXIS2_PLACEMENT_3D ( 'NONE', #2035, #1421, #832 ) ;
#700 = VERTEX_POINT ( 'NONE', #3621 ) ;
#701 = CARTESIAN_POINT ( 'NONE',  ( -7.005012562893401906, -0.8999999999999998002, 19.99999999999998934 ) ) ;
#702 = CIRCLE ( 'NONE', #2776, 1.000000000000000888 ) ;
#703 = CIRCLE ( 'NONE', #111, 0.7999999999999847233 ) ;
#704 = CIRCLE ( 'NONE', #1219, 1.000000000000000888 ) ;
#705 = DIRECTION ( 'NONE',  ( 0.000000000000000000, -0.000000000000000000, -1.000000000000000000 ) ) ;
#706 = ORIENTED_EDGE ( 'NONE', *, *, #3709, .F. ) ;
#707 = AXIS2_PLACEMENT_3D ( 'NONE', #1659, #2248, #3844 ) ;
#708 = LINE ( 'NONE', #3523, #2049 ) ;
#709 = DIRECTION ( 'NONE',  ( 0.09950371902100590971, -0.9950371902099883759, 0.000000000000000000 ) ) ;
#710 = ORIENTED_EDGE ( 'NONE', *, *, #1690, .F. ) ;
#711 = CARTESIAN_POINT ( 'NONE',  ( -35.20000000000000284, 1.999999999999998668, -17.89999999999999858 ) ) ;
#712 = CIRCLE ( 'NONE', #3245, 0.5000000000000004441 ) ;
#713 = DIRECTION ( 'NONE',  ( 0.000000000000000000, 0.000000000000000000, -1.000000000000000000 ) ) ;
#714 = ORIENTED_EDGE ( 'NONE', *, *, #562, .F. ) ;
#715 = EDGE_CURVE ( 'NONE', #2846, #118, #2048, .T. ) ;
#716 = DIRECTION ( 'NONE',  ( 1.000000000000000000, 0.000000000000000000, 0.000000000000000000 ) ) ;
#717 = CARTESIAN_POINT ( 'NONE',  ( -34.20000000000000284, 1.999999999999998668, -17.89999999999999858 ) ) ;
#718 = AXIS2_PLACEMENT_3D ( 'NONE', #3718, #3396, #3738 ) ;
#719 = ORIENTED_EDGE ( 'NONE', *, *, #1177, .T. ) ;
#720 = FACE_OUTER_BOUND ( 'NONE', #2746, .T. ) ;
#721 = AXIS2_PLACEMENT_3D ( 'NONE', #3252, #3940, #1423 ) ;
#722 = EDGE_CURVE ( 'NONE', #500, #475, #1414, .T. ) ;
#723 = DIRECTION ( 'NONE',  ( -0.000000000000000000, 1.000000000000000000, -0.000000000000000000 ) ) ;
#724 = DIRECTION ( 'NONE',  ( 0.000000000000000000, 0.000000000000000000, -1.000000000000000000 ) ) ;
#725 = EDGE_CURVE ( 'NONE', #1896, #760, #2343, .T. ) ;
#726 = CARTESIAN_POINT ( 'NONE',  ( 33.00000000000000000, 1.500000000000000000, -15.69999999999999929 ) ) ;
#727 = EDGE_CURVE ( 'NONE', #3111, #1800, #2401, .T. ) ;
#728 = AXIS2_PLACEMENT_3D ( 'NONE', #487, #3876, #1712 ) ;
#729 = CARTESIAN_POINT ( 'NONE',  ( -11.00000000000001776, 4.000000000000000000, 20.69999999999996732 ) ) ;
#730 = DIRECTION ( 'NONE',  ( -1.000000000000000000, 0.000000000000000000, 0.000000000000000000 ) ) ;
#731 = EDGE_LOOP ( 'NONE', ( #1545, #3758, #2723, #2022 ) ) ;
#732 = CARTESIAN_POINT ( 'NONE',  ( 11.00000000000001776, 4.000000000000000000, 20.69999999999998153 ) ) ;
#733 = CARTESIAN_POINT ( 'NONE',  ( -34.00000000000000000, 4.000000000000000000, -15.69999999999999929 ) ) ;
#734 = VERTEX_POINT ( 'NONE', #3954 ) ;
#735 = CARTESIAN_POINT ( 'NONE',  ( 0.000000000000000000, -0.9000000000000000222, 19.09999999999999787 ) ) ;
#736 = CIRCLE ( 'NONE', #1132, 0.3999999999999975797 ) ;
#737 = ORIENTED_EDGE ( 'NONE', *, *, #3134, .F. ) ;
#738 = DIRECTION ( 'NONE',  ( 1.000000000000000000, 0.000000000000000000, 0.000000000000000000 ) ) ;
#739 = VERTEX_POINT ( 'NONE', #3280 ) ;
#740 = CARTESIAN_POINT ( 'NONE',  ( 33.00000000000000711, 1.999999999999914957, 15.69999999999999929 ) ) ;
#741 = EDGE_CURVE ( 'NONE', #118, #2245, #2736, .T. ) ;
#742 = FACE_OUTER_BOUND ( 'NONE', #1836, .T. ) ;
#743 = CARTESIAN_POINT ( 'NONE',  ( -33.00000000000000000, 1.000000000000000000, -15.69999999999999929 ) ) ;
#744 = ORIENTED_EDGE ( 'NONE', *, *, #1352, .F. ) ;
#745 = DIRECTION ( 'NONE',  ( 0.000000000000000000, -1.000000000000000000, 0.000000000000000000 ) ) ;
#746 = DIRECTION ( 'NONE',  ( -0.000000000000000000, 1.000000000000000000, -0.000000000000000000 ) ) ;
#747 = DIRECTION ( 'NONE',  ( 0.000000000000000000, -1.000000000000000000, 0.000000000000000000 ) ) ;
#748 = DIRECTION ( 'NONE',  ( 0.000000000000000000, 0.000000000000000000, -1.000000000000000000 ) ) ;
#749 = ORIENTED_EDGE ( 'NONE', *, *, #3664, .F. ) ;
#750 = DIRECTION ( 'NONE',  ( -0.9950371902099883759, -0.09950371902100679788, 1.928619411538845342E-16 ) ) ;
#751 = CARTESIAN_POINT ( 'NONE',  ( 11.00000000000002487, 0.000000000000000000, -19.09999999999999787 ) ) ;
#752 = ORIENTED_EDGE ( 'NONE', *, *, #753, .F. ) ;
#753 = EDGE_CURVE ( 'NONE', #3456, #805, #519, .T. ) ;
#754 = VECTOR ( 'NONE', #2219, 1000.000000000000227 ) ;
#755 = PLANE ( 'NONE',  #707 ) ;
#756 = ORIENTED_EDGE ( 'NONE', *, *, #2157, .T. ) ;
#757 = CARTESIAN_POINT ( 'NONE',  ( 11.00000000000002487, 0.000000000000000000, -19.09999999999999787 ) ) ;
#758 = PRESENTATION_LAYER_ASSIGNMENT (  '', '', ( #826 ) ) ;
#759 = EDGE_CURVE ( 'NONE', #2066, #1946, #3610, .T. ) ;
#760 = VERTEX_POINT ( 'NONE', #1151 ) ;
#761 = AXIS2_PLACEMENT_3D ( 'NONE', #2549, #1031, #73 ) ;
#762 = VERTEX_POINT ( 'NONE', #3917 ) ;
#763 = VECTOR ( 'NONE', #1230, 1000.000000000000000 ) ;
#764 = CARTESIAN_POINT ( 'NONE',  ( 7.005012562893405459, -0.8999999999999998002, -19.99999999999999645 ) ) ;
#765 = DIRECTION ( 'NONE',  ( 1.000000000000000000, 0.000000000000000000, 0.000000000000000000 ) ) ;
#766 = DIRECTION ( 'NONE',  ( 0.000000000000000000, -1.000000000000000000, 0.000000000000000000 ) ) ;
#767 = CARTESIAN_POINT ( 'NONE',  ( -7.000000000000021316, 9.745432968889293335, 19.89999999999998082 ) ) ;
#768 = VECTOR ( 'NONE', #2223, 1000.000000000000114 ) ;
#769 = VERTEX_POINT ( 'NONE', #2716 ) ;
#770 = EDGE_CURVE ( 'NONE', #2222, #2928, #484, .T. ) ;
#771 = CARTESIAN_POINT ( 'NONE',  ( -10.99999999999997335, -0.9000000000000000222, 19.09999999999999787 ) ) ;
#772 = AXIS2_PLACEMENT_3D ( 'NONE', #3219, #1119, #1393 ) ;
#773 = FACE_OUTER_BOUND ( 'NONE', #2543, .T. ) ;
#774 = VECTOR ( 'NONE', #2006, 1000.000000000000114 ) ;
#775 = CARTESIAN_POINT ( 'NONE',  ( 8.000000000000012434, -1.399999999999999911, 19.89999999999999503 ) ) ;
#776 = ADVANCED_FACE ( 'NONE', ( #2030 ), #2379, .T. ) ;
#777 = CARTESIAN_POINT ( 'NONE',  ( 7.000000000000023981, 0.000000000000000000, 18.90000000000000924 ) ) ;
#778 = VERTEX_POINT ( 'NONE', #1766 ) ;
#779 = CARTESIAN_POINT ( 'NONE',  ( 11.00000000000002487, 0.000000000000000000, 19.09999999999999787 ) ) ;
#780 = AXIS2_PLACEMENT_3D ( 'NONE', #943, #1908, #3110 ) ;
#781 = ORIENTED_EDGE ( 'NONE', *, *, #3535, .T. ) ;
#782 = LINE ( 'NONE', #1684, #1099 ) ;
#783 = VECTOR ( 'NONE', #2004, 1000.000000000000000 ) ;
#784 = ADVANCED_FACE ( 'NONE', ( #1188 ), #959, .F. ) ;
#785 = ORIENTED_EDGE ( 'NONE', *, *, #663, .T. ) ;
#786 = CARTESIAN_POINT ( 'NONE',  ( 8.000000000000010658, -1.399999999999999911, 19.09999999999999787 ) ) ;
#787 = DIRECTION ( 'NONE',  ( 0.000000000000000000, 0.000000000000000000, -1.000000000000000000 ) ) ;
#788 = EDGE_LOOP ( 'NONE', ( #1486, #2356, #2824, #3549 ) ) ;
#789 = DIRECTION ( 'NONE',  ( -0.000000000000000000, 1.000000000000000000, -0.000000000000000000 ) ) ;
#790 = EDGE_CURVE ( 'NONE', #2829, #459, #193, .T. ) ;
#791 = CARTESIAN_POINT ( 'NONE',  ( 0.000000000000000000, 4.000000000000000000, 17.69999999999998508 ) ) ;
#792 = CARTESIAN_POINT ( 'NONE',  ( 33.00000000000000000, 1.000000000000000000, -16.19999999999999929 ) ) ;
#793 = AXIS2_PLACEMENT_3D ( 'NONE', #3404, #3693, #1255 ) ;
#794 = DIRECTION ( 'NONE',  ( 0.000000000000000000, -1.000000000000000000, 0.000000000000000000 ) ) ;
#795 = CARTESIAN_POINT ( 'NONE',  ( -33.99999999999999289, 1.500000000000000000, 16.69999999999999929 ) ) ;
#796 = EDGE_CURVE ( 'NONE', #657, #1579, #1172, .T. ) ;
#797 = ADVANCED_FACE ( 'NONE', ( #2992 ), #1851, .F. ) ;
#798 = CARTESIAN_POINT ( 'NONE',  ( 6.000000000000023981, 4.000000000000000000, 18.89999999999999858 ) ) ;
#799 = CARTESIAN_POINT ( 'NONE',  ( 11.00000000000002487, 9.745432968889293335, -19.99999999999999645 ) ) ;
#800 = CARTESIAN_POINT ( 'NONE',  ( -8.000000000000015987, 0.000000000000000000, -19.09999999999999787 ) ) ;
#801 = ORIENTED_EDGE ( 'NONE', *, *, #3841, .F. ) ;
#802 = DIRECTION ( 'NONE',  ( -0.000000000000000000, 1.000000000000000000, -0.000000000000000000 ) ) ;
#803 = ORIENTED_EDGE ( 'NONE', *, *, #3065, .T. ) ;
#804 = DIRECTION ( 'NONE',  ( 0.000000000000000000, 0.000000000000000000, -1.000000000000000000 ) ) ;
#805 = VERTEX_POINT ( 'NONE', #3009 ) ;
#806 = ORIENTED_EDGE ( 'NONE', *, *, #3210, .F. ) ;
#807 = EDGE_CURVE ( 'NONE', #1944, #657, #3933, .T. ) ;
#808 = LINE ( 'NONE', #3619, #44 ) ;
#809 = DIRECTION ( 'NONE',  ( 1.000000000000000000, 0.000000000000000000, -0.000000000000000000 ) ) ;
#810 = CARTESIAN_POINT ( 'NONE',  ( -7.246746445442465934, -1.346739614506613725, -19.99999999999997868 ) ) ;
#811 = LINE ( 'NONE', #1634, #41 ) ;
#812 = UNCERTAINTY_MEASURE_WITH_UNIT (LENGTH_MEASURE( 1.000000000000000082E-05 ), #2409, 'distance_accuracy_value', 'NONE');
#813 = CARTESIAN_POINT ( 'NONE',  ( -6.000000000000019540, 1.999999999999998668, 18.89999999999999858 ) ) ;
#814 = LINE ( 'NONE', #199, #3676 ) ;
#815 = DIRECTION ( 'NONE',  ( 1.000000000000000000, 0.000000000000000000, 0.000000000000000000 ) ) ;
#816 = DIRECTION ( 'NONE',  ( 0.000000000000000000, 0.000000000000000000, -1.000000000000000000 ) ) ;
#817 = EDGE_CURVE ( 'NONE', #1409, #2160, #3416, .T. ) ;
#818 = VERTEX_POINT ( 'NONE', #1862 ) ;
#819 = DIRECTION ( 'NONE',  ( 0.000000000000000000, 0.9950371902099884869, 0.09950371902100506316 ) ) ;
#820 = ORIENTED_EDGE ( 'NONE', *, *, #2058, .T. ) ;
#821 = CARTESIAN_POINT ( 'NONE',  ( -34.20000000000000284, 4.000000000000000000, -16.89999999999999858 ) ) ;
#822 = VECTOR ( 'NONE', #765, 1000.000000000000000 ) ;
#823 = ORIENTED_EDGE ( 'NONE', *, *, #2489, .T. ) ;
#824 = ORIENTED_EDGE ( 'NONE', *, *, #722, .F. ) ;
#825 = CARTESIAN_POINT ( 'NONE',  ( 6.000000000000025757, 4.000000000000000000, -18.89999999999999858 ) ) ;
#826 = STYLED_ITEM ( 'NONE', ( #2391 ), #1350 ) ;
#827 = CARTESIAN_POINT ( 'NONE',  ( -32.99999999999999289, 1.999999999999914957, 16.69999999999999929 ) ) ;
#828 = CARTESIAN_POINT ( 'NONE',  ( 7.000000000000024869, 1.999999999999998224, -20.89999999999999503 ) ) ;
#829 = AXIS2_PLACEMENT_3D ( 'NONE', #2177, #2408, #1798 ) ;
#830 = DIRECTION ( 'NONE',  ( 0.000000000000000000, 0.000000000000000000, -1.000000000000000000 ) ) ;
#831 = DIRECTION ( 'NONE',  ( 0.000000000000000000, -1.000000000000000000, 0.000000000000000000 ) ) ;
#832 = DIRECTION ( 'NONE',  ( 0.000000000000000000, 0.000000000000000000, 1.000000000000000000 ) ) ;
#833 = CIRCLE ( 'NONE', #3157, 1.000000000000000888 ) ;
#834 = AXIS2_PLACEMENT_3D ( 'NONE', #2417, #1116, #1751 ) ;
#835 = ORIENTED_EDGE ( 'NONE', *, *, #3184, .F. ) ;
#836 = CIRCLE ( 'NONE', #1855, 1.000000000000000888 ) ;
#837 = DIRECTION ( 'NONE',  ( 0.000000000000000000, -0.9950371902099883759, 0.09950371902100677013 ) ) ;
#838 = FACE_OUTER_BOUND ( 'NONE', #1049, .T. ) ;
#839 =( NAMED_UNIT ( * ) PLANE_ANGLE_UNIT ( ) SI_UNIT ( $, .RADIAN. ) );
#840 = ORIENTED_EDGE ( 'NONE', *, *, #796, .F. ) ;
#841 = EDGE_CURVE ( 'NONE', #185, #700, #444, .T. ) ;
#842 = CARTESIAN_POINT ( 'NONE',  ( -34.19999999999999574, 1.999999999999998668, 17.89999999999999858 ) ) ;
#843 = EDGE_CURVE ( 'NONE', #52, #3111, #963, .T. ) ;
#844 = ORIENTED_EDGE ( 'NONE', *, *, #1775, .F. ) ;
#845 = EDGE_LOOP ( 'NONE', ( #1339, #2039, #2064, #3064 ) ) ;
#846 = CARTESIAN_POINT ( 'NONE',  ( 7.000000000000012434, 9.745432968889293335, 19.89999999999998437 ) ) ;
#847 = CIRCLE ( 'NONE', #1355, 0.5000000000000000000 ) ;
#848 = DIRECTION ( 'NONE',  ( 0.000000000000000000, -1.000000000000000000, 0.000000000000000000 ) ) ;
#849 = FACE_OUTER_BOUND ( 'NONE', #3577, .T. ) ;
#850 = CARTESIAN_POINT ( 'NONE',  ( 0.000000000000000000, 0.000000000000000000, 19.09999999999999787 ) ) ;
#851 = LINE ( 'NONE', #3322, #160 ) ;
#852 = ORIENTED_EDGE ( 'NONE', *, *, #263, .T. ) ;
#853 = VECTOR ( 'NONE', #3412, 1000.000000000000000 ) ;
#854 = CIRCLE ( 'NONE', #1303, 1.200000000000013500 ) ;
#855 = CARTESIAN_POINT ( 'NONE',  ( -6.000000000000019540, 4.000000000000000000, 18.89999999999999858 ) ) ;
#856 = EDGE_CURVE ( 'NONE', #2794, #1857, #3500, .T. ) ;
#857 = ORIENTED_EDGE ( 'NONE', *, *, #1435, .T. ) ;
#858 = AXIS2_PLACEMENT_3D ( 'NONE', #799, #1140, #2962 ) ;
#859 = DIRECTION ( 'NONE',  ( 0.000000000000000000, -0.9950371902099895971, 0.09950371902099412746 ) ) ;
#860 = CARTESIAN_POINT ( 'NONE',  ( -7.005012562893398353, -0.6999999999999992895, -19.99999999999998224 ) ) ;
#861 = ORIENTED_EDGE ( 'NONE', *, *, #1767, .T. ) ;
#862 = DIRECTION ( 'NONE',  ( -0.000000000000000000, 1.000000000000000000, -0.000000000000000000 ) ) ;
#863 = AXIS2_PLACEMENT_3D ( 'NONE', #1875, #952, #1376 ) ;
#864 = EDGE_LOOP ( 'NONE', ( #2732, #914, #3761, #607 ) ) ;
#865 = ORIENTED_EDGE ( 'NONE', *, *, #1103, .F. ) ;
#866 = CARTESIAN_POINT ( 'NONE',  ( -10.99999999999997335, -0.9000000000000000222, -19.09999999999999787 ) ) ;
#867 = CARTESIAN_POINT ( 'NONE',  ( 0.000000000000000000, 4.000000000000000000, -20.69999999999998153 ) ) ;
#868 = DIRECTION ( 'NONE',  ( 0.000000000000000000, 0.000000000000000000, -1.000000000000000000 ) ) ;
#869 = ADVANCED_FACE ( 'NONE', ( #2474 ), #617, .T. ) ;
#870 = DIRECTION ( 'NONE',  ( 0.000000000000000000, 0.000000000000000000, -1.000000000000000000 ) ) ;
#871 = EDGE_CURVE ( 'NONE', #734, #1039, #656, .T. ) ;
#872 = FACE_OUTER_BOUND ( 'NONE', #3677, .T. ) ;
#873 = ORIENTED_EDGE ( 'NONE', *, *, #3755, .T. ) ;
#874 = ORIENTED_EDGE ( 'NONE', *, *, #3648, .T. ) ;
#875 = CARTESIAN_POINT ( 'NONE',  ( 34.20000000000000995, 0.000000000000000000, 16.89999999999999858 ) ) ;
#876 = CARTESIAN_POINT ( 'NONE',  ( -35.19999999999999574, 4.000000000000000000, 16.89999999999999858 ) ) ;
#877 = VERTEX_POINT ( 'NONE', #2522 ) ;
#878 = EDGE_CURVE ( 'NONE', #3400, #2626, #349, .T. ) ;
#879 = LINE ( 'NONE', #3981, #3957 ) ;
#880 = EDGE_LOOP ( 'NONE', ( #1337, #2465, #2420, #2524 ) ) ;
#881 = ORIENTED_EDGE ( 'NONE', *, *, #45, .T. ) ;
#882 = CARTESIAN_POINT ( 'NONE',  ( 0.000000000000000000, -1.399999999999999911, -19.09999999999999787 ) ) ;
#883 = CIRCLE ( 'NONE', #683, 1.000000000000000888 ) ;
#884 = PLANE ( 'NONE',  #3080 ) ;
#885 = LINE ( 'NONE', #1546, #1554 ) ;
#886 =( NAMED_UNIT ( * ) SI_UNIT ( $, .STERADIAN. ) SOLID_ANGLE_UNIT ( ) );
#887 = VECTOR ( 'NONE', #288, 1000.000000000000000 ) ;
#888 = CYLINDRICAL_SURFACE ( 'NONE', #3865, 1.000000000000000888 ) ;
#889 = ORIENTED_EDGE ( 'NONE', *, *, #4024, .F. ) ;
#890 = ADVANCED_FACE ( 'NONE', ( #4006 ), #1234, .T. ) ;
#891 = TOROIDAL_SURFACE ( 'NONE', #1408, 0.3999999999999980238, 0.5000000000000000000 ) ;
#892 = AXIS2_PLACEMENT_3D ( 'NONE', #2584, #3851, #3826 ) ;
#893 = ORIENTED_EDGE ( 'NONE', *, *, #3206, .F. ) ;
#894 = CARTESIAN_POINT ( 'NONE',  ( 0.000000000000000000, -1.399999999999999911, 20.39999999999999503 ) ) ;
#895 = CIRCLE ( 'NONE', #3740, 1.000000000000000888 ) ;
#896 = PLANE ( 'NONE',  #2896 ) ;
#897 = VECTOR ( 'NONE', #206, 1000.000000000000227 ) ;
#898 = AXIS2_PLACEMENT_3D ( 'NONE', #3007, #1805, #228 ) ;
#899 = ADVANCED_FACE ( 'NONE', ( #2826 ), #39, .F. ) ;
#900 = AXIS2_PLACEMENT_3D ( 'NONE', #1496, #3622, #1173 ) ;
#901 = FACE_OUTER_BOUND ( 'NONE', #864, .T. ) ;
#902 = ORIENTED_EDGE ( 'NONE', *, *, #2092, .F. ) ;
#903 = AXIS2_PLACEMENT_3D ( 'NONE', #3377, #1838, #36 ) ;
#904 = FACE_OUTER_BOUND ( 'NONE', #3766, .T. ) ;
#905 = ORIENTED_EDGE ( 'NONE', *, *, #3966, .F. ) ;
#906 = ORIENTED_EDGE ( 'NONE', *, *, #541, .F. ) ;
#907 = FACE_OUTER_BOUND ( 'NONE', #615, .T. ) ;
#908 = EDGE_CURVE ( 'NONE', #2626, #3202, #3105, .T. ) ;
#909 = DIRECTION ( 'NONE',  ( 0.000000000000000000, -0.9950371902099884869, 0.09950371902100506316 ) ) ;
#910 = DIRECTION ( 'NONE',  ( 0.000000000000000000, 0.000000000000000000, 1.000000000000000000 ) ) ;
#911 = EDGE_CURVE ( 'NONE', #555, #3041, #1840, .T. ) ;
#912 = CARTESIAN_POINT ( 'NONE',  ( 6.000000000000026645, 4.000000000000000000, 17.69999999999998508 ) ) ;
#913 = VECTOR ( 'NONE', #3466, 1000.000000000000000 ) ;
#914 = ORIENTED_EDGE ( 'NONE', *, *, #871, .F. ) ;
#915 = VERTEX_POINT ( 'NONE', #2433 ) ;
#916 = EDGE_CURVE ( 'NONE', #481, #1524, #3089, .T. ) ;
#917 = DIRECTION ( 'NONE',  ( 0.000000000000000000, 0.000000000000000000, -1.000000000000000000 ) ) ;
#918 = EDGE_CURVE ( 'NONE', #1561, #3654, #885, .T. ) ;
#919 = AXIS2_PLACEMENT_3D ( 'NONE', #689, #2879, #1955 ) ;
#920 = CARTESIAN_POINT ( 'NONE',  ( -6.000000000000019540, 4.000000000000000000, 18.89999999999999858 ) ) ;
#921 = DIRECTION ( 'NONE',  ( -1.938238520644477652E-16, -0.000000000000000000, -1.000000000000000000 ) ) ;
#922 = ORIENTED_EDGE ( 'NONE', *, *, #3002, .F. ) ;
#923 = DIRECTION ( 'NONE',  ( 0.000000000000000000, -1.000000000000000000, 0.000000000000000000 ) ) ;
#924 = VERTEX_POINT ( 'NONE', #2492 ) ;
#925 = ORIENTED_EDGE ( 'NONE', *, *, #3717, .F. ) ;
#926 = CYLINDRICAL_SURFACE ( 'NONE', #1925, 1.000000000000000888 ) ;
#927 = DIRECTION ( 'NONE',  ( 0.000000000000000000, 0.9950371902099895971, -0.09950371902099412746 ) ) ;
#928 = CARTESIAN_POINT ( 'NONE',  ( 34.00000000000000000, 4.000000000000000000, -16.69999999999999929 ) ) ;
#929 = CARTESIAN_POINT ( 'NONE',  ( -10.99999999999997335, 0.000000000000000000, 19.99999999999999645 ) ) ;
#930 = CARTESIAN_POINT ( 'NONE',  ( 11.00000000000002487, 1.999999999999998224, -20.89999999999999503 ) ) ;
#931 = AXIS2_PLACEMENT_3D ( 'NONE', #3209, #1686, #2887 ) ;
#932 = ORIENTED_EDGE ( 'NONE', *, *, #383, .F. ) ;
#933 = CYLINDRICAL_SURFACE ( 'NONE', #3636, 1.000000000000000888 ) ;
#934 = LINE ( 'NONE', #2158, #1470 ) ;
#935 = DIRECTION ( 'NONE',  ( 0.000000000000000000, 0.000000000000000000, -1.000000000000000000 ) ) ;
#936 = ORIENTED_EDGE ( 'NONE', *, *, #3861, .F. ) ;
#937 = DIRECTION ( 'NONE',  ( -1.000000000000000000, 0.000000000000000000, 0.000000000000000000 ) ) ;
#938 = EDGE_LOOP ( 'NONE', ( #3331, #3860, #2088, #556, #1362, #3687 ) ) ;
#939 = VERTEX_POINT ( 'NONE', #2458 ) ;
#940 = FACE_OUTER_BOUND ( 'NONE', #976, .T. ) ;
#941 = DIRECTION ( 'NONE',  ( 0.000000000000000000, 0.000000000000000000, -1.000000000000000000 ) ) ;
#942 = CARTESIAN_POINT ( 'NONE',  ( -11.90000000000013358, 1.999999999999998224, 6.881069788041464391E-14 ) ) ;
#943 = CARTESIAN_POINT ( 'NONE',  ( -11.00000000000001776, -0.8999999999999998002, 19.99999999999998224 ) ) ;
#944 = EDGE_LOOP ( 'NONE', ( #3817, #1588, #76, #1427 ) ) ;
#945 = CONICAL_SURFACE ( 'NONE', #94, 1.199999999999999734, 0.09966865249115765268 ) ;
#946 = EDGE_CURVE ( 'NONE', #1409, #3694, #1882, .T. ) ;
#947 = ORIENTED_EDGE ( 'NONE', *, *, #1187, .T. ) ;
#948 = DIRECTION ( 'NONE',  ( -1.000000000000000000, 0.000000000000000000, 0.000000000000000000 ) ) ;
#949 = FACE_OUTER_BOUND ( 'NONE', #1744, .T. ) ;
#950 = CONICAL_SURFACE ( 'NONE', #2434, 1.200000000000013500, 0.09966865249116907410 ) ;
#951 = LINE ( 'NONE', #2449, #3052 ) ;
#952 = DIRECTION ( 'NONE',  ( 0.000000000000000000, 0.09950371902100507704, -0.9950371902099885979 ) ) ;
#953 = EDGE_LOOP ( 'NONE', ( #1406, #2251, #2453, #3239 ) ) ;
#954 = VECTOR ( 'NONE', #424, 1000.000000000000000 ) ;
#955 = FACE_OUTER_BOUND ( 'NONE', #845, .T. ) ;
#956 = ORIENTED_EDGE ( 'NONE', *, *, #229, .T. ) ;
#957 = ORIENTED_EDGE ( 'NONE', *, *, #33, .F. ) ;
#958 =( GEOMETRIC_REPRESENTATION_CONTEXT ( 3 ) GLOBAL_UNCERTAINTY_ASSIGNED_CONTEXT ( ( #525 ) ) GLOBAL_UNIT_ASSIGNED_CONTEXT ( ( #1473, #2052, #886 ) ) REPRESENTATION_CONTEXT ( 'NONE', 'WORKASPACE' ) );
#959 = CONICAL_SURFACE ( 'NONE', #3092, 1.200000000000013500, 0.09966865249116864389 ) ;
#960 = DIRECTION ( 'NONE',  ( -1.000000000000000000, 0.000000000000000000, 0.000000000000000000 ) ) ;
#961 = VECTOR ( 'NONE', #1371, 1000.000000000000114 ) ;
#962 = EDGE_CURVE ( 'NONE', #2698, #2271, #3433, .T. ) ;
#963 = LINE ( 'NONE', #1228, #2718 ) ;
#964 = EDGE_CURVE ( 'NONE', #2911, #2869, #131, .T. ) ;
#965 = VERTEX_POINT ( 'NONE', #3054 ) ;
#966 = DIRECTION ( 'NONE',  ( -0.000000000000000000, 1.000000000000000000, -0.000000000000000000 ) ) ;
#967 = DIRECTION ( 'NONE',  ( -0.000000000000000000, 1.000000000000000000, -0.000000000000000000 ) ) ;
#968 = ORIENTED_EDGE ( 'NONE', *, *, #471, .T. ) ;
#969 = VECTOR ( 'NONE', #390, 1000.000000000000114 ) ;
#970 = EDGE_LOOP ( 'NONE', ( #803, #1430, #3186, #2231 ) ) ;
#971 = CARTESIAN_POINT ( 'NONE',  ( -12.90000000000002345, 0.000000000000000000, 17.89999999999999858 ) ) ;
#972 = FACE_OUTER_BOUND ( 'NONE', #2812, .T. ) ;
#973 = EDGE_CURVE ( 'NONE', #2674, #355, #2069, .T. ) ;
#974 = DIRECTION ( 'NONE',  ( 0.000000000000000000, 0.000000000000000000, 1.000000000000000000 ) ) ;
#975 = DIRECTION ( 'NONE',  ( 0.000000000000000000, -1.000000000000000000, 0.000000000000000000 ) ) ;
#976 = EDGE_LOOP ( 'NONE', ( #893, #1498, #752, #369 ) ) ;
#977 = FACE_OUTER_BOUND ( 'NONE', #1015, .T. ) ;
#978 = ORIENTED_EDGE ( 'NONE', *, *, #3787, .T. ) ;
#979 = AXIS2_PLACEMENT_3D ( 'NONE', #574, #3118, #935 ) ;
#980 = ORIENTED_EDGE ( 'NONE', *, *, #480, .F. ) ;
#981 = VERTEX_POINT ( 'NONE', #290 ) ;
#982 = CARTESIAN_POINT ( 'NONE',  ( -34.20000000000000284, 4.000000000000000000, -16.89999999999999858 ) ) ;
#983 = DIRECTION ( 'NONE',  ( 0.000000000000000000, 0.000000000000000000, -1.000000000000000000 ) ) ;
#984 = EDGE_CURVE ( 'NONE', #3230, #995, #1019, .T. ) ;
#985 = EDGE_CURVE ( 'NONE', #250, #2652, #1363, .T. ) ;
#986 = EDGE_LOOP ( 'NONE', ( #3649, #1673, #857, #1970 ) ) ;
#987 = ORIENTED_EDGE ( 'NONE', *, *, #3011, .F. ) ;
#988 = CARTESIAN_POINT ( 'NONE',  ( -6.000000000000025757, 1.999999999999998224, -17.89999999999999858 ) ) ;
#989 = DIRECTION ( 'NONE',  ( 0.000000000000000000, 0.000000000000000000, -1.000000000000000000 ) ) ;
#990 = ORIENTED_EDGE ( 'NONE', *, *, #3652, .T. ) ;
#991 = EDGE_CURVE ( 'NONE', #1630, #1112, #2250, .T. ) ;
#992 = LINE ( 'NONE', #1134, #3995 ) ;
#993 = DIRECTION ( 'NONE',  ( 0.000000000000000000, 0.000000000000000000, -1.000000000000000000 ) ) ;
#994 = DIRECTION ( 'NONE',  ( -2.478176394252600665E-15, 0.000000000000000000, 1.000000000000000000 ) ) ;
#995 = VERTEX_POINT ( 'NONE', #2605 ) ;
#996 = CARTESIAN_POINT ( 'NONE',  ( -34.20000000000000284, 1.999999999999998668, -17.89999999999999858 ) ) ;
#997 = CARTESIAN_POINT ( 'NONE',  ( -34.19999999999999574, 4.000000000000000000, 17.89999999999999858 ) ) ;
#998 = ORIENTED_EDGE ( 'NONE', *, *, #1775, .T. ) ;
#999 = ORIENTED_EDGE ( 'NONE', *, *, #1372, .F. ) ;
#1000 = ORIENTED_EDGE ( 'NONE', *, *, #1253, .T. ) ;
#1001 = DIRECTION ( 'NONE',  ( 0.000000000000000000, -1.000000000000000000, 0.000000000000000000 ) ) ;
#1002 = DIRECTION ( 'NONE',  ( 1.000000000000000000, 0.000000000000000000, -0.000000000000000000 ) ) ;
#1003 = ORIENTED_EDGE ( 'NONE', *, *, #1618, .F. ) ;
#1004 = LINE ( 'NONE', #2494, #2176 ) ;
#1005 = PLANE ( 'NONE',  #1471 ) ;
#1006 = ORIENTED_EDGE ( 'NONE', *, *, #3593, .F. ) ;
#1007 = EDGE_CURVE ( 'NONE', #981, #2096, #3495, .T. ) ;
#1008 = AXIS2_PLACEMENT_3D ( 'NONE', #2333, #2041, #3574 ) ;
#1009 = FACE_OUTER_BOUND ( 'NONE', #2621, .T. ) ;
#1010 = AXIS2_PLACEMENT_3D ( 'NONE', #1171, #3970, #1186 ) ;
#1011 = DIRECTION ( 'NONE',  ( 0.000000000000000000, 0.000000000000000000, -1.000000000000000000 ) ) ;
#1012 = ORIENTED_EDGE ( 'NONE', *, *, #3861, .T. ) ;
#1013 = DIRECTION ( 'NONE',  ( -0.09950371902099412746, -0.9950371902099895971, 0.000000000000000000 ) ) ;
#1014 = DIRECTION ( 'NONE',  ( 0.000000000000000000, -1.000000000000000000, 0.000000000000000000 ) ) ;
#1015 = EDGE_LOOP ( 'NONE', ( #3925, #3039, #719, #2138 ) ) ;
#1016 = EDGE_CURVE ( 'NONE', #250, #3253, #3532, .T. ) ;
#1017 = CARTESIAN_POINT ( 'NONE',  ( 11.00000000000002487, -0.9000000000000000222, -20.39999999999999503 ) ) ;
#1018 = EDGE_CURVE ( 'NONE', #654, #1561, #1962, .T. ) ;
#1019 = LINE ( 'NONE', #411, #197 ) ;
#1020 = ORIENTED_EDGE ( 'NONE', *, *, #1868, .F. ) ;
#1021 = EDGE_CURVE ( 'NONE', #2463, #500, #1249, .T. ) ;
#1022 = FACE_OUTER_BOUND ( 'NONE', #2708, .T. ) ;
#1023 = AXIS2_PLACEMENT_3D ( 'NONE', #1578, #3121, #3674 ) ;
#1024 = AXIS2_PLACEMENT_3D ( 'NONE', #1467, #1170, #2713 ) ;
#1025 = VECTOR ( 'NONE', #1229, 1000.000000000000114 ) ;
#1026 = LINE ( 'NONE', #2320, #3875 ) ;
#1027 = DIRECTION ( 'NONE',  ( -1.156482317317871764E-14, 0.000000000000000000, 1.000000000000000000 ) ) ;
#1028 = VECTOR ( 'NONE', #80, 1000.000000000000000 ) ;
#1029 = ADVANCED_FACE ( 'NONE', ( #431 ), #3196, .F. ) ;
#1030 = LINE ( 'NONE', #3832, #1923 ) ;
#1031 = DIRECTION ( 'NONE',  ( 1.000000000000000000, 0.000000000000000000, 0.000000000000000000 ) ) ;
#1032 = DIRECTION ( 'NONE',  ( -0.000000000000000000, 1.000000000000000000, -0.000000000000000000 ) ) ;
#1033 = ORIENTED_EDGE ( 'NONE', *, *, #1145, .T. ) ;
#1034 = LINE ( 'NONE', #388, #1985 ) ;
#1035 = DIRECTION ( 'NONE',  ( 0.000000000000000000, 0.000000000000000000, -1.000000000000000000 ) ) ;
#1036 = EDGE_LOOP ( 'NONE', ( #3169, #2263, #210, #2126 ) ) ;
#1037 = ADVANCED_FACE ( 'NONE', ( #1387 ), #1607, .T. ) ;
#1038 = CARTESIAN_POINT ( 'NONE',  ( 7.000000000000012434, 1.999999999999998224, 19.89999999999998437 ) ) ;
#1039 = VERTEX_POINT ( 'NONE', #1341 ) ;
#1040 = CARTESIAN_POINT ( 'NONE',  ( -11.90000000000001634, 9.745432968889293335, 19.99999999999998224 ) ) ;
#1041 = VECTOR ( 'NONE', #3380, 1000.000000000000000 ) ;
#1042 = CIRCLE ( 'NONE', #132, 0.8999999999999980238 ) ;
#1043 = EDGE_LOOP ( 'NONE', ( #1904, #1020, #3575, #227 ) ) ;
#1044 = EDGE_LOOP ( 'NONE', ( #2155, #188, #295, #873 ) ) ;
#1045 = FACE_OUTER_BOUND ( 'NONE', #2865, .T. ) ;
#1046 = CIRCLE ( 'NONE', #1941, 0.8999999999999980238 ) ;
#1047 = LINE ( 'NONE', #1632, #2640 ) ;
#1048 = CARTESIAN_POINT ( 'NONE',  ( 12.90000000000002345, 4.000000000000000000, 17.89999999999999858 ) ) ;
#1049 = EDGE_LOOP ( 'NONE', ( #143, #1937, #3086, #3510 ) ) ;
#1050 = CARTESIAN_POINT ( 'NONE',  ( -33.50000000000000000, 1.000000000000000000, -18.89999999999999147 ) ) ;
#1051 = DIRECTION ( 'NONE',  ( 0.000000000000000000, 0.000000000000000000, -1.000000000000000000 ) ) ;
#1052 = EDGE_CURVE ( 'NONE', #3696, #1982, #3823, .T. ) ;
#1053 = VECTOR ( 'NONE', #445, 1000.000000000000000 ) ;
#1054 = CARTESIAN_POINT ( 'NONE',  ( 8.000000000000024869, 4.000000000000000000, -20.69999999999997797 ) ) ;
#1055 = CYLINDRICAL_SURFACE ( 'NONE', #1619, 0.5000000000000004441 ) ;
#1056 = EDGE_CURVE ( 'NONE', #1175, #2971, #2230, .T. ) ;
#1057 = VERTEX_POINT ( 'NONE', #757 ) ;
#1058 = CARTESIAN_POINT ( 'NONE',  ( 11.00000000000001776, -0.9000000000000000222, 20.39999999999999503 ) ) ;
#1059 = CARTESIAN_POINT ( 'NONE',  ( 33.00000000000000000, 4.000000000000000000, -15.69999999999999929 ) ) ;
#1060 = ORIENTED_EDGE ( 'NONE', *, *, #3319, .F. ) ;
#1061 = DIRECTION ( 'NONE',  ( -1.734723475976805517E-15, 0.000000000000000000, -1.000000000000000000 ) ) ;
#1062 = VERTEX_POINT ( 'NONE', #1987 ) ;
#1063 = CARTESIAN_POINT ( 'NONE',  ( -35.20000000000000284, 1.999999999999998668, -17.89999999999999858 ) ) ;
#1064 = EDGE_CURVE ( 'NONE', #2516, #1989, #3238, .T. ) ;
#1065 = ORIENTED_EDGE ( 'NONE', *, *, #715, .F. ) ;
#1066 = CARTESIAN_POINT ( 'NONE',  ( 8.000000000000024869, 0.000000000000000000, -19.09999999999999787 ) ) ;
#1067 = DIRECTION ( 'NONE',  ( 0.000000000000000000, -1.000000000000000000, 0.000000000000000000 ) ) ;
#1068 = DIRECTION ( 'NONE',  ( 0.000000000000000000, 0.000000000000000000, -1.000000000000000000 ) ) ;
#1069 = DIRECTION ( 'NONE',  ( -0.000000000000000000, 1.000000000000000000, -0.000000000000000000 ) ) ;
#1070 = ORIENTED_EDGE ( 'NONE', *, *, #229, .F. ) ;
#1071 = LINE ( 'NONE', #133, #2836 ) ;
#1072 = EDGE_CURVE ( 'NONE', #1112, #586, #736, .T. ) ;
#1073 = CARTESIAN_POINT ( 'NONE',  ( 8.000000000000024869, 9.745432968889293335, -20.89999999999999503 ) ) ;
#1074 = LINE ( 'NONE', #2365, #3546 ) ;
#1075 = EDGE_CURVE ( 'NONE', #1857, #4000, #374, .T. ) ;
#1076 = AXIS2_PLACEMENT_3D ( 'NONE', #1735, #2403, #3646 ) ;
#1077 = CARTESIAN_POINT ( 'NONE',  ( 0.000000000000000000, 4.000000000000000000, 20.69999999999996732 ) ) ;
#1078 = DIRECTION ( 'NONE',  ( -1.000000000000000000, 0.000000000000000000, 0.000000000000000000 ) ) ;
#1079 = LINE ( 'NONE', #2641, #2707 ) ;
#1080 = ORIENTED_EDGE ( 'NONE', *, *, #3011, .T. ) ;
#1081 = CIRCLE ( 'NONE', #1910, 1.000000000000000888 ) ;
#1082 = CARTESIAN_POINT ( 'NONE',  ( 12.90000000000002700, 4.000000000000000000, -18.89999999999999858 ) ) ;
#1083 = EDGE_CURVE ( 'NONE', #734, #2785, #3805, .T. ) ;
#1084 = EDGE_LOOP ( 'NONE', ( #3394, #1583, #587, #3703 ) ) ;
#1085 = DIRECTION ( 'NONE',  ( 0.000000000000000000, 1.000000000000000000, 0.000000000000000000 ) ) ;
#1086 = ORIENTED_EDGE ( 'NONE', *, *, #1265, .T. ) ;
#1087 = VERTEX_POINT ( 'NONE', #1628 ) ;
#1088 = CIRCLE ( 'NONE', #3156, 0.8999999999999980238 ) ;
#1089 = LINE ( 'NONE', #3497, #3613 ) ;
#1090 = EDGE_CURVE ( 'NONE', #1164, #2801, #3000, .T. ) ;
#1091 = EDGE_CURVE ( 'NONE', #2311, #3237, #408, .T. ) ;
#1092 = CARTESIAN_POINT ( 'NONE',  ( -33.00000000000000000, 1.500000000000000000, -15.69999999999999929 ) ) ;
#1093 = FACE_OUTER_BOUND ( 'NONE', #3421, .T. ) ;
#1094 = AXIS2_PLACEMENT_3D ( 'NONE', #2533, #3485, #993 ) ;
#1095 = DIRECTION ( 'NONE',  ( 0.000000000000000000, -1.000000000000000000, 0.000000000000000000 ) ) ;
#1096 = AXIS2_PLACEMENT_3D ( 'NONE', #2232, #1344, #413 ) ;
#1097 = AXIS2_PLACEMENT_3D ( 'NONE', #3360, #583, #2074 ) ;
#1098 = CARTESIAN_POINT ( 'NONE',  ( 33.00000000000000711, 1.500000000000000000, 16.69999999999999929 ) ) ;
#1099 = VECTOR ( 'NONE', #3190, 1000.000000000000227 ) ;
#1100 = DIRECTION ( 'NONE',  ( 0.000000000000000000, 0.000000000000000000, -1.000000000000000000 ) ) ;
#1101 = VERTEX_POINT ( 'NONE', #1645 ) ;
#1102 = PLANE ( 'NONE',  #2600 ) ;
#1103 = EDGE_CURVE ( 'NONE', #2174, #2801, #3171, .T. ) ;
#1104 = DIRECTION ( 'NONE',  ( 0.000000000000000000, 1.000000000000000000, 0.000000000000000000 ) ) ;
#1105 = AXIS2_PLACEMENT_3D ( 'NONE', #1548, #967, #1587 ) ;
#1106 = ORIENTED_EDGE ( 'NONE', *, *, #2578, .T. ) ;
#1107 = DIRECTION ( 'NONE',  ( 0.000000000000000000, 0.000000000000000000, -1.000000000000000000 ) ) ;
#1108 = CIRCLE ( 'NONE', #3624, 1.000000000000000888 ) ;
#1109 = ORIENTED_EDGE ( 'NONE', *, *, #3633, .F. ) ;
#1110 = DIRECTION ( 'NONE',  ( -0.000000000000000000, 1.000000000000000000, -0.000000000000000000 ) ) ;
#1111 = ORIENTED_EDGE ( 'NONE', *, *, #45, .F. ) ;
#1112 = VERTEX_POINT ( 'NONE', #2868 ) ;
#1113 = CARTESIAN_POINT ( 'NONE',  ( 11.90000000000002878, 9.745432968889293335, -17.89999999999999858 ) ) ;
#1114 = CARTESIAN_POINT ( 'NONE',  ( 12.90000000000002345, 0.000000000000000000, 18.89999999999999858 ) ) ;
#1115 = AXIS2_PLACEMENT_3D ( 'NONE', #2861, #75, #1594 ) ;
#1116 = DIRECTION ( 'NONE',  ( -0.000000000000000000, 0.000000000000000000, -1.000000000000000000 ) ) ;
#1117 = CIRCLE ( 'NONE', #3242, 0.5000000000000004441 ) ;
#1118 = VECTOR ( 'NONE', #569, 1000.000000000000000 ) ;
#1119 = DIRECTION ( 'NONE',  ( -1.000000000000000000, 0.000000000000000000, 0.000000000000000000 ) ) ;
#1120 = DIRECTION ( 'NONE',  ( 0.000000000000000000, 0.000000000000000000, 1.000000000000000000 ) ) ;
#1121 = EDGE_CURVE ( 'NONE', #924, #1446, #2312, .T. ) ;
#1122 = CARTESIAN_POINT ( 'NONE',  ( 6.000000000000025757, 4.000000000000000000, -17.69999999999998508 ) ) ;
#1123 = DIRECTION ( 'NONE',  ( 1.000000000000000000, 0.000000000000000000, 0.000000000000000000 ) ) ;
#1124 = EDGE_LOOP ( 'NONE', ( #1639, #430, #326, #936 ) ) ;
#1125 = DIRECTION ( 'NONE',  ( 0.000000000000000000, 0.000000000000000000, 1.000000000000000000 ) ) ;
#1126 = ORIENTED_EDGE ( 'NONE', *, *, #264, .F. ) ;
#1127 = VERTEX_POINT ( 'NONE', #2624 ) ;
#1128 = CARTESIAN_POINT ( 'NONE',  ( 11.70000000000000284, 4.000000000000000000, 19.99999999999999645 ) ) ;
#1129 = ORIENTED_EDGE ( 'NONE', *, *, #1797, .F. ) ;
#1130 = VERTEX_POINT ( 'NONE', #3557 ) ;
#1131 = ORIENTED_EDGE ( 'NONE', *, *, #1816, .T. ) ;
#1132 = AXIS2_PLACEMENT_3D ( 'NONE', #2211, #1903, #3149 ) ;
#1133 = PLANE ( 'NONE',  #572 ) ;
#1134 = CARTESIAN_POINT ( 'NONE',  ( -8.000000000000017764, 9.745432968889293335, -20.89999999999998082 ) ) ;
#1135 = DIRECTION ( 'NONE',  ( 1.000000000000000000, -0.000000000000000000, -0.000000000000000000 ) ) ;
#1136 = CARTESIAN_POINT ( 'NONE',  ( 11.00000000000002132, -1.399999999999999911, 19.59999999999999787 ) ) ;
#1137 = FACE_OUTER_BOUND ( 'NONE', #1959, .T. ) ;
#1138 = CARTESIAN_POINT ( 'NONE',  ( 6.000000000000025757, 0.000000000000000000, -18.89999999999999858 ) ) ;
#1139 = EDGE_CURVE ( 'NONE', #657, #1226, #3866, .T. ) ;
#1140 = DIRECTION ( 'NONE',  ( -0.000000000000000000, -1.000000000000000000, -0.000000000000000000 ) ) ;
#1141 = DIRECTION ( 'NONE',  ( 0.000000000000000000, 0.000000000000000000, 1.000000000000000000 ) ) ;
#1142 = CARTESIAN_POINT ( 'NONE',  ( -11.00000000000002487, 1.999999999999998224, -20.89999999999998082 ) ) ;
#1143 = ORIENTED_EDGE ( 'NONE', *, *, #946, .F. ) ;
#1144 = LINE ( 'NONE', #2411, #3813 ) ;
#1145 = EDGE_CURVE ( 'NONE', #3296, #1616, #3729, .T. ) ;
#1146 = VECTOR ( 'NONE', #2021, 1000.000000000000000 ) ;
#1147 = ORIENTED_EDGE ( 'NONE', *, *, #918, .T. ) ;
#1148 = EDGE_LOOP ( 'NONE', ( #2623, #865, #1518, #3085 ) ) ;
#1149 = CARTESIAN_POINT ( 'NONE',  ( 35.20000000000000284, 4.000000000000000000, -17.89999999999999858 ) ) ;
#1150 = CARTESIAN_POINT ( 'NONE',  ( 7.005012562893391248, -1.032795409528606712, 19.99999999999998579 ) ) ;
#1151 = CARTESIAN_POINT ( 'NONE',  ( 7.200000000000039257, 4.000000000000000000, -19.89999999999999503 ) ) ;
#1152 = VECTOR ( 'NONE', #2351, 1000.000000000000000 ) ;
#1153 = EDGE_CURVE ( 'NONE', #3848, #2397, #3919, .T. ) ;
#1154 = DIRECTION ( 'NONE',  ( 0.000000000000000000, 0.000000000000000000, -1.000000000000000000 ) ) ;
#1155 = CIRCLE ( 'NONE', #1660, 0.5000000000000004441 ) ;
#1156 = ORIENTED_EDGE ( 'NONE', *, *, #1618, .T. ) ;
#1157 = CARTESIAN_POINT ( 'NONE',  ( 0.000000000000000000, 4.000000000000000000, 17.69999999999998508 ) ) ;
#1158 = AXIS2_PLACEMENT_3D ( 'NONE', #3581, #1434, #524 ) ;
#1159 = ORIENTED_EDGE ( 'NONE', *, *, #2730, .T. ) ;
#1160 = AXIS2_PLACEMENT_3D ( 'NONE', #1672, #1348, #85 ) ;
#1161 = AXIS2_PLACEMENT_3D ( 'NONE', #2583, #3951, #522 ) ;
#1162 = LINE ( 'NONE', #1483, #3312 ) ;
#1163 = ADVANCED_FACE ( 'NONE', ( #1972 ), #3222, .T. ) ;
#1164 = VERTEX_POINT ( 'NONE', #1098 ) ;
#1165 = ADVANCED_FACE ( 'NONE', ( #773 ), #2940, .T. ) ;
#1166 = CARTESIAN_POINT ( 'NONE',  ( -11.00000000000002487, 9.745432968889293335, -19.99999999999998224 ) ) ;
#1167 = EDGE_CURVE ( 'NONE', #1164, #16, #1675, .T. ) ;
#1168 = ORIENTED_EDGE ( 'NONE', *, *, #3472, .F. ) ;
#1169 = ORIENTED_EDGE ( 'NONE', *, *, #3633, .T. ) ;
#1170 = DIRECTION ( 'NONE',  ( -0.000000000000000000, 1.000000000000000000, -0.000000000000000000 ) ) ;
#1171 = CARTESIAN_POINT ( 'NONE',  ( 33.00000000000000711, 4.000000000000000000, 15.69999999999999929 ) ) ;
#1172 = LINE ( 'NONE', #559, #1536 ) ;
#1173 = DIRECTION ( 'NONE',  ( 0.000000000000000000, 0.000000000000000000, -1.000000000000000000 ) ) ;
#1174 = DIRECTION ( 'NONE',  ( 0.000000000000000000, 0.000000000000000000, -1.000000000000000000 ) ) ;
#1175 = VERTEX_POINT ( 'NONE', #469 ) ;
#1176 = VECTOR ( 'NONE', #859, 1000.000000000000227 ) ;
#1177 = EDGE_CURVE ( 'NONE', #219, #3696, #28, .T. ) ;
#1178 = DIRECTION ( 'NONE',  ( -5.782411586589363555E-15, 0.000000000000000000, 1.000000000000000000 ) ) ;
#1179 = DIRECTION ( 'NONE',  ( 0.000000000000000000, 0.000000000000000000, -1.000000000000000000 ) ) ;
#1180 = DIRECTION ( 'NONE',  ( 1.734723475976805517E-15, 0.000000000000000000, -1.000000000000000000 ) ) ;
#1181 = ORIENTED_EDGE ( 'NONE', *, *, #1734, .T. ) ;
#1182 = LINE ( 'NONE', #1447, #3679 ) ;
#1183 = VERTEX_POINT ( 'NONE', #1695 ) ;
#1184 = ORIENTED_EDGE ( 'NONE', *, *, #1310, .F. ) ;
#1185 = PLANE ( 'NONE',  #1731 ) ;
#1186 = DIRECTION ( 'NONE',  ( 0.000000000000000000, 0.000000000000000000, 1.000000000000000000 ) ) ;
#1187 = EDGE_CURVE ( 'NONE', #2700, #3015, #1948, .T. ) ;
#1188 = FACE_OUTER_BOUND ( 'NONE', #2981, .T. ) ;
#1189 = CARTESIAN_POINT ( 'NONE',  ( 8.000000000000010658, -1.399999999999999911, 20.10000000000000142 ) ) ;
#1190 = CARTESIAN_POINT ( 'NONE',  ( -8.000000000000021316, -0.9000000000000000222, 19.09999999999999787 ) ) ;
#1191 = VERTEX_POINT ( 'NONE', #2015 ) ;
#1192 = EDGE_CURVE ( 'NONE', #3099, #3151, #2182, .T. ) ;
#1193 = VERTEX_POINT ( 'NONE', #108 ) ;
#1194 = DIRECTION ( 'NONE',  ( -0.000000000000000000, 1.000000000000000000, -0.000000000000000000 ) ) ;
#1195 = CARTESIAN_POINT ( 'NONE',  ( 11.00000000000002487, 4.000000000000000000, -19.99999999999999645 ) ) ;
#1196 = EDGE_CURVE ( 'NONE', #3041, #5, #3117, .T. ) ;
#1197 = CARTESIAN_POINT ( 'NONE',  ( -11.70000000000001172, 4.000000000000000000, -18.89999999999999503 ) ) ;
#1198 = ORIENTED_EDGE ( 'NONE', *, *, #552, .F. ) ;
#1199 = DIRECTION ( 'NONE',  ( 1.000000000000000000, 0.000000000000000000, -0.000000000000000000 ) ) ;
#1200 = ADVANCED_FACE ( 'NONE', ( #2634 ), #3426, .T. ) ;
#1201 = EDGE_LOOP ( 'NONE', ( #124, #1845, #881, #714, #2297, #2847 ) ) ;
#1202 = ORIENTED_EDGE ( 'NONE', *, *, #2939, .F. ) ;
#1203 = DIRECTION ( 'NONE',  ( 0.000000000000000000, 0.000000000000000000, -1.000000000000000000 ) ) ;
#1204 = CIRCLE ( 'NONE', #1586, 1.000000000000000888 ) ;
#1205 = CARTESIAN_POINT ( 'NONE',  ( -8.000000000000021316, -1.399999999999999911, 19.59999999999999787 ) ) ;
#1206 = CARTESIAN_POINT ( 'NONE',  ( -8.000000000000021316, -0.8999999999999998002, 20.10000000000000142 ) ) ;
#1207 = EDGE_CURVE ( 'NONE', #1940, #2579, #134, .T. ) ;
#1208 = LINE ( 'NONE', #2737, #3359 ) ;
#1209 = CIRCLE ( 'NONE', #1330, 1.000000000000000888 ) ;
#1210 = EDGE_CURVE ( 'NONE', #3296, #2066, #1576, .T. ) ;
#1211 = DIRECTION ( 'NONE',  ( 0.000000000000000000, 0.000000000000000000, -1.000000000000000000 ) ) ;
#1212 = EDGE_LOOP ( 'NONE', ( #3763, #3967, #3287, #1976 ) ) ;
#1213 = ORIENTED_EDGE ( 'NONE', *, *, #2165, .F. ) ;
#1214 = PLANE ( 'NONE',  #1237 ) ;
#1215 = VECTOR ( 'NONE', #3223, 1000.000000000000000 ) ;
#1216 = PLANE ( 'NONE',  #372 ) ;
#1217 = AXIS2_PLACEMENT_3D ( 'NONE', #499, #1488, #2951 ) ;
#1218 = CONICAL_SURFACE ( 'NONE', #3357, 0.7999999999999882760, 0.09966865249116781122 ) ;
#1219 = AXIS2_PLACEMENT_3D ( 'NONE', #1351, #745, #1971 ) ;
#1220 = DIRECTION ( 'NONE',  ( 0.9950371902099884869, 0.09950371902100592358, 8.630571866636435740E-15 ) ) ;
#1221 = EDGE_CURVE ( 'NONE', #1989, #2768, #3567, .T. ) ;
#1222 = ORIENTED_EDGE ( 'NONE', *, *, #1809, .T. ) ;
#1223 = AXIS2_PLACEMENT_3D ( 'NONE', #982, #4003, #1203 ) ;
#1224 = DIRECTION ( 'NONE',  ( -0.000000000000000000, -1.000000000000000000, -0.000000000000000000 ) ) ;
#1225 = ORIENTED_EDGE ( 'NONE', *, *, #841, .T. ) ;
#1226 = VERTEX_POINT ( 'NONE', #1274 ) ;
#1227 = FACE_OUTER_BOUND ( 'NONE', #2338, .T. ) ;
#1228 = CARTESIAN_POINT ( 'NONE',  ( 7.200000000000026823, 4.000000000000000000, 19.89999999999998792 ) ) ;
#1229 = DIRECTION ( 'NONE',  ( 0.000000000000000000, 0.9950371902099884869, 0.09950371902100506316 ) ) ;
#1230 = DIRECTION ( 'NONE',  ( 0.000000000000000000, -1.000000000000000000, 0.000000000000000000 ) ) ;
#1231 = ORIENTED_EDGE ( 'NONE', *, *, #3601, .F. ) ;
#1232 = ORIENTED_EDGE ( 'NONE', *, *, #1374, .F. ) ;
#1233 = FACE_OUTER_BOUND ( 'NONE', #2733, .T. ) ;
#1234 = CONICAL_SURFACE ( 'NONE', #527, 0.7999999999999847233, 0.09966865249116953207 ) ;
#1235 = CONICAL_SURFACE ( 'NONE', #528, 0.7999999999999847233, 0.09966865249116953207 ) ;
#1236 = CARTESIAN_POINT ( 'NONE',  ( -12.90000000000002345, 4.000000000000000000, 18.89999999999999858 ) ) ;
#1237 = AXIS2_PLACEMENT_3D ( 'NONE', #643, #1870, #2726 ) ;
#1238 = DIRECTION ( 'NONE',  ( 0.000000000000000000, 0.000000000000000000, -1.000000000000000000 ) ) ;
#1239 = VERTEX_POINT ( 'NONE', #2958 ) ;
#1240 = DIRECTION ( 'NONE',  ( 0.000000000000000000, -0.9950371902099884869, 0.09950371902100509092 ) ) ;
#1241 = ORIENTED_EDGE ( 'NONE', *, *, #2548, .T. ) ;
#1242 = ORIENTED_EDGE ( 'NONE', *, *, #449, .F. ) ;
#1243 = DIRECTION ( 'NONE',  ( 0.000000000000000000, -1.000000000000000000, 0.000000000000000000 ) ) ;
#1244 = DIRECTION ( 'NONE',  ( -0.000000000000000000, 1.000000000000000000, -0.000000000000000000 ) ) ;
#1245 = VECTOR ( 'NONE', #2818, 1000.000000000000000 ) ;
#1246 = LINE ( 'NONE', #1585, #1539 ) ;
#1247 = CARTESIAN_POINT ( 'NONE',  ( 8.000000000000024869, -1.399999999999999911, -20.10000000000000142 ) ) ;
#1248 = ORIENTED_EDGE ( 'NONE', *, *, #293, .F. ) ;
#1249 = CIRCLE ( 'NONE', #931, 1.200000000000013500 ) ;
#1250 = ORIENTED_EDGE ( 'NONE', *, *, #2482, .F. ) ;
#1251 = CARTESIAN_POINT ( 'NONE',  ( 33.00000000000000711, 1.500000000000000000, 15.69999999999999929 ) ) ;
#1252 = CARTESIAN_POINT ( 'NONE',  ( -11.00000000000001776, 9.745432968889293335, 20.89999999999998082 ) ) ;
#1253 = EDGE_CURVE ( 'NONE', #2025, #1349, #3511, .T. ) ;
#1254 = ADVANCED_FACE ( 'NONE', ( #668 ), #1895, .T. ) ;
#1255 = DIRECTION ( 'NONE',  ( 0.000000000000000000, 0.000000000000000000, 1.000000000000000000 ) ) ;
#1256 = ORIENTED_EDGE ( 'NONE', *, *, #650, .T. ) ;
#1257 = CARTESIAN_POINT ( 'NONE',  ( 6.000000000000023981, 1.999999999999998224, 18.89999999999999858 ) ) ;
#1258 = EDGE_LOOP ( 'NONE', ( #3884, #3936, #1552, #844 ) ) ;
#1259 = ORIENTED_EDGE ( 'NONE', *, *, #174, .T. ) ;
#1260 = LINE ( 'NONE', #3734, #2249 ) ;
#1261 = DIRECTION ( 'NONE',  ( 0.000000000000000000, 0.000000000000000000, 1.000000000000000000 ) ) ;
#1262 = DIRECTION ( 'NONE',  ( 0.09950371902100593746, 0.9950371902099883759, 0.000000000000000000 ) ) ;
#1263 = DIRECTION ( 'NONE',  ( 0.000000000000000000, -1.000000000000000000, 0.000000000000000000 ) ) ;
#1264 = ORIENTED_EDGE ( 'NONE', *, *, #2359, .T. ) ;
#1265 = EDGE_CURVE ( 'NONE', #459, #3456, #1377, .T. ) ;
#1266 = AXIS2_PLACEMENT_3D ( 'NONE', #1268, #3136, #3243 ) ;
#1267 = ORIENTED_EDGE ( 'NONE', *, *, #1145, .F. ) ;
#1268 = CARTESIAN_POINT ( 'NONE',  ( -35.20000000000000284, 4.000000000000000000, -17.89999999999999858 ) ) ;
#1269 = CIRCLE ( 'NONE', #2639, 0.6999999999999853006 ) ;
#1270 = CIRCLE ( 'NONE', #3543, 0.8999999999999980238 ) ;
#1271 = EDGE_CURVE ( 'NONE', #1800, #3455, #2023, .T. ) ;
#1272 = PLANE ( 'NONE',  #3632 ) ;
#1273 = VECTOR ( 'NONE', #486, 1000.000000000000000 ) ;
#1274 = CARTESIAN_POINT ( 'NONE',  ( -7.200000000000040146, 4.000000000000000000, -18.90000000000001279 ) ) ;
#1275 = ORIENTED_EDGE ( 'NONE', *, *, #264, .T. ) ;
#1276 = AXIS2_PLACEMENT_3D ( 'NONE', #3491, #1622, #1938 ) ;
#1277 = CARTESIAN_POINT ( 'NONE',  ( 8.000000000000010658, 0.000000000000000000, 19.09999999999999787 ) ) ;
#1278 = EDGE_LOOP ( 'NONE', ( #685, #3452, #932, #3775 ) ) ;
#1279 = AXIS2_PLACEMENT_3D ( 'NONE', #435, #2936, #83 ) ;
#1280 = ORIENTED_EDGE ( 'NONE', *, *, #2815, .T. ) ;
#1281 = ORIENTED_EDGE ( 'NONE', *, *, #918, .F. ) ;
#1282 = VECTOR ( 'NONE', #966, 1000.000000000000000 ) ;
#1283 = CYLINDRICAL_SURFACE ( 'NONE', #1420, 1.000000000000000888 ) ;
#1284 = EDGE_CURVE ( 'NONE', #3558, #2143, #3843, .T. ) ;
#1285 = AXIS2_PLACEMENT_3D ( 'NONE', #3809, #1649, #2893 ) ;
#1286 = AXIS2_PLACEMENT_3D ( 'NONE', #2885, #392, #696 ) ;
#1287 = DIRECTION ( 'NONE',  ( 0.000000000000000000, 0.000000000000000000, -1.000000000000000000 ) ) ;
#1288 = ORIENTED_EDGE ( 'NONE', *, *, #3862, .T. ) ;
#1289 = ORIENTED_EDGE ( 'NONE', *, *, #3793, .T. ) ;
#1290 = CARTESIAN_POINT ( 'NONE',  ( 11.00000000000001776, 4.000000000000000000, 19.99999999999999645 ) ) ;
#1291 = DIRECTION ( 'NONE',  ( -1.000000000000000000, 0.000000000000000000, 0.000000000000000000 ) ) ;
#1292 = VERTEX_POINT ( 'NONE', #1722 ) ;
#1293 = AXIS2_PLACEMENT_3D ( 'NONE', #640, #315, #989 ) ;
#1294 = CIRCLE ( 'NONE', #2192, 1.000000000000000888 ) ;
#1295 = DIRECTION ( 'NONE',  ( 0.000000000000000000, -1.000000000000000000, 0.000000000000000000 ) ) ;
#1296 = ORIENTED_EDGE ( 'NONE', *, *, #908, .T. ) ;
#1297 = DIRECTION ( 'NONE',  ( 0.000000000000000000, 1.000000000000000000, 0.000000000000000000 ) ) ;
#1298 = PLANE ( 'NONE',  #2791 ) ;
#1299 = EDGE_LOOP ( 'NONE', ( #3829, #1168, #1892, #2587 ) ) ;
#1300 = CARTESIAN_POINT ( 'NONE',  ( -34.19999999999999574, 4.000000000000000000, -15.69999999999999929 ) ) ;
#1301 = DIRECTION ( 'NONE',  ( -1.000000000000000000, 0.000000000000000000, 0.000000000000000000 ) ) ;
#1302 = ORIENTED_EDGE ( 'NONE', *, *, #1478, .T. ) ;
#1303 = AXIS2_PLACEMENT_3D ( 'NONE', #1082, #95, #3530 ) ;
#1304 = ORIENTED_EDGE ( 'NONE', *, *, #1221, .T. ) ;
#1305 = EDGE_CURVE ( 'NONE', #3311, #3137, #2690, .T. ) ;
#1306 = DIRECTION ( 'NONE',  ( 1.000000000000000000, 0.000000000000000000, 0.000000000000000000 ) ) ;
#1307 = CARTESIAN_POINT ( 'NONE',  ( 11.00000000000001776, 9.745432968889293335, 20.89999999999999503 ) ) ;
#1308 = EDGE_LOOP ( 'NONE', ( #2901, #3617, #987, #387 ) ) ;
#1309 = LINE ( 'NONE', #2545, #1921 ) ;
#1310 = EDGE_CURVE ( 'NONE', #2579, #3103, #1407, .T. ) ;
#1311 = CARTESIAN_POINT ( 'NONE',  ( 11.70000000000000817, 4.000000000000000000, 18.89999999999999147 ) ) ;
#1312 = DIRECTION ( 'NONE',  ( 0.000000000000000000, -1.000000000000000000, 0.000000000000000000 ) ) ;
#1313 = EDGE_CURVE ( 'NONE', #2803, #2785, #1144, .T. ) ;
#1314 = CARTESIAN_POINT ( 'NONE',  ( -11.00000000000001776, -0.8999999999999998002, 19.99999999999998224 ) ) ;
#1315 = FACE_OUTER_BOUND ( 'NONE', #115, .T. ) ;
#1316 = ORIENTED_EDGE ( 'NONE', *, *, #1508, .F. ) ;
#1317 = DIRECTION ( 'NONE',  ( 1.000000000000000000, 0.000000000000000000, -1.938238520644477406E-16 ) ) ;
#1318 = EDGE_CURVE ( 'NONE', #2160, #3820, #1428, .T. ) ;
#1319 = LINE ( 'NONE', #997, #1806 ) ;
#1320 = ORIENTED_EDGE ( 'NONE', *, *, #741, .T. ) ;
#1321 = LINE ( 'NONE', #2555, #774 ) ;
#1322 = CARTESIAN_POINT ( 'NONE',  ( 12.90000000000002700, 1.000000000000000000, 16.19999999999999929 ) ) ;
#1323 = EDGE_CURVE ( 'NONE', #219, #3976, #3291, .T. ) ;
#1324 = ORIENTED_EDGE ( 'NONE', *, *, #991, .T. ) ;
#1325 = DIRECTION ( 'NONE',  ( 0.000000000000000000, -1.000000000000000000, -0.000000000000000000 ) ) ;
#1326 = DIRECTION ( 'NONE',  ( -1.000000000000000000, 0.000000000000000000, 0.000000000000000000 ) ) ;
#1327 = LINE ( 'NONE', #2612, #49 ) ;
#1328 = EDGE_CURVE ( 'NONE', #1814, #2096, #1538, .T. ) ;
#1329 = DIRECTION ( 'NONE',  ( 0.000000000000000000, 0.000000000000000000, 1.000000000000000000 ) ) ;
#1330 = AXIS2_PLACEMENT_3D ( 'NONE', #1114, #1391, #684 ) ;
#1331 = PLANE ( 'NONE',  #2963 ) ;
#1332 = CARTESIAN_POINT ( 'NONE',  ( 33.00000000000000000, 1.999999999999914957, -16.69999999999999929 ) ) ;
#1333 = ORIENTED_EDGE ( 'NONE', *, *, #3794, .T. ) ;
#1334 = DIRECTION ( 'NONE',  ( -0.09950371902099412746, -0.9950371902099895971, 0.000000000000000000 ) ) ;
#1335 = CIRCLE ( 'NONE', #772, 0.5000000000000004441 ) ;
#1336 = CARTESIAN_POINT ( 'NONE',  ( -8.000000000000017764, -0.8999999999999998002, -20.39999999999998082 ) ) ;
#1337 = ORIENTED_EDGE ( 'NONE', *, *, #2040, .F. ) ;
#1338 = DIRECTION ( 'NONE',  ( 0.000000000000000000, 0.000000000000000000, 1.000000000000000000 ) ) ;
#1339 = ORIENTED_EDGE ( 'NONE', *, *, #3441, .F. ) ;
#1340 = APPLICATION_CONTEXT ( 'automotive_design' ) ;
#1341 = CARTESIAN_POINT ( 'NONE',  ( 8.000000000000012434, 1.999999999999998224, 20.89999999999999503 ) ) ;
#1342 = VECTOR ( 'NONE', #868, 1000.000000000000000 ) ;
#1343 = ORIENTED_EDGE ( 'NONE', *, *, #1016, .T. ) ;
#1344 = DIRECTION ( 'NONE',  ( 1.000000000000000000, 0.000000000000000000, 6.938893903907221278E-15 ) ) ;
#1345 = EDGE_CURVE ( 'NONE', #1062, #1465, #310, .T. ) ;
#1346 = AXIS2_PLACEMENT_3D ( 'NONE', #928, #3130, #3 ) ;
#1347 = CARTESIAN_POINT ( 'NONE',  ( 0.000000000000000000, 4.000000000000000000, -17.69999999999998508 ) ) ;
#1348 = DIRECTION ( 'NONE',  ( 0.000000000000000000, -1.000000000000000000, 0.000000000000000000 ) ) ;
#1349 = VERTEX_POINT ( 'NONE', #534 ) ;
#1350 = ADVANCED_BREP_SHAPE_REPRESENTATION ( '电池盒限位small', ( #2443, #3084 ), #2706 ) ;
#1351 = CARTESIAN_POINT ( 'NONE',  ( 33.00000000000000711, 1.500000000000000000, 15.69999999999999929 ) ) ;
#1352 = EDGE_CURVE ( 'NONE', #1869, #2698, #2572, .T. ) ;
#1353 = DIRECTION ( 'NONE',  ( -1.000000000000000000, 0.000000000000000000, 0.000000000000000000 ) ) ;
#1354 = CARTESIAN_POINT ( 'NONE',  ( -7.005012562893401906, -0.8999999999999998002, 19.99999999999998934 ) ) ;
#1355 = AXIS2_PLACEMENT_3D ( 'NONE', #270, #344, #2487 ) ;
#1356 = FACE_OUTER_BOUND ( 'NONE', #1830, .T. ) ;
#1357 = VERTEX_POINT ( 'NONE', #1128 ) ;
#1358 = CARTESIAN_POINT ( 'NONE',  ( 12.90000000000002700, 1.999999999999998224, -17.89999999999999858 ) ) ;
#1359 = DIRECTION ( 'NONE',  ( 0.000000000000000000, 0.000000000000000000, 1.000000000000000000 ) ) ;
#1360 = ORIENTED_EDGE ( 'NONE', *, *, #4011, .F. ) ;
#1361 = DIRECTION ( 'NONE',  ( -1.000000000000000000, 0.000000000000000000, 0.000000000000000000 ) ) ;
#1362 = ORIENTED_EDGE ( 'NONE', *, *, #74, .T. ) ;
#1363 = LINE ( 'NONE', #717, #2592 ) ;
#1364 = AXIS2_PLACEMENT_3D ( 'NONE', #2109, #3987, #1808 ) ;
#1365 = ORIENTED_EDGE ( 'NONE', *, *, #807, .F. ) ;
#1366 = ORIENTED_EDGE ( 'NONE', *, *, #3652, .F. ) ;
#1367 = CARTESIAN_POINT ( 'NONE',  ( -33.00000000000000000, 1.999999999999914957, -16.69999999999999929 ) ) ;
#1368 = AXIS2_PLACEMENT_3D ( 'NONE', #3668, #4013, #1815 ) ;
#1369 = LINE ( 'NONE', #437, #2559 ) ;
#1370 = DIRECTION ( 'NONE',  ( -1.734723475976805517E-15, 0.000000000000000000, -1.000000000000000000 ) ) ;
#1371 = DIRECTION ( 'NONE',  ( 0.000000000000000000, 0.9950371902099884869, 0.09950371902100509092 ) ) ;
#1372 = EDGE_CURVE ( 'NONE', #1292, #1087, #3576, .T. ) ;
#1373 = ORIENTED_EDGE ( 'NONE', *, *, #2229, .F. ) ;
#1374 = EDGE_CURVE ( 'NONE', #3526, #1524, #1182, .T. ) ;
#1375 = DIRECTION ( 'NONE',  ( 0.000000000000000000, -0.09950371902100510479, 0.9950371902099885979 ) ) ;
#1376 = DIRECTION ( 'NONE',  ( 1.000000000000000000, 0.000000000000000000, 0.000000000000000000 ) ) ;
#1377 = CIRCLE ( 'NONE', #2273, 1.000000000000000888 ) ;
#1378 = DIRECTION ( 'NONE',  ( 0.000000000000000000, 0.000000000000000000, -1.000000000000000000 ) ) ;
#1379 = LINE ( 'NONE', #422, #3180 ) ;
#1380 = FACE_OUTER_BOUND ( 'NONE', #2438, .T. ) ;
#1381 = FACE_OUTER_BOUND ( 'NONE', #1658, .T. ) ;
#1382 = ORIENTED_EDGE ( 'NONE', *, *, #1589, .F. ) ;
#1383 = ADVANCED_FACE ( 'NONE', ( #3910 ), #1760, .F. ) ;
#1384 = EDGE_CURVE ( 'NONE', #2652, #2245, #2244, .T. ) ;
#1385 = DIRECTION ( 'NONE',  ( -0.000000000000000000, 1.000000000000000000, -0.000000000000000000 ) ) ;
#1386 = ORIENTED_EDGE ( 'NONE', *, *, #22, .F. ) ;
#1387 = FACE_OUTER_BOUND ( 'NONE', #2225, .T. ) ;
#1388 = ORIENTED_EDGE ( 'NONE', *, *, #4024, .T. ) ;
#1389 = EDGE_LOOP ( 'NONE', ( #3594, #163, #3365, #3762, #1878 ) ) ;
#1390 = DIRECTION ( 'NONE',  ( 0.000000000000000000, -0.000000000000000000, -1.000000000000000000 ) ) ;
#1391 = DIRECTION ( 'NONE',  ( -0.000000000000000000, 1.000000000000000000, -0.000000000000000000 ) ) ;
#1392 = DIRECTION ( 'NONE',  ( -0.000000000000000000, 1.000000000000000000, -0.000000000000000000 ) ) ;
#1393 = DIRECTION ( 'NONE',  ( 0.000000000000000000, 0.000000000000000000, 1.000000000000000000 ) ) ;
#1394 = ADVANCED_FACE ( 'NONE', ( #224 ), #2439, .T. ) ;
#1395 = DIRECTION ( 'NONE',  ( -2.478176394252600665E-15, 0.000000000000000000, 1.000000000000000000 ) ) ;
#1396 = CARTESIAN_POINT ( 'NONE',  ( -11.00000000000002487, 9.745432968889293335, -20.89999999999998082 ) ) ;
#1397 = AXIS2_PLACEMENT_3D ( 'NONE', #1753, #831, #1174 ) ;
#1398 = SHAPE_DEFINITION_REPRESENTATION ( #3443, #1350 ) ;
#1399 = CARTESIAN_POINT ( 'NONE',  ( -34.00000000000000000, 1.500000000000000000, -15.69999999999999929 ) ) ;
#1400 = DIRECTION ( 'NONE',  ( -0.000000000000000000, 1.000000000000000000, -0.000000000000000000 ) ) ;
#1401 = ORIENTED_EDGE ( 'NONE', *, *, #973, .T. ) ;
#1402 = VECTOR ( 'NONE', #3773, 1000.000000000000000 ) ;
#1403 = ADVANCED_FACE ( 'NONE', ( #517 ), #3965, .T. ) ;
#1404 = CARTESIAN_POINT ( 'NONE',  ( -8.000000000000021316, -0.8999999999999998002, 20.89999999999998082 ) ) ;
#1405 = FACE_OUTER_BOUND ( 'NONE', #2216, .T. ) ;
#1406 = ORIENTED_EDGE ( 'NONE', *, *, #843, .T. ) ;
#1407 = LINE ( 'NONE', #842, #1883 ) ;
#1408 = AXIS2_PLACEMENT_3D ( 'NONE', #1314, #3753, #2202 ) ;
#1409 = VERTEX_POINT ( 'NONE', #2086 ) ;
#1410 = VECTOR ( 'NONE', #399, 1000.000000000000000 ) ;
#1411 = CARTESIAN_POINT ( 'NONE',  ( -11.00000000000002487, -0.8999999999999998002, -20.89999999999998082 ) ) ;
#1412 = ADVANCED_FACE ( 'NONE', ( #3330 ), #554, .T. ) ;
#1413 = CARTESIAN_POINT ( 'NONE',  ( 33.50000000000000000, 1.500000000000000000, -16.69999999999999929 ) ) ;
#1414 = LINE ( 'NONE', #2013, #1480 ) ;
#1415 = VECTOR ( 'NONE', #3900, 1000.000000000000000 ) ;
#1416 = AXIS2_PLACEMENT_3D ( 'NONE', #1778, #3025, #249 ) ;
#1417 = DIRECTION ( 'NONE',  ( 0.000000000000000000, 0.000000000000000000, -1.000000000000000000 ) ) ;
#1418 = CIRCLE ( 'NONE', #1096, 0.5000000000000004441 ) ;
#1419 = CARTESIAN_POINT ( 'NONE',  ( -8.000000000000017764, -0.8999999999999998002, -19.89999999999998082 ) ) ;
#1420 = AXIS2_PLACEMENT_3D ( 'NONE', #2164, #17, #3764 ) ;
#1421 = DIRECTION ( 'NONE',  ( -0.000000000000000000, 1.000000000000000000, -0.000000000000000000 ) ) ;
#1422 = ORIENTED_EDGE ( 'NONE', *, *, #2582, .T. ) ;
#1423 = DIRECTION ( 'NONE',  ( 1.000000000000000000, 0.000000000000000000, 0.000000000000000000 ) ) ;
#1424 = CYLINDRICAL_SURFACE ( 'NONE', #2662, 1.000000000000000888 ) ;
#1425 = VERTEX_POINT ( 'NONE', #3731 ) ;
#1426 = AXIS2_PLACEMENT_3D ( 'NONE', #474, #1701, #1740 ) ;
#1427 = ORIENTED_EDGE ( 'NONE', *, *, #3413, .F. ) ;
#1428 = LINE ( 'NONE', #2372, #897 ) ;
#1429 = ORIENTED_EDGE ( 'NONE', *, *, #727, .T. ) ;
#1430 = ORIENTED_EDGE ( 'NONE', *, *, #841, .F. ) ;
#1431 = DIRECTION ( 'NONE',  ( 0.000000000000000000, 0.000000000000000000, -1.000000000000000000 ) ) ;
#1432 = CARTESIAN_POINT ( 'NONE',  ( -35.20000000000000284, 1.999999999999998668, -17.89999999999999858 ) ) ;
#1433 = CONICAL_SURFACE ( 'NONE', #3697, 1.200000000000013500, 0.09966865249116907410 ) ;
#1434 = DIRECTION ( 'NONE',  ( -0.000000000000000000, 1.000000000000000000, -0.000000000000000000 ) ) ;
#1435 = EDGE_CURVE ( 'NONE', #1800, #3847, #702, .T. ) ;
#1436 = VECTOR ( 'NONE', #588, 1000.000000000000000 ) ;
#1437 = SURFACE_STYLE_USAGE ( .BOTH. , #3320 ) ;
#1438 = CARTESIAN_POINT ( 'NONE',  ( -35.20000000000000284, 4.000000000000000000, -17.89999999999999858 ) ) ;
#1439 = DIRECTION ( 'NONE',  ( 0.000000000000000000, -1.000000000000000000, 0.000000000000000000 ) ) ;
#1440 = ADVANCED_FACE ( 'NONE', ( #904 ), #630, .F. ) ;
#1441 = DIRECTION ( 'NONE',  ( 0.000000000000000000, 0.000000000000000000, -1.000000000000000000 ) ) ;
#1442 = CARTESIAN_POINT ( 'NONE',  ( 6.000000000000023981, 0.000000000000000000, 18.89999999999999858 ) ) ;
#1443 = VERTEX_POINT ( 'NONE', #3695 ) ;
#1444 = LINE ( 'NONE', #3634, #2104 ) ;
#1445 = ADVANCED_FACE ( 'NONE', ( #955 ), #324, .T. ) ;
#1446 = VERTEX_POINT ( 'NONE', #1277 ) ;
#1447 = CARTESIAN_POINT ( 'NONE',  ( 11.90000000000002345, 9.745432968889293335, -19.99999999999999645 ) ) ;
#1448 = ORIENTED_EDGE ( 'NONE', *, *, #2913, .F. ) ;
#1449 = ORIENTED_EDGE ( 'NONE', *, *, #2028, .F. ) ;
#1450 = ORIENTED_EDGE ( 'NONE', *, *, #2418, .T. ) ;
#1451 = CARTESIAN_POINT ( 'NONE',  ( -34.20000000000000284, 4.000000000000000000, -16.89999999999999858 ) ) ;
#1452 = CARTESIAN_POINT ( 'NONE',  ( 8.000000000000024869, -0.8999999999999998002, -19.59999999999999787 ) ) ;
#1453 = DIRECTION ( 'NONE',  ( -0.000000000000000000, 1.000000000000000000, -0.000000000000000000 ) ) ;
#1454 = DIRECTION ( 'NONE',  ( 2.478176394252584494E-15, 0.000000000000000000, 1.000000000000000000 ) ) ;
#1455 = ORIENTED_EDGE ( 'NONE', *, *, #414, .F. ) ;
#1456 = CARTESIAN_POINT ( 'NONE',  ( -8.000000000000017764, 1.999999999999998224, -19.89999999999998082 ) ) ;
#1457 = ORIENTED_EDGE ( 'NONE', *, *, #2405, .T. ) ;
#1458 = ADVANCED_FACE ( 'NONE', ( #1821 ), #2470, .T. ) ;
#1459 = FACE_OUTER_BOUND ( 'NONE', #182, .T. ) ;
#1460 = LINE ( 'NONE', #800, #3895 ) ;
#1461 = EDGE_CURVE ( 'NONE', #3732, #1717, #1802, .T. ) ;
#1462 = ORIENTED_EDGE ( 'NONE', *, *, #3488, .F. ) ;
#1463 = CARTESIAN_POINT ( 'NONE',  ( -8.000000000000021316, -0.8999999999999998002, 19.89999999999998082 ) ) ;
#1464 = VECTOR ( 'NONE', #3051, 1000.000000000000000 ) ;
#1465 = VERTEX_POINT ( 'NONE', #576 ) ;
#1466 = ORIENTED_EDGE ( 'NONE', *, *, #3061, .T. ) ;
#1467 = CARTESIAN_POINT ( 'NONE',  ( -11.00000000000002487, 4.000000000000000000, -19.99999999999998224 ) ) ;
#1468 = FACE_OUTER_BOUND ( 'NONE', #3146, .T. ) ;
#1469 = CARTESIAN_POINT ( 'NONE',  ( 7.000000000000023981, 1.999999999999998224, 18.90000000000000924 ) ) ;
#1470 = VECTOR ( 'NONE', #1852, 1000.000000000000000 ) ;
#1471 = AXIS2_PLACEMENT_3D ( 'NONE', #2234, #2872, #1326 ) ;
#1472 = EDGE_CURVE ( 'NONE', #219, #1630, #712, .T. ) ;
#1473 =( LENGTH_UNIT ( ) NAMED_UNIT ( * ) SI_UNIT ( .MILLI., .METRE. ) );
#1474 = AXIS2_PLACEMENT_3D ( 'NONE', #2922, #2941, #153 ) ;
#1475 = CARTESIAN_POINT ( 'NONE',  ( -11.90000000000013358, 9.745432968889293335, 6.881069788041464391E-14 ) ) ;
#1476 = ORIENTED_EDGE ( 'NONE', *, *, #1574, .T. ) ;
#1477 = AXIS2_PLACEMENT_3D ( 'NONE', #3298, #2046, #3278 ) ;
#1478 = EDGE_CURVE ( 'NONE', #578, #2025, #879, .T. ) ;
#1479 = VECTOR ( 'NONE', #1262, 1000.000000000000227 ) ;
#1480 = VECTOR ( 'NONE', #167, 1000.000000000000000 ) ;
#1481 = VECTOR ( 'NONE', #1312, 1000.000000000000000 ) ;
#1482 = CIRCLE ( 'NONE', #1477, 0.5000000000000004441 ) ;
#1483 = CARTESIAN_POINT ( 'NONE',  ( -34.99999999999999289, 4.000000000000000000, 6.783834822255668430E-15 ) ) ;
#1484 = DIRECTION ( 'NONE',  ( 0.000000000000000000, -1.000000000000000000, 0.000000000000000000 ) ) ;
#1485 = ADVANCED_FACE ( 'NONE', ( #2427 ), #3713, .T. ) ;
#1486 = ORIENTED_EDGE ( 'NONE', *, *, #446, .T. ) ;
#1487 = AXIS2_PLACEMENT_3D ( 'NONE', #660, #1263, #1532 ) ;
#1488 = DIRECTION ( 'NONE',  ( -0.000000000000000000, 1.000000000000000000, -0.000000000000000000 ) ) ;
#1489 = ORIENTED_EDGE ( 'NONE', *, *, #3053, .F. ) ;
#1490 = ORIENTED_EDGE ( 'NONE', *, *, #1980, .F. ) ;
#1491 = DIRECTION ( 'NONE',  ( -1.000000000000000000, 0.000000000000000000, 0.000000000000000000 ) ) ;
#1492 = AXIS2_PLACEMENT_3D ( 'NONE', #3450, #3204, #2883 ) ;
#1493 = CARTESIAN_POINT ( 'NONE',  ( -11.90000000000002345, 0.000000000000000000, 18.89999999999999147 ) ) ;
#1494 = ADVANCED_FACE ( 'NONE', ( #3350 ), #3101, .F. ) ;
#1495 = CARTESIAN_POINT ( 'NONE',  ( 0.000000000000000000, -1.399999999999999911, 0.000000000000000000 ) ) ;
#1496 = CARTESIAN_POINT ( 'NONE',  ( -33.00000000000000000, 1.999999999999914957, -15.69999999999999929 ) ) ;
#1497 = DIRECTION ( 'NONE',  ( -5.782411586589401421E-15, 0.000000000000000000, -1.000000000000000000 ) ) ;
#1498 = ORIENTED_EDGE ( 'NONE', *, *, #606, .F. ) ;
#1499 = EDGE_CURVE ( 'NONE', #409, #1239, #2125, .T. ) ;
#1500 = CONICAL_SURFACE ( 'NONE', #3251, 0.7999999999999882760, 0.09966865249116781122 ) ;
#1501 = DIRECTION ( 'NONE',  ( -1.000000000000000000, 0.000000000000000000, -0.000000000000000000 ) ) ;
#1502 = EDGE_CURVE ( 'NONE', #1857, #441, #1507, .T. ) ;
#1503 = DIRECTION ( 'NONE',  ( 1.000000000000000000, 0.000000000000000000, -0.000000000000000000 ) ) ;
#1504 = DIRECTION ( 'NONE',  ( 0.000000000000000000, -1.000000000000000000, 0.000000000000000000 ) ) ;
#1505 = ORIENTED_EDGE ( 'NONE', *, *, #1021, .F. ) ;
#1506 = EDGE_CURVE ( 'NONE', #924, #2934, #585, .T. ) ;
#1507 = LINE ( 'NONE', #3373, #259 ) ;
#1508 = EDGE_CURVE ( 'NONE', #2268, #762, #847, .T. ) ;
#1509 = ORIENTED_EDGE ( 'NONE', *, *, #3260, .T. ) ;
#1510 = ORIENTED_EDGE ( 'NONE', *, *, #2601, .F. ) ;
#1511 = FACE_OUTER_BOUND ( 'NONE', #2208, .T. ) ;
#1512 = CARTESIAN_POINT ( 'NONE',  ( 0.000000000000000000, -1.399999999999999911, 0.000000000000000000 ) ) ;
#1513 = CARTESIAN_POINT ( 'NONE',  ( -34.19999999999999574, 4.000000000000000000, 16.89999999999999858 ) ) ;
#1514 = CARTESIAN_POINT ( 'NONE',  ( -10.99999999999997335, 0.000000000000000000, 19.09999999999999787 ) ) ;
#1515 = CYLINDRICAL_SURFACE ( 'NONE', #455, 1.000000000000000888 ) ;
#1516 = VERTEX_POINT ( 'NONE', #2764 ) ;
#1517 = EDGE_CURVE ( 'NONE', #1446, #2928, #1294, .T. ) ;
#1518 = ORIENTED_EDGE ( 'NONE', *, *, #3739, .F. ) ;
#1519 = DIRECTION ( 'NONE',  ( 0.000000000000000000, -1.000000000000000000, 0.000000000000000000 ) ) ;
#1520 = DIRECTION ( 'NONE',  ( -0.000000000000000000, 1.000000000000000000, -0.000000000000000000 ) ) ;
#1521 = DIRECTION ( 'NONE',  ( 0.000000000000000000, 0.000000000000000000, -1.000000000000000000 ) ) ;
#1522 = ORIENTED_EDGE ( 'NONE', *, *, #2500, .T. ) ;
#1523 = DIRECTION ( 'NONE',  ( 0.000000000000000000, 0.000000000000000000, 1.000000000000000000 ) ) ;
#1524 = VERTEX_POINT ( 'NONE', #3429 ) ;
#1525 = VERTEX_POINT ( 'NONE', #651 ) ;
#1526 = CARTESIAN_POINT ( 'NONE',  ( 7.000000000000024869, 0.000000000000000000, -19.89999999999999503 ) ) ;
#1527 = DIRECTION ( 'NONE',  ( 0.000000000000000000, 0.000000000000000000, -1.000000000000000000 ) ) ;
#1528 = DIRECTION ( 'NONE',  ( -0.000000000000000000, 1.000000000000000000, -0.000000000000000000 ) ) ;
#1529 = VECTOR ( 'NONE', #515, 1000.000000000000000 ) ;
#1530 = EDGE_CURVE ( 'NONE', #2928, #261, #1108, .T. ) ;
#1531 = DIRECTION ( 'NONE',  ( 0.000000000000000000, 0.000000000000000000, 1.000000000000000000 ) ) ;
#1532 = DIRECTION ( 'NONE',  ( 0.000000000000000000, 0.000000000000000000, -1.000000000000000000 ) ) ;
#1533 = ORIENTED_EDGE ( 'NONE', *, *, #1318, .F. ) ;
#1534 = ORIENTED_EDGE ( 'NONE', *, *, #2835, .T. ) ;
#1535 = CARTESIAN_POINT ( 'NONE',  ( 35.20000000000000995, 1.999999999999998668, 16.89999999999999858 ) ) ;
#1536 = VECTOR ( 'NONE', #2362, 1000.000000000000000 ) ;
#1537 = CARTESIAN_POINT ( 'NONE',  ( 0.000000000000000000, -0.9000000000000000222, 20.39999999999998082 ) ) ;
#1538 = CIRCLE ( 'NONE', #2051, 1.200000000000013500 ) ;
#1539 = VECTOR ( 'NONE', #2476, 1000.000000000000000 ) ;
#1540 = CIRCLE ( 'NONE', #900, 1.000000000000000888 ) ;
#1541 = DIRECTION ( 'NONE',  ( 2.478176394252584494E-15, 0.000000000000000000, 1.000000000000000000 ) ) ;
#1542 = ORIENTED_EDGE ( 'NONE', *, *, #2637, .F. ) ;
#1543 = DIRECTION ( 'NONE',  ( -1.000000000000000000, 0.000000000000000000, -0.000000000000000000 ) ) ;
#1544 = EDGE_LOOP ( 'NONE', ( #1646, #3451, #1562, #548 ) ) ;
#1545 = ORIENTED_EDGE ( 'NONE', *, *, #1574, .F. ) ;
#1546 = CARTESIAN_POINT ( 'NONE',  ( -33.99999999999999289, 1.999999999999914957, 15.69999999999999929 ) ) ;
#1547 = DIRECTION ( 'NONE',  ( 0.000000000000000000, -1.000000000000000000, 0.000000000000000000 ) ) ;
#1548 = CARTESIAN_POINT ( 'NONE',  ( -32.99999999999999289, 1.999999999999914957, 15.69999999999999929 ) ) ;
#1549 = ORIENTED_EDGE ( 'NONE', *, *, #2179, .T. ) ;
#1550 = EDGE_CURVE ( 'NONE', #3922, #305, #389, .T. ) ;
#1551 = EDGE_CURVE ( 'NONE', #3998, #3015, #1863, .T. ) ;
#1552 = ORIENTED_EDGE ( 'NONE', *, *, #1052, .F. ) ;
#1553 = DIRECTION ( 'NONE',  ( 0.000000000000000000, 0.000000000000000000, -1.000000000000000000 ) ) ;
#1554 = VECTOR ( 'NONE', #18, 1000.000000000000114 ) ;
#1555 = VECTOR ( 'NONE', #3756, 1000.000000000000000 ) ;
#1556 = DIRECTION ( 'NONE',  ( -0.000000000000000000, 1.000000000000000000, -0.000000000000000000 ) ) ;
#1557 = VECTOR ( 'NONE', #154, 1000.000000000000000 ) ;
#1558 = CARTESIAN_POINT ( 'NONE',  ( 34.20000000000000284, 4.000000000000000000, 15.69999999999999929 ) ) ;
#1559 = ORIENTED_EDGE ( 'NONE', *, *, #2082, .F. ) ;
#1560 = DIRECTION ( 'NONE',  ( 0.000000000000000000, 0.000000000000000000, -1.000000000000000000 ) ) ;
#1561 = VERTEX_POINT ( 'NONE', #3188 ) ;
#1562 = ORIENTED_EDGE ( 'NONE', *, *, #1931, .F. ) ;
#1563 = DIRECTION ( 'NONE',  ( 0.000000000000000000, 1.000000000000000000, 0.000000000000000000 ) ) ;
#1564 = EDGE_CURVE ( 'NONE', #1357, #3470, #692, .T. ) ;
#1565 = DIRECTION ( 'NONE',  ( -2.478176394252584494E-15, 0.000000000000000000, -1.000000000000000000 ) ) ;
#1566 = VECTOR ( 'NONE', #1706, 1000.000000000000000 ) ;
#1567 = CARTESIAN_POINT ( 'NONE',  ( -7.000000000000021316, 1.999999999999998224, 0.000000000000000000 ) ) ;
#1568 = CARTESIAN_POINT ( 'NONE',  ( 33.00000000000000000, 1.000000000000000000, -15.69999999999999929 ) ) ;
#1569 = EDGE_LOOP ( 'NONE', ( #2930, #3783, #3393, #3747 ) ) ;
#1570 = EDGE_CURVE ( 'NONE', #1561, #877, #78, .T. ) ;
#1571 = ORIENTED_EDGE ( 'NONE', *, *, #1839, .F. ) ;
#1572 = CARTESIAN_POINT ( 'NONE',  ( 33.00000000000000711, 4.000000000000000000, 16.89999999999999858 ) ) ;
#1573 = FACE_OUTER_BOUND ( 'NONE', #1044, .T. ) ;
#1574 = EDGE_CURVE ( 'NONE', #3496, #654, #2207, .T. ) ;
#1575 = CARTESIAN_POINT ( 'NONE',  ( -12.90000000000002522, 4.000000000000000000, -17.69999999999998508 ) ) ;
#1576 = LINE ( 'NONE', #342, #1053 ) ;
#1577 = EDGE_LOOP ( 'NONE', ( #493, #1803, #2044, #3077 ) ) ;
#1578 = CARTESIAN_POINT ( 'NONE',  ( 0.000000000000000000, 4.000000000000000000, 17.69999999999998508 ) ) ;
#1579 = VERTEX_POINT ( 'NONE', #405 ) ;
#1580 = ORIENTED_EDGE ( 'NONE', *, *, #568, .T. ) ;
#1581 = DIRECTION ( 'NONE',  ( 0.000000000000000000, -1.000000000000000000, 0.000000000000000000 ) ) ;
#1582 = DIRECTION ( 'NONE',  ( 0.000000000000000000, -1.000000000000000000, 0.000000000000000000 ) ) ;
#1583 = ORIENTED_EDGE ( 'NONE', *, *, #2835, .F. ) ;
#1584 = ORIENTED_EDGE ( 'NONE', *, *, #1506, .F. ) ;
#1585 = CARTESIAN_POINT ( 'NONE',  ( 34.20000000000000995, 4.000000000000000000, 17.89999999999999858 ) ) ;
#1586 = AXIS2_PLACEMENT_3D ( 'NONE', #1419, #584, #3956 ) ;
#1587 = DIRECTION ( 'NONE',  ( 0.000000000000000000, 0.000000000000000000, -1.000000000000000000 ) ) ;
#1588 = ORIENTED_EDGE ( 'NONE', *, *, #2882, .F. ) ;
#1589 = EDGE_CURVE ( 'NONE', #1226, #1062, #1939, .T. ) ;
#1590 = CIRCLE ( 'NONE', #1973, 0.5000000000000004441 ) ;
#1591 = CARTESIAN_POINT ( 'NONE',  ( 34.00000000000000000, 0.000000000000000000, -15.69999999999999929 ) ) ;
#1592 = FACE_OUTER_BOUND ( 'NONE', #3888, .T. ) ;
#1593 = AXIS2_PLACEMENT_3D ( 'NONE', #1949, #766, #3564 ) ;
#1594 = DIRECTION ( 'NONE',  ( -1.000000000000000000, 0.000000000000000000, 0.000000000000000000 ) ) ;
#1595 = CIRCLE ( 'NONE', #3878, 0.8999999999999980238 ) ;
#1596 = DIRECTION ( 'NONE',  ( 5.782411586589363555E-15, 0.000000000000000000, -1.000000000000000000 ) ) ;
#1597 = EDGE_LOOP ( 'NONE', ( #614, #2967, #2822, #3533 ) ) ;
#1598 = DIRECTION ( 'NONE',  ( -2.077513144882403750E-16, 0.000000000000000000, -1.000000000000000000 ) ) ;
#1599 = CARTESIAN_POINT ( 'NONE',  ( 8.000000000000024869, -1.399999999999999911, -19.59999999999999787 ) ) ;
#1600 = VERTEX_POINT ( 'NONE', #1958 ) ;
#1601 = ADVANCED_FACE ( 'NONE', ( #671 ), #3232, .T. ) ;
#1602 = AXIS2_PLACEMENT_3D ( 'NONE', #2825, #3125, #1824 ) ;
#1603 = ORIENTED_EDGE ( 'NONE', *, *, #3915, .F. ) ;
#1604 = AXIS2_PLACEMENT_3D ( 'NONE', #542, #3663, #910 ) ;
#1605 = CARTESIAN_POINT ( 'NONE',  ( -34.00000000000000000, 1.500000000000000000, -16.69999999999999929 ) ) ;
#1606 = VECTOR ( 'NONE', #1902, 1000.000000000000000 ) ;
#1607 = CYLINDRICAL_SURFACE ( 'NONE', #3711, 1.000000000000000888 ) ;
#1608 = ORIENTED_EDGE ( 'NONE', *, *, #2259, .T. ) ;
#1609 = ORIENTED_EDGE ( 'NONE', *, *, #3303, .F. ) ;
#1610 = DIRECTION ( 'NONE',  ( 0.9950371902099884869, 0.09950371902100592358, 5.753714577757562033E-15 ) ) ;
#1611 = EDGE_CURVE ( 'NONE', #769, #1689, #2001, .T. ) ;
#1612 = LINE ( 'NONE', #3216, #3221 ) ;
#1613 = ORIENTED_EDGE ( 'NONE', *, *, #3642, .T. ) ;
#1614 = VECTOR ( 'NONE', #923, 1000.000000000000000 ) ;
#1615 = EDGE_CURVE ( 'NONE', #2579, #3848, #1319, .T. ) ;
#1616 = VERTEX_POINT ( 'NONE', #92 ) ;
#1617 = CARTESIAN_POINT ( 'NONE',  ( -7.000000000000021316, 0.000000000000000000, 18.89999999999999858 ) ) ;
#1618 = EDGE_CURVE ( 'NONE', #1357, #672, #3819, .T. ) ;
#1619 = AXIS2_PLACEMENT_3D ( 'NONE', #3463, #730, #1680 ) ;
#1620 = CARTESIAN_POINT ( 'NONE',  ( -11.90000000000002345, 9.745432968889293335, -19.99999999999998224 ) ) ;
#1621 = EDGE_LOOP ( 'NONE', ( #1449, #2551, #2784, #3698, #628, #3177 ) ) ;
#1622 = DIRECTION ( 'NONE',  ( -0.000000000000000000, 1.000000000000000000, -0.000000000000000000 ) ) ;
#1623 = DIRECTION ( 'NONE',  ( -1.000000000000000000, 0.000000000000000000, 0.000000000000000000 ) ) ;
#1624 = VERTEX_POINT ( 'NONE', #2903 ) ;
#1625 = AXIS2_PLACEMENT_3D ( 'NONE', #875, #3342, #3078 ) ;
#1626 = CARTESIAN_POINT ( 'NONE',  ( 0.000000000000000000, -1.399999999999999911, 19.59999999999999787 ) ) ;
#1627 = ADVANCED_FACE ( 'NONE', ( #117 ), #3839, .F. ) ;
#1628 = CARTESIAN_POINT ( 'NONE',  ( 34.00000000000000000, 1.999999999999914957, -15.69999999999999929 ) ) ;
#1629 = EDGE_CURVE ( 'NONE', #475, #3847, #2538, .T. ) ;
#1630 = VERTEX_POINT ( 'NONE', #3760 ) ;
#1631 = FACE_OUTER_BOUND ( 'NONE', #3314, .T. ) ;
#1632 = CARTESIAN_POINT ( 'NONE',  ( 11.00000000000002487, -1.399999999999999911, -19.09999999999999787 ) ) ;
#1633 = ORIENTED_EDGE ( 'NONE', *, *, #3934, .T. ) ;
#1634 = CARTESIAN_POINT ( 'NONE',  ( -35.20000000000000284, 4.000000000000000000, -16.89999999999999858 ) ) ;
#1635 = CARTESIAN_POINT ( 'NONE',  ( -10.99999999999997335, -1.399999999999999911, -19.09999999999999787 ) ) ;
#1636 = VECTOR ( 'NONE', #2485, 1000.000000000000227 ) ;
#1637 = EDGE_CURVE ( 'NONE', #2311, #2042, #2285, .T. ) ;
#1638 = DIRECTION ( 'NONE',  ( -0.000000000000000000, -1.000000000000000000, -0.000000000000000000 ) ) ;
#1639 = ORIENTED_EDGE ( 'NONE', *, *, #346, .T. ) ;
#1640 = CARTESIAN_POINT ( 'NONE',  ( 8.000000000000024869, -0.8999999999999998002, -20.89999999999999503 ) ) ;
#1641 = DIRECTION ( 'NONE',  ( 0.000000000000000000, -1.000000000000000000, 0.000000000000000000 ) ) ;
#1642 = VERTEX_POINT ( 'NONE', #60 ) ;
#1643 = DIRECTION ( 'NONE',  ( -2.077513144882403750E-16, 0.000000000000000000, -1.000000000000000000 ) ) ;
#1644 = ORIENTED_EDGE ( 'NONE', *, *, #2395, .T. ) ;
#1645 = CARTESIAN_POINT ( 'NONE',  ( -11.00000000000002487, 4.000000000000000000, -20.69999999999996732 ) ) ;
#1646 = ORIENTED_EDGE ( 'NONE', *, *, #3828, .T. ) ;
#1647 = CARTESIAN_POINT ( 'NONE',  ( -11.00000000000002487, -0.8999999999999998002, -19.99999999999998224 ) ) ;
#1648 = DIRECTION ( 'NONE',  ( 0.000000000000000000, -1.000000000000000000, 0.000000000000000000 ) ) ;
#1649 = DIRECTION ( 'NONE',  ( -1.000000000000000000, 0.000000000000000000, 5.898059818321137810E-14 ) ) ;
#1650 = ORIENTED_EDGE ( 'NONE', *, *, #1589, .T. ) ;
#1651 = DIRECTION ( 'NONE',  ( 0.000000000000000000, -1.000000000000000000, 0.000000000000000000 ) ) ;
#1652 = CARTESIAN_POINT ( 'NONE',  ( -10.99999999999997335, 0.000000000000000000, -19.09999999999999787 ) ) ;
#1653 = CARTESIAN_POINT ( 'NONE',  ( 34.00000000000000000, 1.500000000000000000, -15.69999999999999929 ) ) ;
#1654 = ORIENTED_EDGE ( 'NONE', *, *, #1021, .T. ) ;
#1655 = CARTESIAN_POINT ( 'NONE',  ( 34.20000000000000284, 4.000000000000000000, -16.89999999999999858 ) ) ;
#1656 = VECTOR ( 'NONE', #2122, 1000.000000000000000 ) ;
#1657 = CARTESIAN_POINT ( 'NONE',  ( 11.70000000000000817, 4.000000000000000000, 18.89999999999999147 ) ) ;
#1658 = EDGE_LOOP ( 'NONE', ( #3407, #3906, #1131, #874 ) ) ;
#1659 = CARTESIAN_POINT ( 'NONE',  ( 0.000000000000000000, 9.745432968889293335, 20.89999999999999503 ) ) ;
#1660 = AXIS2_PLACEMENT_3D ( 'NONE', #2926, #3858, #1078 ) ;
#1661 = EDGE_CURVE ( 'NONE', #1057, #2687, #3144, .T. ) ;
#1662 = ORIENTED_EDGE ( 'NONE', *, *, #2933, .F. ) ;
#1663 = CARTESIAN_POINT ( 'NONE',  ( -8.000000000000017764, 9.745432968889293335, -19.89999999999998082 ) ) ;
#1664 = AXIS2_PLACEMENT_3D ( 'NONE', #3700, #1244, #1287 ) ;
#1665 = ORIENTED_EDGE ( 'NONE', *, *, #2395, .F. ) ;
#1666 = ORIENTED_EDGE ( 'NONE', *, *, #2119, .F. ) ;
#1667 = CARTESIAN_POINT ( 'NONE',  ( 7.510102051443389826, -1.399999999999999911, -19.99999999999999645 ) ) ;
#1668 = CIRCLE ( 'NONE', #3609, 0.5000000000000004441 ) ;
#1669 = AXIS2_PLACEMENT_3D ( 'NONE', #2748, #189, #2089 ) ;
#1670 = DIRECTION ( 'NONE',  ( 0.000000000000000000, -1.000000000000000000, 0.000000000000000000 ) ) ;
#1671 = DIRECTION ( 'NONE',  ( -0.000000000000000000, 1.000000000000000000, -0.000000000000000000 ) ) ;
#1672 = CARTESIAN_POINT ( 'NONE',  ( 8.000000000000012434, 1.999999999999998224, 19.89999999999999503 ) ) ;
#1673 = ORIENTED_EDGE ( 'NONE', *, *, #1271, .F. ) ;
#1674 = CARTESIAN_POINT ( 'NONE',  ( -11.00000000000001776, 1.999999999999998224, 19.99999999999998224 ) ) ;
#1675 = LINE ( 'NONE', #795, #2996 ) ;
#1676 = ADVANCED_FACE ( 'NONE', ( #1981 ), #1682, .F. ) ;
#1677 = ADVANCED_FACE ( 'NONE', ( #977 ), #2864, .F. ) ;
#1678 = CARTESIAN_POINT ( 'NONE',  ( -32.99999999999999289, 1.000000000000000000, 16.19999999999999929 ) ) ;
#1679 = AXIS2_PLACEMENT_3D ( 'NONE', #3392, #613, #1543 ) ;
#1680 = DIRECTION ( 'NONE',  ( 0.000000000000000000, 0.000000000000000000, 1.000000000000000000 ) ) ;
#1681 = DIRECTION ( 'NONE',  ( -1.000000000000000000, 0.000000000000000000, 0.000000000000000000 ) ) ;
#1682 = CYLINDRICAL_SURFACE ( 'NONE', #3759, 0.5000000000000004441 ) ;
#1683 = ORIENTED_EDGE ( 'NONE', *, *, #856, .T. ) ;
#1684 = CARTESIAN_POINT ( 'NONE',  ( -35.19999999999999574, 1.999999999999999112, 16.89999999999999858 ) ) ;
#1685 = ORIENTED_EDGE ( 'NONE', *, *, #1284, .T. ) ;
#1686 = DIRECTION ( 'NONE',  ( 0.000000000000000000, -1.000000000000000000, 0.000000000000000000 ) ) ;
#1687 = VECTOR ( 'NONE', #2622, 1000.000000000000000 ) ;
#1688 = VERTEX_POINT ( 'NONE', #1599 ) ;
#1689 = VERTEX_POINT ( 'NONE', #2844 ) ;
#1690 = EDGE_CURVE ( 'NONE', #3513, #1292, #2224, .T. ) ;
#1691 = CARTESIAN_POINT ( 'NONE',  ( 8.000000000000024869, 0.000000000000000000, -20.10000000000000142 ) ) ;
#1692 = CARTESIAN_POINT ( 'NONE',  ( -8.000000000000021316, -1.399999999999999911, 19.89999999999998082 ) ) ;
#1693 = DIRECTION ( 'NONE',  ( -0.000000000000000000, -1.000000000000000000, -0.000000000000000000 ) ) ;
#1694 = LINE ( 'NONE', #3246, #1273 ) ;
#1695 = CARTESIAN_POINT ( 'NONE',  ( -33.50000000000000000, 1.000000000000000000, -15.69999999999999929 ) ) ;
#1696 = EDGE_CURVE ( 'NONE', #3853, #2971, #3905, .T. ) ;
#1697 = ADVANCED_FACE ( 'NONE', ( #1381 ), #155, .F. ) ;
#1698 = FACE_OUTER_BOUND ( 'NONE', #3205, .T. ) ;
#1699 = CARTESIAN_POINT ( 'NONE',  ( -35.20000000000000284, 0.000000000000000000, -17.89999999999999858 ) ) ;
#1700 = EDGE_LOOP ( 'NONE', ( #7, #1109, #2444, #1003 ) ) ;
#1701 = DIRECTION ( 'NONE',  ( 0.000000000000000000, -1.000000000000000000, 0.000000000000000000 ) ) ;
#1702 = ADVANCED_FACE ( 'NONE', ( #2666 ), #1424, .F. ) ;
#1703 = ORIENTED_EDGE ( 'NONE', *, *, #2154, .T. ) ;
#1704 = LINE ( 'NONE', #2644, #2008 ) ;
#1705 = VERTEX_POINT ( 'NONE', #3270 ) ;
#1706 = DIRECTION ( 'NONE',  ( 0.000000000000000000, -1.000000000000000000, 0.000000000000000000 ) ) ;
#1707 = EDGE_LOOP ( 'NONE', ( #3803, #1837, #3949, #2392 ) ) ;
#1708 = DIRECTION ( 'NONE',  ( 0.000000000000000000, 0.000000000000000000, 1.000000000000000000 ) ) ;
#1709 = CARTESIAN_POINT ( 'NONE',  ( -8.000000000000021316, 1.999999999999998224, 20.89999999999998082 ) ) ;
#1710 = CARTESIAN_POINT ( 'NONE',  ( 7.005012562893391248, -1.399999999999999911, 19.99999999999998934 ) ) ;
#1711 = CARTESIAN_POINT ( 'NONE',  ( -11.00000000000002487, -0.8999999999999998002, -19.99999999999998224 ) ) ;
#1712 = DIRECTION ( 'NONE',  ( -2.077513144882403750E-16, 0.000000000000000000, -1.000000000000000000 ) ) ;
#1713 = DIRECTION ( 'NONE',  ( 0.000000000000000000, 1.000000000000000000, -0.000000000000000000 ) ) ;
#1714 = DIRECTION ( 'NONE',  ( 0.000000000000000000, 0.000000000000000000, 1.000000000000000000 ) ) ;
#1715 = CYLINDRICAL_SURFACE ( 'NONE', #858, 0.8999999999999980238 ) ;
#1716 = CARTESIAN_POINT ( 'NONE',  ( -33.99999999999999289, 4.000000000000000000, 16.69999999999999929 ) ) ;
#1717 = VERTEX_POINT ( 'NONE', #3608 ) ;
#1718 = VECTOR ( 'NONE', #3300, 1000.000000000000000 ) ;
#1719 = DIRECTION ( 'NONE',  ( 0.000000000000000000, 0.000000000000000000, 1.000000000000000000 ) ) ;
#1720 = ORIENTED_EDGE ( 'NONE', *, *, #1313, .T. ) ;
#1721 = ADVANCED_FACE ( 'NONE', ( #3941 ), #3859, .T. ) ;
#1722 = CARTESIAN_POINT ( 'NONE',  ( 34.00000000000000000, 1.999999999999914957, 15.69999999999999929 ) ) ;
#1723 = ORIENTED_EDGE ( 'NONE', *, *, #414, .T. ) ;
#1724 = ORIENTED_EDGE ( 'NONE', *, *, #3708, .T. ) ;
#1725 = DIRECTION ( 'NONE',  ( 0.000000000000000000, 0.000000000000000000, -1.000000000000000000 ) ) ;
#1726 = CARTESIAN_POINT ( 'NONE',  ( -8.000000000000017764, 1.999999999999998224, -20.89999999999998082 ) ) ;
#1727 = DIRECTION ( 'NONE',  ( -1.938238520644477406E-16, 0.000000000000000000, -1.000000000000000000 ) ) ;
#1728 = AXIS2_PLACEMENT_3D ( 'NONE', #3605, #3250, #2386 ) ;
#1729 = AXIS2_PLACEMENT_3D ( 'NONE', #1166, #2394, #3637 ) ;
#1730 = DIRECTION ( 'NONE',  ( 0.000000000000000000, -1.000000000000000000, 0.000000000000000000 ) ) ;
#1731 = AXIS2_PLACEMENT_3D ( 'NONE', #1149, #2376, #2415 ) ;
#1732 = EDGE_CURVE ( 'NONE', #459, #2311, #1460, .T. ) ;
#1733 = AXIS2_PLACEMENT_3D ( 'NONE', #257, #1788, #1752 ) ;
#1734 = EDGE_CURVE ( 'NONE', #3589, #1630, #3172, .T. ) ;
#1735 = CARTESIAN_POINT ( 'NONE',  ( 0.000000000000000000, -0.9000000000000000222, 19.59999999999999787 ) ) ;
#1736 = AXIS2_PLACEMENT_3D ( 'NONE', #3070, #2769, #2805 ) ;
#1737 = DIRECTION ( 'NONE',  ( 0.000000000000000000, 0.000000000000000000, -1.000000000000000000 ) ) ;
#1738 = EDGE_CURVE ( 'NONE', #1944, #1062, #3630, .T. ) ;
#1739 = DIRECTION ( 'NONE',  ( -1.000000000000000000, 0.000000000000000000, 0.000000000000000000 ) ) ;
#1740 = DIRECTION ( 'NONE',  ( 0.000000000000000000, 0.000000000000000000, -1.000000000000000000 ) ) ;
#1741 = EDGE_LOOP ( 'NONE', ( #3656, #1169, #3353, #1490 ) ) ;
#1742 = EDGE_CURVE ( 'NONE', #1425, #1624, #2456, .T. ) ;
#1743 = LINE ( 'NONE', #2984, #1146 ) ;
#1744 = EDGE_LOOP ( 'NONE', ( #2935, #35, #3705, #3026, #3864, #3341, #2205, #2331 ) ) ;
#1745 = DIRECTION ( 'NONE',  ( 0.000000000000000000, -1.000000000000000000, 0.000000000000000000 ) ) ;
#1746 = ORIENTED_EDGE ( 'NONE', *, *, #3319, .T. ) ;
#1747 = ORIENTED_EDGE ( 'NONE', *, *, #1091, .F. ) ;
#1748 = DIRECTION ( 'NONE',  ( -0.000000000000000000, 0.000000000000000000, -1.000000000000000000 ) ) ;
#1749 = CARTESIAN_POINT ( 'NONE',  ( 8.000000000000012434, 4.000000000000000000, 19.89999999999999503 ) ) ;
#1750 = CIRCLE ( 'NONE', #2257, 1.200000000000013500 ) ;
#1751 = DIRECTION ( 'NONE',  ( -1.000000000000000000, 0.000000000000000000, 0.000000000000000000 ) ) ;
#1752 = DIRECTION ( 'NONE',  ( 0.000000000000000000, 0.000000000000000000, -1.000000000000000000 ) ) ;
#1753 = CARTESIAN_POINT ( 'NONE',  ( 8.000000000000010658, -0.9000000000000000222, 20.10000000000000142 ) ) ;
#1754 = DIRECTION ( 'NONE',  ( 0.000000000000000000, 0.000000000000000000, 1.000000000000000000 ) ) ;
#1755 = CARTESIAN_POINT ( 'NONE',  ( 33.00000000000000000, 4.000000000000000000, -16.89999999999999858 ) ) ;
#1756 = AXIS2_PLACEMENT_3D ( 'NONE', #2512, #2204, #2589 ) ;
#1757 = DIRECTION ( 'NONE',  ( 0.000000000000000000, -1.000000000000000000, 0.000000000000000000 ) ) ;
#1758 = EDGE_LOOP ( 'NONE', ( #1963, #72, #3627, #3399 ) ) ;
#1759 = ADVANCED_FACE ( 'NONE', ( #2980 ), #433, .T. ) ;
#1760 = PLANE ( 'NONE',  #1919 ) ;
#1761 = ORIENTED_EDGE ( 'NONE', *, *, #2625, .T. ) ;
#1762 = ORIENTED_EDGE ( 'NONE', *, *, #2293, .F. ) ;
#1763 = AXIS2_PLACEMENT_3D ( 'NONE', #2542, #3786, #3473 ) ;
#1764 = LINE ( 'NONE', #846, #2053 ) ;
#1765 = FACE_OUTER_BOUND ( 'NONE', #4020, .T. ) ;
#1766 = CARTESIAN_POINT ( 'NONE',  ( -11.00000000000001776, -1.399999999999999911, 20.39999999999998082 ) ) ;
#1767 = EDGE_CURVE ( 'NONE', #3455, #3277, #3088, .T. ) ;
#1768 = CARTESIAN_POINT ( 'NONE',  ( 8.000000000000024869, -1.399999999999999911, -19.59999999999999787 ) ) ;
#1769 = FACE_OUTER_BOUND ( 'NONE', #3123, .T. ) ;
#1770 = ORIENTED_EDGE ( 'NONE', *, *, #3964, .T. ) ;
#1771 = EDGE_CURVE ( 'NONE', #3847, #409, #1079, .T. ) ;
#1772 = CYLINDRICAL_SURFACE ( 'NONE', #241, 1.000000000000000888 ) ;
#1773 = DIRECTION ( 'NONE',  ( 1.938238520644477406E-16, 0.000000000000000000, 1.000000000000000000 ) ) ;
#1774 = LINE ( 'NONE', #3020, #2110 ) ;
#1775 = EDGE_CURVE ( 'NONE', #1896, #3696, #170, .T. ) ;
#1776 = SURFACE_STYLE_USAGE ( .BOTH. , #3907 ) ;
#1777 = ORIENTED_EDGE ( 'NONE', *, *, #663, .F. ) ;
#1778 = CARTESIAN_POINT ( 'NONE',  ( 34.20000000000000995, 4.000000000000000000, 16.89999999999999858 ) ) ;
#1779 = AXIS2_PLACEMENT_3D ( 'NONE', #2130, #503, #2975 ) ;
#1780 = ORIENTED_EDGE ( 'NONE', *, *, #3727, .T. ) ;
#1781 = VERTEX_POINT ( 'NONE', #779 ) ;
#1782 = CARTESIAN_POINT ( 'NONE',  ( 33.00000000000000711, 1.000000000000000000, 16.19999999999999929 ) ) ;
#1783 = ADVANCED_FACE ( 'NONE', ( #838 ), #2060, .T. ) ;
#1784 = DIRECTION ( 'NONE',  ( 0.000000000000000000, 0.000000000000000000, -1.000000000000000000 ) ) ;
#1785 = CARTESIAN_POINT ( 'NONE',  ( 7.000000000000024869, 1.999999999999998224, -19.89999999999999503 ) ) ;
#1786 = VECTOR ( 'NONE', #2140, 1000.000000000000000 ) ;
#1787 = TOROIDAL_SURFACE ( 'NONE', #373, 0.3999999999999980238, 0.5000000000000000000 ) ;
#1788 = DIRECTION ( 'NONE',  ( 0.000000000000000000, -1.000000000000000000, 0.000000000000000000 ) ) ;
#1789 = AXIS2_PLACEMENT_3D ( 'NONE', #172, #2617, #2301 ) ;
#1790 = FACE_OUTER_BOUND ( 'NONE', #2989, .T. ) ;
#1791 = ORIENTED_EDGE ( 'NONE', *, *, #2882, .T. ) ;
#1792 = AXIS2_PLACEMENT_3D ( 'NONE', #3931, #1748, #1491 ) ;
#1793 = CIRCLE ( 'NONE', #2721, 1.000000000000000888 ) ;
#1794 = AXIS2_PLACEMENT_3D ( 'NONE', #129, #103, #724 ) ;
#1795 = ADVANCED_FACE ( 'NONE', ( #2964 ), #99, .T. ) ;
#1796 = CARTESIAN_POINT ( 'NONE',  ( -6.000000000000025757, 9.745432968889293335, -18.89999999999999858 ) ) ;
#1797 = EDGE_CURVE ( 'NONE', #3237, #3456, #221, .T. ) ;
#1798 = DIRECTION ( 'NONE',  ( 0.000000000000000000, 0.000000000000000000, -1.000000000000000000 ) ) ;
#1799 = CARTESIAN_POINT ( 'NONE',  ( 8.000000000000024869, 9.745432968889293335, -19.89999999999999503 ) ) ;
#1800 = VERTEX_POINT ( 'NONE', #550 ) ;
#1801 = CIRCLE ( 'NONE', #3560, 0.5000000000000004441 ) ;
#1802 = LINE ( 'NONE', #2783, #120 ) ;
#1803 = ORIENTED_EDGE ( 'NONE', *, *, #1846, .F. ) ;
#1804 = ORIENTED_EDGE ( 'NONE', *, *, #2719, .T. ) ;
#1805 = DIRECTION ( 'NONE',  ( -0.000000000000000000, 1.000000000000000000, -0.000000000000000000 ) ) ;
#1806 = VECTOR ( 'NONE', #426, 1000.000000000000000 ) ;
#1807 = DIRECTION ( 'NONE',  ( 0.000000000000000000, -0.09950371902100510479, 0.9950371902099885979 ) ) ;
#1808 = DIRECTION ( 'NONE',  ( 0.000000000000000000, 0.000000000000000000, -1.000000000000000000 ) ) ;
#1809 = EDGE_CURVE ( 'NONE', #2066, #1175, #1774, .T. ) ;
#1810 = CARTESIAN_POINT ( 'NONE',  ( 33.00000000000000711, 0.000000000000000000, 16.69999999999999929 ) ) ;
#1811 = FACE_OUTER_BOUND ( 'NONE', #3531, .T. ) ;
#1812 = ORIENTED_EDGE ( 'NONE', *, *, #125, .F. ) ;
#1813 = CIRCLE ( 'NONE', #2332, 1.000000000000000888 ) ;
#1814 = VERTEX_POINT ( 'NONE', #610 ) ;
#1815 = DIRECTION ( 'NONE',  ( -1.000000000000000000, 0.000000000000000000, 0.000000000000000000 ) ) ;
#1816 = EDGE_CURVE ( 'NONE', #3137, #3694, #644, .T. ) ;
#1817 = CARTESIAN_POINT ( 'NONE',  ( -12.90000000000002345, 1.999999999999998668, 17.89999999999999858 ) ) ;
#1818 = DIRECTION ( 'NONE',  ( -0.9950371902099884869, -0.09950371902100554888, 2.465877676181812413E-15 ) ) ;
#1819 = ORIENTED_EDGE ( 'NONE', *, *, #3787, .F. ) ;
#1820 = EDGE_CURVE ( 'NONE', #2397, #2846, #624, .T. ) ;
#1821 = FACE_OUTER_BOUND ( 'NONE', #605, .T. ) ;
#1822 = ORIENTED_EDGE ( 'NONE', *, *, #1318, .T. ) ;
#1823 = EDGE_LOOP ( 'NONE', ( #1899, #96, #1762, #2375 ) ) ;
#1824 = DIRECTION ( 'NONE',  ( 0.000000000000000000, 0.000000000000000000, -1.000000000000000000 ) ) ;
#1825 = DIRECTION ( 'NONE',  ( 0.000000000000000000, -1.000000000000000000, 0.000000000000000000 ) ) ;
#1826 = CARTESIAN_POINT ( 'NONE',  ( 34.99999999999999289, 4.000000000000000000, -6.783834822255668430E-15 ) ) ;
#1827 = CARTESIAN_POINT ( 'NONE',  ( -12.90000000000002522, 4.000000000000000000, -18.89999999999999858 ) ) ;
#1828 = CYLINDRICAL_SURFACE ( 'NONE', #3040, 1.000000000000000888 ) ;
#1829 = ORIENTED_EDGE ( 'NONE', *, *, #3841, .T. ) ;
#1830 = EDGE_LOOP ( 'NONE', ( #3189, #1901, #3448, #2354 ) ) ;
#1831 = CARTESIAN_POINT ( 'NONE',  ( 11.90000000000002700, 0.000000000000000000, -18.89999999999999503 ) ) ;
#1832 = DIRECTION ( 'NONE',  ( -0.000000000000000000, -0.000000000000000000, -1.000000000000000000 ) ) ;
#1833 = CARTESIAN_POINT ( 'NONE',  ( -11.00000000000001776, -1.399999999999999911, 19.99999999999998224 ) ) ;
#1834 = ORIENTED_EDGE ( 'NONE', *, *, #1435, .F. ) ;
#1835 = CARTESIAN_POINT ( 'NONE',  ( -6.000000000000019540, 0.000000000000000000, 17.89999999999999858 ) ) ;
#1836 = EDGE_LOOP ( 'NONE', ( #3212, #1401, #260, #1885 ) ) ;
#1837 = ORIENTED_EDGE ( 'NONE', *, *, #1914, .F. ) ;
#1838 = DIRECTION ( 'NONE',  ( -1.000000000000000000, 0.000000000000000000, 0.000000000000000000 ) ) ;
#1839 = EDGE_CURVE ( 'NONE', #3253, #4000, #3022, .T. ) ;
#1840 = LINE ( 'NONE', #332, #2256 ) ;
#1841 = VECTOR ( 'NONE', #2361, 1000.000000000000000 ) ;
#1842 = DIRECTION ( 'NONE',  ( 0.000000000000000000, 0.000000000000000000, -1.000000000000000000 ) ) ;
#1843 = DIRECTION ( 'NONE',  ( 0.000000000000000000, 1.000000000000000000, -0.000000000000000000 ) ) ;
#1844 = AXIS2_PLACEMENT_3D ( 'NONE', #3725, #590, #3651 ) ;
#1845 = ORIENTED_EDGE ( 'NONE', *, *, #3480, .T. ) ;
#1846 = EDGE_CURVE ( 'NONE', #2096, #965, #2742, .T. ) ;
#1847 = ADVANCED_FACE ( 'NONE', ( #2798 ), #950, .F. ) ;
#1848 = VECTOR ( 'NONE', #1598, 1000.000000000000000 ) ;
#1849 = ORIENTED_EDGE ( 'NONE', *, *, #3411, .T. ) ;
#1850 = CARTESIAN_POINT ( 'NONE',  ( 11.00000000000002487, 1.999999999999998224, -20.89999999999999503 ) ) ;
#1851 = CONICAL_SURFACE ( 'NONE', #308, 1.200000000000013500, 0.09966865249116864389 ) ;
#1852 = DIRECTION ( 'NONE',  ( -1.000000000000000000, 0.000000000000000000, 0.000000000000000000 ) ) ;
#1853 = ADVANCED_FACE ( 'NONE', ( #2467 ), #281, .T. ) ;
#1854 = VECTOR ( 'NONE', #3852, 1000.000000000000000 ) ;
#1855 = AXIS2_PLACEMENT_3D ( 'NONE', #740, #789, #2558 ) ;
#1856 = PLANE ( 'NONE',  #2071 ) ;
#1857 = VERTEX_POINT ( 'NONE', #3996 ) ;
#1858 = CARTESIAN_POINT ( 'NONE',  ( 8.000000000000010658, -0.9000000000000000222, 19.59999999999999787 ) ) ;
#1859 = ORIENTED_EDGE ( 'NONE', *, *, #973, .F. ) ;
#1860 = ORIENTED_EDGE ( 'NONE', *, *, #2187, .T. ) ;
#1861 = DIRECTION ( 'NONE',  ( 0.000000000000000000, 0.000000000000000000, -1.000000000000000000 ) ) ;
#1862 = CARTESIAN_POINT ( 'NONE',  ( -11.00000000000001776, 1.999999999999998224, 20.89999999999998082 ) ) ;
#1863 = CIRCLE ( 'NONE', #2390, 0.3999999999999975797 ) ;
#1864 = LINE ( 'NONE', #2789, #1282 ) ;
#1865 = DIRECTION ( 'NONE',  ( 1.000000000000000000, 0.000000000000000000, 0.000000000000000000 ) ) ;
#1866 = EDGE_LOOP ( 'NONE', ( #4022, #1373, #1126, #2689 ) ) ;
#1867 = ADVANCED_FACE ( 'NONE', ( #949 ), #1216, .F. ) ;
#1868 = EDGE_CURVE ( 'NONE', #3721, #2186, #1269, .T. ) ;
#1869 = VERTEX_POINT ( 'NONE', #2447 ) ;
#1870 = DIRECTION ( 'NONE',  ( -0.9950371902099884869, 0.09950371902100592358, -1.150742915551511460E-14 ) ) ;
#1871 = VECTOR ( 'NONE', #709, 1000.000000000000227 ) ;
#1872 = FACE_OUTER_BOUND ( 'NONE', #3405, .T. ) ;
#1873 = AXIS2_PLACEMENT_3D ( 'NONE', #2121, #1519, #3977 ) ;
#1874 = DIRECTION ( 'NONE',  ( 0.000000000000000000, -1.000000000000000000, 0.000000000000000000 ) ) ;
#1875 = CARTESIAN_POINT ( 'NONE',  ( 0.000000000000000000, 4.000000000000000000, -20.69999999999996732 ) ) ;
#1876 = ORIENTED_EDGE ( 'NONE', *, *, #269, .T. ) ;
#1877 = DIRECTION ( 'NONE',  ( 0.000000000000000000, 0.000000000000000000, -1.000000000000000000 ) ) ;
#1878 = ORIENTED_EDGE ( 'NONE', *, *, #3722, .T. ) ;
#1879 = VERTEX_POINT ( 'NONE', #2098 ) ;
#1880 = DIRECTION ( 'NONE',  ( -0.000000000000000000, 1.000000000000000000, -0.000000000000000000 ) ) ;
#1881 = ADVANCED_FACE ( 'NONE', ( #3387 ), #896, .F. ) ;
#1882 = LINE ( 'NONE', #2788, #1934 ) ;
#1883 = VECTOR ( 'NONE', #2970, 1000.000000000000114 ) ;
#1884 = ORIENTED_EDGE ( 'NONE', *, *, #2141, .T. ) ;
#1885 = ORIENTED_EDGE ( 'NONE', *, *, #1742, .F. ) ;
#1886 = LINE ( 'NONE', #942, #3683 ) ;
#1887 = DIRECTION ( 'NONE',  ( -0.000000000000000000, 1.000000000000000000, -0.000000000000000000 ) ) ;
#1888 = ORIENTED_EDGE ( 'NONE', *, *, #1771, .F. ) ;
#1889 = VERTEX_POINT ( 'NONE', #3961 ) ;
#1890 = CARTESIAN_POINT ( 'NONE',  ( -11.90000000000002345, 0.000000000000000000, 18.89999999999999147 ) ) ;
#1891 = EDGE_CURVE ( 'NONE', #3155, #877, #3735, .T. ) ;
#1892 = ORIENTED_EDGE ( 'NONE', *, *, #2933, .T. ) ;
#1893 = LINE ( 'NONE', #3138, #2310 ) ;
#1894 = DIRECTION ( 'NONE',  ( -1.000000000000000000, 0.000000000000000000, 0.000000000000000000 ) ) ;
#1895 = PLANE ( 'NONE',  #6 ) ;
#1896 = VERTEX_POINT ( 'NONE', #3079 ) ;
#1897 = LINE ( 'NONE', #2619, #3419 ) ;
#1898 = CARTESIAN_POINT ( 'NONE',  ( 11.00000000000002487, 9.745432968889293335, -20.89999999999999503 ) ) ;
#1899 = ORIENTED_EDGE ( 'NONE', *, *, #1007, .T. ) ;
#1900 = EDGE_CURVE ( 'NONE', #3164, #3296, #2304, .T. ) ;
#1901 = ORIENTED_EDGE ( 'NONE', *, *, #1771, .T. ) ;
#1902 = DIRECTION ( 'NONE',  ( -1.000000000000000000, 0.000000000000000000, 0.000000000000000000 ) ) ;
#1903 = DIRECTION ( 'NONE',  ( 0.000000000000000000, -1.000000000000000000, 0.000000000000000000 ) ) ;
#1904 = ORIENTED_EDGE ( 'NONE', *, *, #22, .T. ) ;
#1905 = EDGE_CURVE ( 'NONE', #3824, #778, #934, .T. ) ;
#1906 = PLANE ( 'NONE',  #313 ) ;
#1907 = AXIS2_PLACEMENT_3D ( 'NONE', #1438, #2364, #3623 ) ;
#1908 = DIRECTION ( 'NONE',  ( -0.000000000000000000, 1.000000000000000000, -0.000000000000000000 ) ) ;
#1909 = EDGE_LOOP ( 'NONE', ( #2886, #2670, #661, #29 ) ) ;
#1910 = AXIS2_PLACEMENT_3D ( 'NONE', #245, #3273, #1180 ) ;
#1911 = EDGE_CURVE ( 'NONE', #818, #3311, #3402, .T. ) ;
#1912 = DIRECTION ( 'NONE',  ( 0.000000000000000000, 0.000000000000000000, -1.000000000000000000 ) ) ;
#1913 = ADVANCED_FACE ( 'NONE', ( #1872 ), #566, .T. ) ;
#1914 = EDGE_CURVE ( 'NONE', #3137, #2674, #299, .T. ) ;
#1915 = FACE_OUTER_BOUND ( 'NONE', #3434, .T. ) ;
#1916 = ORIENTED_EDGE ( 'NONE', *, *, #3126, .F. ) ;
#1917 = DIRECTION ( 'NONE',  ( -1.000000000000000000, 0.000000000000000000, 0.000000000000000000 ) ) ;
#1918 = CARTESIAN_POINT ( 'NONE',  ( -7.200000000000032152, 4.000000000000000000, -19.89999999999997016 ) ) ;
#1919 = AXIS2_PLACEMENT_3D ( 'NONE', #2355, #3592, #2709 ) ;
#1920 = ORIENTED_EDGE ( 'NONE', *, *, #2500, .F. ) ;
#1921 = VECTOR ( 'NONE', #603, 1000.000000000000000 ) ;
#1922 = ORIENTED_EDGE ( 'NONE', *, *, #1734, .F. ) ;
#1923 = VECTOR ( 'NONE', #3501, 1000.000000000000227 ) ;
#1924 = CARTESIAN_POINT ( 'NONE',  ( 34.20000000000000284, 4.000000000000000000, -17.69999999999998153 ) ) ;
#1925 = AXIS2_PLACEMENT_3D ( 'NONE', #4023, #1243, #1861 ) ;
#1926 = DIRECTION ( 'NONE',  ( -0.000000000000000000, 1.000000000000000000, -0.000000000000000000 ) ) ;
#1927 = ORIENTED_EDGE ( 'NONE', *, *, #2412, .F. ) ;
#1928 = CARTESIAN_POINT ( 'NONE',  ( 33.00000000000000000, 4.000000000000000000, -16.89999999999999858 ) ) ;
#1929 = DIRECTION ( 'NONE',  ( -1.000000000000000000, 0.000000000000000000, 0.000000000000000000 ) ) ;
#1930 = EDGE_LOOP ( 'NONE', ( #67, #1429, #2540, #2503 ) ) ;
#1931 = EDGE_CURVE ( 'NONE', #2803, #2371, #2497, .T. ) ;
#1932 = VECTOR ( 'NONE', #2306, 1000.000000000000227 ) ;
#1933 = LINE ( 'NONE', #1635, #2567 ) ;
#1934 = VECTOR ( 'NONE', #909, 1000.000000000000114 ) ;
#1935 = CIRCLE ( 'NONE', #198, 0.7999999999999847233 ) ;
#1936 = DIRECTION ( 'NONE',  ( -1.000000000000000000, 0.000000000000000000, -0.000000000000000000 ) ) ;
#1937 = ORIENTED_EDGE ( 'NONE', *, *, #1167, .T. ) ;
#1938 = DIRECTION ( 'NONE',  ( 0.000000000000000000, 0.000000000000000000, -1.000000000000000000 ) ) ;
#1939 = LINE ( 'NONE', #1918, #3370 ) ;
#1940 = VERTEX_POINT ( 'NONE', #1817 ) ;
#1941 = AXIS2_PLACEMENT_3D ( 'NONE', #239, #3325, #3285 ) ;
#1942 = CARTESIAN_POINT ( 'NONE',  ( -34.19999999999999574, 4.000000000000000000, 17.69999999999998508 ) ) ;
#1943 = EDGE_CURVE ( 'NONE', #1516, #3202, #2170, .T. ) ;
#1944 = VERTEX_POINT ( 'NONE', #340 ) ;
#1945 = DIRECTION ( 'NONE',  ( 0.000000000000000000, -1.000000000000000000, 0.000000000000000000 ) ) ;
#1946 = VERTEX_POINT ( 'NONE', #729 ) ;
#1947 = DIRECTION ( 'NONE',  ( 0.000000000000000000, -1.000000000000000000, 0.000000000000000000 ) ) ;
#1948 = CIRCLE ( 'NONE', #2609, 0.5000000000000004441 ) ;
#1949 = CARTESIAN_POINT ( 'NONE',  ( -8.000000000000015987, -1.399999999999999911, -20.10000000000000142 ) ) ;
#1950 = CARTESIAN_POINT ( 'NONE',  ( -12.90000000000002522, 1.999999999999998668, -17.89999999999999858 ) ) ;
#1951 = ORIENTED_EDGE ( 'NONE', *, *, #2346, .T. ) ;
#1952 = CARTESIAN_POINT ( 'NONE',  ( 7.000000000000242473, 0.000000000000000000, 8.095376221225383343E-14 ) ) ;
#1953 = FACE_OUTER_BOUND ( 'NONE', #2005, .T. ) ;
#1954 = VECTOR ( 'NONE', #65, 1000.000000000000000 ) ;
#1955 = DIRECTION ( 'NONE',  ( 0.000000000000000000, 0.000000000000000000, -1.000000000000000000 ) ) ;
#1956 = EDGE_LOOP ( 'NONE', ( #3490, #2213, #2357, #3442, #3797 ) ) ;
#1957 = LINE ( 'NONE', #3508, #104 ) ;
#1958 = CARTESIAN_POINT ( 'NONE',  ( 34.20000000000000284, 4.000000000000000000, -15.69999999999999929 ) ) ;
#1959 = EDGE_LOOP ( 'NONE', ( #2490, #1834, #1455, #2985 ) ) ;
#1960 = CARTESIAN_POINT ( 'NONE',  ( -33.00000000000000000, 4.000000000000000000, -15.69999999999999929 ) ) ;
#1961 = ORIENTED_EDGE ( 'NONE', *, *, #1345, .F. ) ;
#1962 = LINE ( 'NONE', #3454, #2807 ) ;
#1963 = ORIENTED_EDGE ( 'NONE', *, *, #3441, .T. ) ;
#1964 = CARTESIAN_POINT ( 'NONE',  ( -11.00000000000002487, 1.999999999999998224, -20.89999999999998082 ) ) ;
#1965 = ADVANCED_FACE ( 'NONE', ( #88 ), #1331, .T. ) ;
#1966 = ADVANCED_FACE ( 'NONE', ( #1573 ), #2590, .F. ) ;
#1967 = DIRECTION ( 'NONE',  ( 0.000000000000000000, 0.000000000000000000, -1.000000000000000000 ) ) ;
#1968 = CARTESIAN_POINT ( 'NONE',  ( -34.00000000000000000, 1.999999999999914957, -15.69999999999999929 ) ) ;
#1969 = CARTESIAN_POINT ( 'NONE',  ( 11.00000000000002487, -1.399999999999999911, 19.09999999999999787 ) ) ;
#1970 = ORIENTED_EDGE ( 'NONE', *, *, #2598, .F. ) ;
#1971 = DIRECTION ( 'NONE',  ( 0.000000000000000000, 0.000000000000000000, -1.000000000000000000 ) ) ;
#1972 = FACE_OUTER_BOUND ( 'NONE', #90, .T. ) ;
#1973 = AXIS2_PLACEMENT_3D ( 'NONE', #465, #2937, #358 ) ;
#1974 = CARTESIAN_POINT ( 'NONE',  ( 34.20000000000000995, 1.999999999999998668, 17.89999999999999858 ) ) ;
#1975 = DIRECTION ( 'NONE',  ( 0.000000000000000000, -0.000000000000000000, -1.000000000000000000 ) ) ;
#1976 = ORIENTED_EDGE ( 'NONE', *, *, #446, .F. ) ;
#1977 = LINE ( 'NONE', #711, #3414 ) ;
#1978 = AXIS2_PLACEMENT_3D ( 'NONE', #1716, #532, #2389 ) ;
#1979 = AXIS2_PLACEMENT_3D ( 'NONE', #2855, #723, #1370 ) ;
#1980 = EDGE_CURVE ( 'NONE', #1127, #3372, #25, .T. ) ;
#1981 = FACE_OUTER_BOUND ( 'NONE', #1036, .T. ) ;
#1982 = VERTEX_POINT ( 'NONE', #1054 ) ;
#1983 = CARTESIAN_POINT ( 'NONE',  ( 11.00000000000001776, -1.399999999999999911, 20.39999999999999503 ) ) ;
#1984 = AXIS2_PLACEMENT_3D ( 'NONE', #1674, #2563, #468 ) ;
#1985 = VECTOR ( 'NONE', #3187, 1000.000000000000000 ) ;
#1986 = ORIENTED_EDGE ( 'NONE', *, *, #770, .T. ) ;
#1987 = CARTESIAN_POINT ( 'NONE',  ( -7.200000000000033040, 4.000000000000000000, -19.89999999999997371 ) ) ;
#1988 = EDGE_LOOP ( 'NONE', ( #48, #2757, #1608, #980 ) ) ;
#1989 = VERTEX_POINT ( 'NONE', #1617 ) ;
#1990 = DIRECTION ( 'NONE',  ( 0.9950371902099884869, -0.09950371902100592358, -5.753714577757599898E-15 ) ) ;
#1991 = VECTOR ( 'NONE', #2561, 1000.000000000000000 ) ;
#1992 = CIRCLE ( 'NONE', #248, 1.000000000000000888 ) ;
#1993 = EDGE_CURVE ( 'NONE', #2918, #2674, #3658, .T. ) ;
#1994 = LINE ( 'NONE', #3215, #2635 ) ;
#1995 = DIRECTION ( 'NONE',  ( 0.000000000000000000, -1.000000000000000000, 0.000000000000000000 ) ) ;
#1996 = DIRECTION ( 'NONE',  ( -1.000000000000000000, 0.000000000000000000, 0.000000000000000000 ) ) ;
#1997 = CARTESIAN_POINT ( 'NONE',  ( -11.00000000000002487, -0.8999999999999998002, -20.39999999999998082 ) ) ;
#1998 = CIRCLE ( 'NONE', #2834, 1.000000000000000888 ) ;
#1999 = ADVANCED_FACE ( 'NONE', ( #1592 ), #891, .T. ) ;
#2000 = DIRECTION ( 'NONE',  ( -0.000000000000000000, 1.000000000000000000, -0.000000000000000000 ) ) ;
#2001 = CIRCLE ( 'NONE', #2917, 0.5000000000000004441 ) ;
#2002 = PLANE ( 'NONE',  #721 ) ;
#2003 = VERTEX_POINT ( 'NONE', #3776 ) ;
#2004 = DIRECTION ( 'NONE',  ( -0.000000000000000000, 1.000000000000000000, -0.000000000000000000 ) ) ;
#2005 = EDGE_LOOP ( 'NONE', ( #1422, #1288, #3782, #2303 ) ) ;
#2006 = DIRECTION ( 'NONE',  ( 0.000000000000000000, -0.9950371902099884869, 0.09950371902100506316 ) ) ;
#2007 = VERTEX_POINT ( 'NONE', #3504 ) ;
#2008 = VECTOR ( 'NONE', #2948, 1000.000000000000000 ) ;
#2009 = CARTESIAN_POINT ( 'NONE',  ( 34.00000000000000000, 1.999999999999914957, -15.69999999999999929 ) ) ;
#2010 = ORIENTED_EDGE ( 'NONE', *, *, #1993, .F. ) ;
#2011 = DIRECTION ( 'NONE',  ( -1.734723475976805517E-15, 0.000000000000000000, -1.000000000000000000 ) ) ;
#2012 = CARTESIAN_POINT ( 'NONE',  ( -34.19999999999998863, 4.000000000000000000, 15.69999999999999929 ) ) ;
#2013 = CARTESIAN_POINT ( 'NONE',  ( 0.000000000000000000, 4.000000000000000000, 17.69999999999998508 ) ) ;
#2014 = DIRECTION ( 'NONE',  ( 0.09950371902100552113, 0.9950371902099884869, 0.000000000000000000 ) ) ;
#2015 = CARTESIAN_POINT ( 'NONE',  ( 33.50000000000000711, 1.000000000000000000, 15.69999999999999929 ) ) ;
#2016 = LINE ( 'NONE', #2998, #570 ) ;
#2017 = ADVANCED_FACE ( 'NONE', ( #1009 ), #3161, .T. ) ;
#2018 = CARTESIAN_POINT ( 'NONE',  ( 34.00000000000000000, 1.500000000000000000, 15.69999999999999929 ) ) ;
#2019 = DIRECTION ( 'NONE',  ( 0.000000000000000000, 0.000000000000000000, -1.000000000000000000 ) ) ;
#2020 = ORIENTED_EDGE ( 'NONE', *, *, #3053, .T. ) ;
#2021 = DIRECTION ( 'NONE',  ( -1.000000000000000000, 0.000000000000000000, 0.000000000000000000 ) ) ;
#2022 = ORIENTED_EDGE ( 'NONE', *, *, #2440, .T. ) ;
#2023 = LINE ( 'NONE', #3275, #1566 ) ;
#2024 = ADVANCED_FACE ( 'NONE', ( #972 ), #2501, .T. ) ;
#2025 = VERTEX_POINT ( 'NONE', #385 ) ;
#2026 = EDGE_LOOP ( 'NONE', ( #823, #3094, #1231, #521 ) ) ;
#2027 = PLANE ( 'NONE',  #1792 ) ;
#2028 = EDGE_CURVE ( 'NONE', #2268, #2478, #2220, .T. ) ;
#2029 = CARTESIAN_POINT ( 'NONE',  ( -34.99999999999997868, 4.000000000000000000, 16.89999999999999858 ) ) ;
#2030 = FACE_OUTER_BOUND ( 'NONE', #3129, .T. ) ;
#2031 = ADVANCED_FACE ( 'NONE', ( #1953 ), #3462, .F. ) ;
#2032 = DIRECTION ( 'NONE',  ( -0.000000000000000000, 1.000000000000000000, -0.000000000000000000 ) ) ;
#2033 = DIRECTION ( 'NONE',  ( 0.000000000000000000, 0.000000000000000000, -1.000000000000000000 ) ) ;
#2034 = EDGE_CURVE ( 'NONE', #981, #739, #708, .T. ) ;
#2035 = CARTESIAN_POINT ( 'NONE',  ( 33.00000000000000000, 4.000000000000000000, -15.69999999999999929 ) ) ;
#2036 = DIRECTION ( 'NONE',  ( 0.000000000000000000, -1.000000000000000000, 0.000000000000000000 ) ) ;
#2037 = AXIS2_PLACEMENT_3D ( 'NONE', #2399, #2694, #2991 ) ;
#2038 = DIRECTION ( 'NONE',  ( 0.000000000000000000, 0.000000000000000000, -1.000000000000000000 ) ) ;
#2039 = ORIENTED_EDGE ( 'NONE', *, *, #2643, .F. ) ;
#2040 = EDGE_CURVE ( 'NONE', #2829, #2042, #1933, .T. ) ;
#2041 = DIRECTION ( 'NONE',  ( 1.000000000000000000, 0.000000000000000000, 0.000000000000000000 ) ) ;
#2042 = VERTEX_POINT ( 'NONE', #1652 ) ;
#2043 = DIRECTION ( 'NONE',  ( -0.000000000000000000, -1.000000000000000000, -0.000000000000000000 ) ) ;
#2044 = ORIENTED_EDGE ( 'NONE', *, *, #1007, .F. ) ;
#2045 = ORIENTED_EDGE ( 'NONE', *, *, #3828, .F. ) ;
#2046 = DIRECTION ( 'NONE',  ( -0.000000000000000000, 1.000000000000000000, -0.000000000000000000 ) ) ;
#2047 = CARTESIAN_POINT ( 'NONE',  ( 12.90000000000002700, 4.000000000000000000, -17.89999999999999858 ) ) ;
#2048 = LINE ( 'NONE', #2658, #3229 ) ;
#2049 = VECTOR ( 'NONE', #747, 1000.000000000000000 ) ;
#2050 = VECTOR ( 'NONE', #540, 1000.000000000000000 ) ;
#2051 = AXIS2_PLACEMENT_3D ( 'NONE', #2649, #3889, #2065 ) ;
#2052 =( NAMED_UNIT ( * ) PLANE_ANGLE_UNIT ( ) SI_UNIT ( $, .RADIAN. ) );
#2053 = VECTOR ( 'NONE', #2340, 1000.000000000000000 ) ;
#2054 = MECHANICAL_DESIGN_GEOMETRIC_PRESENTATION_REPRESENTATION (  '', ( #511 ), #958 ) ;
#2055 = FACE_OUTER_BOUND ( 'NONE', #3635, .T. ) ;
#2056 = CARTESIAN_POINT ( 'NONE',  ( 35.20000000000000284, 4.000000000000000000, -16.89999999999999858 ) ) ;
#2057 = ORIENTED_EDGE ( 'NONE', *, *, #1210, .T. ) ;
#2058 = EDGE_CURVE ( 'NONE', #1624, #2478, #2898, .T. ) ;
#2059 = LINE ( 'NONE', #1755, #1176 ) ;
#2060 = PLANE ( 'NONE',  #1978 ) ;
#2061 = AXIS2_PLACEMENT_3D ( 'NONE', #202, #3254, #1141 ) ;
#2062 = EDGE_CURVE ( 'NONE', #3976, #2869, #1893, .T. ) ;
#2063 = CYLINDRICAL_SURFACE ( 'NONE', #2827, 0.8999999999999980238 ) ;
#2064 = ORIENTED_EDGE ( 'NONE', *, *, #908, .F. ) ;
#2065 = DIRECTION ( 'NONE',  ( 0.000000000000000000, 0.000000000000000000, -1.000000000000000000 ) ) ;
#2066 = VERTEX_POINT ( 'NONE', #507 ) ;
#2067 = ORIENTED_EDGE ( 'NONE', *, *, #2504, .T. ) ;
#2068 = FACE_OUTER_BOUND ( 'NONE', #3240, .T. ) ;
#2069 = CIRCLE ( 'NONE', #3310, 1.000000000000000888 ) ;
#2070 = LINE ( 'NONE', #1726, #688 ) ;
#2071 = AXIS2_PLACEMENT_3D ( 'NONE', #2762, #1220, #3098 ) ;
#2072 = DIRECTION ( 'NONE',  ( 1.156482317317871764E-14, 0.000000000000000000, -1.000000000000000000 ) ) ;
#2073 = VECTOR ( 'NONE', #3994, 1000.000000000000227 ) ;
#2074 = DIRECTION ( 'NONE',  ( 0.000000000000000000, 0.000000000000000000, -1.000000000000000000 ) ) ;
#2075 = CARTESIAN_POINT ( 'NONE',  ( 11.00000000000002487, -0.9000000000000000222, -19.59999999999999787 ) ) ;
#2076 = ORIENTED_EDGE ( 'NONE', *, *, #346, .F. ) ;
#2077 = DIRECTION ( 'NONE',  ( 0.000000000000000000, 0.000000000000000000, 1.000000000000000000 ) ) ;
#2078 = ORIENTED_EDGE ( 'NONE', *, *, #1900, .T. ) ;
#2079 = LINE ( 'NONE', #2350, #327 ) ;
#2080 = AXIS2_PLACEMENT_3D ( 'NONE', #162, #3258, #3614 ) ;
#2081 = CARTESIAN_POINT ( 'NONE',  ( -7.000000000000017764, 1.999999999999998224, -19.89999999999997016 ) ) ;
#2082 = EDGE_CURVE ( 'NONE', #3591, #700, #1074, .T. ) ;
#2083 = EDGE_CURVE ( 'NONE', #1525, #1944, #895, .T. ) ;
#2084 = SURFACE_STYLE_FILL_AREA ( #477 ) ;
#2085 = ORIENTED_EDGE ( 'NONE', *, *, #449, .T. ) ;
#2086 = CARTESIAN_POINT ( 'NONE',  ( -8.000000000000021316, 4.000000000000000000, 20.69999999999996732 ) ) ;
#2087 = ORIENTED_EDGE ( 'NONE', *, *, #964, .T. ) ;
#2088 = ORIENTED_EDGE ( 'NONE', *, *, #3058, .T. ) ;
#2089 = DIRECTION ( 'NONE',  ( 0.000000000000000000, 0.000000000000000000, -1.000000000000000000 ) ) ;
#2090 = CARTESIAN_POINT ( 'NONE',  ( 11.90000000000002345, 9.745432968889293335, 18.89999999999999147 ) ) ;
#2091 = DIRECTION ( 'NONE',  ( 0.09950371902100590971, 0.9950371902099883759, 0.000000000000000000 ) ) ;
#2092 = EDGE_CURVE ( 'NONE', #2691, #2700, #470, .T. ) ;
#2093 = CARTESIAN_POINT ( 'NONE',  ( -12.90000000000002522, 4.000000000000000000, -18.89999999999999858 ) ) ;
#2094 = EDGE_CURVE ( 'NONE', #981, #3788, #833, .T. ) ;
#2095 = DIRECTION ( 'NONE',  ( -0.000000000000000000, 1.000000000000000000, -0.000000000000000000 ) ) ;
#2096 = VERTEX_POINT ( 'NONE', #1122 ) ;
#2097 = LINE ( 'NONE', #1831, #2464 ) ;
#2098 = CARTESIAN_POINT ( 'NONE',  ( 12.90000000000002878, 0.000000000000000000, -17.89999999999999858 ) ) ;
#2099 = AXIS2_PLACEMENT_3D ( 'NONE', #2738, #526, #234 ) ;
#2100 = FACE_OUTER_BOUND ( 'NONE', #1278, .T. ) ;
#2101 = ADVANCED_FACE ( 'NONE', ( #3267 ), #2348, .T. ) ;
#2102 = ORIENTED_EDGE ( 'NONE', *, *, #1732, .F. ) ;
#2103 = CARTESIAN_POINT ( 'NONE',  ( -34.99999999999999289, 4.000000000000000000, 6.783834822255668430E-15 ) ) ;
#2104 = VECTOR ( 'NONE', #802, 1000.000000000000000 ) ;
#2105 = ORIENTED_EDGE ( 'NONE', *, *, #3966, .T. ) ;
#2106 = EDGE_LOOP ( 'NONE', ( #978, #1012, #3459, #3639 ) ) ;
#2107 = DIRECTION ( 'NONE',  ( -1.000000000000000000, 0.000000000000000000, 0.000000000000000000 ) ) ;
#2108 = CARTESIAN_POINT ( 'NONE',  ( -8.000000000000021316, -1.399999999999999911, 20.39999999999998082 ) ) ;
#2109 = CARTESIAN_POINT ( 'NONE',  ( 8.000000000000024869, 0.000000000000000000, -19.89999999999999503 ) ) ;
#2110 = VECTOR ( 'NONE', #3097, 1000.000000000000227 ) ;
#2111 = CARTESIAN_POINT ( 'NONE',  ( 8.000000000000012434, -1.399999999999999911, 20.39999999999999503 ) ) ;
#2112 = EDGE_CURVE ( 'NONE', #3164, #1940, #3626, .T. ) ;
#2113 = TOROIDAL_SURFACE ( 'NONE', #2966, 0.5000000000000000000, 0.5000000000000000000 ) ;
#2114 = LINE ( 'NONE', #3283, #3339 ) ;
#2115 = ORIENTED_EDGE ( 'NONE', *, *, #2920, .F. ) ;
#2116 = CIRCLE ( 'NONE', #2506, 1.199999999999999734 ) ;
#2117 = AXIS2_PLACEMENT_3D ( 'NONE', #726, #1651, #2895 ) ;
#2118 = ORIENTED_EDGE ( 'NONE', *, *, #2534, .T. ) ;
#2119 = EDGE_CURVE ( 'NONE', #3103, #3164, #3937, .T. ) ;
#2120 = TOROIDAL_SURFACE ( 'NONE', #183, 0.5000000000000000000, 0.5000000000000000000 ) ;
#2121 = CARTESIAN_POINT ( 'NONE',  ( -32.99999999999999289, 4.000000000000000000, 15.69999999999999929 ) ) ;
#2122 = DIRECTION ( 'NONE',  ( -0.000000000000000000, -1.000000000000000000, -0.000000000000000000 ) ) ;
#2123 = CARTESIAN_POINT ( 'NONE',  ( 0.000000000000000000, 4.000000000000000000, 20.69999999999998153 ) ) ;
#2124 = ORIENTED_EDGE ( 'NONE', *, *, #1313, .F. ) ;
#2125 = LINE ( 'NONE', #1835, #1614 ) ;
#2126 = ORIENTED_EDGE ( 'NONE', *, *, #2347, .F. ) ;
#2127 = EDGE_LOOP ( 'NONE', ( #1703, #3046, #3845, #2599 ) ) ;
#2128 = DIRECTION ( 'NONE',  ( 1.000000000000000000, 0.000000000000000000, 0.000000000000000000 ) ) ;
#2129 = AXIS2_PLACEMENT_3D ( 'NONE', #1059, #3781, #2553 ) ;
#2130 = CARTESIAN_POINT ( 'NONE',  ( 33.00000000000000000, 1.500000000000000000, -15.69999999999999929 ) ) ;
#2131 = CARTESIAN_POINT ( 'NONE',  ( 11.00000000000002487, -0.8999999999999998002, -19.99999999999999645 ) ) ;
#2132 = CARTESIAN_POINT ( 'NONE',  ( 8.000000000000024869, -0.8999999999999998002, -19.89999999999999503 ) ) ;
#2133 = AXIS2_PLACEMENT_3D ( 'NONE', #2258, #2239, #994 ) ;
#2134 = FACE_OUTER_BOUND ( 'NONE', #1299, .T. ) ;
#2135 = EDGE_LOOP ( 'NONE', ( #1302, #3132, #3102, #3124 ) ) ;
#2136 = AXIS2_PLACEMENT_3D ( 'NONE', #8, #1553, #1501 ) ;
#2137 = PRODUCT_DEFINITION ( '未知', '', #98, #195 ) ;
#2138 = ORIENTED_EDGE ( 'NONE', *, *, #3664, .T. ) ;
#2139 = LINE ( 'NONE', #3386, #2318 ) ;
#2140 = DIRECTION ( 'NONE',  ( -1.000000000000000000, 0.000000000000000000, 0.000000000000000000 ) ) ;
#2141 = EDGE_CURVE ( 'NONE', #657, #1889, #376, .T. ) ;
#2142 = DIRECTION ( 'NONE',  ( 0.000000000000000000, -1.000000000000000000, 0.000000000000000000 ) ) ;
#2143 = VERTEX_POINT ( 'NONE', #1974 ) ;
#2144 = CARTESIAN_POINT ( 'NONE',  ( 8.000000000000012434, 0.000000000000000000, 19.89999999999999503 ) ) ;
#2145 = ORIENTED_EDGE ( 'NONE', *, *, #1221, .F. ) ;
#2146 = ORIENTED_EDGE ( 'NONE', *, *, #161, .T. ) ;
#2147 = FACE_OUTER_BOUND ( 'NONE', #986, .T. ) ;
#2148 = ADVANCED_FACE ( 'NONE', ( #136 ), #2645, .F. ) ;
#2149 = DIRECTION ( 'NONE',  ( -1.000000000000000000, -0.000000000000000000, -0.000000000000000000 ) ) ;
#2150 = VECTOR ( 'NONE', #3765, 1000.000000000000000 ) ;
#2151 = LINE ( 'NONE', #2168, #1479 ) ;
#2152 = DIRECTION ( 'NONE',  ( 1.000000000000000000, -0.000000000000000000, -0.000000000000000000 ) ) ;
#2153 = DIRECTION ( 'NONE',  ( 0.000000000000000000, 0.9950371902099884869, 0.09950371902100506316 ) ) ;
#2154 = EDGE_CURVE ( 'NONE', #305, #62, #2978, .T. ) ;
#2155 = ORIENTED_EDGE ( 'NONE', *, *, #2654, .T. ) ;
#2156 = DIRECTION ( 'NONE',  ( -1.000000000000000000, 0.000000000000000000, 0.000000000000000000 ) ) ;
#2157 = EDGE_CURVE ( 'NONE', #475, #2003, #4001, .T. ) ;
#2158 = CARTESIAN_POINT ( 'NONE',  ( -10.99999999999997335, -1.399999999999999911, 20.39999999999998082 ) ) ;
#2159 = DIRECTION ( 'NONE',  ( 0.000000000000000000, -1.000000000000000000, 0.000000000000000000 ) ) ;
#2160 = VERTEX_POINT ( 'NONE', #3545 ) ;
#2161 = DIRECTION ( 'NONE',  ( 1.938238520644477406E-16, 0.000000000000000000, 1.000000000000000000 ) ) ;
#2162 = ORIENTED_EDGE ( 'NONE', *, *, #2405, .F. ) ;
#2163 = EDGE_LOOP ( 'NONE', ( #2373, #2889, #947, #2739 ) ) ;
#2164 = CARTESIAN_POINT ( 'NONE',  ( -12.90000000000002345, 9.745432968889293335, 18.89999999999999858 ) ) ;
#2165 = EDGE_CURVE ( 'NONE', #3006, #3400, #814, .T. ) ;
#2166 = CARTESIAN_POINT ( 'NONE',  ( -12.90000000000002522, 0.000000000000000000, -18.89999999999999858 ) ) ;
#2167 = CIRCLE ( 'NONE', #3726, 0.5000000000000004441 ) ;
#2168 = CARTESIAN_POINT ( 'NONE',  ( -11.90000000000002700, 1.999999999999998668, -18.89999999999999503 ) ) ;
#2169 = CARTESIAN_POINT ( 'NONE',  ( -8.000000000000015987, -0.9000000000000000222, -19.09999999999999787 ) ) ;
#2170 = CIRCLE ( 'NONE', #3154, 1.199999999999999734 ) ;
#2171 = LINE ( 'NONE', #732, #768 ) ;
#2172 = VECTOR ( 'NONE', #3857, 1000.000000000000114 ) ;
#2173 = VECTOR ( 'NONE', #2345, 1000.000000000000114 ) ;
#2174 = VERTEX_POINT ( 'NONE', #1678 ) ;
#2175 = CARTESIAN_POINT ( 'NONE',  ( 0.000000000000000000, -0.8999999999999998002, -20.89999999999998082 ) ) ;
#2176 = VECTOR ( 'NONE', #4008, 1000.000000000000114 ) ;
#2177 = CARTESIAN_POINT ( 'NONE',  ( -8.000000000000021316, -0.8999999999999998002, 19.89999999999998082 ) ) ;
#2178 = VECTOR ( 'NONE', #2153, 1000.000000000000114 ) ;
#2179 = EDGE_CURVE ( 'NONE', #2371, #3135, #173, .T. ) ;
#2180 = AXIS2_PLACEMENT_3D ( 'NONE', #3333, #557, #1431 ) ;
#2181 = FACE_OUTER_BOUND ( 'NONE', #3128, .T. ) ;
#2182 = LINE ( 'NONE', #2921, #535 ) ;
#2183 = ORIENTED_EDGE ( 'NONE', *, *, #2719, .F. ) ;
#2184 = DIRECTION ( 'NONE',  ( -0.000000000000000000, 1.000000000000000000, -0.000000000000000000 ) ) ;
#2185 = EDGE_LOOP ( 'NONE', ( #403, #2943, #462, #3142, #1060, #410 ) ) ;
#2186 = VERTEX_POINT ( 'NONE', #2681 ) ;
#2187 = EDGE_CURVE ( 'NONE', #739, #564, #3224, .T. ) ;
#2188 = DIRECTION ( 'NONE',  ( 0.000000000000000000, -1.000000000000000000, 0.000000000000000000 ) ) ;
#2189 = VECTOR ( 'NONE', #3398, 1000.000000000000000 ) ;
#2190 = CARTESIAN_POINT ( 'NONE',  ( -33.00000000000000000, 1.999999999999914957, -16.69999999999999929 ) ) ;
#2191 = EDGE_LOOP ( 'NONE', ( #456, #1225, #1559, #223, #3772, #575 ) ) ;
#2192 = AXIS2_PLACEMENT_3D ( 'NONE', #3999, #2184, #2452 ) ;
#2193 = CARTESIAN_POINT ( 'NONE',  ( 33.00000000000000000, 4.000000000000000000, -15.69999999999999929 ) ) ;
#2194 = ADVANCED_FACE ( 'NONE', ( #1698 ), #218, .F. ) ;
#2195 = CARTESIAN_POINT ( 'NONE',  ( 11.70000000000000817, 4.000000000000000000, 18.89999999999999147 ) ) ;
#2196 = ORIENTED_EDGE ( 'NONE', *, *, #600, .F. ) ;
#2197 = EDGE_LOOP ( 'NONE', ( #3390, #42, #3912, #271 ) ) ;
#2198 = CARTESIAN_POINT ( 'NONE',  ( -32.99999999999999289, 1.500000000000000000, 16.19999999999999929 ) ) ;
#2199 = CIRCLE ( 'NONE', #2857, 0.7999999999999847233 ) ;
#2200 = ADVANCED_FACE ( 'NONE', ( #3305 ), #3569, .T. ) ;
#2201 = ORIENTED_EDGE ( 'NONE', *, *, #3586, .F. ) ;
#2202 = DIRECTION ( 'NONE',  ( 0.000000000000000000, 0.000000000000000000, -1.000000000000000000 ) ) ;
#2203 = CARTESIAN_POINT ( 'NONE',  ( -32.99999999999999289, 1.000000000000000000, 15.69999999999999929 ) ) ;
#2204 = DIRECTION ( 'NONE',  ( -0.000000000000000000, 1.000000000000000000, -0.000000000000000000 ) ) ;
#2205 = ORIENTED_EDGE ( 'NONE', *, *, #911, .T. ) ;
#2206 = EDGE_CURVE ( 'NONE', #1600, #3198, #2016, .T. ) ;
#2207 = LINE ( 'NONE', #733, #913 ) ;
#2208 = EDGE_LOOP ( 'NONE', ( #3297, #677, #1256, #3840 ) ) ;
#2209 = ORIENTED_EDGE ( 'NONE', *, *, #3903, .F. ) ;
#2210 = CARTESIAN_POINT ( 'NONE',  ( 0.000000000000000000, -0.9000000000000000222, 19.09999999999999787 ) ) ;
#2211 = CARTESIAN_POINT ( 'NONE',  ( 11.00000000000002487, -1.399999999999999911, -19.99999999999999645 ) ) ;
#2212 = VERTEX_POINT ( 'NONE', #547 ) ;
#2213 = ORIENTED_EDGE ( 'NONE', *, *, #1551, .T. ) ;
#2214 = PLANE ( 'NONE',  #1346 ) ;
#2215 = LINE ( 'NONE', #619, #3376 ) ;
#2216 = EDGE_LOOP ( 'NONE', ( #3385, #2613, #501, #1248 ) ) ;
#2217 = ADVANCED_FACE ( 'NONE', ( #3014 ), #1772, .F. ) ;
#2218 = ADVANCED_FACE ( 'NONE', ( #2632 ), #3352, .T. ) ;
#2219 = DIRECTION ( 'NONE',  ( -0.09950371902099412746, 0.9950371902099895971, 0.000000000000000000 ) ) ;
#2220 = LINE ( 'NONE', #686, #3811 ) ;
#2221 = FACE_OUTER_BOUND ( 'NONE', #3057, .T. ) ;
#2222 = VERTEX_POINT ( 'NONE', #2956 ) ;
#2223 = DIRECTION ( 'NONE',  ( 0.000000000000000000, -0.9950371902099884869, 0.09950371902100506316 ) ) ;
#2224 = LINE ( 'NONE', #3309, #783 ) ;
#2225 = EDGE_LOOP ( 'NONE', ( #1242, #3211, #3890, #2972, #3024, #1360 ) ) ;
#2226 = VERTEX_POINT ( 'NONE', #2344 ) ;
#2227 = ORIENTED_EDGE ( 'NONE', *, *, #2266, .T. ) ;
#2228 = PLANE ( 'NONE',  #3685 ) ;
#2229 = EDGE_CURVE ( 'NONE', #62, #3558, #1694, .T. ) ;
#2230 = LINE ( 'NONE', #1040, #215 ) ;
#2231 = ORIENTED_EDGE ( 'NONE', *, *, #1072, .F. ) ;
#2232 = CARTESIAN_POINT ( 'NONE',  ( 11.00000000000002132, -0.9000000000000000222, 19.59999999999999787 ) ) ;
#2233 = TOROIDAL_SURFACE ( 'NONE', #1397, 0.5000000000000000000, 0.5000000000000000000 ) ;
#2234 = CARTESIAN_POINT ( 'NONE',  ( 0.000000000000000000, 1.999999999999998224, 20.89999999999998082 ) ) ;
#2235 = EDGE_LOOP ( 'NONE', ( #1462, #2498, #648, #3909, #2518, #1724, #461, #2845, #652, #3667, #678, #2404, #861, #375, #1613, #2862, #2118, #279, #820, #2573, #3879, #3778, #3274, #2288, #737, #664, #3657, #1683, #3625, #3374, #432, #2952, #2085, #956, #1876, #2779, #1860, #3666, #2087, #1804, #2270, #3294, #3430, #3930 ) ) ;
#2236 = AXIS2_PLACEMENT_3D ( 'NONE', #3871, #127, #2954 ) ;
#2237 = DIRECTION ( 'NONE',  ( 1.000000000000000000, -0.000000000000000000, 8.673617379884138024E-15 ) ) ;
#2238 = EDGE_CURVE ( 'NONE', #118, #2212, #811, .T. ) ;
#2239 = DIRECTION ( 'NONE',  ( -1.000000000000000000, 0.000000000000000000, -2.478176394252600665E-15 ) ) ;
#2240 = AXIS2_PLACEMENT_3D ( 'NONE', #529, #2636, #1754 ) ;
#2241 = ORIENTED_EDGE ( 'NONE', *, *, #205, .F. ) ;
#2242 = DIRECTION ( 'NONE',  ( 0.000000000000000000, 0.000000000000000000, -1.000000000000000000 ) ) ;
#2243 = DIRECTION ( 'NONE',  ( 8.673617379884138024E-15, 0.000000000000000000, -1.000000000000000000 ) ) ;
#2244 = CIRCLE ( 'NONE', #4004, 0.7999999999999882760 ) ;
#2245 = VERTEX_POINT ( 'NONE', #3873 ) ;
#2246 = CONICAL_SURFACE ( 'NONE', #3032, 1.199999999999999734, 0.09966865249115765268 ) ;
#2247 = COLOUR_RGB ( '',1.000000000000000000, 1.000000000000000000, 1.000000000000000000 ) ;
#2248 = DIRECTION ( 'NONE',  ( 0.000000000000000000, -0.000000000000000000, 1.000000000000000000 ) ) ;
#2249 = VECTOR ( 'NONE', #960, 1000.000000000000000 ) ;
#2250 = LINE ( 'NONE', #122, #3631 ) ;
#2251 = ORIENTED_EDGE ( 'NONE', *, *, #74, .F. ) ;
#2252 = CARTESIAN_POINT ( 'NONE',  ( 11.00000000000002487, -0.8999999999999998002, -19.99999999999999645 ) ) ;
#2253 = DIRECTION ( 'NONE',  ( -1.000000000000000000, 0.000000000000000000, -1.156482317317871764E-14 ) ) ;
#2254 = DIRECTION ( 'NONE',  ( 0.000000000000000000, -1.000000000000000000, 0.000000000000000000 ) ) ;
#2255 = CARTESIAN_POINT ( 'NONE',  ( -7.060133330327897916, -1.162564261640863128, 19.99999999999998579 ) ) ;
#2256 = VECTOR ( 'NONE', #2149, 1000.000000000000000 ) ;
#2257 = AXIS2_PLACEMENT_3D ( 'NONE', #27, #1504, #1238 ) ;
#2258 = CARTESIAN_POINT ( 'NONE',  ( -11.90000000000007319, 9.745432968889293335, -2.949029909160613081E-14 ) ) ;
#2259 = EDGE_CURVE ( 'NONE', #3732, #2514, #1071, .T. ) ;
#2260 = ORIENTED_EDGE ( 'NONE', *, *, #191, .F. ) ;
#2261 = LINE ( 'NONE', #1358, #3090 ) ;
#2262 = CARTESIAN_POINT ( 'NONE',  ( 11.70000000000000284, 4.000000000000000000, 19.99999999999999645 ) ) ;
#2263 = ORIENTED_EDGE ( 'NONE', *, *, #3260, .F. ) ;
#2264 = EDGE_CURVE ( 'NONE', #2700, #2829, #1595, .T. ) ;
#2265 = AXIS2_PLACEMENT_3D ( 'NONE', #2407, #1194, #3724 ) ;
#2266 = EDGE_CURVE ( 'NONE', #3253, #2794, #168, .T. ) ;
#2267 = LINE ( 'NONE', #1626, #1687 ) ;
#2268 = VERTEX_POINT ( 'NONE', #771 ) ;
#2269 = CARTESIAN_POINT ( 'NONE',  ( 8.000000000000024869, 1.999999999999998224, -20.89999999999999503 ) ) ;
#2270 = ORIENTED_EDGE ( 'NONE', *, *, #1661, .F. ) ;
#2271 = VERTEX_POINT ( 'NONE', #2322 ) ;
#2272 = PLANE ( 'NONE',  #2648 ) ;
#2273 = AXIS2_PLACEMENT_3D ( 'NONE', #2279, #746, #479 ) ;
#2274 = CARTESIAN_POINT ( 'NONE',  ( 11.00000000000002487, -1.399999999999999911, -19.99999999999999645 ) ) ;
#2275 = CARTESIAN_POINT ( 'NONE',  ( 7.200000000000026823, 4.000000000000000000, 19.89999999999998792 ) ) ;
#2276 = ORIENTED_EDGE ( 'NONE', *, *, #3769, .T. ) ;
#2277 = DIRECTION ( 'NONE',  ( 2.077513144882403750E-16, -0.000000000000000000, 1.000000000000000000 ) ) ;
#2278 = ADVANCED_FACE ( 'NONE', ( #3199 ), #2113, .T. ) ;
#2279 = CARTESIAN_POINT ( 'NONE',  ( -8.000000000000015987, -0.9000000000000000222, -20.10000000000000142 ) ) ;
#2280 = CARTESIAN_POINT ( 'NONE',  ( -7.000000000000190070, 9.745432968889293335, -6.071532165919062120E-14 ) ) ;
#2281 = VECTOR ( 'NONE', #394, 1000.000000000000000 ) ;
#2282 = DIRECTION ( 'NONE',  ( 0.000000000000000000, -1.000000000000000000, 0.000000000000000000 ) ) ;
#2283 = EDGE_LOOP ( 'NONE', ( #2910, #1382, #396, #1365 ) ) ;
#2284 = PLANE ( 'NONE',  #629 ) ;
#2285 = LINE ( 'NONE', #3528, #3565 ) ;
#2286 = ORIENTED_EDGE ( 'NONE', *, *, #3139, .T. ) ;
#2287 = FACE_OUTER_BOUND ( 'NONE', #246, .T. ) ;
#2288 = ORIENTED_EDGE ( 'NONE', *, *, #1153, .T. ) ;
#2289 = DIRECTION ( 'NONE',  ( 0.000000000000000000, 0.9950371902099884869, 0.09950371902100509092 ) ) ;
#2290 = ORIENTED_EDGE ( 'NONE', *, *, #817, .F. ) ;
#2291 = CARTESIAN_POINT ( 'NONE',  ( 34.99999999999999289, 4.000000000000000000, 16.89999999999999858 ) ) ;
#2292 = EDGE_CURVE ( 'NONE', #3824, #3137, #1335, .T. ) ;
#2293 = EDGE_CURVE ( 'NONE', #3788, #1814, #2659, .T. ) ;
#2294 = DIRECTION ( 'NONE',  ( 0.000000000000000000, 0.000000000000000000, 1.000000000000000000 ) ) ;
#2295 = DIRECTION ( 'NONE',  ( 0.000000000000000000, -1.000000000000000000, 0.000000000000000000 ) ) ;
#2296 = LINE ( 'NONE', #1969, #2720 ) ;
#2297 = ORIENTED_EDGE ( 'NONE', *, *, #2521, .F. ) ;
#2298 = PLANE ( 'NONE',  #46 ) ;
#2299 = CARTESIAN_POINT ( 'NONE',  ( -7.000000000000025757, 1.999999999999998224, -18.90000000000000924 ) ) ;
#2300 = CONICAL_SURFACE ( 'NONE', #26, 0.7999999999999847233, 0.09966865249116950431 ) ;
#2301 = DIRECTION ( 'NONE',  ( 0.000000000000000000, 0.000000000000000000, -1.000000000000000000 ) ) ;
#2302 = DIRECTION ( 'NONE',  ( 0.000000000000000000, -1.000000000000000000, 0.000000000000000000 ) ) ;
#2303 = ORIENTED_EDGE ( 'NONE', *, *, #3175, .T. ) ;
#2304 = CIRCLE ( 'NONE', #3671, 1.200000000000013500 ) ;
#2305 = AXIS2_PLACEMENT_3D ( 'NONE', #3244, #1929, #438 ) ;
#2306 = DIRECTION ( 'NONE',  ( -0.09950371902100633992, 0.9950371902099883759, -1.726114373327264784E-15 ) ) ;
#2307 = EDGE_LOOP ( 'NONE', ( #1006, #2554, #1685, #2339 ) ) ;
#2308 = ADVANCED_FACE ( 'NONE', ( #3281 ), #3810, .F. ) ;
#2309 = DIRECTION ( 'NONE',  ( 0.000000000000000000, 0.000000000000000000, -1.000000000000000000 ) ) ;
#2310 = VECTOR ( 'NONE', #2838, 1000.000000000000000 ) ;
#2311 = VERTEX_POINT ( 'NONE', #2919 ) ;
#2312 = LINE ( 'NONE', #786, #2685 ) ;
#2313 = VECTOR ( 'NONE', #3640, 1000.000000000000000 ) ;
#2314 = PRODUCT_RELATED_PRODUCT_CATEGORY ( 'part', '', ( #30 ) ) ;
#2315 = VECTOR ( 'NONE', #2014, 1000.000000000000114 ) ;
#2316 = ORIENTED_EDGE ( 'NONE', *, *, #722, .T. ) ;
#2317 = LINE ( 'NONE', #1928, #3749 ) ;
#2318 = VECTOR ( 'NONE', #948, 1000.000000000000000 ) ;
#2319 = FACE_OUTER_BOUND ( 'NONE', #1124, .T. ) ;
#2320 = CARTESIAN_POINT ( 'NONE',  ( 8.000000000000024869, -1.399999999999999911, -19.09999999999999787 ) ) ;
#2321 = ADVANCED_FACE ( 'NONE', ( #3854 ), #2298, .T. ) ;
#2322 = CARTESIAN_POINT ( 'NONE',  ( 34.99999999999999289, 4.000000000000000000, -16.89999999999999858 ) ) ;
#2323 = CARTESIAN_POINT ( 'NONE',  ( -35.19999999999999574, 1.999999999999998668, 17.89999999999999858 ) ) ;
#2324 = AXIS2_PLACEMENT_3D ( 'NONE', #929, #1887, #3417 ) ;
#2325 = DIRECTION ( 'NONE',  ( 0.000000000000000000, -1.000000000000000000, 0.000000000000000000 ) ) ;
#2326 = AXIS2_PLACEMENT_3D ( 'NONE', #3572, #3286, #2330 ) ;
#2327 = EDGE_LOOP ( 'NONE', ( #3767, #2146, #3193, #3435 ) ) ;
#2328 = EDGE_CURVE ( 'NONE', #261, #3455, #3264, .T. ) ;
#2329 = CARTESIAN_POINT ( 'NONE',  ( -35.20000000000000284, 4.000000000000000000, -17.89999999999999858 ) ) ;
#2330 = DIRECTION ( 'NONE',  ( -1.000000000000000000, 0.000000000000000000, -0.000000000000000000 ) ) ;
#2331 = ORIENTED_EDGE ( 'NONE', *, *, #33, .T. ) ;
#2332 = AXIS2_PLACEMENT_3D ( 'NONE', #282, #3063, #2743 ) ;
#2333 = CARTESIAN_POINT ( 'NONE',  ( 33.00000000000000000, 1.500000000000000000, -16.19999999999999929 ) ) ;
#2334 = EDGE_CURVE ( 'NONE', #778, #3311, #2651, .T. ) ;
#2335 = ORIENTED_EDGE ( 'NONE', *, *, #3562, .T. ) ;
#2336 = VECTOR ( 'NONE', #3836, 1000.000000000000000 ) ;
#2337 = DIRECTION ( 'NONE',  ( 0.000000000000000000, 0.000000000000000000, -1.000000000000000000 ) ) ;
#2338 = EDGE_LOOP ( 'NONE', ( #2905, #356, #1333, #1927 ) ) ;
#2339 = ORIENTED_EDGE ( 'NONE', *, *, #2582, .F. ) ;
#2340 = DIRECTION ( 'NONE',  ( -0.000000000000000000, 1.000000000000000000, -0.000000000000000000 ) ) ;
#2341 = EDGE_CURVE ( 'NONE', #3928, #1717, #1030, .T. ) ;
#2342 = DIRECTION ( 'NONE',  ( 1.000000000000000000, 0.000000000000000000, 0.000000000000000000 ) ) ;
#2343 = LINE ( 'NONE', #1785, #2900 ) ;
#2344 = CARTESIAN_POINT ( 'NONE',  ( 12.90000000000002700, 1.999999999999998224, -17.89999999999999858 ) ) ;
#2345 = DIRECTION ( 'NONE',  ( 0.09950371902100506316, -0.9950371902099884869, 0.000000000000000000 ) ) ;
#2346 = EDGE_CURVE ( 'NONE', #3006, #3328, #3548, .T. ) ;
#2347 = EDGE_CURVE ( 'NONE', #1183, #3155, #106, .T. ) ;
#2348 = CYLINDRICAL_SURFACE ( 'NONE', #1789, 1.000000000000000888 ) ;
#2349 = ORIENTED_EDGE ( 'NONE', *, *, #1629, .F. ) ;
#2350 = CARTESIAN_POINT ( 'NONE',  ( 8.000000000000012434, 4.000000000000000000, 20.69999999999997797 ) ) ;
#2351 = DIRECTION ( 'NONE',  ( 0.000000000000000000, -1.000000000000000000, 0.000000000000000000 ) ) ;
#2352 = ORIENTED_EDGE ( 'NONE', *, *, #3184, .T. ) ;
#2353 = CARTESIAN_POINT ( 'NONE',  ( -8.000000000000017764, -0.8999999999999998002, -19.89999999999998082 ) ) ;
#2354 = ORIENTED_EDGE ( 'NONE', *, *, #3236, .T. ) ;
#2355 = CARTESIAN_POINT ( 'NONE',  ( 11.00000000000002487, 1.999999999999998224, -20.89999999999999503 ) ) ;
#2356 = ORIENTED_EDGE ( 'NONE', *, *, #1207, .T. ) ;
#2357 = ORIENTED_EDGE ( 'NONE', *, *, #552, .T. ) ;
#2358 = ORIENTED_EDGE ( 'NONE', *, *, #2913, .T. ) ;
#2359 = EDGE_CURVE ( 'NONE', #3513, #1164, #704, .T. ) ;
#2360 = CARTESIAN_POINT ( 'NONE',  ( -35.19999999999999574, 1.999999999999999112, 16.89999999999999858 ) ) ;
#2361 = DIRECTION ( 'NONE',  ( 0.000000000000000000, 0.000000000000000000, 1.000000000000000000 ) ) ;
#2362 = DIRECTION ( 'NONE',  ( 0.000000000000000000, -1.000000000000000000, 0.000000000000000000 ) ) ;
#2363 = PRESENTATION_STYLE_ASSIGNMENT (( #1437 ) ) ;
#2364 = DIRECTION ( 'NONE',  ( 0.000000000000000000, 0.000000000000000000, 1.000000000000000000 ) ) ;
#2365 = CARTESIAN_POINT ( 'NONE',  ( 11.00000000000002487, 9.745432968889293335, -20.89999999999999503 ) ) ;
#2366 = DIRECTION ( 'NONE',  ( 0.000000000000000000, 0.000000000000000000, -1.000000000000000000 ) ) ;
#2367 = AXIS2_PLACEMENT_3D ( 'NONE', #1512, #848, #230 ) ;
#2368 = DIRECTION ( 'NONE',  ( -0.000000000000000000, 1.000000000000000000, -0.000000000000000000 ) ) ;
#2369 = DIRECTION ( 'NONE',  ( 0.000000000000000000, -1.000000000000000000, 0.000000000000000000 ) ) ;
#2370 = VECTOR ( 'NONE', #1520, 1000.000000000000000 ) ;
#2371 = VERTEX_POINT ( 'NONE', #2111 ) ;
#2372 = CARTESIAN_POINT ( 'NONE',  ( -7.200000000000035705, 4.000000000000000000, 19.89999999999998082 ) ) ;
#2373 = ORIENTED_EDGE ( 'NONE', *, *, #66, .T. ) ;
#2374 = ORIENTED_EDGE ( 'NONE', *, *, #2504, .F. ) ;
#2375 = ORIENTED_EDGE ( 'NONE', *, *, #2094, .F. ) ;
#2376 = DIRECTION ( 'NONE',  ( -1.000000000000000000, 0.000000000000000000, 1.938238520644477406E-16 ) ) ;
#2377 = CIRCLE ( 'NONE', #3741, 0.7999999999999847233 ) ;
#2378 = DIRECTION ( 'NONE',  ( 1.000000000000000000, 0.000000000000000000, 0.000000000000000000 ) ) ;
#2379 = PLANE ( 'NONE',  #834 ) ;
#2380 = CIRCLE ( 'NONE', #636, 0.5000000000000004441 ) ;
#2381 = FACE_OUTER_BOUND ( 'NONE', #612, .T. ) ;
#2382 = VECTOR ( 'NONE', #3261, 1000.000000000000000 ) ;
#2383 = FACE_OUTER_BOUND ( 'NONE', #2327, .T. ) ;
#2384 = EDGE_CURVE ( 'NONE', #2160, #2463, #1208, .T. ) ;
#2385 = ORIENTED_EDGE ( 'NONE', *, *, #946, .T. ) ;
#2386 = DIRECTION ( 'NONE',  ( 0.000000000000000000, 0.000000000000000000, -1.000000000000000000 ) ) ;
#2387 = ORIENTED_EDGE ( 'NONE', *, *, #3002, .T. ) ;
#2388 = CARTESIAN_POINT ( 'NONE',  ( 34.20000000000000284, 4.000000000000000000, -17.89999999999999858 ) ) ;
#2389 = DIRECTION ( 'NONE',  ( -1.000000000000000000, 0.000000000000000000, -0.000000000000000000 ) ) ;
#2390 = AXIS2_PLACEMENT_3D ( 'NONE', #2571, #1641, #713 ) ;
#2391 = PRESENTATION_STYLE_ASSIGNMENT (( #1776 ) ) ;
#2392 = ORIENTED_EDGE ( 'NONE', *, *, #3722, .F. ) ;
#2393 = ADVANCED_FACE ( 'NONE', ( #3684 ), #2752, .F. ) ;
#2394 = DIRECTION ( 'NONE',  ( -0.000000000000000000, -1.000000000000000000, -0.000000000000000000 ) ) ;
#2395 = EDGE_CURVE ( 'NONE', #3135, #2934, #443, .T. ) ;
#2396 = ORIENTED_EDGE ( 'NONE', *, *, #2238, .T. ) ;
#2397 = VERTEX_POINT ( 'NONE', #2678 ) ;
#2398 = LINE ( 'NONE', #252, #2313 ) ;
#2399 = CARTESIAN_POINT ( 'NONE',  ( -11.00000000000002487, 1.999999999999998224, -19.99999999999998224 ) ) ;
#2400 = VECTOR ( 'NONE', #3710, 1000.000000000000000 ) ;
#2401 = LINE ( 'NONE', #1469, #2568 ) ;
#2402 = DIRECTION ( 'NONE',  ( 0.000000000000000000, 0.000000000000000000, -1.000000000000000000 ) ) ;
#2403 = DIRECTION ( 'NONE',  ( -1.000000000000000000, 0.000000000000000000, 0.000000000000000000 ) ) ;
#2404 = ORIENTED_EDGE ( 'NONE', *, *, #2328, .T. ) ;
#2405 = EDGE_CURVE ( 'NONE', #3151, #3259, #573, .T. ) ;
#2406 = ORIENTED_EDGE ( 'NONE', *, *, #1943, .F. ) ;
#2407 = CARTESIAN_POINT ( 'NONE',  ( -6.000000000000019540, 0.000000000000000000, 18.89999999999999858 ) ) ;
#2408 = DIRECTION ( 'NONE',  ( -0.000000000000000000, 1.000000000000000000, -0.000000000000000000 ) ) ;
#2409 =( LENGTH_UNIT ( ) NAMED_UNIT ( * ) SI_UNIT ( .MILLI., .METRE. ) );
#2410 = ORIENTED_EDGE ( 'NONE', *, *, #3953, .F. ) ;
#2411 = CARTESIAN_POINT ( 'NONE',  ( 0.000000000000000000, -0.8999999999999998002, 20.89999999999999503 ) ) ;
#2412 = EDGE_CURVE ( 'NONE', #586, #1688, #2977, .T. ) ;
#2413 = EDGE_LOOP ( 'NONE', ( #710, #1264, #79, #3173 ) ) ;
#2414 = VERTEX_POINT ( 'NONE', #1136 ) ;
#2415 = DIRECTION ( 'NONE',  ( 1.938238520644477406E-16, 0.000000000000000000, 1.000000000000000000 ) ) ;
#2416 = LINE ( 'NONE', #3008, #1841 ) ;
#2417 = CARTESIAN_POINT ( 'NONE',  ( 0.000000000000000000, -1.399999999999999911, 19.09999999999999787 ) ) ;
#2418 = EDGE_CURVE ( 'NONE', #2414, #3049, #3744, .T. ) ;
#2419 = LINE ( 'NONE', #3665, #582 ) ;
#2420 = ORIENTED_EDGE ( 'NONE', *, *, #1732, .T. ) ;
#2421 = ORIENTED_EDGE ( 'NONE', *, *, #2112, .T. ) ;
#2422 = LINE ( 'NONE', #2175, #165 ) ;
#2423 = DIRECTION ( 'NONE',  ( -0.000000000000000000, 1.000000000000000000, -0.000000000000000000 ) ) ;
#2424 = AXIS2_PLACEMENT_3D ( 'NONE', #1475, #2722, #1497 ) ;
#2425 = CARTESIAN_POINT ( 'NONE',  ( -35.19999999999999574, 0.000000000000000000, 17.89999999999999858 ) ) ;
#2426 = ORIENTED_EDGE ( 'NONE', *, *, #662, .T. ) ;
#2427 = FACE_OUTER_BOUND ( 'NONE', #1621, .T. ) ;
#2428 = VECTOR ( 'NONE', #2378, 1000.000000000000000 ) ;
#2429 = ORIENTED_EDGE ( 'NONE', *, *, #2665, .T. ) ;
#2430 = EDGE_LOOP ( 'NONE', ( #3338, #2729, #1542, #998, #2767, #272 ) ) ;
#2431 = DIRECTION ( 'NONE',  ( 0.000000000000000000, 0.000000000000000000, -1.000000000000000000 ) ) ;
#2432 = DIRECTION ( 'NONE',  ( -0.000000000000000000, 1.000000000000000000, -0.000000000000000000 ) ) ;
#2433 = CARTESIAN_POINT ( 'NONE',  ( -7.000000000000017764, 0.000000000000000000, -19.89999999999997016 ) ) ;
#2434 = AXIS2_PLACEMENT_3D ( 'NONE', #920, #2483, #3062 ) ;
#2435 = FACE_OUTER_BOUND ( 'NONE', #658, .T. ) ;
#2436 = AXIS2_PLACEMENT_3D ( 'NONE', #1138, #2000, #1100 ) ;
#2437 = CARTESIAN_POINT ( 'NONE',  ( 12.90000000000002345, 0.000000000000000000, 17.89999999999999858 ) ) ;
#2438 = EDGE_LOOP ( 'NONE', ( #3675, #145, #2396, #518 ) ) ;
#2439 = TOROIDAL_SURFACE ( 'NONE', #2647, 0.5000000000000000000, 0.5000000000000000000 ) ;
#2440 = EDGE_CURVE ( 'NONE', #2626, #654, #1540, .T. ) ;
#2441 = CIRCLE ( 'NONE', #3420, 1.000000000000000888 ) ;
#2442 = AXIS2_PLACEMENT_3D ( 'NONE', #2093, #1730, #830 ) ;
#2443 = MANIFOLD_SOLID_BREP ( '圆角8', #2904 ) ;
#2444 = ORIENTED_EDGE ( 'NONE', *, *, #419, .F. ) ;
#2445 = CIRCLE ( 'NONE', #3885, 1.000000000000000888 ) ;
#2446 = FACE_OUTER_BOUND ( 'NONE', #516, .T. ) ;
#2447 = CARTESIAN_POINT ( 'NONE',  ( 34.20000000000000995, 4.000000000000000000, 17.69999999999998508 ) ) ;
#2448 = ADVANCED_FACE ( 'NONE', ( #2381 ), #3989, .T. ) ;
#2449 = CARTESIAN_POINT ( 'NONE',  ( 35.20000000000000284, 0.000000000000000000, -17.89999999999999858 ) ) ;
#2450 = ORIENTED_EDGE ( 'NONE', *, *, #1018, .F. ) ;
#2451 = EDGE_CURVE ( 'NONE', #2042, #441, #3882, .T. ) ;
#2452 = DIRECTION ( 'NONE',  ( 0.000000000000000000, 0.000000000000000000, -1.000000000000000000 ) ) ;
#2453 = ORIENTED_EDGE ( 'NONE', *, *, #3424, .F. ) ;
#2454 = ORIENTED_EDGE ( 'NONE', *, *, #1345, .T. ) ;
#2455 = DIRECTION ( 'NONE',  ( 0.000000000000000000, 0.000000000000000000, -1.000000000000000000 ) ) ;
#2456 = CIRCLE ( 'NONE', #697, 1.000000000000000888 ) ;
#2457 = ADVANCED_FACE ( 'NONE', ( #2435 ), #3484, .T. ) ;
#2458 = CARTESIAN_POINT ( 'NONE',  ( 34.20000000000000995, 0.000000000000000000, 17.89999999999999858 ) ) ;
#2459 = CARTESIAN_POINT ( 'NONE',  ( -7.000000000000021316, 0.000000000000000000, 19.89999999999998082 ) ) ;
#2460 = EDGE_CURVE ( 'NONE', #2514, #1164, #3955, .T. ) ;
#2461 = CIRCLE ( 'NONE', #3831, 0.5000000000000004441 ) ;
#2462 = LINE ( 'NONE', #3702, #3023 ) ;
#2463 = VERTEX_POINT ( 'NONE', #276 ) ;
#2464 = VECTOR ( 'NONE', #2797, 1000.000000000000000 ) ;
#2465 = ORIENTED_EDGE ( 'NONE', *, *, #790, .T. ) ;
#2466 = DIRECTION ( 'NONE',  ( 0.000000000000000000, 0.000000000000000000, 1.000000000000000000 ) ) ;
#2467 = FACE_OUTER_BOUND ( 'NONE', #187, .T. ) ;
#2468 = CARTESIAN_POINT ( 'NONE',  ( 8.000000000000012434, 4.000000000000000000, 20.69999999999997797 ) ) ;
#2469 = ORIENTED_EDGE ( 'NONE', *, *, #1083, .F. ) ;
#2470 = PLANE ( 'NONE',  #1679 ) ;
#2471 = ORIENTED_EDGE ( 'NONE', *, *, #1931, .T. ) ;
#2472 = EDGE_LOOP ( 'NONE', ( #3059, #1791, #412, #968 ) ) ;
#2473 = FACE_OUTER_BOUND ( 'NONE', #1212, .T. ) ;
#2474 = FACE_OUTER_BOUND ( 'NONE', #2828, .T. ) ;
#2475 = VECTOR ( 'NONE', #983, 1000.000000000000000 ) ;
#2476 = DIRECTION ( 'NONE',  ( -0.000000000000000000, 1.000000000000000000, -0.000000000000000000 ) ) ;
#2477 = DIRECTION ( 'NONE',  ( 0.000000000000000000, 0.000000000000000000, -1.000000000000000000 ) ) ;
#2478 = VERTEX_POINT ( 'NONE', #1514 ) ;
#2479 = EDGE_CURVE ( 'NONE', #1781, #1446, #2994, .T. ) ;
#2480 = EDGE_LOOP ( 'NONE', ( #121, #1198, #3529, #1366 ) ) ;
#2481 = CARTESIAN_POINT ( 'NONE',  ( 11.90000000000001634, 1.999999999999999112, 19.99999999999999645 ) ) ;
#2482 = EDGE_CURVE ( 'NONE', #1175, #1616, #1886, .T. ) ;
#2483 = DIRECTION ( 'NONE',  ( -0.000000000000000000, 1.000000000000000000, -0.000000000000000000 ) ) ;
#2484 = CARTESIAN_POINT ( 'NONE',  ( -7.005012562893397465, 0.000000000000000000, -19.99999999999998224 ) ) ;
#2485 = DIRECTION ( 'NONE',  ( -0.09950371902100590971, 0.9950371902099883759, -1.726114373327264784E-15 ) ) ;
#2486 = ORIENTED_EDGE ( 'NONE', *, *, #304, .F. ) ;
#2487 = DIRECTION ( 'NONE',  ( -4.857225732735059864E-14, -1.000000000000000000, 0.000000000000000000 ) ) ;
#2488 = ORIENTED_EDGE ( 'NONE', *, *, #2523, .F. ) ;
#2489 = EDGE_CURVE ( 'NONE', #4000, #3151, #2151, .T. ) ;
#2490 = ORIENTED_EDGE ( 'NONE', *, *, #1629, .T. ) ;
#2491 = DIRECTION ( 'NONE',  ( 0.000000000000000000, 0.000000000000000000, -1.000000000000000000 ) ) ;
#2492 = CARTESIAN_POINT ( 'NONE',  ( 8.000000000000010658, -0.9000000000000000222, 19.09999999999999787 ) ) ;
#2493 = AXIS2_PLACEMENT_3D ( 'NONE', #166, #665, #3580 ) ;
#2494 = CARTESIAN_POINT ( 'NONE',  ( -6.000000000000019540, 4.000000000000000000, 17.69999999999998508 ) ) ;
#2495 = EDGE_CURVE ( 'NONE', #1889, #965, #3415, .T. ) ;
#2496 = CARTESIAN_POINT ( 'NONE',  ( -11.90000000000002345, 0.000000000000000000, -19.99999999999998224 ) ) ;
#2497 = CIRCLE ( 'NONE', #3347, 0.5000000000000004441 ) ;
#2498 = ORIENTED_EDGE ( 'NONE', *, *, #1550, .T. ) ;
#2499 = CIRCLE ( 'NONE', #1593, 0.5000000000000004441 ) ;
#2500 = EDGE_CURVE ( 'NONE', #500, #409, #1004, .T. ) ;
#2501 = CONICAL_SURFACE ( 'NONE', #1094, 0.6999999999999853006, 0.09966865249116907410 ) ;
#2502 = CIRCLE ( 'NONE', #1276, 1.000000000000000888 ) ;
#2503 = ORIENTED_EDGE ( 'NONE', *, *, #2328, .F. ) ;
#2504 = EDGE_CURVE ( 'NONE', #355, #3800, #244, .T. ) ;
#2505 = FACE_OUTER_BOUND ( 'NONE', #3958, .T. ) ;
#2506 = AXIS2_PLACEMENT_3D ( 'NONE', #2193, #1547, #1842 ) ;
#2507 = VECTOR ( 'NONE', #3918, 1000.000000000000000 ) ;
#2508 = DIRECTION ( 'NONE',  ( 8.673617379884138024E-15, 0.000000000000000000, -1.000000000000000000 ) ) ;
#2509 = CIRCLE ( 'NONE', #1285, 0.5000000000000004441 ) ;
#2510 = VECTOR ( 'NONE', #3985, 1000.000000000000000 ) ;
#2511 = DIRECTION ( 'NONE',  ( -1.000000000000000000, 0.000000000000000000, 0.000000000000000000 ) ) ;
#2512 = CARTESIAN_POINT ( 'NONE',  ( 12.90000000000002345, 1.999999999999998668, 18.89999999999999858 ) ) ;
#2513 = ADVANCED_FACE ( 'NONE', ( #43 ), #1906, .T. ) ;
#2514 = VERTEX_POINT ( 'NONE', #3073 ) ;
#2515 = CARTESIAN_POINT ( 'NONE',  ( 6.000000000000026645, 4.000000000000000000, 17.69999999999998508 ) ) ;
#2516 = VERTEX_POINT ( 'NONE', #2459 ) ;
#2517 = ORIENTED_EDGE ( 'NONE', *, *, #1820, .F. ) ;
#2518 = ORIENTED_EDGE ( 'NONE', *, *, #3175, .F. ) ;
#2519 = DIRECTION ( 'NONE',  ( 0.000000000000000000, 0.000000000000000000, 1.000000000000000000 ) ) ;
#2520 = CIRCLE ( 'NONE', #1293, 1.000000000000000888 ) ;
#2521 = EDGE_CURVE ( 'NONE', #3470, #3372, #19, .T. ) ;
#2522 = CARTESIAN_POINT ( 'NONE',  ( -33.99999999999999289, 1.500000000000000000, 15.69999999999999929 ) ) ;
#2523 = EDGE_CURVE ( 'NONE', #2007, #1889, #1864, .T. ) ;
#2524 = ORIENTED_EDGE ( 'NONE', *, *, #1637, .T. ) ;
#2525 = VECTOR ( 'NONE', #512, 1000.000000000000000 ) ;
#2526 = ORIENTED_EDGE ( 'NONE', *, *, #24, .T. ) ;
#2527 = CARTESIAN_POINT ( 'NONE',  ( 6.000000000000025757, 4.000000000000000000, 17.89999999999999858 ) ) ;
#2528 = CARTESIAN_POINT ( 'NONE',  ( -34.20000000000000284, 0.000000000000000000, -16.89999999999999858 ) ) ;
#2529 = ORIENTED_EDGE ( 'NONE', *, *, #741, .F. ) ;
#2530 = CARTESIAN_POINT ( 'NONE',  ( 7.000000000000024869, 1.999999999999998668, -18.89999999999999858 ) ) ;
#2531 = CIRCLE ( 'NONE', #793, 0.5000000000000004441 ) ;
#2532 = ORIENTED_EDGE ( 'NONE', *, *, #3210, .T. ) ;
#2533 = CARTESIAN_POINT ( 'NONE',  ( 11.00000000000001776, 4.000000000000000000, 19.99999999999999645 ) ) ;
#2534 = EDGE_CURVE ( 'NONE', #2516, #1425, #1793, .T. ) ;
#2535 = CARTESIAN_POINT ( 'NONE',  ( -11.00000000000001776, -0.8999999999999998002, 20.89999999999998082 ) ) ;
#2536 = ORIENTED_EDGE ( 'NONE', *, *, #471, .F. ) ;
#2537 = CARTESIAN_POINT ( 'NONE',  ( 7.200000000000026823, 4.000000000000000000, 19.89999999999998792 ) ) ;
#2538 = LINE ( 'NONE', #2515, #969 ) ;
#2539 = ORIENTED_EDGE ( 'NONE', *, *, #191, .T. ) ;
#2540 = ORIENTED_EDGE ( 'NONE', *, *, #1271, .T. ) ;
#2541 = DIRECTION ( 'NONE',  ( 0.000000000000000000, 0.000000000000000000, -1.000000000000000000 ) ) ;
#2542 = CARTESIAN_POINT ( 'NONE',  ( 33.00000000000000711, 1.500000000000000000, 16.19999999999999929 ) ) ;
#2543 = EDGE_LOOP ( 'NONE', ( #1770, #922, #2842, #2209 ) ) ;
#2544 = EDGE_LOOP ( 'NONE', ( #391, #840, #1884, #2488 ) ) ;
#2545 = CARTESIAN_POINT ( 'NONE',  ( -32.99999999999999289, 4.000000000000000000, 16.69999999999999929 ) ) ;
#2546 = DIRECTION ( 'NONE',  ( -0.000000000000000000, 1.000000000000000000, -0.000000000000000000 ) ) ;
#2547 = CARTESIAN_POINT ( 'NONE',  ( -32.99999999999999289, 1.500000000000000000, 16.69999999999999929 ) ) ;
#2548 = EDGE_CURVE ( 'NONE', #1443, #1600, #2116, .T. ) ;
#2549 = CARTESIAN_POINT ( 'NONE',  ( 7.000000000000024869, 9.745432968889293335, -20.89999999999999503 ) ) ;
#2550 = CARTESIAN_POINT ( 'NONE',  ( -7.200000000000035705, 4.000000000000000000, 18.89999999999999858 ) ) ;
#2551 = ORIENTED_EDGE ( 'NONE', *, *, #436, .T. ) ;
#2552 = CARTESIAN_POINT ( 'NONE',  ( -8.000000000000015987, -1.399999999999999911, -19.59999999999999787 ) ) ;
#2553 = DIRECTION ( 'NONE',  ( 0.000000000000000000, 0.000000000000000000, 1.000000000000000000 ) ) ;
#2554 = ORIENTED_EDGE ( 'NONE', *, *, #543, .F. ) ;
#2555 = CARTESIAN_POINT ( 'NONE',  ( -11.00000000000001776, 4.000000000000000000, 20.69999999999996732 ) ) ;
#2556 = CARTESIAN_POINT ( 'NONE',  ( -8.000000000000015987, 0.000000000000000000, -20.10000000000000142 ) ) ;
#2557 = ORIENTED_EDGE ( 'NONE', *, *, #2578, .F. ) ;
#2558 = DIRECTION ( 'NONE',  ( 0.000000000000000000, 0.000000000000000000, -1.000000000000000000 ) ) ;
#2559 = VECTOR ( 'NONE', #2610, 1000.000000000000000 ) ;
#2560 = CARTESIAN_POINT ( 'NONE',  ( -7.000000000000025757, 1.999999999999998224, -18.90000000000000924 ) ) ;
#2561 = DIRECTION ( 'NONE',  ( 0.000000000000000000, -1.000000000000000000, 0.000000000000000000 ) ) ;
#2562 = COLOUR_RGB ( '',1.000000000000000000, 1.000000000000000000, 1.000000000000000000 ) ;
#2563 = DIRECTION ( 'NONE',  ( -0.000000000000000000, -1.000000000000000000, -0.000000000000000000 ) ) ;
#2564 = ADVANCED_FACE ( 'NONE', ( #3107 ), #2214, .T. ) ;
#2565 = CARTESIAN_POINT ( 'NONE',  ( 11.90000000000013358, 0.000000000000000000, 6.881069788041418953E-14 ) ) ;
#2566 = PLANE ( 'NONE',  #2924 ) ;
#2567 = VECTOR ( 'NONE', #420, 1000.000000000000000 ) ;
#2568 = VECTOR ( 'NONE', #2072, 1000.000000000000000 ) ;
#2569 = ORIENTED_EDGE ( 'NONE', *, *, #2384, .F. ) ;
#2570 = CARTESIAN_POINT ( 'NONE',  ( -8.000000000000021316, -1.399999999999999911, 20.10000000000000142 ) ) ;
#2571 = CARTESIAN_POINT ( 'NONE',  ( -11.00000000000002487, -1.399999999999999911, -19.99999999999998224 ) ) ;
#2572 = CIRCLE ( 'NONE', #3482, 0.7999999999999882760 ) ;
#2573 = ORIENTED_EDGE ( 'NONE', *, *, #425, .T. ) ;
#2574 = CIRCLE ( 'NONE', #1602, 1.000000000000000888 ) ;
#2575 = EDGE_CURVE ( 'NONE', #16, #3928, #1309, .T. ) ;
#2576 = VECTOR ( 'NONE', #639, 1000.000000000000000 ) ;
#2577 = DIRECTION ( 'NONE',  ( 0.000000000000000000, -1.000000000000000000, 0.000000000000000000 ) ) ;
#2578 = EDGE_CURVE ( 'NONE', #995, #1357, #3681, .T. ) ;
#2579 = VERTEX_POINT ( 'NONE', #353 ) ;
#2580 = DIRECTION ( 'NONE',  ( -0.000000000000000000, 1.000000000000000000, -0.000000000000000000 ) ) ;
#2581 = ORIENTED_EDGE ( 'NONE', *, *, #2384, .T. ) ;
#2582 = EDGE_CURVE ( 'NONE', #939, #2143, #1246, .T. ) ;
#2583 = CARTESIAN_POINT ( 'NONE',  ( -8.000000000000021316, 9.745432968889293335, 19.89999999999998082 ) ) ;
#2584 = CARTESIAN_POINT ( 'NONE',  ( -8.000000000000021316, 9.745432968889293335, 20.10000000000000142 ) ) ;
#2585 = DIRECTION ( 'NONE',  ( -0.09950371902100506316, 0.9950371902099884869, 0.000000000000000000 ) ) ;
#2586 = VECTOR ( 'NONE', #3509, 1000.000000000000227 ) ;
#2587 = ORIENTED_EDGE ( 'NONE', *, *, #2154, .F. ) ;
#2588 = CARTESIAN_POINT ( 'NONE',  ( -12.90000000000002522, 4.000000000000000000, -17.89999999999999858 ) ) ;
#2589 = DIRECTION ( 'NONE',  ( 0.000000000000000000, 0.000000000000000000, -1.000000000000000000 ) ) ;
#2590 = PLANE ( 'NONE',  #761 ) ;
#2591 = CARTESIAN_POINT ( 'NONE',  ( 0.000000000000000000, 0.000000000000000000, 0.000000000000000000 ) ) ;
#2592 = VECTOR ( 'NONE', #460, 1000.000000000000114 ) ;
#2593 = VECTOR ( 'NONE', #815, 1000.000000000000000 ) ;
#2594 = CARTESIAN_POINT ( 'NONE',  ( 0.000000000000000000, -1.399999999999999911, 19.09999999999999787 ) ) ;
#2595 = ORIENTED_EDGE ( 'NONE', *, *, #2871, .F. ) ;
#2596 = DIRECTION ( 'NONE',  ( 0.000000000000000000, 0.000000000000000000, -1.000000000000000000 ) ) ;
#2597 = CARTESIAN_POINT ( 'NONE',  ( -33.99999999999999289, 0.000000000000000000, 15.69999999999999929 ) ) ;
#2598 = EDGE_CURVE ( 'NONE', #3277, #3847, #2830, .T. ) ;
#2599 = ORIENTED_EDGE ( 'NONE', *, *, #3248, .T. ) ;
#2600 = AXIS2_PLACEMENT_3D ( 'NONE', #2329, #3571, #2702 ) ;
#2601 = EDGE_CURVE ( 'NONE', #2768, #3820, #3719, .T. ) ;
#2602 = DIRECTION ( 'NONE',  ( 0.000000000000000000, 0.000000000000000000, -1.000000000000000000 ) ) ;
#2603 = B_SPLINE_CURVE_WITH_KNOTS ( 'NONE', 3,
 ( #3932, #1150, #3916, #3031, #3641, #3660 ),
 .UNSPECIFIED., .F., .F.,
 ( 4, 2, 4 ),
 ( 1.084202172485504434E-19, 0.0003927252244376911610, 0.0007854504488753822136 ),
 .UNSPECIFIED. ) ;
#2604 = ORIENTED_EDGE ( 'NONE', *, *, #3368, .T. ) ;
#2605 = CARTESIAN_POINT ( 'NONE',  ( 11.00000000000001776, 4.000000000000000000, 20.69999999999998153 ) ) ;
#2606 = ORIENTED_EDGE ( 'NONE', *, *, #184, .T. ) ;
#2607 = ORIENTED_EDGE ( 'NONE', *, *, #2062, .F. ) ;
#2608 = CARTESIAN_POINT ( 'NONE',  ( -32.99999999999999289, 4.000000000000000000, 15.69999999999999929 ) ) ;
#2609 = AXIS2_PLACEMENT_3D ( 'NONE', #1997, #2897, #151 ) ;
#2610 = DIRECTION ( 'NONE',  ( 0.000000000000000000, -1.000000000000000000, 0.000000000000000000 ) ) ;
#2611 = CARTESIAN_POINT ( 'NONE',  ( 11.00000000000002487, -1.399999999999999911, -19.59999999999999787 ) ) ;
#2612 = CARTESIAN_POINT ( 'NONE',  ( 11.90000000000002345, 1.999999999999998224, -19.99999999999999645 ) ) ;
#2613 = ORIENTED_EDGE ( 'NONE', *, *, #3780, .F. ) ;
#2614 = DIRECTION ( 'NONE',  ( 0.000000000000000000, -0.9950371902099895971, -0.09950371902099412746 ) ) ;
#2615 = DIRECTION ( 'NONE',  ( -0.000000000000000000, 1.000000000000000000, -0.000000000000000000 ) ) ;
#2616 = ADVANCED_FACE ( 'NONE', ( #2810 ), #3768, .F. ) ;
#2617 = DIRECTION ( 'NONE',  ( 0.000000000000000000, -1.000000000000000000, 0.000000000000000000 ) ) ;
#2618 = DIRECTION ( 'NONE',  ( 0.000000000000000000, 0.000000000000000000, -1.000000000000000000 ) ) ;
#2619 = CARTESIAN_POINT ( 'NONE',  ( 34.20000000000000284, 4.000000000000000000, 15.69999999999999929 ) ) ;
#2620 = CARTESIAN_POINT ( 'NONE',  ( -8.000000000000021316, 0.000000000000000000, 20.10000000000000142 ) ) ;
#2621 = EDGE_LOOP ( 'NONE', ( #2961, #268, #1986, #3723 ) ) ;
#2622 = DIRECTION ( 'NONE',  ( 1.000000000000000000, -0.000000000000000000, -0.000000000000000000 ) ) ;
#2623 = ORIENTED_EDGE ( 'NONE', *, *, #1090, .T. ) ;
#2624 = CARTESIAN_POINT ( 'NONE',  ( 11.90000000000002345, 0.000000000000000000, 18.89999999999999147 ) ) ;
#2625 = EDGE_CURVE ( 'NONE', #52, #3230, #703, .T. ) ;
#2626 = VERTEX_POINT ( 'NONE', #1367 ) ;
#2627 = ORIENTED_EDGE ( 'NONE', *, *, #3615, .T. ) ;
#2628 = CARTESIAN_POINT ( 'NONE',  ( -11.90000000000013358, 1.999999999999998224, 6.881069788041464391E-14 ) ) ;
#2629 = CYLINDRICAL_SURFACE ( 'NONE', #3602, 0.5000000000000004441 ) ;
#2630 = PLANE ( 'NONE',  #2305 ) ;
#2631 = AXIS2_PLACEMENT_3D ( 'NONE', #506, #196, #563 ) ;
#2632 = FACE_OUTER_BOUND ( 'NONE', #4002, .T. ) ;
#2633 = ADVANCED_FACE ( 'NONE', ( #1045 ), #2246, .F. ) ;
#2634 = FACE_OUTER_BOUND ( 'NONE', #3364, .T. ) ;
#2635 = VECTOR ( 'NONE', #2294, 1000.000000000000000 ) ;
#2636 = DIRECTION ( 'NONE',  ( -1.000000000000000000, 0.000000000000000000, 0.000000000000000000 ) ) ;
#2637 = EDGE_CURVE ( 'NONE', #1896, #2911, #1089, .T. ) ;
#2638 = DIRECTION ( 'NONE',  ( 0.000000000000000000, 0.000000000000000000, -1.000000000000000000 ) ) ;
#2639 = AXIS2_PLACEMENT_3D ( 'NONE', #1195, #2423, #298 ) ;
#2640 = VECTOR ( 'NONE', #1671, 1000.000000000000000 ) ;
#2641 = CARTESIAN_POINT ( 'NONE',  ( -35.19999999999999574, 1.999999999999998668, 17.89999999999999858 ) ) ;
#2642 = ORIENTED_EDGE ( 'NONE', *, *, #2292, .T. ) ;
#2643 = EDGE_CURVE ( 'NONE', #3202, #1443, #2317, .T. ) ;
#2644 = CARTESIAN_POINT ( 'NONE',  ( -35.20000000000000284, 0.000000000000000000, -17.89999999999999858 ) ) ;
#2645 = CONICAL_SURFACE ( 'NONE', #699, 1.199999999999999734, 0.09966865249115765268 ) ;
#2646 = ORIENTED_EDGE ( 'NONE', *, *, #2440, .F. ) ;
#2647 = AXIS2_PLACEMENT_3D ( 'NONE', #1463, #1745, #3948 ) ;
#2648 = AXIS2_PLACEMENT_3D ( 'NONE', #2628, #1990, #3516 ) ;
#2649 = CARTESIAN_POINT ( 'NONE',  ( 6.000000000000025757, 4.000000000000000000, -18.89999999999999858 ) ) ;
#2650 = EDGE_LOOP ( 'NONE', ( #323, #2486, #1920, #1505 ) ) ;
#2651 = CIRCLE ( 'NONE', #3295, 0.5000000000000004441 ) ;
#2652 = VERTEX_POINT ( 'NONE', #164 ) ;
#2653 = CARTESIAN_POINT ( 'NONE',  ( -34.20000000000000284, 1.999999999999998668, -16.89999999999999858 ) ) ;
#2654 = EDGE_CURVE ( 'NONE', #564, #3788, #463, .T. ) ;
#2655 = AXIS2_PLACEMENT_3D ( 'NONE', #2786, #1880, #2455 ) ;
#2656 = EDGE_CURVE ( 'NONE', #3976, #3589, #3178, .T. ) ;
#2657 = DIRECTION ( 'NONE',  ( 0.000000000000000000, 0.000000000000000000, -1.000000000000000000 ) ) ;
#2658 = CARTESIAN_POINT ( 'NONE',  ( -35.20000000000000284, 1.999999999999998668, -17.89999999999999858 ) ) ;
#2659 = LINE ( 'NONE', #3582, #2315 ) ;
#2660 = DIRECTION ( 'NONE',  ( -0.000000000000000000, 1.000000000000000000, -0.000000000000000000 ) ) ;
#2661 = DIRECTION ( 'NONE',  ( 0.000000000000000000, 0.000000000000000000, 1.000000000000000000 ) ) ;
#2662 = AXIS2_PLACEMENT_3D ( 'NONE', #2686, #1104, #1125 ) ;
#2663 = ORIENTED_EDGE ( 'NONE', *, *, #645, .T. ) ;
#2664 = LINE ( 'NONE', #2388, #3379 ) ;
#2665 = EDGE_CURVE ( 'NONE', #1525, #1465, #3868, .T. ) ;
#2666 = FACE_OUTER_BOUND ( 'NONE', #2472, .T. ) ;
#2667 = ORIENTED_EDGE ( 'NONE', *, *, #1499, .F. ) ;
#2668 = CONICAL_SURFACE ( 'NONE', #919, 0.8999999999999980238, 0.09966865249116821368 ) ;
#2669 = CARTESIAN_POINT ( 'NONE',  ( 11.00000000000001776, 9.745432968889293335, 19.99999999999999645 ) ) ;
#2670 = ORIENTED_EDGE ( 'NONE', *, *, #3480, .F. ) ;
#2671 = VECTOR ( 'NONE', #2466, 1000.000000000000000 ) ;
#2672 = CARTESIAN_POINT ( 'NONE',  ( 34.20000000000000995, 4.000000000000000000, 16.89999999999999858 ) ) ;
#2673 = ORIENTED_EDGE ( 'NONE', *, *, #916, .T. ) ;
#2674 = VERTEX_POINT ( 'NONE', #701 ) ;
#2675 = CARTESIAN_POINT ( 'NONE',  ( 12.90000000000002700, 0.000000000000000000, -18.89999999999999858 ) ) ;
#2676 = DIRECTION ( 'NONE',  ( 1.000000000000000000, 0.000000000000000000, -0.000000000000000000 ) ) ;
#2677 = CARTESIAN_POINT ( 'NONE',  ( -8.000000000000015987, -0.9000000000000000222, -19.09999999999999787 ) ) ;
#2678 = CARTESIAN_POINT ( 'NONE',  ( -35.19999999999999574, 0.000000000000000000, 16.89999999999998437 ) ) ;
#2679 = CARTESIAN_POINT ( 'NONE',  ( 12.90000000000002345, 4.000000000000000000, 18.89999999999999858 ) ) ;
#2680 = ADVANCED_FACE ( 'NONE', ( #3559 ), #397, .T. ) ;
#2681 = CARTESIAN_POINT ( 'NONE',  ( 11.00000000000002487, 4.000000000000000000, -20.69999999999998153 ) ) ;
#2682 = APPLICATION_PROTOCOL_DEFINITION ( 'draft international standard', 'automotive_design', 1998, #1340 ) ;
#2683 = ORIENTED_EDGE ( 'NONE', *, *, #1253, .F. ) ;
#2684 = CARTESIAN_POINT ( 'NONE',  ( -8.000000000000021316, 4.000000000000000000, 19.89999999999998082 ) ) ;
#2685 = VECTOR ( 'NONE', #1085, 1000.000000000000000 ) ;
#2686 = CARTESIAN_POINT ( 'NONE',  ( -32.99999999999999289, 4.000000000000000000, 15.69999999999999929 ) ) ;
#2687 = VERTEX_POINT ( 'NONE', #1066 ) ;
#2688 =( NAMED_UNIT ( * ) SI_UNIT ( $, .STERADIAN. ) SOLID_ANGLE_UNIT ( ) );
#2689 = ORIENTED_EDGE ( 'NONE', *, *, #962, .F. ) ;
#2690 = LINE ( 'NONE', #2987, #337 ) ;
#2691 = VERTEX_POINT ( 'NONE', #1964 ) ;
#2692 = ORIENTED_EDGE ( 'NONE', *, *, #2495, .F. ) ;
#2693 = DIRECTION ( 'NONE',  ( -0.000000000000000000, -1.000000000000000000, -0.000000000000000000 ) ) ;
#2694 = DIRECTION ( 'NONE',  ( 0.000000000000000000, -1.000000000000000000, 0.000000000000000000 ) ) ;
#2695 = DIRECTION ( 'NONE',  ( 0.000000000000000000, 0.000000000000000000, 1.000000000000000000 ) ) ;
#2696 = DIRECTION ( 'NONE',  ( 0.9950371902099884869, -0.09950371902100592358, 0.000000000000000000 ) ) ;
#2697 = DIRECTION ( 'NONE',  ( -1.000000000000000000, 0.000000000000000000, 0.000000000000000000 ) ) ;
#2698 = VERTEX_POINT ( 'NONE', #2291 ) ;
#2699 = DIRECTION ( 'NONE',  ( 1.000000000000000000, 0.000000000000000000, 0.000000000000000000 ) ) ;
#2700 = VERTEX_POINT ( 'NONE', #1411 ) ;
#2701 = ADVANCED_FACE ( 'NONE', ( #1022 ), #2272, .F. ) ;
#2702 = DIRECTION ( 'NONE',  ( 1.000000000000000000, 0.000000000000000000, -0.000000000000000000 ) ) ;
#2703 = CONICAL_SURFACE ( 'NONE', #1010, 1.199999999999999734, 0.09966865249115765268 ) ;
#2704 = EDGE_CURVE ( 'NONE', #2514, #1292, #836, .T. ) ;
#2705 = CARTESIAN_POINT ( 'NONE',  ( -11.90000000000013358, 0.000000000000000000, 6.881069788041464391E-14 ) ) ;
#2706 =( GEOMETRIC_REPRESENTATION_CONTEXT ( 3 ) GLOBAL_UNCERTAINTY_ASSIGNED_CONTEXT ( ( #812 ) ) GLOBAL_UNIT_ASSIGNED_CONTEXT ( ( #2409, #839, #2688 ) ) REPRESENTATION_CONTEXT ( 'NONE', 'WORKASPACE' ) );
#2707 = VECTOR ( 'NONE', #3883, 1000.000000000000000 ) ;
#2708 = EDGE_LOOP ( 'NONE', ( #1033, #1250, #620, #3075 ) ) ;
#2709 = DIRECTION ( 'NONE',  ( 1.000000000000000000, 0.000000000000000000, 0.000000000000000000 ) ) ;
#2710 = ORIENTED_EDGE ( 'NONE', *, *, #2808, .F. ) ;
#2711 = AXIS2_PLACEMENT_3D ( 'NONE', #775, #1439, #2960 ) ;
#2712 = ORIENTED_EDGE ( 'NONE', *, *, #1846, .T. ) ;
#2713 = DIRECTION ( 'NONE',  ( 0.000000000000000000, 0.000000000000000000, -1.000000000000000000 ) ) ;
#2714 = CIRCLE ( 'NONE', #3225, 1.000000000000000888 ) ;
#2715 = DIRECTION ( 'NONE',  ( 1.000000000000000000, 0.000000000000000000, 0.000000000000000000 ) ) ;
#2716 = CARTESIAN_POINT ( 'NONE',  ( -8.000000000000017764, -0.8999999999999998002, -20.89999999999998082 ) ) ;
#2717 = AXIS2_PLACEMENT_3D ( 'NONE', #1189, #3644, #870 ) ;
#2718 = VECTOR ( 'NONE', #3682, 1000.000000000000227 ) ;
#2719 = EDGE_CURVE ( 'NONE', #2869, #2687, #4005, .T. ) ;
#2720 = VECTOR ( 'NONE', #2916, 1000.000000000000000 ) ;
#2721 = AXIS2_PLACEMENT_3D ( 'NONE', #3436, #378, #3701 ) ;
#2722 = DIRECTION ( 'NONE',  ( 1.000000000000000000, 0.000000000000000000, -5.782411586589401421E-15 ) ) ;
#2723 = ORIENTED_EDGE ( 'NONE', *, *, #3368, .F. ) ;
#2724 = VECTOR ( 'NONE', #1865, 1000.000000000000000 ) ;
#2725 = ORIENTED_EDGE ( 'NONE', *, *, #2341, .F. ) ;
#2726 = DIRECTION ( 'NONE',  ( 1.156482317317871764E-14, 0.000000000000000000, -1.000000000000000000 ) ) ;
#2727 = DIRECTION ( 'NONE',  ( 0.000000000000000000, -0.09950371902100510479, -0.9950371902099885979 ) ) ;
#2728 = VECTOR ( 'NONE', #454, 1000.000000000000000 ) ;
#2729 = ORIENTED_EDGE ( 'NONE', *, *, #964, .F. ) ;
#2730 = EDGE_CURVE ( 'NONE', #118, #250, #178, .T. ) ;
#2731 = DIRECTION ( 'NONE',  ( -0.000000000000000000, 1.000000000000000000, -0.000000000000000000 ) ) ;
#2732 = ORIENTED_EDGE ( 'NONE', *, *, #3424, .T. ) ;
#2733 = EDGE_LOOP ( 'NONE', ( #1723, #307, #3431, #68 ) ) ;
#2734 = FACE_OUTER_BOUND ( 'NONE', #2127, .T. ) ;
#2735 = CARTESIAN_POINT ( 'NONE',  ( 6.000000000000025757, 1.999999999999998668, 17.89999999999999858 ) ) ;
#2736 = LINE ( 'NONE', #3661, #3812 ) ;
#2737 = CARTESIAN_POINT ( 'NONE',  ( -7.200000000000035705, 4.000000000000000000, 0.000000000000000000 ) ) ;
#2738 = CARTESIAN_POINT ( 'NONE',  ( 33.50000000000000000, 1.500000000000000000, -15.69999999999999929 ) ) ;
#2739 = ORIENTED_EDGE ( 'NONE', *, *, #1551, .F. ) ;
#2740 = ORIENTED_EDGE ( 'NONE', *, *, #485, .F. ) ;
#2741 = LINE ( 'NONE', #2481, #398 ) ;
#2742 = LINE ( 'NONE', #3669, #1786 ) ;
#2743 = DIRECTION ( 'NONE',  ( 0.000000000000000000, 0.000000000000000000, -1.000000000000000000 ) ) ;
#2744 = ORIENTED_EDGE ( 'NONE', *, *, #2293, .T. ) ;
#2745 = DIRECTION ( 'NONE',  ( -0.000000000000000000, 1.000000000000000000, -0.000000000000000000 ) ) ;
#2746 = EDGE_LOOP ( 'NONE', ( #706, #3507, #673, #2532, #3618, #2782 ) ) ;
#2747 = ORIENTED_EDGE ( 'NONE', *, *, #1461, .T. ) ;
#2748 = CARTESIAN_POINT ( 'NONE',  ( 11.00000000000001776, 1.999999999999998224, 19.99999999999999645 ) ) ;
#2749 = CARTESIAN_POINT ( 'NONE',  ( -34.19999999999999574, 0.000000000000000000, 17.89999999999999858 ) ) ;
#2750 = EDGE_CURVE ( 'NONE', #2414, #1642, #1418, .T. ) ;
#2751 = CARTESIAN_POINT ( 'NONE',  ( 33.00000000000000711, 4.000000000000000000, 15.69999999999999929 ) ) ;
#2752 = PLANE ( 'NONE',  #3160 ) ;
#2753 = LINE ( 'NONE', #604, #2724 ) ;
#2754 = ORIENTED_EDGE ( 'NONE', *, *, #1075, .F. ) ;
#2755 = ADVANCED_FACE ( 'NONE', ( #1631 ), #2870, .T. ) ;
#2756 = ADVANCED_FACE ( 'NONE', ( #3194 ), #3743, .T. ) ;
#2757 = ORIENTED_EDGE ( 'NONE', *, *, #1461, .F. ) ;
#2758 = CARTESIAN_POINT ( 'NONE',  ( -11.90000000000002345, 1.999999999999998668, -19.99999999999998224 ) ) ;
#2759 = DIRECTION ( 'NONE',  ( 0.000000000000000000, 0.000000000000000000, -1.000000000000000000 ) ) ;
#2760 = ADVANCED_FACE ( 'NONE', ( #720 ), #101, .T. ) ;
#2761 = AXIS2_PLACEMENT_3D ( 'NONE', #2679, #2660, #1120 ) ;
#2762 = CARTESIAN_POINT ( 'NONE',  ( -7.200000000000204459, 4.000000000000000000, -6.245004513516756713E-14 ) ) ;
#2763 = ORIENTED_EDGE ( 'NONE', *, *, #682, .F. ) ;
#2764 = CARTESIAN_POINT ( 'NONE',  ( -34.20000000000000284, 4.000000000000000000, -15.69999999999999929 ) ) ;
#2765 = AXIS2_PLACEMENT_3D ( 'NONE', #1452, #2676, #1784 ) ;
#2766 = ADVANCED_FACE ( 'NONE', ( #2068 ), #3050, .F. ) ;
#2767 = ORIENTED_EDGE ( 'NONE', *, *, #1177, .F. ) ;
#2768 = VERTEX_POINT ( 'NONE', #3579 ) ;
#2769 = DIRECTION ( 'NONE',  ( -1.000000000000000000, 0.000000000000000000, 0.000000000000000000 ) ) ;
#2770 = CARTESIAN_POINT ( 'NONE',  ( 8.000000000000012434, 1.999999999999998224, 20.89999999999999503 ) ) ;
#2771 = EDGE_CURVE ( 'NONE', #261, #3111, #1764, .T. ) ;
#2772 = DIRECTION ( 'NONE',  ( -5.782411586589401421E-15, 0.000000000000000000, -1.000000000000000000 ) ) ;
#2773 = VECTOR ( 'NONE', #3520, 1000.000000000000000 ) ;
#2774 = LINE ( 'NONE', #4009, #763 ) ;
#2775 = ORIENTED_EDGE ( 'NONE', *, *, #2334, .F. ) ;
#2776 = AXIS2_PLACEMENT_3D ( 'NONE', #1257, #2745, #3406 ) ;
#2777 = VECTOR ( 'NONE', #3397, 1000.000000000000000 ) ;
#2778 = VECTOR ( 'NONE', #2277, 1000.000000000000000 ) ;
#2779 = ORIENTED_EDGE ( 'NONE', *, *, #169, .F. ) ;
#2780 = CARTESIAN_POINT ( 'NONE',  ( 0.000000000000000000, 4.000000000000000000, 17.69999999999998508 ) ) ;
#2781 = DIRECTION ( 'NONE',  ( 1.000000000000000000, 0.000000000000000000, 0.000000000000000000 ) ) ;
#2782 = ORIENTED_EDGE ( 'NONE', *, *, #1914, .T. ) ;
#2783 = CARTESIAN_POINT ( 'NONE',  ( -32.99999999999999289, 4.000000000000000000, 16.89999999999999858 ) ) ;
#2784 = ORIENTED_EDGE ( 'NONE', *, *, #1911, .F. ) ;
#2785 = VERTEX_POINT ( 'NONE', #502 ) ;
#2786 = CARTESIAN_POINT ( 'NONE',  ( 8.000000000000010658, -0.9000000000000000222, 20.10000000000000142 ) ) ;
#2787 = EDGE_CURVE ( 'NONE', #481, #1879, #2441, .T. ) ;
#2788 = CARTESIAN_POINT ( 'NONE',  ( -8.000000000000021316, 4.000000000000000000, 20.69999999999996732 ) ) ;
#2789 = CARTESIAN_POINT ( 'NONE',  ( -6.000000000000025757, 4.000000000000000000, -17.89999999999999858 ) ) ;
#2790 = AXIS2_PLACEMENT_3D ( 'NONE', #2751, #638, #1261 ) ;
#2791 = AXIS2_PLACEMENT_3D ( 'NONE', #2594, #3505, #1894 ) ;
#2792 = ADVANCED_FACE ( 'NONE', ( #1511 ), #2027, .F. ) ;
#2793 = CARTESIAN_POINT ( 'NONE',  ( 11.90000000000002700, 0.000000000000000000, -18.89999999999999503 ) ) ;
#2794 = VERTEX_POINT ( 'NONE', #538 ) ;
#2795 = TOROIDAL_SURFACE ( 'NONE', #135, 0.5000000000000000000, 0.5000000000000000000 ) ;
#2796 = ORIENTED_EDGE ( 'NONE', *, *, #878, .T. ) ;
#2797 = DIRECTION ( 'NONE',  ( 0.000000000000000000, -1.000000000000000000, 0.000000000000000000 ) ) ;
#2798 = FACE_OUTER_BOUND ( 'NONE', #2650, .T. ) ;
#2799 = AXIS2_PLACEMENT_3D ( 'NONE', #3247, #3521, #3757 ) ;
#2800 = LINE ( 'NONE', #3728, #4021 ) ;
#2801 = VERTEX_POINT ( 'NONE', #1782 ) ;
#2802 = DIRECTION ( 'NONE',  ( 2.478176394252600665E-15, 0.000000000000000000, -1.000000000000000000 ) ) ;
#2803 = VERTEX_POINT ( 'NONE', #2990 ) ;
#2804 = ORIENTED_EDGE ( 'NONE', *, *, #383, .T. ) ;
#2805 = DIRECTION ( 'NONE',  ( 0.000000000000000000, 0.000000000000000000, 1.000000000000000000 ) ) ;
#2806 = DIRECTION ( 'NONE',  ( 0.000000000000000000, 0.000000000000000000, -1.000000000000000000 ) ) ;
#2807 = VECTOR ( 'NONE', #97, 1000.000000000000000 ) ;
#2808 = EDGE_CURVE ( 'NONE', #2801, #1191, #1482, .T. ) ;
#2809 = ADVANCED_FACE ( 'NONE', ( #211 ), #1218, .T. ) ;
#2810 = FACE_OUTER_BOUND ( 'NONE', #577, .T. ) ;
#2811 = FACE_OUTER_BOUND ( 'NONE', #1597, .T. ) ;
#2812 = EDGE_LOOP ( 'NONE', ( #2606, #3349, #3315, #2557 ) ) ;
#2813 = PLANE ( 'NONE',  #1266 ) ;
#2814 = CARTESIAN_POINT ( 'NONE',  ( -7.246713001619764505, -1.346717563858981448, 19.99999999999999289 ) ) ;
#2815 = EDGE_CURVE ( 'NONE', #1624, #355, #808, .T. ) ;
#2816 = EDGE_CURVE ( 'NONE', #3853, #3715, #3880, .T. ) ;
#2817 = CARTESIAN_POINT ( 'NONE',  ( -34.00000000000000000, 1.500000000000000000, -16.69999999999999929 ) ) ;
#2818 = DIRECTION ( 'NONE',  ( -1.000000000000000000, 0.000000000000000000, 0.000000000000000000 ) ) ;
#2819 = ORIENTED_EDGE ( 'NONE', *, *, #2259, .F. ) ;
#2820 = DIRECTION ( 'NONE',  ( 0.9950371902099887089, -0.09950371902100338395, -1.928619411538846081E-16 ) ) ;
#2821 = CIRCLE ( 'NONE', #3145, 0.5000000000000004441 ) ;
#2822 = ORIENTED_EDGE ( 'NONE', *, *, #3794, .F. ) ;
#2823 = ORIENTED_EDGE ( 'NONE', *, *, #3642, .F. ) ;
#2824 = ORIENTED_EDGE ( 'NONE', *, *, #1615, .T. ) ;
#2825 = CARTESIAN_POINT ( 'NONE',  ( -32.99999999999999289, 1.500000000000000000, 15.69999999999999929 ) ) ;
#2826 = FACE_OUTER_BOUND ( 'NONE', #2413, .T. ) ;
#2827 = AXIS2_PLACEMENT_3D ( 'NONE', #2669, #222, #3887 ) ;
#2828 = EDGE_LOOP ( 'NONE', ( #3233, #513, #1580, #2517 ) ) ;
#2829 = VERTEX_POINT ( 'NONE', #866 ) ;
#2830 = LINE ( 'NONE', #2527, #2777 ) ;
#2831 = LINE ( 'NONE', #47, #3754 ) ;
#2832 = AXIS2_PLACEMENT_3D ( 'NONE', #3326, #3551, #2019 ) ;
#2833 = EDGE_LOOP ( 'NONE', ( #596, #156, #2692, #3276 ) ) ;
#2834 = AXIS2_PLACEMENT_3D ( 'NONE', #2528, #3771, #3458 ) ;
#2835 = EDGE_CURVE ( 'NONE', #1101, #3099, #3483, .T. ) ;
#2836 = VECTOR ( 'NONE', #2614, 1000.000000000000227 ) ;
#2837 = ORIENTED_EDGE ( 'NONE', *, *, #1352, .T. ) ;
#2838 = DIRECTION ( 'NONE',  ( 0.000000000000000000, 1.000000000000000000, 0.000000000000000000 ) ) ;
#2839 = VECTOR ( 'NONE', #3087, 1000.000000000000114 ) ;
#2840 = EDGE_CURVE ( 'NONE', #1130, #185, #2398, .T. ) ;
#2841 = LINE ( 'NONE', #2550, #1871 ) ;
#2842 = ORIENTED_EDGE ( 'NONE', *, *, #2665, .F. ) ;
#2843 = DIRECTION ( 'NONE',  ( -1.938238520644477406E-16, 0.000000000000000000, -1.000000000000000000 ) ) ;
#2844 = CARTESIAN_POINT ( 'NONE',  ( -8.000000000000017764, -1.399999999999999911, -20.39999999999998082 ) ) ;
#2845 = ORIENTED_EDGE ( 'NONE', *, *, #562, .T. ) ;
#2846 = VERTEX_POINT ( 'NONE', #2360 ) ;
#2847 = ORIENTED_EDGE ( 'NONE', *, *, #2866, .T. ) ;
#2848 = LINE ( 'NONE', #1924, #1028 ) ;
#2849 = CIRCLE ( 'NONE', #780, 0.8999999999999980238 ) ;
#2850 = ADVANCED_FACE ( 'NONE', ( #2734 ), #1185, .F. ) ;
#2851 = CARTESIAN_POINT ( 'NONE',  ( -11.90000000000002700, 9.745432968889293335, -18.89999999999999503 ) ) ;
#2852 = ORIENTED_EDGE ( 'NONE', *, *, #3345, .F. ) ;
#2853 = ORIENTED_EDGE ( 'NONE', *, *, #2165, .T. ) ;
#2854 = CARTESIAN_POINT ( 'NONE',  ( 11.90000000000001634, 9.745432968889293335, 19.99999999999999645 ) ) ;
#2855 = CARTESIAN_POINT ( 'NONE',  ( 8.000000000000024869, -0.8999999999999998002, -20.10000000000000142 ) ) ;
#2856 = CARTESIAN_POINT ( 'NONE',  ( 8.000000000000012434, 9.745432968889293335, 20.89999999999999503 ) ) ;
#2857 = AXIS2_PLACEMENT_3D ( 'NONE', #2867, #3512, #3207 ) ;
#2858 = TOROIDAL_SURFACE ( 'NONE', #1487, 0.5000000000000000000, 0.5000000000000000000 ) ;
#2859 = CONICAL_SURFACE ( 'NONE', #1, 0.7999999999999847233, 0.09966865249116907410 ) ;
#2860 = DIRECTION ( 'NONE',  ( -1.000000000000000000, 0.000000000000000000, -0.000000000000000000 ) ) ;
#2861 = CARTESIAN_POINT ( 'NONE',  ( -33.50000000000000000, 1.500000000000000000, -15.69999999999999929 ) ) ;
#2862 = ORIENTED_EDGE ( 'NONE', *, *, #1064, .F. ) ;
#2863 = DIRECTION ( 'NONE',  ( 1.000000000000000000, 0.000000000000000000, 0.000000000000000000 ) ) ;
#2864 = PLANE ( 'NONE',  #194 ) ;
#2865 = EDGE_LOOP ( 'NONE', ( #1147, #146, #2725, #2536 ) ) ;
#2866 = EDGE_CURVE ( 'NONE', #3470, #734, #243, .T. ) ;
#2867 = CARTESIAN_POINT ( 'NONE',  ( 8.000000000000024869, 4.000000000000000000, -19.89999999999999503 ) ) ;
#2868 = CARTESIAN_POINT ( 'NONE',  ( 11.00000000000002487, -1.399999999999999911, -20.39999999999999503 ) ) ;
#2869 = VERTEX_POINT ( 'NONE', #3029 ) ;
#2870 = CYLINDRICAL_SURFACE ( 'NONE', #1279, 0.5000000000000004441 ) ;
#2871 = EDGE_CURVE ( 'NONE', #3198, #3732, #3947, .T. ) ;
#2872 = DIRECTION ( 'NONE',  ( -0.000000000000000000, -0.09950371902100507704, -0.9950371902099885979 ) ) ;
#2873 = AXIS2_PLACEMENT_3D ( 'NONE', #676, #2580, #144 ) ;
#2874 = CARTESIAN_POINT ( 'NONE',  ( -11.90000000000002345, 1.999999999999998224, -19.99999999999998224 ) ) ;
#2875 = DIRECTION ( 'NONE',  ( 0.000000000000000000, 0.000000000000000000, -1.000000000000000000 ) ) ;
#2876 = ADVANCED_FACE ( 'NONE', ( #3914 ), #1133, .F. ) ;
#2877 = DIRECTION ( 'NONE',  ( -5.782411586589363555E-15, 0.000000000000000000, 1.000000000000000000 ) ) ;
#2878 = ADVANCED_FACE ( 'NONE', ( #3354 ), #579, .F. ) ;
#2879 = DIRECTION ( 'NONE',  ( -0.000000000000000000, -1.000000000000000000, -0.000000000000000000 ) ) ;
#2880 = ORIENTED_EDGE ( 'NONE', *, *, #2654, .F. ) ;
#2881 = DIRECTION ( 'NONE',  ( -8.673617379884138024E-15, 0.000000000000000000, 1.000000000000000000 ) ) ;
#2882 = EDGE_CURVE ( 'NONE', #16, #877, #2574, .T. ) ;
#2883 = DIRECTION ( 'NONE',  ( 2.478176394252600665E-15, 0.000000000000000000, -1.000000000000000000 ) ) ;
#2884 = ORIENTED_EDGE ( 'NONE', *, *, #3537, .T. ) ;
#2885 = CARTESIAN_POINT ( 'NONE',  ( -33.00000000000000000, 1.500000000000000000, -15.69999999999999929 ) ) ;
#2886 = ORIENTED_EDGE ( 'NONE', *, *, #2750, .T. ) ;
#2887 = DIRECTION ( 'NONE',  ( 0.000000000000000000, 0.000000000000000000, -1.000000000000000000 ) ) ;
#2888 = ADVANCED_FACE ( 'NONE', ( #3395 ), #348, .F. ) ;
#2889 = ORIENTED_EDGE ( 'NONE', *, *, #2264, .F. ) ;
#2890 = DIRECTION ( 'NONE',  ( 0.000000000000000000, 0.000000000000000000, -1.000000000000000000 ) ) ;
#2891 = AXIS2_PLACEMENT_3D ( 'NONE', #2353, #2369, #1107 ) ;
#2892 = FACE_OUTER_BOUND ( 'NONE', #970, .T. ) ;
#2893 = DIRECTION ( 'NONE',  ( 5.898059818321139072E-14, 0.000000000000000000, 1.000000000000000000 ) ) ;
#2894 = ORIENTED_EDGE ( 'NONE', *, *, #2206, .F. ) ;
#2895 = DIRECTION ( 'NONE',  ( 0.000000000000000000, 0.000000000000000000, -1.000000000000000000 ) ) ;
#2896 = AXIS2_PLACEMENT_3D ( 'NONE', #2780, #2727, #4014 ) ;
#2897 = DIRECTION ( 'NONE',  ( -1.000000000000000000, -0.000000000000000000, -0.000000000000000000 ) ) ;
#2898 = LINE ( 'NONE', #113, #439 ) ;
#2899 = CARTESIAN_POINT ( 'NONE',  ( 11.00000000000002487, 1.999999999999998224, -19.99999999999999645 ) ) ;
#2900 = VECTOR ( 'NONE', #2091, 1000.000000000000227 ) ;
#2901 = ORIENTED_EDGE ( 'NONE', *, *, #1310, .T. ) ;
#2902 = DIRECTION ( 'NONE',  ( -0.000000000000000000, 1.000000000000000000, -0.000000000000000000 ) ) ;
#2903 = CARTESIAN_POINT ( 'NONE',  ( -8.000000000000021316, 0.000000000000000000, 19.09999999999999787 ) ) ;
#2904 = CLOSED_SHELL ( 'NONE', ( #2564, #3292, #3036, #1783, #1627, #899, #1702, #3106, #2680, #363, #3774, #2031, #3628, #3329, #3506, #112, #3381, #2850, #1403, #3355, #1965, #1458, #2876, #2321, #633, #1697, #1485, #393, #776, #3896, #3975, #1254, #55, #3016, #3306, #687, #1966, #1677, #3503, #2766, #2792, #591, #2448, #3181, #1163, #1037, #2101, #2017, #2760, #649, #331, #2993, #2217, #2995, #488, #1412, #869, #2946, #421, #2616, #3568, #2878, #1440, #3662, #890, #2701, #1494, #2218, #2809, #675, #3842, #3524, #1029, #2194, #1601, #1847, #1795, #1881, #1165, #352, #1913, #3550, #3226, #3938, #797, #3266, #2308, #2024, #3391, #2513, #2393, #317, #3019, #3469, #1383, #3067, #3366, #255, #3271, #3249, #784, #3561, #1445, #3959, #2148, #1200, #1721, #2633, #3855, #3486, #2947, #3982, #2755, #2200, #2756, #3133, #2457, #626, #495, #2923, #3476, #1394, #2957, #1853, #1999, #300, #334, #1759, #2278, #3362, #1867, #3908, #3168, #3737, #3690, #3604, #1676, #2888, #3522 ) ) ;
#2905 = ORIENTED_EDGE ( 'NONE', *, *, #361, .T. ) ;
#2906 = AXIS2_PLACEMENT_3D ( 'NONE', #2653, #3213, #3807 ) ;
#2907 = CARTESIAN_POINT ( 'NONE',  ( 34.20000000000000995, 4.000000000000000000, 16.89999999999999858 ) ) ;
#2908 = ORIENTED_EDGE ( 'NONE', *, *, #2083, .F. ) ;
#2909 = DIRECTION ( 'NONE',  ( 0.000000000000000000, 0.000000000000000000, -1.000000000000000000 ) ) ;
#2910 = ORIENTED_EDGE ( 'NONE', *, *, #1738, .T. ) ;
#2911 = VERTEX_POINT ( 'NONE', #1526 ) ;
#2912 = CARTESIAN_POINT ( 'NONE',  ( 7.246746445442470375, -1.346739614506613725, -19.99999999999998934 ) ) ;
#2913 = EDGE_CURVE ( 'NONE', #5, #3006, #674, .T. ) ;
#2914 = CARTESIAN_POINT ( 'NONE',  ( 8.000000000000024869, 1.999999999999998224, -20.89999999999999503 ) ) ;
#2915 = CYLINDRICAL_SURFACE ( 'NONE', #892, 1.000000000000000888 ) ;
#2916 = DIRECTION ( 'NONE',  ( -0.000000000000000000, 1.000000000000000000, -0.000000000000000000 ) ) ;
#2917 = AXIS2_PLACEMENT_3D ( 'NONE', #1336, #3492, #1359 ) ;
#2918 = VERTEX_POINT ( 'NONE', #655 ) ;
#2919 = CARTESIAN_POINT ( 'NONE',  ( -8.000000000000015987, 0.000000000000000000, -19.09999999999999787 ) ) ;
#2920 = EDGE_CURVE ( 'NONE', #1642, #924, #3453, .T. ) ;
#2921 = CARTESIAN_POINT ( 'NONE',  ( -11.70000000000001172, 4.000000000000000000, -18.89999999999999503 ) ) ;
#2922 = CARTESIAN_POINT ( 'NONE',  ( -7.000000000000021316, 1.999999999999998224, 0.000000000000000000 ) ) ;
#2923 = ADVANCED_FACE ( 'NONE', ( #1227 ), #616, .T. ) ;
#2924 = AXIS2_PLACEMENT_3D ( 'NONE', #3525, #748, #1936 ) ;
#2925 = CARTESIAN_POINT ( 'NONE',  ( -34.00000000000000000, 4.000000000000000000, -16.69999999999999929 ) ) ;
#2926 = CARTESIAN_POINT ( 'NONE',  ( 33.50000000000000000, 1.500000000000000000, 15.69999999999999929 ) ) ;
#2927 = CARTESIAN_POINT ( 'NONE',  ( -33.50000000000000000, 1.500000000000000000, -16.69999999999999929 ) ) ;
#2928 = VERTEX_POINT ( 'NONE', #635 ) ;
#2929 = DIRECTION ( 'NONE',  ( 1.000000000000000000, 0.000000000000000000, -2.077513144882403750E-16 ) ) ;
#2930 = ORIENTED_EDGE ( 'NONE', *, *, #2787, .F. ) ;
#2931 = APPLICATION_CONTEXT ( 'automotive_design' ) ;
#2932 = DIRECTION ( 'NONE',  ( 1.000000000000000000, -0.000000000000000000, -0.000000000000000000 ) ) ;
#2933 = EDGE_CURVE ( 'NONE', #1705, #62, #2445, .T. ) ;
#2934 = VERTEX_POINT ( 'NONE', #3699 ) ;
#2935 = ORIENTED_EDGE ( 'NONE', *, *, #2347, .T. ) ;
#2936 = DIRECTION ( 'NONE',  ( 1.000000000000000000, 0.000000000000000000, 0.000000000000000000 ) ) ;
#2937 = DIRECTION ( 'NONE',  ( 0.000000000000000000, -1.000000000000000000, 0.000000000000000000 ) ) ;
#2938 = LINE ( 'NONE', #1347, #3348 ) ;
#2939 = EDGE_CURVE ( 'NONE', #2698, #3558, #371, .T. ) ;
#2940 = PLANE ( 'NONE',  #863 ) ;
#2941 = DIRECTION ( 'NONE',  ( -0.9950371902099884869, -0.09950371902100592358, 0.000000000000000000 ) ) ;
#2942 = FACE_OUTER_BOUND ( 'NONE', #3968, .T. ) ;
#2943 = ORIENTED_EDGE ( 'NONE', *, *, #2264, .T. ) ;
#2944 = DIRECTION ( 'NONE',  ( 0.000000000000000000, -1.000000000000000000, 0.000000000000000000 ) ) ;
#2945 = EDGE_LOOP ( 'NONE', ( #3712, #1509, #1476, #3005 ) ) ;
#2946 = ADVANCED_FACE ( 'NONE', ( #3716 ), #3409, .T. ) ;
#2947 = ADVANCED_FACE ( 'NONE', ( #940 ), #2120, .T. ) ;
#2948 = DIRECTION ( 'NONE',  ( 1.938238520644477652E-16, 0.000000000000000000, 1.000000000000000000 ) ) ;
#2949 =( LENGTH_UNIT ( ) NAMED_UNIT ( * ) SI_UNIT ( .MILLI., .METRE. ) );
#2950 = EDGE_LOOP ( 'NONE', ( #1633, #1829, #302, #3048 ) ) ;
#2951 = DIRECTION ( 'NONE',  ( 0.000000000000000000, 0.000000000000000000, -1.000000000000000000 ) ) ;
#2952 = ORIENTED_EDGE ( 'NONE', *, *, #1091, .T. ) ;
#2953 = CARTESIAN_POINT ( 'NONE',  ( 7.379190561164145734, -1.399999999999999911, -19.99999999999999645 ) ) ;
#2954 = DIRECTION ( 'NONE',  ( 0.000000000000000000, 0.000000000000000000, 1.000000000000000000 ) ) ;
#2955 = CARTESIAN_POINT ( 'NONE',  ( -7.379190561164138629, -1.399999999999999911, -19.99999999999935341 ) ) ;
#2956 = CARTESIAN_POINT ( 'NONE',  ( 7.005012562893391248, -0.8999999999999998002, 19.99999999999998934 ) ) ;
#2957 = ADVANCED_FACE ( 'NONE', ( #907 ), #598, .T. ) ;
#2958 = CARTESIAN_POINT ( 'NONE',  ( -6.000000000000019540, 0.000000000000000000, 17.89999999999999858 ) ) ;
#2959 = CONICAL_SURFACE ( 'NONE', #2236, 1.200000000000013500, 0.09966865249116864389 ) ;
#2960 = DIRECTION ( 'NONE',  ( 0.000000000000000000, 0.000000000000000000, -1.000000000000000000 ) ) ;
#2961 = ORIENTED_EDGE ( 'NONE', *, *, #1121, .F. ) ;
#2962 = DIRECTION ( 'NONE',  ( 0.000000000000000000, 0.000000000000000000, -1.000000000000000000 ) ) ;
#2963 = AXIS2_PLACEMENT_3D ( 'NONE', #2280, #2237, #2508 ) ;
#2964 = FACE_OUTER_BOUND ( 'NONE', #1084, .T. ) ;
#2965 = ORIENTED_EDGE ( 'NONE', *, *, #2871, .T. ) ;
#2966 = AXIS2_PLACEMENT_3D ( 'NONE', #3566, #794, #1417 ) ;
#2967 = ORIENTED_EDGE ( 'NONE', *, *, #464, .F. ) ;
#2968 = AXIS2_PLACEMENT_3D ( 'NONE', #14, #595, #1199 ) ;
#2969 = AXIS2_PLACEMENT_3D ( 'NONE', #1691, #3477, #2011 ) ;
#2970 = DIRECTION ( 'NONE',  ( 0.000000000000000000, 0.9950371902099884869, -0.09950371902100509092 ) ) ;
#2971 = VERTEX_POINT ( 'NONE', #309 ) ;
#2972 = ORIENTED_EDGE ( 'NONE', *, *, #3793, .F. ) ;
#2973 = DIRECTION ( 'NONE',  ( -0.000000000000000000, 1.000000000000000000, -0.000000000000000000 ) ) ;
#2974 = EDGE_CURVE ( 'NONE', #924, #2222, #3487, .T. ) ;
#2975 = DIRECTION ( 'NONE',  ( 0.000000000000000000, 0.000000000000000000, -1.000000000000000000 ) ) ;
#2976 = CARTESIAN_POINT ( 'NONE',  ( 12.90000000000002700, 4.000000000000000000, -18.89999999999999858 ) ) ;
#2977 = LINE ( 'NONE', #1768, #2507 ) ;
#2978 = LINE ( 'NONE', #2056, #1215 ) ;
#2979 = FACE_OUTER_BOUND ( 'NONE', #3028, .T. ) ;
#2980 = FACE_OUTER_BOUND ( 'NONE', #1909, .T. ) ;
#2981 = EDGE_LOOP ( 'NONE', ( #2804, #3464, #2260, #3159 ) ) ;
#2982 = AXIS2_PLACEMENT_3D ( 'NONE', #2166, #3358, #941 ) ;
#2983 = VECTOR ( 'NONE', #1361, 1000.000000000000000 ) ;
#2984 = CARTESIAN_POINT ( 'NONE',  ( 0.000000000000000000, 4.000000000000000000, -17.69999999999998508 ) ) ;
#2985 = ORIENTED_EDGE ( 'NONE', *, *, #2157, .F. ) ;
#2986 = TOROIDAL_SURFACE ( 'NONE', #3113, 0.5000000000000000000, 0.5000000000000000000 ) ;
#2987 = CARTESIAN_POINT ( 'NONE',  ( -8.000000000000021316, -0.9000000000000000222, 20.89999999999998082 ) ) ;
#2988 = ORIENTED_EDGE ( 'NONE', *, *, #3648, .F. ) ;
#2989 = EDGE_LOOP ( 'NONE', ( #632, #286, #1000, #533 ) ) ;
#2990 = CARTESIAN_POINT ( 'NONE',  ( 8.000000000000012434, -0.8999999999999998002, 20.89999999999999503 ) ) ;
#2991 = DIRECTION ( 'NONE',  ( 0.000000000000000000, 0.000000000000000000, -1.000000000000000000 ) ) ;
#2992 = FACE_OUTER_BOUND ( 'NONE', #2833, .T. ) ;
#2993 = ADVANCED_FACE ( 'NONE', ( #2147 ), #926, .F. ) ;
#2994 = LINE ( 'NONE', #850, #3228 ) ;
#2995 = ADVANCED_FACE ( 'NONE', ( #2473 ), #1283, .F. ) ;
#2996 = VECTOR ( 'NONE', #1353, 1000.000000000000000 ) ;
#2997 = LINE ( 'NONE', #3920, #3467 ) ;
#2998 = CARTESIAN_POINT ( 'NONE',  ( 34.20000000000000284, 4.000000000000000000, 15.69999999999999929 ) ) ;
#2999 = LINE ( 'NONE', #1077, #2593 ) ;
#3000 = CIRCLE ( 'NONE', #1763, 0.5000000000000004441 ) ;
#3001 = DIRECTION ( 'NONE',  ( 0.000000000000000000, 0.000000000000000000, -1.000000000000000000 ) ) ;
#3002 = EDGE_CURVE ( 'NONE', #1465, #1101, #1260, .T. ) ;
#3003 = EDGE_LOOP ( 'NONE', ( #2604, #2358, #2853, #2796 ) ) ;
#3004 = DIRECTION ( 'NONE',  ( 0.000000000000000000, 0.000000000000000000, -1.000000000000000000 ) ) ;
#3005 = ORIENTED_EDGE ( 'NONE', *, *, #1018, .T. ) ;
#3006 = VERTEX_POINT ( 'NONE', #3432 ) ;
#3007 = CARTESIAN_POINT ( 'NONE',  ( -12.90000000000002345, 0.000000000000000000, 18.89999999999999858 ) ) ;
#3008 = CARTESIAN_POINT ( 'NONE',  ( 34.00000000000000000, 1.500000000000000000, -16.69999999999999929 ) ) ;
#3009 = CARTESIAN_POINT ( 'NONE',  ( -7.510102051443382720, -1.399999999999999911, -19.99999999999998579 ) ) ;
#3010 = DIRECTION ( 'NONE',  ( 0.000000000000000000, 0.000000000000000000, -1.000000000000000000 ) ) ;
#3011 = EDGE_CURVE ( 'NONE', #2846, #3750, #782, .T. ) ;
#3012 = DIRECTION ( 'NONE',  ( 0.000000000000000000, -1.000000000000000000, 0.000000000000000000 ) ) ;
#3013 = ORIENTED_EDGE ( 'NONE', *, *, #2704, .F. ) ;
#3014 = FACE_OUTER_BOUND ( 'NONE', #3929, .T. ) ;
#3015 = VERTEX_POINT ( 'NONE', #142 ) ;
#3016 = ADVANCED_FACE ( 'NONE', ( #2287 ), #755, .T. ) ;
#3017 = CARTESIAN_POINT ( 'NONE',  ( -8.000000000000021316, -0.8999999999999998002, 20.10000000000000142 ) ) ;
#3018 = CIRCLE ( 'NONE', #3343, 0.5000000000000004441 ) ;
#3019 = ADVANCED_FACE ( 'NONE', ( #3821 ), #3162, .T. ) ;
#3020 = CARTESIAN_POINT ( 'NONE',  ( -11.70000000000000284, 4.000000000000000000, 19.99999999999998224 ) ) ;
#3021 = CARTESIAN_POINT ( 'NONE',  ( 33.50000000000000000, 1.000000000000000000, -18.89999999999999858 ) ) ;
#3022 = CIRCLE ( 'NONE', #1844, 1.000000000000000888 ) ;
#3023 = VECTOR ( 'NONE', #2152, 1000.000000000000000 ) ;
#3024 = ORIENTED_EDGE ( 'NONE', *, *, #2083, .T. ) ;
#3025 = DIRECTION ( 'NONE',  ( 0.000000000000000000, -1.000000000000000000, 0.000000000000000000 ) ) ;
#3026 = ORIENTED_EDGE ( 'NONE', *, *, #2808, .T. ) ;
#3027 = AXIS2_PLACEMENT_3D ( 'NONE', #3200, #1912, #2860 ) ;
#3028 = EDGE_LOOP ( 'NONE', ( #2385, #806, #1533, #2290 ) ) ;
#3029 = CARTESIAN_POINT ( 'NONE',  ( 7.005012562893405459, 0.000000000000000000, -19.99999999999999645 ) ) ;
#3030 = VECTOR ( 'NONE', #1681, 1000.000000000000000 ) ;
#3031 = CARTESIAN_POINT ( 'NONE',  ( 7.246746445442458828, -1.346739614506614169, 19.99999999999997868 ) ) ;
#3032 = AXIS2_PLACEMENT_3D ( 'NONE', #2608, #3825, #1708 ) ;
#3033 = CARTESIAN_POINT ( 'NONE',  ( -7.000000000000025757, 1.999999999999998224, -18.90000000000000568 ) ) ;
#3034 = AXIS2_PLACEMENT_3D ( 'NONE', #69, #3790, #3742 ) ;
#3035 = AXIS2_PLACEMENT_3D ( 'NONE', #743, #1069, #3499 ) ;
#3036 = ADVANCED_FACE ( 'NONE', ( #407 ), #2228, .T. ) ;
#3037 = CIRCLE ( 'NONE', #3554, 0.5000000000000004441 ) ;
#3038 = PLANE ( 'NONE',  #1907 ) ;
#3039 = ORIENTED_EDGE ( 'NONE', *, *, #505, .T. ) ;
#3040 = AXIS2_PLACEMENT_3D ( 'NONE', #680, #1843, #3438 ) ;
#3041 = VERTEX_POINT ( 'NONE', #3471 ) ;
#3042 = LINE ( 'NONE', #280, #2671 ) ;
#3043 = CARTESIAN_POINT ( 'NONE',  ( 8.000000000000012434, -0.8999999999999998002, 20.39999999999999503 ) ) ;
#3044 = EDGE_CURVE ( 'NONE', #3496, #5, #514, .T. ) ;
#3045 = DIRECTION ( 'NONE',  ( 0.000000000000000000, 0.000000000000000000, -1.000000000000000000 ) ) ;
#3046 = ORIENTED_EDGE ( 'NONE', *, *, #2229, .T. ) ;
#3047 = CARTESIAN_POINT ( 'NONE',  ( -11.00000000000001776, 9.745432968889293335, 19.99999999999998224 ) ) ;
#3048 = ORIENTED_EDGE ( 'NONE', *, *, #3488, .T. ) ;
#3049 = VERTEX_POINT ( 'NONE', #1983 ) ;
#3050 = PLANE ( 'NONE',  #3234 ) ;
#3051 = DIRECTION ( 'NONE',  ( -1.000000000000000000, 0.000000000000000000, 0.000000000000000000 ) ) ;
#3052 = VECTOR ( 'NONE', #921, 1000.000000000000000 ) ;
#3053 = EDGE_CURVE ( 'NONE', #176, #1705, #2848, .T. ) ;
#3054 = CARTESIAN_POINT ( 'NONE',  ( -6.000000000000025757, 4.000000000000000000, -17.69999999999998508 ) ) ;
#3055 = DIRECTION ( 'NONE',  ( 0.000000000000000000, -1.000000000000000000, 0.000000000000000000 ) ) ;
#3056 = CARTESIAN_POINT ( 'NONE',  ( 35.20000000000000284, 0.000000000000000000, -16.89999999999999858 ) ) ;
#3057 = EDGE_LOOP ( 'NONE', ( #203, #2124, #2471, #2201 ) ) ;
#3058 = EDGE_CURVE ( 'NONE', #2222, #2803, #1992, .T. ) ;
#3059 = ORIENTED_EDGE ( 'NONE', *, *, #2575, .F. ) ;
#3060 = DIRECTION ( 'NONE',  ( -0.000000000000000000, -1.000000000000000000, 0.000000000000000000 ) ) ;
#3061 = EDGE_CURVE ( 'NONE', #1946, #818, #1321, .T. ) ;
#3062 = DIRECTION ( 'NONE',  ( 0.000000000000000000, 0.000000000000000000, 1.000000000000000000 ) ) ;
#3063 = DIRECTION ( 'NONE',  ( 0.000000000000000000, -1.000000000000000000, 0.000000000000000000 ) ) ;
#3064 = ORIENTED_EDGE ( 'NONE', *, *, #878, .F. ) ;
#3065 = EDGE_CURVE ( 'NONE', #1112, #700, #3037, .T. ) ;
#3066 = DIRECTION ( 'NONE',  ( 0.000000000000000000, 0.000000000000000000, 1.000000000000000000 ) ) ;
#3067 = ADVANCED_FACE ( 'NONE', ( #3494 ), #1500, .T. ) ;
#3068 = ORIENTED_EDGE ( 'NONE', *, *, #2028, .T. ) ;
#3069 = ORIENTED_EDGE ( 'NONE', *, *, #1905, .F. ) ;
#3070 = CARTESIAN_POINT ( 'NONE',  ( 0.000000000000000000, -0.9000000000000000222, 19.59999999999999787 ) ) ;
#3071 = CARTESIAN_POINT ( 'NONE',  ( 0.000000000000000000, -1.399999999999999911, 19.59999999999999787 ) ) ;
#3072 = DIRECTION ( 'NONE',  ( 0.000000000000000000, 0.000000000000000000, -1.000000000000000000 ) ) ;
#3073 = CARTESIAN_POINT ( 'NONE',  ( 33.00000000000000711, 1.999999999999914957, 16.69999999999999929 ) ) ;
#3074 = DIRECTION ( 'NONE',  ( 1.000000000000000000, 0.000000000000000000, 0.000000000000000000 ) ) ;
#3075 = ORIENTED_EDGE ( 'NONE', *, *, #1210, .F. ) ;
#3076 = EDGE_CURVE ( 'NONE', #1193, #553, #854, .T. ) ;
#3077 = ORIENTED_EDGE ( 'NONE', *, *, #161, .F. ) ;
#3078 = DIRECTION ( 'NONE',  ( 0.000000000000000000, 0.000000000000000000, -1.000000000000000000 ) ) ;
#3079 = CARTESIAN_POINT ( 'NONE',  ( 7.000000000000024869, 1.999999999999998224, -19.89999999999999503 ) ) ;
#3080 = AXIS2_PLACEMENT_3D ( 'NONE', #253, #1807, #3356 ) ;
#3081 = DIRECTION ( 'NONE',  ( 0.000000000000000000, 0.000000000000000000, -1.000000000000000000 ) ) ;
#3082 = ORIENTED_EDGE ( 'NONE', *, *, #3440, .T. ) ;
#3083 = CARTESIAN_POINT ( 'NONE',  ( 34.20000000000000284, 0.000000000000000000, -16.89999999999999858 ) ) ;
#3084 = AXIS2_PLACEMENT_3D ( 'NONE', #2591, #1714, #1123 ) ;
#3085 = ORIENTED_EDGE ( 'NONE', *, *, #1167, .F. ) ;
#3086 = ORIENTED_EDGE ( 'NONE', *, *, #2575, .T. ) ;
#3087 = DIRECTION ( 'NONE',  ( 0.09950371902100509092, -0.9950371902099884869, 0.000000000000000000 ) ) ;
#3088 = CIRCLE ( 'NONE', #3606, 1.000000000000000888 ) ;
#3089 = LINE ( 'NONE', #581, #325 ) ;
#3090 = VECTOR ( 'NONE', #3779, 1000.000000000000114 ) ;
#3091 = DIRECTION ( 'NONE',  ( 0.000000000000000000, 0.000000000000000000, -1.000000000000000000 ) ) ;
#3092 = AXIS2_PLACEMENT_3D ( 'NONE', #2976, #254, #504 ) ;
#3093 = DIRECTION ( 'NONE',  ( -0.09950371902100549337, -0.9950371902099884869, -1.726114373327264981E-15 ) ) ;
#3094 = ORIENTED_EDGE ( 'NONE', *, *, #1192, .F. ) ;
#3095 = ORIENTED_EDGE ( 'NONE', *, *, #3903, .T. ) ;
#3096 = FACE_OUTER_BOUND ( 'NONE', #3612, .T. ) ;
#3097 = DIRECTION ( 'NONE',  ( -0.09950371902100590971, -0.9950371902099883759, 0.000000000000000000 ) ) ;
#3098 = DIRECTION ( 'NONE',  ( -8.673617379884138024E-15, 0.000000000000000000, 1.000000000000000000 ) ) ;
#3099 = VERTEX_POINT ( 'NONE', #3235 ) ;
#3100 = AXIS2_PLACEMENT_3D ( 'NONE', #2103, #2820, #2161 ) ;
#3101 = PLANE ( 'NONE',  #3100 ) ;
#3102 = ORIENTED_EDGE ( 'NONE', *, *, #339, .F. ) ;
#3103 = VERTEX_POINT ( 'NONE', #1942 ) ;
#3104 = DIRECTION ( 'NONE',  ( 0.000000000000000000, 0.000000000000000000, -1.000000000000000000 ) ) ;
#3105 = LINE ( 'NONE', #3127, #4019 ) ;
#3106 = ADVANCED_FACE ( 'NONE', ( #457 ), #3170, .F. ) ;
#3107 = FACE_OUTER_BOUND ( 'NONE', #2106, .T. ) ;
#3108 = VECTOR ( 'NONE', #2289, 1000.000000000000114 ) ;
#3109 = AXIS2_PLACEMENT_3D ( 'NONE', #1799, #3371, #1521 ) ;
#3110 = DIRECTION ( 'NONE',  ( 0.000000000000000000, 0.000000000000000000, -1.000000000000000000 ) ) ;
#3111 = VERTEX_POINT ( 'NONE', #1038 ) ;
#3112 = EDGE_CURVE ( 'NONE', #2934, #2414, #2267, .T. ) ;
#3113 = AXIS2_PLACEMENT_3D ( 'NONE', #201, #3308, #1441 ) ;
#3114 = EDGE_CURVE ( 'NONE', #1982, #760, #2199, .T. ) ;
#3115 = LINE ( 'NONE', #894, #3502 ) ;
#3116 = CARTESIAN_POINT ( 'NONE',  ( -33.00000000000000000, 4.000000000000000000, -15.69999999999999929 ) ) ;
#3117 = CIRCLE ( 'NONE', #3645, 0.5000000000000004441 ) ;
#3118 = DIRECTION ( 'NONE',  ( 1.000000000000000000, 0.000000000000000000, -0.000000000000000000 ) ) ;
#3119 = DIRECTION ( 'NONE',  ( -0.000000000000000000, 1.000000000000000000, 0.000000000000000000 ) ) ;
#3120 = ORIENTED_EDGE ( 'NONE', *, *, #3915, .T. ) ;
#3121 = DIRECTION ( 'NONE',  ( 0.000000000000000000, -0.09950371902100510479, -0.9950371902099885979 ) ) ;
#3122 = ORIENTED_EDGE ( 'NONE', *, *, #985, .F. ) ;
#3123 = EDGE_LOOP ( 'NONE', ( #3789, #3418, #3950, #2276 ) ) ;
#3124 = ORIENTED_EDGE ( 'NONE', *, *, #3727, .F. ) ;
#3125 = DIRECTION ( 'NONE',  ( 0.000000000000000000, -1.000000000000000000, 0.000000000000000000 ) ) ;
#3126 = EDGE_CURVE ( 'NONE', #355, #2268, #3863, .T. ) ;
#3127 = CARTESIAN_POINT ( 'NONE',  ( -33.00000000000000000, 1.999999999999914957, -16.69999999999999929 ) ) ;
#3128 = EDGE_LOOP ( 'NONE', ( #1275, #1662, #1489, #490 ) ) ;
#3129 = EDGE_LOOP ( 'NONE', ( #1280, #3673, #3068, #594 ) ) ;
#3130 = DIRECTION ( 'NONE',  ( -1.000000000000000000, 0.000000000000000000, 0.000000000000000000 ) ) ;
#3131 = CARTESIAN_POINT ( 'NONE',  ( -12.90000000000002345, 4.000000000000000000, 17.89999999999999858 ) ) ;
#3132 = ORIENTED_EDGE ( 'NONE', *, *, #3862, .F. ) ;
#3133 = ADVANCED_FACE ( 'NONE', ( #3256 ), #3555, .T. ) ;
#3134 = EDGE_CURVE ( 'NONE', #2212, #2397, #1704, .T. ) ;
#3135 = VERTEX_POINT ( 'NONE', #157 ) ;
#3136 = DIRECTION ( 'NONE',  ( 0.000000000000000000, 0.000000000000000000, 1.000000000000000000 ) ) ;
#3137 = VERTEX_POINT ( 'NONE', #1404 ) ;
#3138 = CARTESIAN_POINT ( 'NONE',  ( 7.005012562893405459, -0.6999999999999992895, -19.99999999999999645 ) ) ;
#3139 = EDGE_CURVE ( 'NONE', #965, #1226, #3770, .T. ) ;
#3140 = CARTESIAN_POINT ( 'NONE',  ( 6.000000000000025757, 0.000000000000000000, 17.89999999999999858 ) ) ;
#3141 = DIRECTION ( 'NONE',  ( 1.000000000000000000, -0.000000000000000000, 5.782411586589363555E-15 ) ) ;
#3142 = ORIENTED_EDGE ( 'NONE', *, *, #2451, .T. ) ;
#3143 = LINE ( 'NONE', #58, #3942 ) ;
#3144 = LINE ( 'NONE', #751, #59 ) ;
#3145 = AXIS2_PLACEMENT_3D ( 'NONE', #2075, #2697, #3935 ) ;
#3146 = EDGE_LOOP ( 'NONE', ( #2076, #3290, #905, #2740 ) ) ;
#3147 = ORIENTED_EDGE ( 'NONE', *, *, #3112, .F. ) ;
#3148 = CARTESIAN_POINT ( 'NONE',  ( 11.00000000000002487, -0.9000000000000000222, -19.59999999999999787 ) ) ;
#3149 = DIRECTION ( 'NONE',  ( 0.000000000000000000, 0.000000000000000000, -1.000000000000000000 ) ) ;
#3150 = ORIENTED_EDGE ( 'NONE', *, *, #1738, .F. ) ;
#3151 = VERTEX_POINT ( 'NONE', #1197 ) ;
#3152 = CARTESIAN_POINT ( 'NONE',  ( 8.000000000000012434, 4.000000000000000000, 19.89999999999999503 ) ) ;
#3153 = CARTESIAN_POINT ( 'NONE',  ( 11.00000000000002487, 0.000000000000000000, -19.99999999999999645 ) ) ;
#3154 = AXIS2_PLACEMENT_3D ( 'NONE', #3116, #360, #3815 ) ;
#3155 = VERTEX_POINT ( 'NONE', #267 ) ;
#3156 = AXIS2_PLACEMENT_3D ( 'NONE', #3498, #2546, #71 ) ;
#3157 = AXIS2_PLACEMENT_3D ( 'NONE', #489, #3877, #1737 ) ;
#3158 = AXIS2_PLACEMENT_3D ( 'NONE', #3534, #126, #1390 ) ;
#3159 = ORIENTED_EDGE ( 'NONE', *, *, #190, .F. ) ;
#3160 = AXIS2_PLACEMENT_3D ( 'NONE', #3302, #2696, #2402 ) ;
#3161 = CYLINDRICAL_SURFACE ( 'NONE', #306, 1.000000000000000888 ) ;
#3162 = CONICAL_SURFACE ( 'NONE', #3299, 0.7999999999999847233, 0.09966865249116907410 ) ;
#3163 = FACE_OUTER_BOUND ( 'NONE', #3003, .T. ) ;
#3164 = VERTEX_POINT ( 'NONE', #611 ) ;
#3165 = DIRECTION ( 'NONE',  ( 0.000000000000000000, 0.000000000000000000, 1.000000000000000000 ) ) ;
#3166 = DIRECTION ( 'NONE',  ( -1.000000000000000000, 0.000000000000000000, 0.000000000000000000 ) ) ;
#3167 = EDGE_LOOP ( 'NONE', ( #2105, #1448, #400, #209 ) ) ;
#3168 = ADVANCED_FACE ( 'NONE', ( #646 ), #322, .F. ) ;
#3169 = ORIENTED_EDGE ( 'NONE', *, *, #3345, .T. ) ;
#3170 = CYLINDRICAL_SURFACE ( 'NONE', #653, 1.000000000000000888 ) ;
#3171 = LINE ( 'NONE', #1322, #2281 ) ;
#3172 = CIRCLE ( 'NONE', #1426, 0.5000000000000004441 ) ;
#3173 = ORIENTED_EDGE ( 'NONE', *, *, #2704, .T. ) ;
#3174 = CARTESIAN_POINT ( 'NONE',  ( 7.005012562893405459, -1.032795409528606490, -19.99999999999999645 ) ) ;
#3175 = EDGE_CURVE ( 'NONE', #473, #939, #2800, .T. ) ;
#3176 = CARTESIAN_POINT ( 'NONE',  ( 12.90000000000002345, 4.000000000000000000, 17.69999999999998508 ) ) ;
#3177 = ORIENTED_EDGE ( 'NONE', *, *, #425, .F. ) ;
#3178 = B_SPLINE_CURVE_WITH_KNOTS ( 'NONE', 3,
 ( #764, #3174, #3892, #2912, #2953, #1667 ),
 .UNSPECIFIED., .F., .F.,
 ( 4, 2, 4 ),
 ( 0.000000000000000000, 0.0003927252244376912152, 0.0007854504488753824305 ),
 .UNSPECIFIED. ) ;
#3179 = EDGE_CURVE ( 'NONE', #778, #762, #395, .T. ) ;
#3180 = VECTOR ( 'NONE', #2282, 1000.000000000000000 ) ;
#3181 = ADVANCED_FACE ( 'NONE', ( #4016 ), #3997, .T. ) ;
#3182 = AXIS2_PLACEMENT_3D ( 'NONE', #510, #531, #1739 ) ;
#3183 = CARTESIAN_POINT ( 'NONE',  ( -7.005012562893402794, -1.032785358571524092, 19.99999999999998934 ) ) ;
#3184 = EDGE_CURVE ( 'NONE', #672, #578, #1750, .T. ) ;
#3185 = FACE_OUTER_BOUND ( 'NONE', #1823, .T. ) ;
#3186 = ORIENTED_EDGE ( 'NONE', *, *, #361, .F. ) ;
#3187 = DIRECTION ( 'NONE',  ( -1.000000000000000000, -0.000000000000000000, -0.000000000000000000 ) ) ;
#3188 = CARTESIAN_POINT ( 'NONE',  ( -33.99999999999999289, 1.999999999999914957, 15.69999999999999929 ) ) ;
#3189 = ORIENTED_EDGE ( 'NONE', *, *, #2598, .T. ) ;
#3190 = DIRECTION ( 'NONE',  ( 0.09950371902100853261, 0.9950371902099881538, 0.000000000000000000 ) ) ;
#3191 = ORIENTED_EDGE ( 'NONE', *, *, #871, .T. ) ;
#3192 = DIRECTION ( 'NONE',  ( 0.000000000000000000, 0.000000000000000000, -1.000000000000000000 ) ) ;
#3193 = ORIENTED_EDGE ( 'NONE', *, *, #2034, .T. ) ;
#3194 = FACE_OUTER_BOUND ( 'NONE', #2163, .T. ) ;
#3195 = CARTESIAN_POINT ( 'NONE',  ( -34.19999999999999574, 1.999999999999999112, 16.89999999999999858 ) ) ;
#3196 = CONICAL_SURFACE ( 'NONE', #2873, 1.200000000000013500, 0.09966865249116865777 ) ;
#3197 = CARTESIAN_POINT ( 'NONE',  ( 7.000000000000242473, 9.745432968889293335, 8.095376221225383343E-14 ) ) ;
#3198 = VERTEX_POINT ( 'NONE', #1558 ) ;
#3199 = FACE_OUTER_BOUND ( 'NONE', #1544, .T. ) ;
#3200 = CARTESIAN_POINT ( 'NONE',  ( -35.19999999999999574, 4.000000000000000000, 17.89999999999999858 ) ) ;
#3201 = CARTESIAN_POINT ( 'NONE',  ( 0.000000000000000000, 4.000000000000000000, 0.000000000000000000 ) ) ;
#3202 = VERTEX_POINT ( 'NONE', #11 ) ;
#3203 = LINE ( 'NONE', #2537, #954 ) ;
#3204 = DIRECTION ( 'NONE',  ( -0.9950371902099884869, 0.09950371902100592358, -2.465877676181828584E-15 ) ) ;
#3205 = EDGE_LOOP ( 'NONE', ( #1822, #1510, #1609, #2569 ) ) ;
#3206 = EDGE_CURVE ( 'NONE', #123, #459, #2531, .T. ) ;
#3207 = DIRECTION ( 'NONE',  ( 0.000000000000000000, 0.000000000000000000, -1.000000000000000000 ) ) ;
#3208 = ORIENTED_EDGE ( 'NONE', *, *, #289, .T. ) ;
#3209 = CARTESIAN_POINT ( 'NONE',  ( -6.000000000000019540, 4.000000000000000000, 18.89999999999999858 ) ) ;
#3210 = EDGE_CURVE ( 'NONE', #3820, #3694, #1813, .T. ) ;
#3211 = ORIENTED_EDGE ( 'NONE', *, *, #1797, .T. ) ;
#3212 = ORIENTED_EDGE ( 'NONE', *, *, #3709, .T. ) ;
#3213 = DIRECTION ( 'NONE',  ( 0.000000000000000000, -1.000000000000000000, 0.000000000000000000 ) ) ;
#3214 = VECTOR ( 'NONE', #1295, 1000.000000000000000 ) ;
#3215 = CARTESIAN_POINT ( 'NONE',  ( 7.000000000000024869, 0.000000000000000000, -20.89999999999999503 ) ) ;
#3216 = CARTESIAN_POINT ( 'NONE',  ( -34.20000000000000284, 4.000000000000000000, -17.89999999999999858 ) ) ;
#3217 = PLANE ( 'NONE',  #247 ) ;
#3218 = ORIENTED_EDGE ( 'NONE', *, *, #1943, .T. ) ;
#3219 = CARTESIAN_POINT ( 'NONE',  ( -8.000000000000021316, -0.9000000000000000222, 20.39999999999998082 ) ) ;
#3220 = AXIS2_PLACEMENT_3D ( 'NONE', #181, #1757, #3001 ) ;
#3221 = VECTOR ( 'NONE', #1392, 1000.000000000000000 ) ;
#3222 = CYLINDRICAL_SURFACE ( 'NONE', #2799, 1.000000000000000888 ) ;
#3223 = DIRECTION ( 'NONE',  ( -0.000000000000000000, 1.000000000000000000, -0.000000000000000000 ) ) ;
#3224 = CIRCLE ( 'NONE', #2436, 1.000000000000000888 ) ;
#3225 = AXIS2_PLACEMENT_3D ( 'NONE', #3363, #2095, #1154 ) ;
#3226 = ADVANCED_FACE ( 'NONE', ( #627 ), #1856, .T. ) ;
#3227 = FACE_OUTER_BOUND ( 'NONE', #1043, .T. ) ;
#3228 = VECTOR ( 'NONE', #291, 1000.000000000000000 ) ;
#3229 = VECTOR ( 'NONE', #1727, 1000.000000000000000 ) ;
#3230 = VERTEX_POINT ( 'NONE', #2468 ) ;
#3231 = DIRECTION ( 'NONE',  ( -1.938238520644477406E-16, 0.000000000000000000, -1.000000000000000000 ) ) ;
#3232 = PLANE ( 'NONE',  #1492 ) ;
#3233 = ORIENTED_EDGE ( 'NONE', *, *, #1153, .F. ) ;
#3234 = AXIS2_PLACEMENT_3D ( 'NONE', #1113, #273, #3969 ) ;
#3235 = CARTESIAN_POINT ( 'NONE',  ( -11.70000000000000817, 4.000000000000000000, -19.99999999999998224 ) ) ;
#3236 = EDGE_CURVE ( 'NONE', #1239, #3277, #3979, .T. ) ;
#3237 = VERTEX_POINT ( 'NONE', #2484 ) ;
#3238 = LINE ( 'NONE', #698, #2475 ) ;
#3239 = ORIENTED_EDGE ( 'NONE', *, *, #2625, .F. ) ;
#3240 = EDGE_LOOP ( 'NONE', ( #2673, #1232, #3208, #781 ) ) ;
#3241 = DIRECTION ( 'NONE',  ( 0.000000000000000000, 0.9950371902099884869, 0.09950371902100506316 ) ) ;
#3242 = AXIS2_PLACEMENT_3D ( 'NONE', #1568, #20, #2477 ) ;
#3243 = DIRECTION ( 'NONE',  ( 1.000000000000000000, 0.000000000000000000, -0.000000000000000000 ) ) ;
#3244 = CARTESIAN_POINT ( 'NONE',  ( -7.000000000000021316, 9.745432968889293335, 0.000000000000000000 ) ) ;
#3245 = AXIS2_PLACEMENT_3D ( 'NONE', #4018, #3655, #3066 ) ;
#3246 = CARTESIAN_POINT ( 'NONE',  ( 35.20000000000000284, 1.999999999999998224, -17.89999999999999858 ) ) ;
#3247 = CARTESIAN_POINT ( 'NONE',  ( -8.000000000000015987, -1.399999999999999911, -20.10000000000000142 ) ) ;
#3248 = EDGE_CURVE ( 'NONE', #235, #305, #951, .T. ) ;
#3249 = ADVANCED_FACE ( 'NONE', ( #2181 ), #1235, .T. ) ;
#3250 = DIRECTION ( 'NONE',  ( -0.000000000000000000, 1.000000000000000000, -0.000000000000000000 ) ) ;
#3251 = AXIS2_PLACEMENT_3D ( 'NONE', #2907, #2577, #2541 ) ;
#3252 = CARTESIAN_POINT ( 'NONE',  ( 0.000000000000000000, 4.000000000000000000, 17.69999999999998508 ) ) ;
#3253 = VERTEX_POINT ( 'NONE', #3670 ) ;
#3254 = DIRECTION ( 'NONE',  ( -0.9950371902099897081, 0.09950371902099414134, 0.000000000000000000 ) ) ;
#3255 = ORIENTED_EDGE ( 'NONE', *, *, #140, .T. ) ;
#3256 = FACE_OUTER_BOUND ( 'NONE', #377, .T. ) ;
#3257 = ORIENTED_EDGE ( 'NONE', *, *, #3440, .F. ) ;
#3258 = DIRECTION ( 'NONE',  ( 0.000000000000000000, -1.000000000000000000, 0.000000000000000000 ) ) ;
#3259 = VERTEX_POINT ( 'NONE', #1575 ) ;
#3260 = EDGE_CURVE ( 'NONE', #877, #3496, #593, .T. ) ;
#3261 = DIRECTION ( 'NONE',  ( -0.000000000000000000, 1.000000000000000000, -0.000000000000000000 ) ) ;
#3262 = LINE ( 'NONE', #483, #1402 ) ;
#3263 = DIRECTION ( 'NONE',  ( 0.09950371902100166310, 0.9950371902099888199, 0.000000000000000000 ) ) ;
#3264 = LINE ( 'NONE', #1952, #4007 ) ;
#3265 = CARTESIAN_POINT ( 'NONE',  ( -7.000000000000021316, 4.000000000000000000, 18.89999999999999858 ) ) ;
#3266 = ADVANCED_FACE ( 'NONE', ( #901 ), #1272, .T. ) ;
#3267 = FACE_OUTER_BOUND ( 'NONE', #938, .T. ) ;
#3268 = ORIENTED_EDGE ( 'NONE', *, *, #1052, .T. ) ;
#3269 = FACE_OUTER_BOUND ( 'NONE', #944, .T. ) ;
#3270 = CARTESIAN_POINT ( 'NONE',  ( 34.20000000000000284, 1.999999999999999112, -17.89999999999999858 ) ) ;
#3271 = ADVANCED_FACE ( 'NONE', ( #2100 ), #3346, .F. ) ;
#3272 = ORIENTED_EDGE ( 'NONE', *, *, #759, .T. ) ;
#3273 = DIRECTION ( 'NONE',  ( -0.000000000000000000, 1.000000000000000000, -0.000000000000000000 ) ) ;
#3274 = ORIENTED_EDGE ( 'NONE', *, *, #494, .F. ) ;
#3275 = CARTESIAN_POINT ( 'NONE',  ( 7.000000000000023981, 9.745432968889293335, 18.90000000000000924 ) ) ;
#3276 = ORIENTED_EDGE ( 'NONE', *, *, #2141, .F. ) ;
#3277 = VERTEX_POINT ( 'NONE', #3140 ) ;
#3278 = DIRECTION ( 'NONE',  ( 0.000000000000000000, 0.000000000000000000, -1.000000000000000000 ) ) ;
#3279 = FACE_OUTER_BOUND ( 'NONE', #2950, .T. ) ;
#3280 = CARTESIAN_POINT ( 'NONE',  ( 6.000000000000025757, 0.000000000000000000, -17.89999999999999858 ) ) ;
#3281 = FACE_OUTER_BOUND ( 'NONE', #1577, .T. ) ;
#3282 = TOROIDAL_SURFACE ( 'NONE', #2891, 0.5000000000000000000, 0.5000000000000000000 ) ;
#3283 = CARTESIAN_POINT ( 'NONE',  ( 11.90000000000002878, 1.999999999999998224, -17.89999999999999858 ) ) ;
#3284 = DIRECTION ( 'NONE',  ( -0.000000000000000000, -1.000000000000000000, -0.000000000000000000 ) ) ;
#3285 = DIRECTION ( 'NONE',  ( -7.709882115452493155E-15, 0.000000000000000000, -1.000000000000000000 ) ) ;
#3286 = DIRECTION ( 'NONE',  ( 0.000000000000000000, 0.000000000000000000, -1.000000000000000000 ) ) ;
#3287 = ORIENTED_EDGE ( 'NONE', *, *, #3988, .T. ) ;
#3288 = VECTOR ( 'NONE', #2699, 1000.000000000000000 ) ;
#3289 = LINE ( 'NONE', #3021, #1529 ) ;
#3290 = ORIENTED_EDGE ( 'NONE', *, *, #2346, .F. ) ;
#3291 = CIRCLE ( 'NONE', #1217, 1.000000000000000888 ) ;
#3292 = ADVANCED_FACE ( 'NONE', ( #3163 ), #56, .T. ) ;
#3293 = VECTOR ( 'NONE', #3241, 1000.000000000000114 ) ;
#3294 = ORIENTED_EDGE ( 'NONE', *, *, #609, .F. ) ;
#3295 = AXIS2_PLACEMENT_3D ( 'NONE', #87, #1996, #1329 ) ;
#3296 = VERTEX_POINT ( 'NONE', #364 ) ;
#3297 = ORIENTED_EDGE ( 'NONE', *, *, #600, .T. ) ;
#3298 = CARTESIAN_POINT ( 'NONE',  ( 33.00000000000000711, 1.000000000000000000, 15.69999999999999929 ) ) ;
#3299 = AXIS2_PLACEMENT_3D ( 'NONE', #3802, #1001, #119 ) ;
#3300 = DIRECTION ( 'NONE',  ( 0.000000000000000000, 1.000000000000000000, -0.000000000000000000 ) ) ;
#3301 = CARTESIAN_POINT ( 'NONE',  ( 11.90000000000002700, 1.999999999999997780, -18.89999999999999503 ) ) ;
#3302 = CARTESIAN_POINT ( 'NONE',  ( 7.000000000000024869, 1.999999999999998224, -20.89999999999999503 ) ) ;
#3303 = EDGE_CURVE ( 'NONE', #2463, #2768, #2841, .T. ) ;
#3304 = CARTESIAN_POINT ( 'NONE',  ( 12.90000000000002345, 4.000000000000000000, 18.89999999999999858 ) ) ;
#3305 = FACE_OUTER_BOUND ( 'NONE', #2480, .T. ) ;
#3306 = ADVANCED_FACE ( 'NONE', ( #1915 ), #1298, .T. ) ;
#3307 = ORIENTED_EDGE ( 'NONE', *, *, #3586, .T. ) ;
#3308 = DIRECTION ( 'NONE',  ( 0.000000000000000000, -1.000000000000000000, 0.000000000000000000 ) ) ;
#3309 = CARTESIAN_POINT ( 'NONE',  ( 34.00000000000000000, 4.000000000000000000, 15.69999999999999929 ) ) ;
#3310 = AXIS2_PLACEMENT_3D ( 'NONE', #1206, #601, #3072 ) ;
#3311 = VERTEX_POINT ( 'NONE', #2535 ) ;
#3312 = VECTOR ( 'NONE', #1773, 1000.000000000000000 ) ;
#3313 = CARTESIAN_POINT ( 'NONE',  ( -8.000000000000017764, 4.000000000000000000, -19.89999999999998082 ) ) ;
#3314 = EDGE_LOOP ( 'NONE', ( #669, #316, #597, #2241 ) ) ;
#3315 = ORIENTED_EDGE ( 'NONE', *, *, #1564, .F. ) ;
#3316 = DIRECTION ( 'NONE',  ( 0.000000000000000000, -1.000000000000000000, 0.000000000000000000 ) ) ;
#3317 = LINE ( 'NONE', #3599, #1464 ) ;
#3318 = CARTESIAN_POINT ( 'NONE',  ( -7.060142256157814877, -1.162584027163197753, -19.99999999999998579 ) ) ;
#3319 = EDGE_CURVE ( 'NONE', #21, #441, #386, .T. ) ;
#3320 = SURFACE_SIDE_STYLE ('',( #232 ) ) ;
#3321 = VECTOR ( 'NONE', #2615, 1000.000000000000000 ) ;
#3322 = CARTESIAN_POINT ( 'NONE',  ( 11.90000000000002700, 1.999999999999997780, -18.89999999999999503 ) ) ;
#3323 = ORIENTED_EDGE ( 'NONE', *, *, #1384, .F. ) ;
#3324 = DIRECTION ( 'NONE',  ( 0.000000000000000000, 1.000000000000000000, 0.000000000000000000 ) ) ;
#3325 = DIRECTION ( 'NONE',  ( -0.000000000000000000, 1.000000000000000000, -0.000000000000000000 ) ) ;
#3326 = CARTESIAN_POINT ( 'NONE',  ( 8.000000000000024869, 1.999999999999998224, -19.89999999999999503 ) ) ;
#3327 = CARTESIAN_POINT ( 'NONE',  ( -11.90000000000002700, 1.999999999999998224, -18.89999999999999503 ) ) ;
#3328 = VERTEX_POINT ( 'NONE', #1653 ) ;
#3329 = ADVANCED_FACE ( 'NONE', ( #3489, #3777 ), #667, .F. ) ;
#3330 = FACE_OUTER_BOUND ( 'NONE', #2307, .T. ) ;
#3331 = ORIENTED_EDGE ( 'NONE', *, *, #1530, .F. ) ;
#3332 = ORIENTED_EDGE ( 'NONE', *, *, #759, .F. ) ;
#3333 = CARTESIAN_POINT ( 'NONE',  ( 33.00000000000000711, 4.000000000000000000, 15.69999999999999929 ) ) ;
#3334 = CARTESIAN_POINT ( 'NONE',  ( 34.20000000000000284, 0.000000000000000000, -17.89999999999999858 ) ) ;
#3335 = CARTESIAN_POINT ( 'NONE',  ( -7.005012562893399242, -1.032795409528606712, -19.99999999999998224 ) ) ;
#3336 = FILL_AREA_STYLE_COLOUR ( '', #2247 ) ;
#3337 = DIRECTION ( 'NONE',  ( 0.000000000000000000, -0.9950371902099884869, 0.09950371902100509092 ) ) ;
#3338 = ORIENTED_EDGE ( 'NONE', *, *, #2062, .T. ) ;
#3339 = VECTOR ( 'NONE', #1454, 1000.000000000000000 ) ;
#3340 = EDGE_CURVE ( 'NONE', #3591, #3526, #1042, .T. ) ;
#3341 = ORIENTED_EDGE ( 'NONE', *, *, #485, .T. ) ;
#3342 = DIRECTION ( 'NONE',  ( 0.000000000000000000, -1.000000000000000000, 0.000000000000000000 ) ) ;
#3343 = AXIS2_PLACEMENT_3D ( 'NONE', #1692, #1067, #2657 ) ;
#3344 = CARTESIAN_POINT ( 'NONE',  ( -8.000000000000017764, 4.000000000000000000, -19.89999999999998082 ) ) ;
#3345 = EDGE_CURVE ( 'NONE', #1183, #3496, #589, .T. ) ;
#3346 = PLANE ( 'NONE',  #70 ) ;
#3347 = AXIS2_PLACEMENT_3D ( 'NONE', #3043, #1503, #3369 ) ;
#3348 = VECTOR ( 'NONE', #3872, 1000.000000000000000 ) ;
#3349 = ORIENTED_EDGE ( 'NONE', *, *, #2866, .F. ) ;
#3350 = FACE_OUTER_BOUND ( 'NONE', #3837, .T. ) ;
#3351 = ORIENTED_EDGE ( 'NONE', *, *, #3988, .F. ) ;
#3352 = CONICAL_SURFACE ( 'NONE', #1984, 0.8999999999999980238, 0.09966865249116821368 ) ;
#3353 = ORIENTED_EDGE ( 'NONE', *, *, #2521, .T. ) ;
#3354 = FACE_OUTER_BOUND ( 'NONE', #622, .T. ) ;
#3355 = ADVANCED_FACE ( 'NONE', ( #1315 ), #3796, .T. ) ;
#3356 = DIRECTION ( 'NONE',  ( -1.000000000000000000, 0.000000000000000000, 0.000000000000000000 ) ) ;
#3357 = AXIS2_PLACEMENT_3D ( 'NONE', #1451, #3316, #3659 ) ;
#3358 = DIRECTION ( 'NONE',  ( -0.000000000000000000, 1.000000000000000000, -0.000000000000000000 ) ) ;
#3359 = VECTOR ( 'NONE', #3010, 1000.000000000000000 ) ;
#3360 = CARTESIAN_POINT ( 'NONE',  ( -10.99999999999997335, 0.000000000000000000, -19.99999999999999645 ) ) ;
#3361 = AXIS2_PLACEMENT_3D ( 'NONE', #3148, #2128, #3104 ) ;
#3362 = ADVANCED_FACE ( 'NONE', ( #2221 ), #1055, .T. ) ;
#3363 = CARTESIAN_POINT ( 'NONE',  ( -6.000000000000025757, 0.000000000000000000, -18.89999999999999858 ) ) ;
#3364 = EDGE_LOOP ( 'NONE', ( #3926, #427, #1281, #2450 ) ) ;
#3365 = ORIENTED_EDGE ( 'NONE', *, *, #3953, .T. ) ;
#3366 = ADVANCED_FACE ( 'NONE', ( #3227 ), #2668, .T. ) ;
#3367 = PLANE ( 'NONE',  #1368 ) ;
#3368 = EDGE_CURVE ( 'NONE', #2626, #5, #1379, .T. ) ;
#3369 = DIRECTION ( 'NONE',  ( 0.000000000000000000, 0.000000000000000000, -1.000000000000000000 ) ) ;
#3370 = VECTOR ( 'NONE', #2243, 1000.000000000000000 ) ;
#3371 = DIRECTION ( 'NONE',  ( 0.000000000000000000, -1.000000000000000000, -0.000000000000000000 ) ) ;
#3372 = VERTEX_POINT ( 'NONE', #114 ) ;
#3373 = CARTESIAN_POINT ( 'NONE',  ( -11.90000000000007319, 0.000000000000000000, -2.949029909160613081E-14 ) ) ;
#3374 = ORIENTED_EDGE ( 'NONE', *, *, #2451, .F. ) ;
#3375 = ORIENTED_EDGE ( 'NONE', *, *, #991, .F. ) ;
#3376 = VECTOR ( 'NONE', #3074, 1000.000000000000000 ) ;
#3377 = CARTESIAN_POINT ( 'NONE',  ( -33.99999999999999289, 1.500000000000000000, 16.19999999999999929 ) ) ;
#3378 = FACE_OUTER_BOUND ( 'NONE', #159, .T. ) ;
#3379 = VECTOR ( 'NONE', #2036, 1000.000000000000000 ) ;
#3380 = DIRECTION ( 'NONE',  ( -1.938238520644477406E-16, 0.000000000000000000, -1.000000000000000000 ) ) ;
#3381 = ADVANCED_FACE ( 'NONE', ( #1356 ), #2566, .F. ) ;
#3382 = DIRECTION ( 'NONE',  ( -5.782411586589363555E-15, 0.000000000000000000, 1.000000000000000000 ) ) ;
#3383 = CARTESIAN_POINT ( 'NONE',  ( 34.20000000000000284, 4.000000000000000000, -16.89999999999999858 ) ) ;
#3384 = ORIENTED_EDGE ( 'NONE', *, *, #1072, .T. ) ;
#3385 = ORIENTED_EDGE ( 'NONE', *, *, #753, .T. ) ;
#3386 = CARTESIAN_POINT ( 'NONE',  ( 0.000000000000000000, 1.999999999999998224, 20.89999999999998082 ) ) ;
#3387 = FACE_OUTER_BOUND ( 'NONE', #283, .T. ) ;
#3388 = DIRECTION ( 'NONE',  ( 0.000000000000000000, 0.09950371902100507704, 0.9950371902099885979 ) ) ;
#3389 = VECTOR ( 'NONE', #81, 1000.000000000000000 ) ;
#3390 = ORIENTED_EDGE ( 'NONE', *, *, #985, .T. ) ;
#3391 = ADVANCED_FACE ( 'NONE', ( #3185 ), #1433, .F. ) ;
#3392 = CARTESIAN_POINT ( 'NONE',  ( 0.000000000000000000, 9.745432968889293335, -20.89999999999998082 ) ) ;
#3393 = ORIENTED_EDGE ( 'NONE', *, *, #190, .T. ) ;
#3394 = ORIENTED_EDGE ( 'NONE', *, *, #3601, .T. ) ;
#3395 = FACE_OUTER_BOUND ( 'NONE', #1148, .T. ) ;
#3396 = DIRECTION ( 'NONE',  ( 0.000000000000000000, -1.000000000000000000, 0.000000000000000000 ) ) ;
#3397 = DIRECTION ( 'NONE',  ( -0.000000000000000000, 1.000000000000000000, -0.000000000000000000 ) ) ;
#3398 = DIRECTION ( 'NONE',  ( -0.000000000000000000, 1.000000000000000000, -0.000000000000000000 ) ) ;
#3399 = ORIENTED_EDGE ( 'NONE', *, *, #2548, .F. ) ;
#3400 = VERTEX_POINT ( 'NONE', #1332 ) ;
#3401 = DIRECTION ( 'NONE',  ( 0.000000000000000000, -1.000000000000000000, 0.000000000000000000 ) ) ;
#3402 = LINE ( 'NONE', #1252, #1656 ) ;
#3403 = TOROIDAL_SURFACE ( 'NONE', #1779, 0.5000000000000000000, 0.5000000000000000000 ) ;
#3404 = CARTESIAN_POINT ( 'NONE',  ( -8.000000000000015987, -0.9000000000000000222, -19.59999999999999787 ) ) ;
#3405 = EDGE_LOOP ( 'NONE', ( #2429, #1961, #3150, #2908 ) ) ;
#3406 = DIRECTION ( 'NONE',  ( -8.673617379884027583E-15, 0.000000000000000000, -1.000000000000000000 ) ) ;
#3407 = ORIENTED_EDGE ( 'NONE', *, *, #1911, .T. ) ;
#3408 = ORIENTED_EDGE ( 'NONE', *, *, #140, .F. ) ;
#3409 = CYLINDRICAL_SURFACE ( 'NONE', #1223, 1.000000000000000888 ) ;
#3410 = AXIS2_PLACEMENT_3D ( 'NONE', #1537, #3978, #2759 ) ;
#3411 = EDGE_CURVE ( 'NONE', #3750, #3103, #1935, .T. ) ;
#3412 = DIRECTION ( 'NONE',  ( -1.000000000000000000, 0.000000000000000000, 0.000000000000000000 ) ) ;
#3413 = EDGE_CURVE ( 'NONE', #3155, #2174, #2461, .T. ) ;
#3414 = VECTOR ( 'NONE', #2863, 1000.000000000000000 ) ;
#3415 = LINE ( 'NONE', #988, #1025 ) ;
#3416 = CIRCLE ( 'NONE', #1664, 0.7999999999999847233 ) ;
#3417 = DIRECTION ( 'NONE',  ( 0.000000000000000000, 0.000000000000000000, -1.000000000000000000 ) ) ;
#3418 = ORIENTED_EDGE ( 'NONE', *, *, #1056, .F. ) ;
#3419 = VECTOR ( 'NONE', #1013, 1000.000000000000227 ) ;
#3420 = AXIS2_PLACEMENT_3D ( 'NONE', #2675, #2973, #1725 ) ;
#3421 = EDGE_LOOP ( 'NONE', ( #3384, #278, #631, #1181, #1324 ) ) ;
#3422 = LINE ( 'NONE', #3650, #1436 ) ;
#3423 = DIRECTION ( 'NONE',  ( 0.000000000000000000, -1.000000000000000000, 0.000000000000000000 ) ) ;
#3424 = EDGE_CURVE ( 'NONE', #3230, #1039, #2079, .T. ) ;
#3425 = CARTESIAN_POINT ( 'NONE',  ( 34.20000000000000284, 4.000000000000000000, -16.89999999999999858 ) ) ;
#3426 = PLANE ( 'NONE',  #728 ) ;
#3427 = ORIENTED_EDGE ( 'NONE', *, *, #505, .F. ) ;
#3428 = AXIS2_PLACEMENT_3D ( 'NONE', #1858, #284, #1523 ) ;
#3429 = CARTESIAN_POINT ( 'NONE',  ( 11.90000000000002345, 0.000000000000000000, -20.00000000000000000 ) ) ;
#3430 = ORIENTED_EDGE ( 'NONE', *, *, #916, .F. ) ;
#3431 = ORIENTED_EDGE ( 'NONE', *, *, #843, .F. ) ;
#3432 = CARTESIAN_POINT ( 'NONE',  ( 33.00000000000000000, 1.500000000000000000, -16.69999999999999929 ) ) ;
#3433 = LINE ( 'NONE', #1826, #1041 ) ;
#3434 = EDGE_LOOP ( 'NONE', ( #1111, #3806, #3714, #285 ) ) ;
#3435 = ORIENTED_EDGE ( 'NONE', *, *, #169, .T. ) ;
#3436 = CARTESIAN_POINT ( 'NONE',  ( -8.000000000000021316, 0.000000000000000000, 19.89999999999998082 ) ) ;
#3437 = AXIS2_PLACEMENT_3D ( 'NONE', #2925, #974, #137 ) ;
#3438 = DIRECTION ( 'NONE',  ( 0.000000000000000000, 0.000000000000000000, 1.000000000000000000 ) ) ;
#3439 = ORIENTED_EDGE ( 'NONE', *, *, #1207, .F. ) ;
#3440 = EDGE_CURVE ( 'NONE', #1946, #1409, #2999, .T. ) ;
#3441 = EDGE_CURVE ( 'NONE', #1443, #3400, #2059, .T. ) ;
#3442 = ORIENTED_EDGE ( 'NONE', *, *, #3780, .T. ) ;
#3443 = PRODUCT_DEFINITION_SHAPE ( 'NONE', 'NONE',  #2137 ) ;
#3444 = CARTESIAN_POINT ( 'NONE',  ( 11.70000000000000995, 4.000000000000000000, -19.99999999999999645 ) ) ;
#3445 = DIRECTION ( 'NONE',  ( -0.000000000000000000, 1.000000000000000000, -0.000000000000000000 ) ) ;
#3446 = DIRECTION ( 'NONE',  ( 0.000000000000000000, -1.000000000000000000, 0.000000000000000000 ) ) ;
#3447 = DIRECTION ( 'NONE',  ( 1.000000000000000000, 0.000000000000000000, 0.000000000000000000 ) ) ;
#3448 = ORIENTED_EDGE ( 'NONE', *, *, #1499, .T. ) ;
#3449 = LINE ( 'NONE', #670, #2173 ) ;
#3450 = CARTESIAN_POINT ( 'NONE',  ( -11.70000000000005969, 4.000000000000000000, -2.899466381275557573E-14 ) ) ;
#3451 = ORIENTED_EDGE ( 'NONE', *, *, #2179, .F. ) ;
#3452 = ORIENTED_EDGE ( 'NONE', *, *, #3615, .F. ) ;
#3453 = LINE ( 'NONE', #2210, #1606 ) ;
#3454 = CARTESIAN_POINT ( 'NONE',  ( -33.99999999999999289, 1.999999999999914957, 15.69999999999999929 ) ) ;
#3455 = VERTEX_POINT ( 'NONE', #777 ) ;
#3456 = VERTEX_POINT ( 'NONE', #491 ) ;
#3457 = DIRECTION ( 'NONE',  ( 0.000000000000000000, -1.000000000000000000, 0.000000000000000000 ) ) ;
#3458 = DIRECTION ( 'NONE',  ( 0.000000000000000000, 0.000000000000000000, -1.000000000000000000 ) ) ;
#3459 = ORIENTED_EDGE ( 'NONE', *, *, #1690, .T. ) ;
#3460 = CARTESIAN_POINT ( 'NONE',  ( -34.00000000000000000, 1.999999999999914957, -15.69999999999999929 ) ) ;
#3461 = EDGE_CURVE ( 'NONE', #2245, #3750, #1162, .T. ) ;
#3462 = PLANE ( 'NONE',  #3027 ) ;
#3463 = CARTESIAN_POINT ( 'NONE',  ( 0.000000000000000000, -0.9000000000000000222, 20.39999999999999503 ) ) ;
#3464 = ORIENTED_EDGE ( 'NONE', *, *, #3076, .F. ) ;
#3465 = PLANE ( 'NONE',  #109 ) ;
#3466 = DIRECTION ( 'NONE',  ( -0.000000000000000000, 1.000000000000000000, -0.000000000000000000 ) ) ;
#3467 = VECTOR ( 'NONE', #3337, 1000.000000000000114 ) ;
#3468 = ORIENTED_EDGE ( 'NONE', *, *, #1284, .F. ) ;
#3469 = ADVANCED_FACE ( 'NONE', ( #179 ), #2002, .F. ) ;
#3470 = VERTEX_POINT ( 'NONE', #220 ) ;
#3471 = CARTESIAN_POINT ( 'NONE',  ( -33.00000000000000000, 1.000000000000000000, -16.19999999999999929 ) ) ;
#3472 = EDGE_CURVE ( 'NONE', #1705, #3922, #2664, .T. ) ;
#3473 = DIRECTION ( 'NONE',  ( 0.000000000000000000, 0.000000000000000000, -1.000000000000000000 ) ) ;
#3474 = VECTOR ( 'NONE', #2432, 1000.000000000000000 ) ;
#3475 = EDGE_LOOP ( 'NONE', ( #1259, #999, #3408, #2894 ) ) ;
#3476 = ADVANCED_FACE ( 'NONE', ( #2942 ), #330, .T. ) ;
#3477 = DIRECTION ( 'NONE',  ( -0.000000000000000000, 1.000000000000000000, -0.000000000000000000 ) ) ;
#3478 = PLANE ( 'NONE',  #38 ) ;
#3479 = LINE ( 'NONE', #930, #2178 ) ;
#3480 = EDGE_CURVE ( 'NONE', #2785, #1642, #1046, .T. ) ;
#3481 = AXIS2_PLACEMENT_3D ( 'NONE', #798, #450, #3921 ) ;
#3482 = AXIS2_PLACEMENT_3D ( 'NONE', #2672, #2731, #2337 ) ;
#3483 = CIRCLE ( 'NONE', #1024, 0.6999999999999853006 ) ;
#3484 = TOROIDAL_SURFACE ( 'NONE', #381, 0.5000000000000000000, 0.5000000000000000000 ) ;
#3485 = DIRECTION ( 'NONE',  ( 0.000000000000000000, -1.000000000000000000, 0.000000000000000000 ) ) ;
#3486 = ADVANCED_FACE ( 'NONE', ( #472 ), #549, .T. ) ;
#3487 = CIRCLE ( 'NONE', #2655, 1.000000000000000888 ) ;
#3488 = EDGE_CURVE ( 'NONE', #3922, #1879, #3629, .T. ) ;
#3489 = FACE_OUTER_BOUND ( 'NONE', #226, .T. ) ;
#3490 = ORIENTED_EDGE ( 'NONE', *, *, #205, .T. ) ;
#3491 = CARTESIAN_POINT ( 'NONE',  ( 12.90000000000002700, 1.999999999999998224, -18.89999999999999858 ) ) ;
#3492 = DIRECTION ( 'NONE',  ( -1.000000000000000000, -0.000000000000000000, -0.000000000000000000 ) ) ;
#3493 = VERTEX_POINT ( 'NONE', #3904 ) ;
#3494 = FACE_OUTER_BOUND ( 'NONE', #208, .T. ) ;
#3495 = LINE ( 'NONE', #3514, #3108 ) ;
#3496 = VERTEX_POINT ( 'NONE', #1399 ) ;
#3497 = CARTESIAN_POINT ( 'NONE',  ( 7.000000000000024869, 9.745432968889293335, -19.89999999999999503 ) ) ;
#3498 = CARTESIAN_POINT ( 'NONE',  ( 11.00000000000002487, 0.000000000000000000, 19.99999999999999645 ) ) ;
#3499 = DIRECTION ( 'NONE',  ( 0.000000000000000000, 0.000000000000000000, -1.000000000000000000 ) ) ;
#3500 = CIRCLE ( 'NONE', #2982, 1.000000000000000888 ) ;
#3501 = DIRECTION ( 'NONE',  ( 0.000000000000000000, 0.9950371902099895971, 0.09950371902099412746 ) ) ;
#3502 = VECTOR ( 'NONE', #2156, 1000.000000000000000 ) ;
#3503 = ADVANCED_FACE ( 'NONE', ( #3881 ), #1715, .T. ) ;
#3504 = CARTESIAN_POINT ( 'NONE',  ( -6.000000000000025757, 0.000000000000000000, -17.89999999999999858 ) ) ;
#3505 = DIRECTION ( 'NONE',  ( -0.000000000000000000, 0.000000000000000000, -1.000000000000000000 ) ) ;
#3506 = ADVANCED_FACE ( 'NONE', ( #1459 ), #1102, .F. ) ;
#3507 = ORIENTED_EDGE ( 'NONE', *, *, #2534, .F. ) ;
#3508 = CARTESIAN_POINT ( 'NONE',  ( -7.000000000000190070, 0.000000000000000000, -6.071532165919062120E-14 ) ) ;
#3509 = DIRECTION ( 'NONE',  ( 0.09950371902100590971, -0.9950371902099883759, 0.000000000000000000 ) ) ;
#3510 = ORIENTED_EDGE ( 'NONE', *, *, #480, .T. ) ;
#3511 = CIRCLE ( 'NONE', #1756, 1.000000000000000888 ) ;
#3512 = DIRECTION ( 'NONE',  ( -0.000000000000000000, 1.000000000000000000, -0.000000000000000000 ) ) ;
#3513 = VERTEX_POINT ( 'NONE', #2018 ) ;
#3514 = CARTESIAN_POINT ( 'NONE',  ( 6.000000000000025757, 1.999999999999998668, -17.89999999999999858 ) ) ;
#3515 = ORIENTED_EDGE ( 'NONE', *, *, #3076, .T. ) ;
#3516 = DIRECTION ( 'NONE',  ( -5.782411586589401421E-15, 0.000000000000000000, -1.000000000000000000 ) ) ;
#3517 = CARTESIAN_POINT ( 'NONE',  ( 7.000000000000024869, 0.000000000000000000, -18.89999999999999858 ) ) ;
#3518 = VECTOR ( 'NONE', #738, 1000.000000000000000 ) ;
#3519 = FACE_OUTER_BOUND ( 'NONE', #1930, .T. ) ;
#3520 = DIRECTION ( 'NONE',  ( 0.000000000000000000, -1.000000000000000000, 0.000000000000000000 ) ) ;
#3521 = DIRECTION ( 'NONE',  ( 0.000000000000000000, -1.000000000000000000, 0.000000000000000000 ) ) ;
#3522 = ADVANCED_FACE ( 'NONE', ( #3269 ), #2986, .F. ) ;
#3523 = CARTESIAN_POINT ( 'NONE',  ( 6.000000000000025757, 0.000000000000000000, -17.89999999999999858 ) ) ;
#3524 = ADVANCED_FACE ( 'NONE', ( #2979 ), #2859, .T. ) ;
#3525 = CARTESIAN_POINT ( 'NONE',  ( -35.19999999999999574, 4.000000000000000000, 17.89999999999999858 ) ) ;
#3526 = VERTEX_POINT ( 'NONE', #3607 ) ;
#3527 = CARTESIAN_POINT ( 'NONE',  ( 34.99999999999999289, 4.000000000000000000, -6.783834822255668430E-15 ) ) ;
#3528 = CARTESIAN_POINT ( 'NONE',  ( 0.000000000000000000, -0.000000000000000000, -19.09999999999999787 ) ) ;
#3529 = ORIENTED_EDGE ( 'NONE', *, *, #1187, .F. ) ;
#3530 = DIRECTION ( 'NONE',  ( 0.000000000000000000, 0.000000000000000000, -1.000000000000000000 ) ) ;
#3531 = EDGE_LOOP ( 'NONE', ( #3911, #3147, #1584, #2115 ) ) ;
#3532 = LINE ( 'NONE', #1063, #3518 ) ;
#3533 = ORIENTED_EDGE ( 'NONE', *, *, #602, .F. ) ;
#3534 = CARTESIAN_POINT ( 'NONE',  ( 0.000000000000000000, 0.000000000000000000, 0.000000000000000000 ) ) ;
#3535 = EDGE_CURVE ( 'NONE', #693, #481, #2097, .T. ) ;
#3536 = CIRCLE ( 'NONE', #2037, 0.8999999999999980238 ) ;
#3537 = EDGE_CURVE ( 'NONE', #4000, #21, #3422, .T. ) ;
#3538 = DIRECTION ( 'NONE',  ( 0.000000000000000000, -1.000000000000000000, 0.000000000000000000 ) ) ;
#3539 = LINE ( 'NONE', #149, #1410 ) ;
#3540 = LINE ( 'NONE', #767, #1991 ) ;
#3541 = ORIENTED_EDGE ( 'NONE', *, *, #1323, .F. ) ;
#3542 = DIRECTION ( 'NONE',  ( 0.000000000000000000, -0.000000000000000000, -1.000000000000000000 ) ) ;
#3543 = AXIS2_PLACEMENT_3D ( 'NONE', #3153, #2295, #102 ) ;
#3544 = CARTESIAN_POINT ( 'NONE',  ( -11.70000000000000995, 4.000000000000000000, 18.89999999999999147 ) ) ;
#3545 = CARTESIAN_POINT ( 'NONE',  ( -7.200000000000035705, 4.000000000000000000, 19.89999999999998082 ) ) ;
#3546 = VECTOR ( 'NONE', #3284, 1000.000000000000000 ) ;
#3547 = DIRECTION ( 'NONE',  ( 0.000000000000000000, 0.000000000000000000, -1.000000000000000000 ) ) ;
#3548 = CIRCLE ( 'NONE', #2117, 1.000000000000000888 ) ;
#3549 = ORIENTED_EDGE ( 'NONE', *, *, #494, .T. ) ;
#3550 = ADVANCED_FACE ( 'NONE', ( #1233 ), #1214, .T. ) ;
#3551 = DIRECTION ( 'NONE',  ( 0.000000000000000000, -1.000000000000000000, 0.000000000000000000 ) ) ;
#3552 = CIRCLE ( 'NONE', #1160, 1.000000000000000888 ) ;
#3553 = ORIENTED_EDGE ( 'NONE', *, *, #2187, .F. ) ;
#3554 = AXIS2_PLACEMENT_3D ( 'NONE', #1017, #716, #2309 ) ;
#3555 = CYLINDRICAL_SURFACE ( 'NONE', #3570, 0.5000000000000004441 ) ;
#3556 = ORIENTED_EDGE ( 'NONE', *, *, #1900, .F. ) ;
#3557 = CARTESIAN_POINT ( 'NONE',  ( 8.000000000000024869, -0.8999999999999998002, -19.09999999999999787 ) ) ;
#3558 = VERTEX_POINT ( 'NONE', #1535 ) ;
#3559 = FACE_OUTER_BOUND ( 'NONE', #2235, .T. ) ;
#3560 = AXIS2_PLACEMENT_3D ( 'NONE', #1247, #3746, #1211 ) ;
#3561 = ADVANCED_FACE ( 'NONE', ( #2446 ), #3367, .F. ) ;
#3562 = EDGE_CURVE ( 'NONE', #760, #1814, #3042, .T. ) ;
#3563 = FACE_OUTER_BOUND ( 'NONE', #3595, .T. ) ;
#3564 = DIRECTION ( 'NONE',  ( 0.000000000000000000, 0.000000000000000000, -1.000000000000000000 ) ) ;
#3565 = VECTOR ( 'NONE', #1301, 1000.000000000000000 ) ;
#3566 = CARTESIAN_POINT ( 'NONE',  ( 8.000000000000012434, -0.8999999999999998002, 19.89999999999999503 ) ) ;
#3567 = LINE ( 'NONE', #3265, #3321 ) ;
#3568 = ADVANCED_FACE ( 'NONE', ( #3706 ), #933, .F. ) ;
#3569 = CYLINDRICAL_SURFACE ( 'NONE', #2240, 0.5000000000000004441 ) ;
#3570 = AXIS2_PLACEMENT_3D ( 'NONE', #476, #1306, #2602 ) ;
#3571 = DIRECTION ( 'NONE',  ( 0.000000000000000000, 0.000000000000000000, 1.000000000000000000 ) ) ;
#3572 = CARTESIAN_POINT ( 'NONE',  ( 0.000000000000000000, 9.745432968889293335, 20.89999999999998082 ) ) ;
#3573 = ORIENTED_EDGE ( 'NONE', *, *, #1839, .T. ) ;
#3574 = DIRECTION ( 'NONE',  ( 0.000000000000000000, 0.000000000000000000, -1.000000000000000000 ) ) ;
#3575 = ORIENTED_EDGE ( 'NONE', *, *, #86, .F. ) ;
#3576 = LINE ( 'NONE', #2009, #379 ) ;
#3577 = EDGE_LOOP ( 'NONE', ( #1450, #3307, #1549, #1644, #681 ) ) ;
#3578 = ORIENTED_EDGE ( 'NONE', *, *, #807, .T. ) ;
#3579 = CARTESIAN_POINT ( 'NONE',  ( -7.000000000000021316, 1.999999999999998224, 18.89999999999999858 ) ) ;
#3580 = DIRECTION ( 'NONE',  ( 0.000000000000000000, 0.000000000000000000, -1.000000000000000000 ) ) ;
#3581 = CARTESIAN_POINT ( 'NONE',  ( -11.00000000000001776, 4.000000000000000000, 19.99999999999998224 ) ) ;
#3582 = CARTESIAN_POINT ( 'NONE',  ( 7.000000000000025757, 1.999999999999998668, -18.89999999999999858 ) ) ;
#3583 = DIRECTION ( 'NONE',  ( -0.000000000000000000, 1.000000000000000000, -0.000000000000000000 ) ) ;
#3584 = CARTESIAN_POINT ( 'NONE',  ( -12.90000000000002345, 4.000000000000000000, 17.69999999999998508 ) ) ;
#3585 = ORIENTED_EDGE ( 'NONE', *, *, #2266, .F. ) ;
#3586 = EDGE_CURVE ( 'NONE', #3049, #2371, #3115, .T. ) ;
#3587 = DIRECTION ( 'NONE',  ( -0.000000000000000000, 1.000000000000000000, -0.000000000000000000 ) ) ;
#3588 = DIRECTION ( 'NONE',  ( -8.673617379884027583E-15, 0.000000000000000000, -1.000000000000000000 ) ) ;
#3589 = VERTEX_POINT ( 'NONE', #623 ) ;
#3590 = CARTESIAN_POINT ( 'NONE',  ( -33.00000000000000000, 4.000000000000000000, -15.69999999999999929 ) ) ;
#3591 = VERTEX_POINT ( 'NONE', #1850 ) ;
#3592 = DIRECTION ( 'NONE',  ( 0.000000000000000000, -0.09950371902100507704, 0.9950371902099885979 ) ) ;
#3593 = EDGE_CURVE ( 'NONE', #235, #939, #3834, .T. ) ;
#3594 = ORIENTED_EDGE ( 'NONE', *, *, #1905, .T. ) ;
#3595 = EDGE_LOOP ( 'NONE', ( #2421, #3351, #1267, #3556 ) ) ;
#3596 = ORIENTED_EDGE ( 'NONE', *, *, #2034, .F. ) ;
#3597 = DIRECTION ( 'NONE',  ( -0.000000000000000000, 0.000000000000000000, -1.000000000000000000 ) ) ;
#3598 = EDGE_CURVE ( 'NONE', #1717, #3654, #3902, .T. ) ;
#3599 = CARTESIAN_POINT ( 'NONE',  ( -35.19999999999999574, 1.999999999999998668, 17.89999999999999858 ) ) ;
#3600 = DIRECTION ( 'NONE',  ( 0.000000000000000000, -0.000000000000000000, -1.000000000000000000 ) ) ;
#3601 = EDGE_CURVE ( 'NONE', #21, #3099, #296, .T. ) ;
#3602 = AXIS2_PLACEMENT_3D ( 'NONE', #1413, #3893, #2342 ) ;
#3603 = CYLINDRICAL_SURFACE ( 'NONE', #1076, 0.5000000000000004441 ) ;
#3604 = ADVANCED_FACE ( 'NONE', ( #3096 ), #2795, .F. ) ;
#3605 = CARTESIAN_POINT ( 'NONE',  ( -6.000000000000025757, 1.999999999999998224, -18.89999999999999858 ) ) ;
#3606 = AXIS2_PLACEMENT_3D ( 'NONE', #1442, #2368, #3588 ) ;
#3607 = CARTESIAN_POINT ( 'NONE',  ( 11.90000000000002345, 1.999999999999998224, -19.99999999999999645 ) ) ;
#3608 = CARTESIAN_POINT ( 'NONE',  ( -32.99999999999999289, 4.000000000000000000, 16.89999999999999858 ) ) ;
#3609 = AXIS2_PLACEMENT_3D ( 'NONE', #1058, #1917, #3165 ) ;
#3610 = CIRCLE ( 'NONE', #1158, 0.6999999999999853006 ) ;
#3611 = CARTESIAN_POINT ( 'NONE',  ( -11.00000000000000355, -1.399999999999999911, -19.59999999999999787 ) ) ;
#3612 = EDGE_LOOP ( 'NONE', ( #852, #2710, #417, #350 ) ) ;
#3613 = VECTOR ( 'NONE', #1325, 1000.000000000000000 ) ;
#3614 = DIRECTION ( 'NONE',  ( 0.000000000000000000, 0.000000000000000000, -1.000000000000000000 ) ) ;
#3615 = EDGE_CURVE ( 'NONE', #553, #3721, #320, .T. ) ;
#3616 = EDGE_LOOP ( 'NONE', ( #1466, #2988, #1143, #3257 ) ) ;
#3617 = ORIENTED_EDGE ( 'NONE', *, *, #3411, .F. ) ;
#3618 = ORIENTED_EDGE ( 'NONE', *, *, #1816, .F. ) ;
#3619 = CARTESIAN_POINT ( 'NONE',  ( -8.000000000000021316, -1.400000000000000133, 19.09999999999999787 ) ) ;
#3620 = LINE ( 'NONE', #2090, #3474 ) ;
#3621 = CARTESIAN_POINT ( 'NONE',  ( 11.00000000000002487, -0.8999999999999998002, -20.89999999999999503 ) ) ;
#3622 = DIRECTION ( 'NONE',  ( -0.000000000000000000, 1.000000000000000000, -0.000000000000000000 ) ) ;
#3623 = DIRECTION ( 'NONE',  ( 1.000000000000000000, 0.000000000000000000, -0.000000000000000000 ) ) ;
#3624 = AXIS2_PLACEMENT_3D ( 'NONE', #2144, #31, #1877 ) ;
#3625 = ORIENTED_EDGE ( 'NONE', *, *, #1502, .T. ) ;
#3626 = LINE ( 'NONE', #3584, #2172 ) ;
#3627 = ORIENTED_EDGE ( 'NONE', *, *, #174, .F. ) ;
#3628 = ADVANCED_FACE ( 'NONE', ( #338 ), #3960, .F. ) ;
#3629 = LINE ( 'NONE', #1699, #1557 ) ;
#3630 = LINE ( 'NONE', #2081, #1932 ) ;
#3631 = VECTOR ( 'NONE', #2932, 1000.000000000000000 ) ;
#3632 = AXIS2_PLACEMENT_3D ( 'NONE', #2123, #3388, #2511 ) ;
#3633 = EDGE_CURVE ( 'NONE', #1349, #3470, #2741, .T. ) ;
#3634 = CARTESIAN_POINT ( 'NONE',  ( -7.000000000000017764, 9.745432968889293335, -19.89999999999997016 ) ) ;
#3635 = EDGE_LOOP ( 'NONE', ( #3963, #1665, #2045, #3993 ) ) ;
#3636 = AXIS2_PLACEMENT_3D ( 'NONE', #1796, #3060, #262 ) ;
#3637 = DIRECTION ( 'NONE',  ( 0.000000000000000000, 0.000000000000000000, -1.000000000000000000 ) ) ;
#3638 = ORIENTED_EDGE ( 'NONE', *, *, #3672, .F. ) ;
#3639 = ORIENTED_EDGE ( 'NONE', *, *, #1372, .T. ) ;
#3640 = DIRECTION ( 'NONE',  ( 1.000000000000000000, -0.000000000000000000, -0.000000000000000000 ) ) ;
#3641 = CARTESIAN_POINT ( 'NONE',  ( 7.379190561164131523, -1.399999999999999689, 19.99999999999936051 ) ) ;
#3642 = EDGE_CURVE ( 'NONE', #1239, #1989, #200, .T. ) ;
#3643 = DIRECTION ( 'NONE',  ( 0.000000000000000000, -1.000000000000000000, 0.000000000000000000 ) ) ;
#3644 = DIRECTION ( 'NONE',  ( 0.000000000000000000, -1.000000000000000000, 0.000000000000000000 ) ) ;
#3645 = AXIS2_PLACEMENT_3D ( 'NONE', #647, #3447, #3856 ) ;
#3646 = DIRECTION ( 'NONE',  ( 0.000000000000000000, 0.000000000000000000, 1.000000000000000000 ) ) ;
#3647 = ORIENTED_EDGE ( 'NONE', *, *, #2112, .F. ) ;
#3648 = EDGE_CURVE ( 'NONE', #3694, #818, #2139, .T. ) ;
#3649 = ORIENTED_EDGE ( 'NONE', *, *, #1767, .F. ) ;
#3650 = CARTESIAN_POINT ( 'NONE',  ( -11.90000000000002345, 1.999999999999998668, -19.99999999999998224 ) ) ;
#3651 = DIRECTION ( 'NONE',  ( 0.000000000000000000, 0.000000000000000000, -1.000000000000000000 ) ) ;
#3652 = EDGE_CURVE ( 'NONE', #769, #2700, #2422, .T. ) ;
#3653 =( NAMED_UNIT ( * ) PLANE_ANGLE_UNIT ( ) SI_UNIT ( $, .RADIAN. ) );
#3654 = VERTEX_POINT ( 'NONE', #2012 ) ;
#3655 = DIRECTION ( 'NONE',  ( -1.000000000000000000, -0.000000000000000000, -0.000000000000000000 ) ) ;
#3656 = ORIENTED_EDGE ( 'NONE', *, *, #3869, .T. ) ;
#3657 = ORIENTED_EDGE ( 'NONE', *, *, #662, .F. ) ;
#3658 = B_SPLINE_CURVE_WITH_KNOTS ( 'NONE', 3,
 ( #3795, #401, #2814, #2255, #3183, #1354 ),
 .UNSPECIFIED., .F., .F.,
 ( 4, 2, 4 ),
 ( -7.143769264597866772E-06, 0.0003888470756610467628, 0.0007848379205866913306 ),
 .UNSPECIFIED. ) ;
#3659 = DIRECTION ( 'NONE',  ( 0.000000000000000000, 0.000000000000000000, -1.000000000000000000 ) ) ;
#3660 = CARTESIAN_POINT ( 'NONE',  ( 7.510102051443376503, -1.399999999999999911, 19.99999999999999289 ) ) ;
#3661 = CARTESIAN_POINT ( 'NONE',  ( -35.20000000000000284, 1.999999999999998668, -16.89999999999999858 ) ) ;
#3662 = ADVANCED_FACE ( 'NONE', ( #3563 ), #2959, .F. ) ;
#3663 = DIRECTION ( 'NONE',  ( 0.000000000000000000, 1.000000000000000000, 0.000000000000000000 ) ) ;
#3664 = EDGE_CURVE ( 'NONE', #3696, #3591, #3262, .T. ) ;
#3665 = CARTESIAN_POINT ( 'NONE',  ( 7.200000000000037481, 4.000000000000000000, 18.90000000000001279 ) ) ;
#3666 = ORIENTED_EDGE ( 'NONE', *, *, #3755, .F. ) ;
#3667 = ORIENTED_EDGE ( 'NONE', *, *, #1517, .T. ) ;
#3668 = CARTESIAN_POINT ( 'NONE',  ( 0.000000000000000000, 4.000000000000000000, -17.69999999999998508 ) ) ;
#3669 = CARTESIAN_POINT ( 'NONE',  ( 0.000000000000000000, 4.000000000000000000, -17.69999999999998508 ) ) ;
#3670 = CARTESIAN_POINT ( 'NONE',  ( -12.90000000000002522, 1.999999999999998668, -17.89999999999999858 ) ) ;
#3671 = AXIS2_PLACEMENT_3D ( 'NONE', #1236, #3707, #1179 ) ;
#3672 = EDGE_CURVE ( 'NONE', #654, #1516, #51, .T. ) ;
#3673 = ORIENTED_EDGE ( 'NONE', *, *, #3126, .T. ) ;
#3674 = DIRECTION ( 'NONE',  ( 1.000000000000000000, 0.000000000000000000, 0.000000000000000000 ) ) ;
#3675 = ORIENTED_EDGE ( 'NONE', *, *, #1820, .T. ) ;
#3676 = VECTOR ( 'NONE', #1713, 1000.000000000000000 ) ;
#3677 = EDGE_LOOP ( 'NONE', ( #3730, #2683, #57, #835 ) ) ;
#3678 = CARTESIAN_POINT ( 'NONE',  ( 34.20000000000000284, 1.999999999999999112, -16.89999999999999858 ) ) ;
#3679 = VECTOR ( 'NONE', #2043, 1000.000000000000000 ) ;
#3680 = PLANE ( 'NONE',  #2367 ) ;
#3681 = CIRCLE ( 'NONE', #380, 0.6999999999999853006 ) ;
#3682 = DIRECTION ( 'NONE',  ( -0.09950371902100590971, -0.9950371902099883759, -1.726114373327264784E-15 ) ) ;
#3683 = VECTOR ( 'NONE', #2772, 1000.000000000000000 ) ;
#3684 = FACE_OUTER_BOUND ( 'NONE', #292, .T. ) ;
#3685 = AXIS2_PLACEMENT_3D ( 'NONE', #3785, #2929, #1643 ) ;
#3686 = LINE ( 'NONE', #2195, #256 ) ;
#3687 = ORIENTED_EDGE ( 'NONE', *, *, #2771, .F. ) ;
#3688 = ORIENTED_EDGE ( 'NONE', *, *, #2489, .F. ) ;
#3689 = ORIENTED_EDGE ( 'NONE', *, *, #238, .T. ) ;
#3690 = ADVANCED_FACE ( 'NONE', ( #2505 ), #3801, .F. ) ;
#3691 = CARTESIAN_POINT ( 'NONE',  ( 11.70000000000005969, 4.000000000000000000, -2.899466381275538641E-14 ) ) ;
#3692 = CARTESIAN_POINT ( 'NONE',  ( -8.000000000000021316, 9.745432968889293335, 20.89999999999998082 ) ) ;
#3693 = DIRECTION ( 'NONE',  ( -1.000000000000000000, 0.000000000000000000, 0.000000000000000000 ) ) ;
#3694 = VERTEX_POINT ( 'NONE', #1709 ) ;
#3695 = CARTESIAN_POINT ( 'NONE',  ( 33.00000000000000000, 4.000000000000000000, -16.89999999999999858 ) ) ;
#3696 = VERTEX_POINT ( 'NONE', #2914 ) ;
#3697 = AXIS2_PLACEMENT_3D ( 'NONE', #402, #452, #89 ) ;
#3698 = ORIENTED_EDGE ( 'NONE', *, *, #3717, .T. ) ;
#3699 = CARTESIAN_POINT ( 'NONE',  ( 8.000000000000010658, -1.399999999999999911, 19.59999999999999787 ) ) ;
#3700 = CARTESIAN_POINT ( 'NONE',  ( -8.000000000000021316, 4.000000000000000000, 19.89999999999998082 ) ) ;
#3701 = DIRECTION ( 'NONE',  ( 0.000000000000000000, 0.000000000000000000, -1.000000000000000000 ) ) ;
#3702 = CARTESIAN_POINT ( 'NONE',  ( 0.000000000000000000, -1.399999999999999911, -20.39999999999998082 ) ) ;
#3703 = ORIENTED_EDGE ( 'NONE', *, *, #3804, .F. ) ;
#3704 = AXIS2_PLACEMENT_3D ( 'NONE', #365, #975, #1051 ) ;
#3705 = ORIENTED_EDGE ( 'NONE', *, *, #1103, .T. ) ;
#3706 = FACE_OUTER_BOUND ( 'NONE', #2544, .T. ) ;
#3707 = DIRECTION ( 'NONE',  ( 0.000000000000000000, -1.000000000000000000, 0.000000000000000000 ) ) ;
#3708 = EDGE_CURVE ( 'NONE', #473, #1127, #1209, .T. ) ;
#3709 = EDGE_CURVE ( 'NONE', #1425, #2674, #1369, .T. ) ;
#3710 = DIRECTION ( 'NONE',  ( 1.000000000000000000, 0.000000000000000000, 0.000000000000000000 ) ) ;
#3711 = AXIS2_PLACEMENT_3D ( 'NONE', #1663, #1945, #2909 ) ;
#3712 = ORIENTED_EDGE ( 'NONE', *, *, #1570, .T. ) ;
#3713 = CYLINDRICAL_SURFACE ( 'NONE', #318, 0.8999999999999980238 ) ;
#3714 = ORIENTED_EDGE ( 'NONE', *, *, #1121, .T. ) ;
#3715 = VERTEX_POINT ( 'NONE', #971 ) ;
#3716 = FACE_OUTER_BOUND ( 'NONE', #351, .T. ) ;
#3717 = EDGE_CURVE ( 'NONE', #818, #1175, #233, .T. ) ;
#3718 = CARTESIAN_POINT ( 'NONE',  ( -34.19999999999999574, 4.000000000000000000, 16.89999999999999858 ) ) ;
#3719 = LINE ( 'NONE', #1567, #448 ) ;
#3720 = DIRECTION ( 'NONE',  ( 0.000000000000000000, -1.000000000000000000, 0.000000000000000000 ) ) ;
#3721 = VERTEX_POINT ( 'NONE', #3444 ) ;
#3722 = EDGE_CURVE ( 'NONE', #2918, #3824, #3018, .T. ) ;
#3723 = ORIENTED_EDGE ( 'NONE', *, *, #1517, .F. ) ;
#3724 = DIRECTION ( 'NONE',  ( 0.000000000000000000, 0.000000000000000000, -1.000000000000000000 ) ) ;
#3725 = CARTESIAN_POINT ( 'NONE',  ( -12.90000000000002522, 1.999999999999998668, -18.89999999999999858 ) ) ;
#3726 = AXIS2_PLACEMENT_3D ( 'NONE', #2198, #809, #1967 ) ;
#3727 = EDGE_CURVE ( 'NONE', #578, #1869, #3850, .T. ) ;
#3728 = CARTESIAN_POINT ( 'NONE',  ( -35.19999999999999574, 0.000000000000000000, 17.89999999999999858 ) ) ;
#3729 = LINE ( 'NONE', #3544, #544 ) ;
#3730 = ORIENTED_EDGE ( 'NONE', *, *, #419, .T. ) ;
#3731 = CARTESIAN_POINT ( 'NONE',  ( -7.005012562893401906, 0.000000000000000000, 19.99999999999998934 ) ) ;
#3732 = VERTEX_POINT ( 'NONE', #1572 ) ;
#3733 = ORIENTED_EDGE ( 'NONE', *, *, #1472, .T. ) ;
#3734 = CARTESIAN_POINT ( 'NONE',  ( -11.00000000000002487, 4.000000000000000000, -20.69999999999996732 ) ) ;
#3735 = CIRCLE ( 'NONE', #236, 0.5000000000000004441 ) ;
#3736 = AXIS2_PLACEMENT_3D ( 'NONE', #3195, #1648, #128 ) ;
#3737 = ADVANCED_FACE ( 'NONE', ( #2319 ), #2629, .F. ) ;
#3738 = DIRECTION ( 'NONE',  ( 0.000000000000000000, 0.000000000000000000, -1.000000000000000000 ) ) ;
#3739 = EDGE_CURVE ( 'NONE', #16, #2174, #2167, .T. ) ;
#3740 = AXIS2_PLACEMENT_3D ( 'NONE', #1456, #2325, #1378 ) ;
#3741 = AXIS2_PLACEMENT_3D ( 'NONE', #1655, #2902, #2596 ) ;
#3742 = DIRECTION ( 'NONE',  ( 0.000000000000000000, 0.000000000000000000, 1.000000000000000000 ) ) ;
#3743 = TOROIDAL_SURFACE ( 'NONE', #637, 0.3999999999999980238, 0.5000000000000000000 ) ;
#3744 = CIRCLE ( 'NONE', #1733, 0.3999999999999975797 ) ;
#3745 = AXIS2_PLACEMENT_3D ( 'NONE', #2131, #1528, #2806 ) ;
#3746 = DIRECTION ( 'NONE',  ( 0.000000000000000000, -1.000000000000000000, 0.000000000000000000 ) ) ;
#3747 = ORIENTED_EDGE ( 'NONE', *, *, #3934, .F. ) ;
#3748 = CIRCLE ( 'NONE', #3035, 0.5000000000000004441 ) ;
#3749 = VECTOR ( 'NONE', #3849, 1000.000000000000000 ) ;
#3750 = VERTEX_POINT ( 'NONE', #2029 ) ;
#3751 = DIRECTION ( 'NONE',  ( 0.000000000000000000, 0.000000000000000000, -1.000000000000000000 ) ) ;
#3752 = ORIENTED_EDGE ( 'NONE', *, *, #10, .T. ) ;
#3753 = DIRECTION ( 'NONE',  ( 0.000000000000000000, -1.000000000000000000, 0.000000000000000000 ) ) ;
#3754 = VECTOR ( 'NONE', #1291, 1000.000000000000000 ) ;
#3755 = EDGE_CURVE ( 'NONE', #2911, #564, #1994, .T. ) ;
#3756 = DIRECTION ( 'NONE',  ( -2.077513144882403750E-16, 0.000000000000000000, -1.000000000000000000 ) ) ;
#3757 = DIRECTION ( 'NONE',  ( 0.000000000000000000, 0.000000000000000000, -1.000000000000000000 ) ) ;
#3758 = ORIENTED_EDGE ( 'NONE', *, *, #3044, .T. ) ;
#3759 = AXIS2_PLACEMENT_3D ( 'NONE', #2927, #139, #1623 ) ;
#3760 = CARTESIAN_POINT ( 'NONE',  ( 8.000000000000024869, -1.399999999999999911, -20.39999999999999503 ) ) ;
#3761 = ORIENTED_EDGE ( 'NONE', *, *, #184, .F. ) ;
#3762 = ORIENTED_EDGE ( 'NONE', *, *, #125, .T. ) ;
#3763 = ORIENTED_EDGE ( 'NONE', *, *, #2816, .F. ) ;
#3764 = DIRECTION ( 'NONE',  ( 0.000000000000000000, 0.000000000000000000, 1.000000000000000000 ) ) ;
#3765 = DIRECTION ( 'NONE',  ( 0.000000000000000000, 0.9950371902099883759, 0.09950371902100677013 ) ) ;
#3766 = EDGE_LOOP ( 'NONE', ( #1184, #3439, #3647, #1666 ) ) ;
#3767 = ORIENTED_EDGE ( 'NONE', *, *, #2523, .T. ) ;
#3768 = CYLINDRICAL_SURFACE ( 'NONE', #509, 1.000000000000000888 ) ;
#3769 = EDGE_CURVE ( 'NONE', #1616, #3853, #23, .T. ) ;
#3770 = CIRCLE ( 'NONE', #467, 1.200000000000013500 ) ;
#3771 = DIRECTION ( 'NONE',  ( 0.000000000000000000, -1.000000000000000000, 0.000000000000000000 ) ) ;
#3772 = ORIENTED_EDGE ( 'NONE', *, *, #1374, .T. ) ;
#3773 = DIRECTION ( 'NONE',  ( 1.000000000000000000, 0.000000000000000000, 0.000000000000000000 ) ) ;
#3774 = ADVANCED_FACE ( 'NONE', ( #3279 ), #2813, .F. ) ;
#3775 = ORIENTED_EDGE ( 'NONE', *, *, #289, .F. ) ;
#3776 = CARTESIAN_POINT ( 'NONE',  ( 7.200000000000037481, 4.000000000000000000, 18.90000000000001279 ) ) ;
#3777 = FACE_BOUND ( 'NONE', #520, .T. ) ;
#3778 = ORIENTED_EDGE ( 'NONE', *, *, #2816, .T. ) ;
#3779 = DIRECTION ( 'NONE',  ( 0.000000000000000000, 0.9950371902099884869, 0.09950371902100506316 ) ) ;
#3780 = EDGE_CURVE ( 'NONE', #1689, #805, #1590, .T. ) ;
#3781 = DIRECTION ( 'NONE',  ( 0.000000000000000000, 1.000000000000000000, -0.000000000000000000 ) ) ;
#3782 = ORIENTED_EDGE ( 'NONE', *, *, #110, .T. ) ;
#3783 = ORIENTED_EDGE ( 'NONE', *, *, #3535, .F. ) ;
#3784 = ORIENTED_EDGE ( 'NONE', *, *, #1305, .F. ) ;
#3785 = CARTESIAN_POINT ( 'NONE',  ( -34.00000000000000000, 4.000000000000000000, -16.69999999999999929 ) ) ;
#3786 = DIRECTION ( 'NONE',  ( 1.000000000000000000, 0.000000000000000000, -0.000000000000000000 ) ) ;
#3787 = EDGE_CURVE ( 'NONE', #1087, #3328, #148, .T. ) ;
#3788 = VERTEX_POINT ( 'NONE', #2530 ) ;
#3789 = ORIENTED_EDGE ( 'NONE', *, *, #1696, .T. ) ;
#3790 = DIRECTION ( 'NONE',  ( -1.000000000000000000, -0.000000000000000000, -0.000000000000000000 ) ) ;
#3791 = FACE_OUTER_BOUND ( 'NONE', #3616, .T. ) ;
#3792 = ORIENTED_EDGE ( 'NONE', *, *, #1472, .F. ) ;
#3793 = EDGE_CURVE ( 'NONE', #1525, #769, #992, .T. ) ;
#3794 = EDGE_CURVE ( 'NONE', #1130, #1688, #428, .T. ) ;
#3795 = CARTESIAN_POINT ( 'NONE',  ( -7.510102051443387161, -1.399999999999999911, 19.99999999999998934 ) ) ;
#3796 = PLANE ( 'NONE',  #2133 ) ;
#3797 = ORIENTED_EDGE ( 'NONE', *, *, #606, .T. ) ;
#3798 = CARTESIAN_POINT ( 'NONE',  ( -35.20000000000000284, 4.000000000000000000, -17.89999999999999858 ) ) ;
#3799 = DIRECTION ( 'NONE',  ( 1.000000000000000000, 0.000000000000000000, -0.000000000000000000 ) ) ;
#3800 = VERTEX_POINT ( 'NONE', #1205 ) ;
#3801 = TOROIDAL_SURFACE ( 'NONE', #362, 0.5000000000000000000, 0.5000000000000000000 ) ;
#3802 = CARTESIAN_POINT ( 'NONE',  ( 8.000000000000024869, 4.000000000000000000, -19.89999999999999503 ) ) ;
#3803 = ORIENTED_EDGE ( 'NONE', *, *, #1993, .T. ) ;
#3804 = EDGE_CURVE ( 'NONE', #21, #2691, #3536, .T. ) ;
#3805 = LINE ( 'NONE', #1307, #3389 ) ;
#3806 = ORIENTED_EDGE ( 'NONE', *, *, #2920, .T. ) ;
#3807 = DIRECTION ( 'NONE',  ( 0.000000000000000000, 0.000000000000000000, -1.000000000000000000 ) ) ;
#3808 = LINE ( 'NONE', #828, #1342 ) ;
#3809 = CARTESIAN_POINT ( 'NONE',  ( -11.00000000000000355, -0.9000000000000000222, -19.59999999999999787 ) ) ;
#3810 = PLANE ( 'NONE',  #180 ) ;
#3811 = VECTOR ( 'NONE', #3445, 1000.000000000000000 ) ;
#3812 = VECTOR ( 'NONE', #3263, 1000.000000000000227 ) ;
#3813 = VECTOR ( 'NONE', #186, 1000.000000000000000 ) ;
#3814 = PRESENTATION_LAYER_ASSIGNMENT (  '', '', ( #511 ) ) ;
#3815 = DIRECTION ( 'NONE',  ( 0.000000000000000000, 0.000000000000000000, -1.000000000000000000 ) ) ;
#3816 = CARTESIAN_POINT ( 'NONE',  ( -34.19999999999999574, 4.000000000000000000, 16.89999999999999858 ) ) ;
#3817 = ORIENTED_EDGE ( 'NONE', *, *, #1891, .T. ) ;
#3818 = DIRECTION ( 'NONE',  ( 0.000000000000000000, -1.000000000000000000, 0.000000000000000000 ) ) ;
#3819 = LINE ( 'NONE', #1657, #2728 ) ;
#3820 = VERTEX_POINT ( 'NONE', #580 ) ;
#3821 = FACE_OUTER_BOUND ( 'NONE', #1258, .T. ) ;
#3822 = ORIENTED_EDGE ( 'NONE', *, *, #602, .T. ) ;
#3823 = LINE ( 'NONE', #2269, #2150 ) ;
#3824 = VERTEX_POINT ( 'NONE', #2108 ) ;
#3825 = DIRECTION ( 'NONE',  ( -0.000000000000000000, 1.000000000000000000, -0.000000000000000000 ) ) ;
#3826 = DIRECTION ( 'NONE',  ( 0.000000000000000000, 0.000000000000000000, -1.000000000000000000 ) ) ;
#3827 = LINE ( 'NONE', #1048, #1854 ) ;
#3828 = EDGE_CURVE ( 'NONE', #2222, #3135, #2603, .T. ) ;
#3829 = ORIENTED_EDGE ( 'NONE', *, *, #1550, .F. ) ;
#3830 = VECTOR ( 'NONE', #275, 1000.000000000000000 ) ;
#3831 = AXIS2_PLACEMENT_3D ( 'NONE', #2203, #3587, #3547 ) ;
#3832 = CARTESIAN_POINT ( 'NONE',  ( -32.99999999999999289, 1.999999999999914957, 16.69999999999999929 ) ) ;
#3833 = CARTESIAN_POINT ( 'NONE',  ( 11.90000000000013358, 9.745432968889293335, 6.881069788041418953E-14 ) ) ;
#3834 = CIRCLE ( 'NONE', #1625, 1.000000000000000888 ) ;
#3835 = CARTESIAN_POINT ( 'NONE',  ( 8.000000000000010658, -1.399999999999999911, 20.10000000000000142 ) ) ;
#3836 = DIRECTION ( 'NONE',  ( -0.000000000000000000, -1.000000000000000000, -0.000000000000000000 ) ) ;
#3837 = EDGE_LOOP ( 'NONE', ( #1080, #366, #2529, #1065 ) ) ;
#3838 = FACE_OUTER_BOUND ( 'NONE', #1866, .T. ) ;
#3839 = CYLINDRICAL_SURFACE ( 'NONE', #2129, 1.000000000000000888 ) ;
#3840 = ORIENTED_EDGE ( 'NONE', *, *, #1661, .T. ) ;
#3841 = EDGE_CURVE ( 'NONE', #2226, #1705, #539, .T. ) ;
#3842 = ADVANCED_FACE ( 'NONE', ( #3986 ), #884, .F. ) ;
#3843 = CIRCLE ( 'NONE', #2080, 1.000000000000000888 ) ;
#3844 = DIRECTION ( 'NONE',  ( 1.000000000000000000, 0.000000000000000000, -0.000000000000000000 ) ) ;
#3845 = ORIENTED_EDGE ( 'NONE', *, *, #543, .T. ) ;
#3846 = DIRECTION ( 'NONE',  ( -0.000000000000000000, -1.000000000000000000, -0.000000000000000000 ) ) ;
#3847 = VERTEX_POINT ( 'NONE', #2735 ) ;
#3848 = VERTEX_POINT ( 'NONE', #2749 ) ;
#3849 = DIRECTION ( 'NONE',  ( 1.000000000000000000, 0.000000000000000000, -0.000000000000000000 ) ) ;
#3850 = LINE ( 'NONE', #791, #822 ) ;
#3851 = DIRECTION ( 'NONE',  ( 0.000000000000000000, -1.000000000000000000, 0.000000000000000000 ) ) ;
#3852 = DIRECTION ( 'NONE',  ( 0.000000000000000000, -1.000000000000000000, 0.000000000000000000 ) ) ;
#3853 = VERTEX_POINT ( 'NONE', #1493 ) ;
#3854 = FACE_OUTER_BOUND ( 'NONE', #1956, .T. ) ;
#3855 = ADVANCED_FACE ( 'NONE', ( #1765 ), #2703, .F. ) ;
#3856 = DIRECTION ( 'NONE',  ( 0.000000000000000000, 0.000000000000000000, -1.000000000000000000 ) ) ;
#3857 = DIRECTION ( 'NONE',  ( 0.000000000000000000, -0.9950371902099884869, 0.09950371902100509092 ) ) ;
#3858 = DIRECTION ( 'NONE',  ( 0.000000000000000000, 0.000000000000000000, -1.000000000000000000 ) ) ;
#3859 = PLANE ( 'NONE',  #2061 ) ;
#3860 = ORIENTED_EDGE ( 'NONE', *, *, #770, .F. ) ;
#3861 = EDGE_CURVE ( 'NONE', #3328, #3513, #2416, .T. ) ;
#3862 = EDGE_CURVE ( 'NONE', #2143, #2025, #3317, .T. ) ;
#3863 = LINE ( 'NONE', #735, #2983 ) ;
#3864 = ORIENTED_EDGE ( 'NONE', *, *, #4015, .T. ) ;
#3865 = AXIS2_PLACEMENT_3D ( 'NONE', #3304, #3012, #3899 ) ;
#3866 = LINE ( 'NONE', #2299, #1636 ) ;
#3867 = EDGE_LOOP ( 'NONE', ( #4012, #2162, #3688, #1571 ) ) ;
#3868 = LINE ( 'NONE', #482, #3293 ) ;
#3869 = EDGE_CURVE ( 'NONE', #1127, #1349, #3620, .T. ) ;
#3870 = VECTOR ( 'NONE', #3952, 1000.000000000000000 ) ;
#3871 = CARTESIAN_POINT ( 'NONE',  ( -12.90000000000002345, 4.000000000000000000, 18.89999999999999858 ) ) ;
#3872 = DIRECTION ( 'NONE',  ( -1.000000000000000000, 0.000000000000000000, 0.000000000000000000 ) ) ;
#3873 = CARTESIAN_POINT ( 'NONE',  ( -34.99999999999999289, 4.000000000000000000, -16.89999999999999858 ) ) ;
#3874 = VECTOR ( 'NONE', #2877, 1000.000000000000000 ) ;
#3875 = VECTOR ( 'NONE', #1693, 1000.000000000000000 ) ;
#3876 = DIRECTION ( 'NONE',  ( 0.9950371902099898191, 0.09950371902099242050, -2.067202842308106554E-16 ) ) ;
#3877 = DIRECTION ( 'NONE',  ( -0.000000000000000000, 1.000000000000000000, -0.000000000000000000 ) ) ;
#3878 = AXIS2_PLACEMENT_3D ( 'NONE', #1711, #2032, #2875 ) ;
#3879 = ORIENTED_EDGE ( 'NONE', *, *, #1696, .F. ) ;
#3880 = CIRCLE ( 'NONE', #898, 1.000000000000000888 ) ;
#3881 = FACE_OUTER_BOUND ( 'NONE', #2191, .T. ) ;
#3882 = CIRCLE ( 'NONE', #1097, 0.8999999999999980238 ) ;
#3883 = DIRECTION ( 'NONE',  ( -1.000000000000000000, 0.000000000000000000, 0.000000000000000000 ) ) ;
#3884 = ORIENTED_EDGE ( 'NONE', *, *, #725, .T. ) ;
#3885 = AXIS2_PLACEMENT_3D ( 'NONE', #3678, #2188, #2431 ) ;
#3886 = CARTESIAN_POINT ( 'NONE',  ( -6.000000000000025757, 4.000000000000000000, -18.89999999999999858 ) ) ;
#3887 = DIRECTION ( 'NONE',  ( 0.000000000000000000, 0.000000000000000000, -1.000000000000000000 ) ) ;
#3888 = EDGE_LOOP ( 'NONE', ( #345, #13, #4010, #141 ) ) ;
#3889 = DIRECTION ( 'NONE',  ( 0.000000000000000000, -1.000000000000000000, 0.000000000000000000 ) ) ;
#3890 = ORIENTED_EDGE ( 'NONE', *, *, #293, .T. ) ;
#3891 = ORIENTED_EDGE ( 'NONE', *, *, #339, .T. ) ;
#3892 = CARTESIAN_POINT ( 'NONE',  ( 7.060142256157821095, -1.162584027163197531, -19.99999999999999645 ) ) ;
#3893 = DIRECTION ( 'NONE',  ( 0.000000000000000000, 0.000000000000000000, 1.000000000000000000 ) ) ;
#3894 = CARTESIAN_POINT ( 'NONE',  ( -7.005012562893398353, -0.8999999999999998002, -19.99999999999998224 ) ) ;
#3895 = VECTOR ( 'NONE', #492, 1000.000000000000000 ) ;
#3896 = ADVANCED_FACE ( 'NONE', ( #274 ), #3680, .T. ) ;
#3897 = CARTESIAN_POINT ( 'NONE',  ( 0.000000000000000000, -1.399999999999999911, 0.000000000000000000 ) ) ;
#3898 = UNCERTAINTY_MEASURE_WITH_UNIT (LENGTH_MEASURE( 1.000000000000000082E-05 ), #2949, 'distance_accuracy_value', 'NONE');
#3899 = DIRECTION ( 'NONE',  ( 0.000000000000000000, 0.000000000000000000, -1.000000000000000000 ) ) ;
#3900 = DIRECTION ( 'NONE',  ( -0.000000000000000000, -1.000000000000000000, -0.000000000000000000 ) ) ;
#3901 = CIRCLE ( 'NONE', #2324, 0.8999999999999980238 ) ;
#3902 = CIRCLE ( 'NONE', #1873, 1.199999999999999734 ) ;
#3903 = EDGE_CURVE ( 'NONE', #2691, #1525, #2070, .T. ) ;
#3904 = CARTESIAN_POINT ( 'NONE',  ( -34.20000000000000284, 0.000000000000000000, -17.89999999999999858 ) ) ;
#3905 = LINE ( 'NONE', #2705, #2525 ) ;
#3906 = ORIENTED_EDGE ( 'NONE', *, *, #1305, .T. ) ;
#3907 = SURFACE_SIDE_STYLE ('',( #2084 ) ) ;
#3908 = ADVANCED_FACE ( 'NONE', ( #1468 ), #3403, .F. ) ;
#3909 = ORIENTED_EDGE ( 'NONE', *, *, #3593, .T. ) ;
#3910 = FACE_OUTER_BOUND ( 'NONE', #3913, .T. ) ;
#3911 = ORIENTED_EDGE ( 'NONE', *, *, #2750, .F. ) ;
#3912 = ORIENTED_EDGE ( 'NONE', *, *, #64, .F. ) ;
#3913 = EDGE_LOOP ( 'NONE', ( #3268, #1603, #1386, #749 ) ) ;
#3914 = FACE_OUTER_BOUND ( 'NONE', #880, .T. ) ;
#3915 = EDGE_CURVE ( 'NONE', #2186, #1982, #192, .T. ) ;
#3916 = CARTESIAN_POINT ( 'NONE',  ( 7.060142256157805996, -1.162584027163197309, 19.99999999999998934 ) ) ;
#3917 = CARTESIAN_POINT ( 'NONE',  ( -10.99999999999999822, -1.399999999999999911, 19.59999999999999787 ) ) ;
#3918 = DIRECTION ( 'NONE',  ( -1.000000000000000000, 0.000000000000000000, 0.000000000000000000 ) ) ;
#3919 = CIRCLE ( 'NONE', #3704, 1.000000000000000888 ) ;
#3920 = CARTESIAN_POINT ( 'NONE',  ( 34.20000000000000995, 4.000000000000000000, 17.69999999999998508 ) ) ;
#3921 = DIRECTION ( 'NONE',  ( 0.000000000000000000, 0.000000000000000000, -1.000000000000000000 ) ) ;
#3922 = VERTEX_POINT ( 'NONE', #3334 ) ;
#3923 = DIRECTION ( 'NONE',  ( 0.000000000000000000, -1.000000000000000000, 0.000000000000000000 ) ) ;
#3924 = CARTESIAN_POINT ( 'NONE',  ( 11.00000000000001776, -0.8999999999999998002, 19.99999999999999645 ) ) ;
#3925 = ORIENTED_EDGE ( 'NONE', *, *, #2082, .T. ) ;
#3926 = ORIENTED_EDGE ( 'NONE', *, *, #3672, .T. ) ;
#3927 = DIRECTION ( 'NONE',  ( 1.000000000000000000, -0.000000000000000000, -0.000000000000000000 ) ) ;
#3928 = VERTEX_POINT ( 'NONE', #827 ) ;
#3929 = EDGE_LOOP ( 'NONE', ( #2823, #2667, #690, #2145 ) ) ;
#3930 = ORIENTED_EDGE ( 'NONE', *, *, #2787, .T. ) ;
#3931 = CARTESIAN_POINT ( 'NONE',  ( 11.00000000000002487, -1.399999999999999911, -19.09999999999999787 ) ) ;
#3932 = CARTESIAN_POINT ( 'NONE',  ( 7.005012562893391248, -0.8999999999999998002, 19.99999999999998934 ) ) ;
#3933 = LINE ( 'NONE', #3033, #107 ) ;
#3934 = EDGE_CURVE ( 'NONE', #1879, #2226, #558, .T. ) ;
#3935 = DIRECTION ( 'NONE',  ( 0.000000000000000000, 0.000000000000000000, 1.000000000000000000 ) ) ;
#3936 = ORIENTED_EDGE ( 'NONE', *, *, #3114, .F. ) ;
#3937 = LINE ( 'NONE', #1157, #3288 ) ;
#3938 = ADVANCED_FACE ( 'NONE', ( #523 ), #2300, .T. ) ;
#3939 = AXIS2_PLACEMENT_3D ( 'NONE', #3344, #1484, #571 ) ;
#3940 = DIRECTION ( 'NONE',  ( 0.000000000000000000, -0.09950371902100510479, -0.9950371902099885979 ) ) ;
#3941 = FACE_OUTER_BOUND ( 'NONE', #3475, .T. ) ;
#3942 = VECTOR ( 'NONE', #1334, 1000.000000000000227 ) ;
#3943 = VECTOR ( 'NONE', #3055, 1000.000000000000000 ) ;
#3944 = VECTOR ( 'NONE', #1135, 1000.000000000000000 ) ;
#3945 = CARTESIAN_POINT ( 'NONE',  ( 7.005012562893405459, -0.8999999999999998002, -19.99999999999999645 ) ) ;
#3946 = ORIENTED_EDGE ( 'NONE', *, *, #2206, .T. ) ;
#3947 = CIRCLE ( 'NONE', #2180, 1.199999999999999734 ) ;
#3948 = DIRECTION ( 'NONE',  ( 0.000000000000000000, 0.000000000000000000, -1.000000000000000000 ) ) ;
#3949 = ORIENTED_EDGE ( 'NONE', *, *, #2292, .F. ) ;
#3950 = ORIENTED_EDGE ( 'NONE', *, *, #2482, .T. ) ;
#3951 = DIRECTION ( 'NONE',  ( 0.000000000000000000, -1.000000000000000000, 0.000000000000000000 ) ) ;
#3952 = DIRECTION ( 'NONE',  ( -1.000000000000000000, 0.000000000000000000, 0.000000000000000000 ) ) ;
#3953 = EDGE_CURVE ( 'NONE', #762, #3800, #599, .T. ) ;
#3954 = CARTESIAN_POINT ( 'NONE',  ( 11.00000000000001776, 1.999999999999998224, 20.89999999999999503 ) ) ;
#3955 = LINE ( 'NONE', #1810, #3943 ) ;
#3956 = DIRECTION ( 'NONE',  ( -1.734723475976805517E-15, 0.000000000000000000, -1.000000000000000000 ) ) ;
#3957 = VECTOR ( 'NONE', #1240, 1000.000000000000114 ) ;
#3958 = EDGE_LOOP ( 'NONE', ( #251, #537, #2852, #957 ) ) ;
#3959 = ADVANCED_FACE ( 'NONE', ( #3378 ), #945, .F. ) ;
#3960 = PLANE ( 'NONE',  #2136 ) ;
#3961 = CARTESIAN_POINT ( 'NONE',  ( -6.000000000000025757, 1.999999999999998224, -17.89999999999999858 ) ) ;
#3962 = FACE_OUTER_BOUND ( 'NONE', #1201, .T. ) ;
#3963 = ORIENTED_EDGE ( 'NONE', *, *, #1506, .T. ) ;
#3964 = EDGE_CURVE ( 'NONE', #2691, #1101, #158, .T. ) ;
#3965 = CYLINDRICAL_SURFACE ( 'NONE', #1729, 0.8999999999999980238 ) ;
#3966 = EDGE_CURVE ( 'NONE', #555, #3006, #621, .T. ) ;
#3967 = ORIENTED_EDGE ( 'NONE', *, *, #3769, .F. ) ;
#3968 = EDGE_LOOP ( 'NONE', ( #2374, #1859, #2010, #1812 ) ) ;
#3969 = DIRECTION ( 'NONE',  ( 2.478176394252584494E-15, 0.000000000000000000, 1.000000000000000000 ) ) ;
#3970 = DIRECTION ( 'NONE',  ( -0.000000000000000000, 1.000000000000000000, -0.000000000000000000 ) ) ;
#3971 = PLANE ( 'NONE',  #634 ) ;
#3972 = FILL_AREA_STYLE ('',( #3336 ) ) ;
#3973 = CARTESIAN_POINT ( 'NONE',  ( -6.000000000000019540, 1.999999999999998668, 17.89999999999999858 ) ) ;
#3974 = ORIENTED_EDGE ( 'NONE', *, *, #1328, .T. ) ;
#3975 = ADVANCED_FACE ( 'NONE', ( #3962 ), #2063, .T. ) ;
#3976 = VERTEX_POINT ( 'NONE', #3945 ) ;
#3977 = DIRECTION ( 'NONE',  ( 0.000000000000000000, 0.000000000000000000, -1.000000000000000000 ) ) ;
#3978 = DIRECTION ( 'NONE',  ( 1.000000000000000000, 0.000000000000000000, 0.000000000000000000 ) ) ;
#3979 = LINE ( 'NONE', #2425, #2400 ) ;
#3980 = EDGE_LOOP ( 'NONE', ( #1213, #1951, #1819, #2526 ) ) ;
#3981 = CARTESIAN_POINT ( 'NONE',  ( 12.90000000000002345, 4.000000000000000000, 17.69999999999998508 ) ) ;
#3982 = ADVANCED_FACE ( 'NONE', ( #1405 ), #3282, .T. ) ;
#3983 = ORIENTED_EDGE ( 'NONE', *, *, #2094, .T. ) ;
#3984 = ORIENTED_EDGE ( 'NONE', *, *, #1502, .F. ) ;
#3985 = DIRECTION ( 'NONE',  ( 1.000000000000000000, 0.000000000000000000, -0.000000000000000000 ) ) ;
#3986 = FACE_OUTER_BOUND ( 'NONE', #2197, .T. ) ;
#3987 = DIRECTION ( 'NONE',  ( 0.000000000000000000, -1.000000000000000000, 0.000000000000000000 ) ) ;
#3988 = EDGE_CURVE ( 'NONE', #1616, #1940, #1081, .T. ) ;
#3989 = CYLINDRICAL_SURFACE ( 'NONE', #1604, 1.000000000000000888 ) ;
#3990 = LINE ( 'NONE', #3131, #2189 ) ;
#3991 = ORIENTED_EDGE ( 'NONE', *, *, #3598, .T. ) ;
#3992 = CONICAL_SURFACE ( 'NONE', #2761, 1.200000000000013500, 0.09966865249116865777 ) ;
#3993 = ORIENTED_EDGE ( 'NONE', *, *, #2974, .F. ) ;
#3994 = DIRECTION ( 'NONE',  ( 0.09950371902100593746, 0.9950371902099883759, 0.000000000000000000 ) ) ;
#3995 = VECTOR ( 'NONE', #212, 1000.000000000000000 ) ;
#3996 = CARTESIAN_POINT ( 'NONE',  ( -11.90000000000002700, 0.000000000000000000, -18.89999999999999503 ) ) ;
#3997 = CYLINDRICAL_SURFACE ( 'NONE', #3109, 1.000000000000000888 ) ;
#3998 = VERTEX_POINT ( 'NONE', #3611 ) ;
#3999 = CARTESIAN_POINT ( 'NONE',  ( 8.000000000000010658, 0.000000000000000000, 20.10000000000000142 ) ) ;
#4000 = VERTEX_POINT ( 'NONE', #3327 ) ;
#4001 = CIRCLE ( 'NONE', #3481, 1.200000000000013500 ) ;
#4002 = EDGE_LOOP ( 'NONE', ( #1222, #925, #105, #3332 ) ) ;
#4003 = DIRECTION ( 'NONE',  ( 0.000000000000000000, -1.000000000000000000, 0.000000000000000000 ) ) ;
#4004 = AXIS2_PLACEMENT_3D ( 'NONE', #821, #862, #3004 ) ;
#4005 = CIRCLE ( 'NONE', #2969, 1.000000000000000888 ) ;
#4006 = FACE_OUTER_BOUND ( 'NONE', #1308, .T. ) ;
#4007 = VECTOR ( 'NONE', #418, 1000.000000000000000 ) ;
#4008 = DIRECTION ( 'NONE',  ( 0.000000000000000000, -0.9950371902099884869, 0.09950371902100509092 ) ) ;
#4009 = CARTESIAN_POINT ( 'NONE',  ( 35.20000000000000995, 4.000000000000000000, 16.89999999999999858 ) ) ;
#4010 = ORIENTED_EDGE ( 'NONE', *, *, #2334, .T. ) ;
#4011 = EDGE_CURVE ( 'NONE', #915, #1944, #1444, .T. ) ;
#4012 = ORIENTED_EDGE ( 'NONE', *, *, #64, .T. ) ;
#4013 = DIRECTION ( 'NONE',  ( 0.000000000000000000, -0.09950371902100510479, 0.9950371902099885979 ) ) ;
#4014 = DIRECTION ( 'NONE',  ( 1.000000000000000000, 0.000000000000000000, 0.000000000000000000 ) ) ;
#4015 = EDGE_CURVE ( 'NONE', #1191, #347, #3289, .T. ) ;
#4016 = FACE_OUTER_BOUND ( 'NONE', #2430, .T. ) ;
#4017 = ORIENTED_EDGE ( 'NONE', *, *, #2238, .F. ) ;
#4018 = CARTESIAN_POINT ( 'NONE',  ( 8.000000000000024869, -0.8999999999999998002, -20.39999999999999503 ) ) ;
#4019 = VECTOR ( 'NONE', #927, 1000.000000000000227 ) ;
#4020 = EDGE_LOOP ( 'NONE', ( #3255, #3013, #2819, #2595 ) ) ;
#4021 = VECTOR ( 'NONE', #2781, 1000.000000000000000 ) ;
#4022 = ORIENTED_EDGE ( 'NONE', *, *, #2939, .T. ) ;
#4023 = CARTESIAN_POINT ( 'NONE',  ( 6.000000000000023981, 9.745432968889293335, 18.89999999999999858 ) ) ;
#4024 = EDGE_CURVE ( 'NONE', #176, #1193, #1743, .T. ) ;
ENDSEC;
END-ISO-10303-21;
